ID,Name,Centroid
V1,Flensburg,POINT (9.440383577156673 54.78964187919546)
V2,Kiel,POINT (10.134123139151573 54.326100932347956)
V3,Lübeck,POINT (10.728032871502128 53.872898977619855)
V4,Neumünster,POINT (9.984528456376973 54.08110702188196)
V5,Brunsbüttel,POINT (9.122644634902723 53.90532275413774)
V6,Heide,POINT (9.132391086886278 54.19314587757783)
V7,Burg-St. Michaelisdonn,POINT (9.200483440468043 54.00131878200775)
V8,Marne-Nordsee,POINT (8.974572559056549 53.97114969310999)
V9,Kirchspielslandgemeinden Eider,POINT (9.184672520163144 54.27451680837358)
V10,Kirchspielslandgemeinde Heider Umland,POINT (9.068986095386 54.19520252951694)
V11,Mitteldithmarschen,POINT (9.160971864792334 54.103295433603016)
V12,Büsum-Wesselburen,POINT (8.90067014871323 54.19866632336676)
V13,Geesthacht,POINT (10.388638334638012 53.431583637464804)
V14,Lauenburg/Elbe,POINT (10.552034276995212 53.376372989521386)
V15,Mölln,POINT (10.700197395540386 53.61839508752216)
V16,Ratzeburg,POINT (10.76204991483113 53.713338901977195)
V17,Schwarzenbek,POINT (10.477972636040557 53.50154846670022)
V18,Wentorf bei Hamburg,POINT (10.25706098818397 53.494993241211894)
V19,Berkenthin,POINT (10.625373088472296 53.74259126526072)
V20,Breitenfelde,POINT (10.634484130693696 53.58894597283094)
V21,Büchen,POINT (10.673890508855832 53.51507852834754)
V22,Hohe Elbgeest,POINT (10.352551153143551 53.47664273799051)
V23,Lütau,POINT (10.542153540988668 53.414244797392996)
V24,Lauenburgische Seen,POINT (10.808543995909814 53.66824180466935)
V25,Schwarzenbek-Land,POINT (10.481462849571729 53.53195378056407)
V26,Sandesneben-Nusse,POINT (10.538211565084051 53.687880765318226)
V27,Sachsenwald (Forstgutsbez.),POINT (10.37330093414825 53.530905405876084)
V28,Friedrichstadt,POINT (9.092221420506428 54.37700312154266)
V29,Husum,POINT (9.048961033225195 54.48834848808732)
V30,Reußenköge,POINT (8.901253755648188 54.60165069430773)
V31,Tönning,POINT (8.886784457677425 54.30312548898513)
V32,Sylt,POINT (8.35448525155723 54.87829457597469)
V33,Eiderstedt,POINT (8.791194538404955 54.34920154610359)
V34,Landschaft Sylt,POINT (8.363127640117165 54.96041700693334)
V35,Viöl,POINT (9.195498126327532 54.55700592592215)
V36,Pellworm,POINT (8.6325142452781 54.5539214498301)
V37,Föhr-Amrum,POINT (8.468120454767279 54.70591495097539)
V38,Südtondern,POINT (8.869278977879029 54.80674581627307)
V39,Nordsee-Treene,POINT (9.074791276748906 54.454499712686015)
V40,Mittleres Nordfriesland,POINT (8.999625179079818 54.648684273676835)
V41,Ahrensbök,POINT (10.56759978636924 54.00203148302274)
V42,Bad Schwartau,POINT (10.685200270888998 53.92659167002126)
V43,Bosau,POINT (10.50916446390612 54.09408985678179)
V44,Dahme,POINT (11.07342295078616 54.22022864856526)
V45,Eutin,POINT (10.617433641992124 54.14769891258338)
V46,Grömitz,POINT (10.969280283456081 54.17769204235467)
V47,Grube,POINT (11.041881772163753 54.242353465565664)
V48,Heiligenhafen,POINT (10.972871536516516 54.36748466114834)
V49,Kellenhusen (Ostsee),POINT (11.0518257372319 54.19644181787472)
V50,Malente,POINT (10.573567811308171 54.187706827873704)
V51,Neustadt in Holstein,POINT (10.834011849252919 54.10365332464014)
V52,Oldenburg in Holstein,POINT (10.870110897984551 54.2984766212027)
V53,Ratekau,POINT (10.748160934917646 53.962766553875824)
V54,Stockelsdorf,POINT (10.618055378842595 53.93039417811379)
V55,Süsel,POINT (10.668775593980286 54.09244478580166)
V56,Timmendorfer Strand,POINT (10.78040030346811 53.981924067500266)
V57,Scharbeutz,POINT (10.688864623797134 54.02557733882438)
V58,Fehmarn,POINT (11.149032064361753 54.464349544385016)
V59,Oldenburg-Land,POINT (10.92394568711926 54.30410235509011)
V60,Lensahn,POINT (10.896743965220132 54.22354332753487)
V61,Ostholstein-Mitte,POINT (10.78379959035558 54.152105101849045)
V62,Barmstedt,POINT (9.773439106875365 53.79849413959702)
V63,Bönningstedt,POINT (9.911112383924662 53.67176730159638)
V64,Elmshorn,POINT (9.664622928391122 53.75163080866771)
V65,Halstenbek,POINT (9.838386756233682 53.62456465715661)
V66,Hasloh,POINT (9.921345481365393 53.69822276971952)
V67,Helgoland,POINT (7.896441222505223 54.18193975888865)
V68,Pinneberg,POINT (9.79224980331356 53.647386974536516)
V69,Quickborn,POINT (9.903572477806643 53.733621647780105)
V70,Rellingen,POINT (9.852036792258396 53.64754462648495)
V71,Schenefeld,POINT (9.826293945325636 53.60158249804015)
V72,Tornesch,POINT (9.73420550119058 53.70091344430772)
V73,Uetersen,POINT (9.668277860613903 53.68728709776937)
V74,Wedel,POINT (9.702351029203996 53.58870547522844)
V75,Elmshorn-Land,POINT (9.630104172421664 53.73794586096933)
V76,Hörnerkirchen,POINT (9.713914039122164 53.8626560977987)
V77,Rantzau,POINT (9.794979756169207 53.78561967865458)
V78,Pinnau,POINT (9.831465115686042 53.687036191124804)
V79,Geest und Marsch Südholstein,POINT (9.643429211720646 53.64735074209794)
V80,Ascheberg (Holstein),POINT (10.329085630964963 54.14866737299372)
V81,Bönebüttel,POINT (10.065860269645281 54.07528011123155)
V82,Bösdorf,POINT (10.484716028414008 54.133063506159324)
V83,Plön,POINT (10.424262595605871 54.144352812478786)
V84,Preetz,POINT (10.277419333188895 54.23037253583785)
V85,Schwentinental,POINT (10.236423125237529 54.28514798181079)
V86,Lütjenburg,POINT (10.58468250700067 54.29953559284513)
V87,Großer Plöner See,POINT (10.416646456845077 54.175391920658726)
V88,Preetz-Land,POINT (10.251560251997008 54.22063963441537)
V89,Probstei,POINT (10.344059353138203 54.380606643508)
V90,Selent/Schlesen,POINT (10.389031699510817 54.293663893133086)
V91,Schrevenborn,POINT (10.225667123048026 54.34597153473598)
V92,Bokhorst-Wankendorf,POINT (10.167900799187844 54.1125666896333)
V93,Altenholz,POINT (10.106146949655903 54.39439809293711)
V94,Büdelsdorf,POINT (9.68295248287657 54.318649565187314)
V95,Eckernförde,POINT (9.83038778546367 54.47138476246884)
V96,Kronshagen,POINT (10.082585555379161 54.336527401194346)
V97,Rendsburg,POINT (9.654218091651979 54.30245267379487)
V98,Wasbek,POINT (9.895790747845727 54.08323056193767)
V99,Achterwehr,POINT (9.936736625793461 54.30550527534255)
V100,Dänischenhagen,POINT (10.08665556052683 54.45309709632049)
V101,Dänischer Wohld,POINT (9.980352418179205 54.396396524156785)
V102,Fockbek,POINT (9.607318013516094 54.31564098912376)
V103,Hohner Harde,POINT (9.493103913595679 54.27105757137053)
V104,Jevenstedt,POINT (9.645172239741793 54.206161234985096)
V105,Nortorfer Land,POINT (9.84418884614259 54.18950715502941)
V106,Eiderkanal,POINT (9.772064619892216 54.309021382398484)
V107,Bordesholm,POINT (10.036798458055454 54.17306223155086)
V108,Hüttener Berge,POINT (9.71813481432998 54.39861731930579)
V109,Schlei-Ostsee,POINT (9.861803816073422 54.531348006178206)
V110,Mittelholstein,POINT (9.609278779584848 54.102403932264366)
V111,Eidertal,POINT (10.039969533208492 54.251240459150644)
V112,Kappeln,POINT (9.960369502380518 54.663620710861345)
V113,Schleswig,POINT (9.559011419711144 54.51976669594248)
V114,Glücksburg (Ostsee),POINT (9.561528638045955 54.8486730822435)
V115,Harrislee,POINT (9.385191677481112 54.812350136958)
V116,Handewitt,POINT (9.333773969138035 54.75692544834704)
V117,Eggebek,POINT (9.321438078660577 54.633896724528796)
V118,Haddeby,POINT (9.569722087114608 54.47516028094703)
V119,Hürup,POINT (9.536293650566355 54.73894022860278)
V120,Kappeln-Land,POINT (9.876411991233352 54.64895762497894)
V121,Langballig,POINT (9.631544622219936 54.803519859448315)
V122,Oeversee,POINT (9.437657100500086 54.674169699713275)
V123,Mittelangeln,POINT (9.629321910200161 54.69573521785482)
V124,Schafflund,POINT (9.185610947844605 54.75810324176324)
V125,Süderbrarup,POINT (9.76401193018341 54.630071856537704)
V126,Südangeln,POINT (9.60012901652905 54.587632600377866)
V127,Geltinger Bucht,POINT (9.845134252830162 54.735987816420405)
V128,Arensharde,POINT (9.403435891826627 54.52636825013799)
V129,Kropp-Stapelholm,POINT (9.383455553273063 54.376304382408165)
V130,Bad Bramstedt,POINT (9.904269225288528 53.91109246687818)
V131,Bad Segeberg,POINT (10.312806057232585 53.9415618863822)
V132,Ellerau,POINT (9.926120489035217 53.76015338949092)
V133,Henstedt-Ulzburg,POINT (10.004505539328035 53.782558361714266)
V134,Kaltenkirchen,POINT (9.938830055416098 53.8289986681332)
V135,Norderstedt,POINT (9.995389405450064 53.70058617819682)
V136,Wahlstedt,POINT (10.20137027739696 53.956172502104565)
V137,Bad Bramstedt-Land,POINT (9.887292717099124 53.94078108937748)
V138,Bornhöved,POINT (10.262015092867173 54.06177557308866)
V139,Itzstedt,POINT (10.171926498944986 53.81387230330669)
V140,Auenland Südholstein,POINT (9.954940899840883 53.864189019728805)
V141,Kisdorf,POINT (10.060362300240364 53.830911698550004)
V142,Leezen,POINT (10.218911021993105 53.88862306269627)
V143,Boostedt-Rickling,POINT (10.113639612433554 54.00489885614578)
V144,Trave-Land,POINT (10.398955045930634 53.97543888315835)
V145,Buchholz (Forstgutsbez.),POINT (10.113855270485956 53.93644505382163)
V146,Glückstadt,POINT (9.415914178989725 53.78202496537424)
V147,Itzehoe,POINT (9.517261315698603 53.93535318457068)
V148,Wilster,POINT (9.371129888270092 53.92192769539599)
V149,Breitenburg,POINT (9.607639282364714 53.9083077348979)
V150,Horst-Herzhorn,POINT (9.538492720974155 53.78833382944497)
V151,Itzehoe-Land,POINT (9.504807306327303 53.97450217640866)
V152,Krempermarsch,POINT (9.518414482965762 53.85404151657087)
V153,Schenefeld,POINT (9.43405507377176 54.03769549654403)
V154,Wilstermarsch,POINT (9.326836033434882 53.90252666319533)
V155,Kellinghusen,POINT (9.715088457984558 53.98491617880096)
V156,Ahrensburg,POINT (10.236612813617445 53.668685675577336)
V157,Bad Oldesloe,POINT (10.377257063851737 53.814076511850786)
V158,Bargteheide,POINT (10.263892593056628 53.72953717679095)
V159,Barsbüttel,POINT (10.214019742756538 53.57417057684096)
V160,Glinde,POINT (10.212758168790906 53.54068216959556)
V161,Großhansdorf,POINT (10.282551576585572 53.66530469356791)
V162,Oststeinbek,POINT (10.177500244491421 53.53642415929584)
V163,Reinbek,POINT (10.265169487291164 53.538379213945355)
V164,Reinfeld (Holstein),POINT (10.483757080150674 53.837606171247714)
V165,Tangstedt,POINT (10.086162356905481 53.738733824200274)
V166,Ammersbek,POINT (10.192165659860398 53.693197347198215)
V167,Bad Oldesloe-Land,POINT (10.361804358360079 53.774065482227265)
V168,Bargteheide-Land,POINT (10.254418409847311 53.74150449233547)
V169,Nordstormarn,POINT (10.508392947476821 53.844956759902445)
V170,Siek,POINT (10.27993334918078 53.624524994129644)
V171,Trittau,POINT (10.389732426030907 53.617779702866464)
V172,Braunschweig,POINT (10.52417168914646 52.275262185464975)
V173,Salzgitter,POINT (10.370710092684472 52.12445943104119)
V174,Wolfsburg,POINT (10.784967372654227 52.41081973151195)
V175,Gifhorn,POINT (10.52374442365333 52.50618528966317)
V176,Sassenburg,POINT (10.647449167434573 52.53249451341577)
V177,Wittingen,POINT (10.749465020861855 52.683747320965246)
V178,Boldecker Land,POINT (10.734205381610845 52.50252229699053)
V179,Brome,POINT (10.856535959012124 52.55415551596767)
V180,Hankensbüttel,POINT (10.522231696886335 52.735712634978704)
V181,Isenbüttel,POINT (10.576485829427225 52.428675487935955)
V182,Meinersen,POINT (10.381206779764113 52.480234659397134)
V183,Papenteich,POINT (10.505292552521087 52.3754288259413)
V184,Wesendorf,POINT (10.525429869749278 52.61163301366663)
V185,Giebel,POINT (10.924942672096456 52.512711915632785)
V186,Bad Harzburg,POINT (10.567575559426727 51.89016844765541)
V187,Liebenburg,POINT (10.409356526472713 52.00374660976603)
V188,Seesen,POINT (10.148117211198636 51.89710702594824)
V189,Braunlage,POINT (10.59526613132008 51.714494004138714)
V190,Goslar,POINT (10.474757079851331 51.92837202792611)
V191,Clausthal-Zellerfeld,POINT (10.352307955127415 51.8035231457744)
V192,Langelsheim,POINT (10.285975925894792 51.960651372329856)
V193,Harz (Landkreis Goslar),POINT (10.427782397298039 51.81183852202177)
V194,Königslutter am Elm,POINT (10.814110832645449 52.278825223854255)
V195,Lehre,POINT (10.67646664179627 52.34051212821385)
V196,Schöningen,POINT (10.970737943965277 52.1388924783901)
V197,Helmstedt,POINT (10.990691421209563 52.21318676771523)
V198,Grasleben,POINT (10.956817134666812 52.30668682179715)
V199,Heeseberg,POINT (10.883562675200709 52.089617981747985)
V200,Nord-Elm,POINT (10.912180307079945 52.21695157687636)
V201,Velpke,POINT (10.951944488602113 52.38912645500008)
V202,Brunsleberfeld,POINT (10.847081703041598 52.18649175378917)
V203,Helmstedt,POINT (11.03879862233151 52.24508245224146)
V204,Königslutter,POINT (10.793254819390341 52.22447158086227)
V205,Mariental,POINT (10.981179803478048 52.29610508432449)
V206,Schöningen,POINT (10.910214677945964 52.15695877391459)
V207,Bad Gandersheim,POINT (10.040773361255257 51.88354455576251)
V208,Bodenfelde,POINT (9.53534320412812 51.65018332715467)
V209,Dassel,POINT (9.71659930305374 51.80730363978188)
V210,Hardegsen,POINT (9.803207883862276 51.65187213093439)
V211,Kalefeld,POINT (10.083061768557265 51.79061445359482)
V212,Katlenburg-Lindau,POINT (10.09740426086575 51.66512429053363)
V213,Moringen,POINT (9.833494373903577 51.7065697176499)
V214,Nörten-Hardenberg,POINT (9.95489409357368 51.63356912373442)
V215,Northeim,POINT (9.99599060942986 51.71672355531076)
V216,Uslar,POINT (9.66600856756288 51.648002195096886)
V217,Einbeck,POINT (9.88865559407245 51.82270167012794)
V218,Solling (Landkreis Northeim),POINT (9.59432079694072 51.717832120602175)
V219,Edemissen,POINT (10.272534088338276 52.39761726530928)
V220,Hohenhameln,POINT (10.0775334728278 52.26912711361531)
V221,Lengede,POINT (10.304010090088001 52.20375434809406)
V222,Peine,POINT (10.226263616208204 52.321780741602026)
V223,Vechelde,POINT (10.366444071119039 52.2512601798301)
V224,Wendeburg,POINT (10.372353594006086 52.330880674141426)
V225,Ilsede,POINT (10.213647343712042 52.2556969737141)
V226,Cremlingen,POINT (10.681863890091977 52.26286665830933)
V227,Wolfenbüttel,POINT (10.540921843089539 52.163188959619966)
V228,Schladen-Werla,POINT (10.548630004610303 52.026461003067965)
V229,Baddeckenstedt,POINT (10.24593888364141 52.082144767017574)
V230,Oderwald,POINT (10.544992897033731 52.08615758074321)
V231,Sickte,POINT (10.676456621976035 52.198584314393166)
V232,Elm-Asse,POINT (10.730407862253845 52.120565245609434)
V233,Am Großen Rhode,POINT (10.77896610849447 52.196053765858416)
V234,Barnstorf-Warle,POINT (10.839065677588914 52.1724141168933)
V235,Voigtsdahlum,POINT (10.866747115603104 52.16510026824012)
V236,Adelebsen,POINT (9.749148096593041 51.56838076429292)
V237,Bad Grund (Harz),POINT (10.200148644491374 51.78849149362894)
V238,Bad Lauterberg im Harz,POINT (10.44979353551142 51.60878966049063)
V239,Bad Sachsa,POINT (10.541961386019015 51.58601554438787)
V240,Bovenden,POINT (9.937395464692411 51.59321467366387)
V241,Duderstadt,POINT (10.246447872075889 51.51822222156882)
V242,Friedland,POINT (9.928840177366908 51.430216780611225)
V243,Gleichen,POINT (10.063780655195805 51.47524053909456)
V244,Göttingen,POINT (9.931713236076066 51.543044681158975)
V245,Hann.Münden,POINT (9.678555194293297 51.43089380577016)
V246,Herzberg am Harz,POINT (10.343681725798628 51.61950554477322)
V247,Osterode am Harz,POINT (10.22731049145361 51.71805205863071)
V248,Rosdorf,POINT (9.85462669335349 51.47212819374034)
V249,Staufenberg,POINT (9.656191043069175 51.342679104631955)
V250,Walkenried,POINT (10.61307523660262 51.60186911894259)
V251,Dransfeld,POINT (9.740949994622786 51.48447272943462)
V252,Gieboldehausen,POINT (10.204130075733202 51.5930242211622)
V253,Hattorf am Harz,POINT (10.234717521284889 51.652897088425256)
V254,Radolfshausen,POINT (10.109656753138655 51.55648673497658)
V255,Harz (Landkreis Göttingen),POINT (10.436852943880865 51.69522014091408)
V256,Hannover,POINT (9.77015323161697 52.37905617259114)
V257,Barsinghausen,POINT (9.480441160779465 52.325817403581006)
V258,Burgdorf,POINT (10.017478066552677 52.471085086263756)
V259,Burgwedel,POINT (9.888946038181455 52.53608092813662)
V260,Garbsen,POINT (9.572340816584122 52.451377682476995)
V261,Gehrden,POINT (9.587449814153926 52.323151215825455)
V262,Hemmingen,POINT (9.727686768414092 52.29762849933835)
V263,Isernhagen,POINT (9.850342174887981 52.456720171760345)
V264,Laatzen,POINT (9.839595634868106 52.28930677418517)
V265,Langenhagen,POINT (9.704499157360663 52.46547221072299)
V266,Lehrte,POINT (10.018553692595887 52.38138179543352)
V267,Neustadt am Rübenberge,POINT (9.465145134572136 52.55518886693301)
V268,Pattensen,POINT (9.762685926025156 52.23833101181475)
V269,Ronnenberg,POINT (9.655537182188246 52.30942791847363)
V270,Seelze,POINT (9.574764990009749 52.38595717186402)
V271,Sehnde,POINT (9.967624150004584 52.32208334368901)
V272,Springe,POINT (9.616367709150888 52.196162982113854)
V273,Uetze,POINT (10.169584966040635 52.460395501816215)
V274,Wedemark,POINT (9.708751821262283 52.558193749271716)
V275,Wennigsen (Deister),POINT (9.577889720251058 52.260857269366625)
V276,Wunstorf,POINT (9.392916153407679 52.43723067270696)
V277,Bassum,POINT (8.736872314553656 52.85453741320603)
V278,Diepholz,POINT (8.363876032747125 52.60976902996757)
V279,Stuhr,POINT (8.726370005069594 52.99794290935519)
V280,Sulingen,POINT (8.785624960004814 52.67451559734841)
V281,Syke,POINT (8.846264134805987 52.91004745791438)
V282,Twistringen,POINT (8.587550930410561 52.793554849120724)
V283,Wagenfeld,POINT (8.624395911412652 52.545599228663185)
V284,Weyhe,POINT (8.850862759740307 52.98873330118305)
V285,Altes Amt Lemförde,POINT (8.389189569806764 52.49576000818171)
V286,Barnstorf,POINT (8.513064228975034 52.69560516405439)
V287,Bruchhausen-Vilsen,POINT (8.98999091121631 52.822259150955055)
V288,Kirchdorf,POINT (8.756949465899657 52.59980593765345)
V289,Rehden,POINT (8.506936418792009 52.598235749766374)
V290,Schwaförden,POINT (8.77160233211529 52.754456385513905)
V291,Siedenburg,POINT (8.937363851567493 52.68979863898042)
V292,Aerzen,POINT (9.24451598096405 52.05641657162142)
V293,Bad Münder am Deister,POINT (9.434888670548235 52.20223933573627)
V294,Bad Pyrmont,POINT (9.279786867374746 51.971265815276546)
V295,Coppenbrügge,POINT (9.516953146564605 52.10702049887282)
V296,Emmerthal,POINT (9.409340161513883 52.02452295455617)
V297,Hameln,POINT (9.368764712173482 52.108127229256304)
V298,Hessisch Oldendorf,POINT (9.266552338379075 52.16444706193784)
V299,Salzhemmendorf,POINT (9.608090897047102 52.06745863278679)
V300,Alfeld (Leine),POINT (9.825149518133403 51.98570355998334)
V301,Algermissen,POINT (9.970993562531103 52.263190099389526)
V302,Bad Salzdetfurth,POINT (10.024504566571283 52.07232728158501)
V303,Bockenem,POINT (10.120270821741565 52.007259634748365)
V304,Diekholzen,POINT (9.945002681928452 52.09229933059943)
V305,Elze,POINT (9.704917803048401 52.118627254016104)
V306,Giesen,POINT (9.890994864041252 52.19863915146669)
V307,Harsum,POINT (10.000589698165063 52.2096715648838)
V308,Hildesheim,POINT (9.943774593471668 52.14465560369042)
V309,Holle,POINT (10.138268253320318 52.08561489848908)
V310,Nordstemmen,POINT (9.793459748364526 52.16611919028739)
V311,Sarstedt,POINT (9.85522639204433 52.24030869789441)
V312,Schellerten,POINT (10.09560594808681 52.16995501760045)
V313,Söhlde,POINT (10.18687578703234 52.18678966565699)
V314,Freden (Leine),POINT (9.927731210161227 51.93173139484022)
V315,Lamspringe,POINT (9.998323111514665 51.97388045301519)
V316,Sibbesse,POINT (9.904867044644549 52.03570346428318)
V317,Leinebergland,POINT (9.75142877771161 52.05186444896995)
V318,Delligsen,POINT (9.794534836574448 51.93465008694118)
V319,Holzminden,POINT (9.495851285342084 51.78424201700244)
V320,Bevern,POINT (9.528086141468068 51.889226603787705)
V321,Boffzen,POINT (9.415813578897206 51.700721565207175)
V322,Bodenwerder-Polle,POINT (9.46500238139098 51.94484481331342)
V323,Eschershausen-Stadtoldendorf,POINT (9.647347171256229 51.89385745690268)
V324,Boffzen,POINT (9.436855514979934 51.73576858722829)
V325,Eimen,POINT (9.736607680819889 51.90527709255151)
V326,Eschershausen,POINT (9.685198918870519 51.94439190001783)
V327,Grünenplan,POINT (9.73097229331408 51.94791764358378)
V328,Holzminden,POINT (9.519550738280705 51.8213349218228)
V329,Merxhausen,POINT (9.575883886004776 51.82126776411722)
V330,Wenzen,POINT (9.8056114299023 51.90408802947058)
V331,Nienburg (Weser),POINT (9.232698783874417 52.639214033039465)
V332,Rehburg-Loccum,POINT (9.192595374804615 52.46613312549377)
V333,Steyerberg,POINT (8.982271071714395 52.58701573167629)
V334,Heemsen,POINT (9.275560831906507 52.71609050590264)
V335,Steimbke,POINT (9.39381953506852 52.65610186265614)
V336,Uchte,POINT (8.845487050642499 52.47005698913572)
V337,Grafschaft Hoya,POINT (9.16016908024638 52.79946740652049)
V338,Mittelweser,POINT (9.130433499654163 52.53986540571643)
V339,Weser-Aue,POINT (9.098074466879368 52.66349824906809)
V340,Auetal,POINT (9.242723014650709 52.23907079366041)
V341,Bückeburg,POINT (9.039457509533726 52.29213762722578)
V342,Obernkirchen,POINT (9.145211286966454 52.263519315675275)
V343,Rinteln,POINT (9.110974074129269 52.17488073013469)
V344,Stadthagen,POINT (9.21755636500039 52.30712247212053)
V345,Eilsen,POINT (9.098964654244249 52.237696848151856)
V346,Lindhorst,POINT (9.279346652263673 52.35110839829089)
V347,Nenndorf,POINT (9.377060654564495 52.35935453830089)
V348,Niedernwöhren,POINT (9.157878354471528 52.36954008099385)
V349,Nienstädt,POINT (9.124265371096138 52.30708656970004)
V350,Rodenberg,POINT (9.352481802654978 52.279032292718874)
V351,Sachsenhagen,POINT (9.274626702523681 52.41126329216017)
V352,Bergen,POINT (9.998954121830167 52.787706287421386)
V353,Celle,POINT (10.094343163875232 52.64496833033943)
V354,Faßberg,POINT (10.181614831772523 52.88500014592629)
V355,Hambühren,POINT (9.941653660226823 52.62182623724428)
V356,Wietze,POINT (9.820266892359724 52.64279391714628)
V357,Winsen (Aller),POINT (9.884636491101954 52.699632870301116)
V358,Eschede,POINT (10.271152492730838 52.74376701910098)
V359,Südheide,POINT (10.166459460960889 52.82146430859762)
V360,Flotwedel,POINT (10.232464232806766 52.552920737845625)
V361,Lachendorf,POINT (10.312863359384256 52.634302585266994)
V362,Wathlingen,POINT (10.077796077530351 52.54691581932506)
V363,Lohheide,POINT (9.876951912065381 52.8112111587634)
V364,Cuxhaven,POINT (8.695458143464858 53.822677137073065)
V365,Loxstedt,POINT (8.614608994901928 53.45557582037967)
V366,Schiffdorf,POINT (8.73218717172535 53.54041876487549)
V367,Beverstedt,POINT (8.826886278691482 53.44053007516176)
V368,Hagen im Bremischen,POINT (8.62493919727845 53.3489884214506)
V369,Wurster Nordseeküste,POINT (8.581413084558699 53.72086168266563)
V370,Geestland,POINT (8.777879706670081 53.61889394169129)
V371,Börde Lamstedt,POINT (9.050551080963833 53.62823731499493)
V372,Hemmoor,POINT (9.193850505974323 53.69130100622431)
V373,Land Hadeln,POINT (8.94702263959724 53.74852750336018)
V374,Buchholz in der Nordheide,POINT (9.858533181792891 53.32027292549187)
V375,Neu Wulmstorf,POINT (9.795928701410892 53.431307300402466)
V376,Rosengarten,POINT (9.89200494833809 53.39568942540461)
V377,Seevetal,POINT (10.0260678306899 53.38822954425604)
V378,Stelle,POINT (10.109897590920362 53.38107782824782)
V379,Winsen (Luhe),POINT (10.203382500970463 53.34977066418934)
V380,Elbmarsch,POINT (10.35027907706163 53.39067420408362)
V381,Hanstedt,POINT (9.993434414851295 53.23230720164747)
V382,Hollenstedt,POINT (9.704942937565637 53.367799455407116)
V383,Jesteburg,POINT (9.94674600420199 53.315645887172025)
V384,Salzhausen,POINT (10.143861109458198 53.24360429627908)
V385,Tostedt,POINT (9.726470099529214 53.26837261756303)
V386,Gartow,POINT (11.437635070401937 53.01018481557416)
V387,Elbtalaue,POINT (11.053749998563994 53.10186997705559)
V388,Lüchow (Wendland),POINT (11.09915401159309 52.95413089014729)
V389,Gartow,POINT (11.425133971571105 52.9902142941625)
V390,Göhrde,POINT (10.833813010483858 53.11405747649024)
V391,Adendorf,POINT (10.454754046213175 53.286519768455804)
V392,Bleckede,POINT (10.732528434386657 53.293493542022)
V393,Lüneburg,POINT (10.416738898422862 53.24112696935943)
V394,Amt Neuhaus,POINT (10.979337486557355 53.246195202101795)
V395,Amelinghausen,POINT (10.196601540014983 53.12208397335395)
V396,Bardowick,POINT (10.336782747078406 53.31137918824902)
V397,Dahlenburg,POINT (10.767134000572723 53.184702034489334)
V398,Gellersen,POINT (10.286195015600457 53.2321281337249)
V399,Ilmenau,POINT (10.376613880195166 53.168748977971255)
V400,Ostheide,POINT (10.58351198578851 53.23134996182947)
V401,Scharnebeck,POINT (10.53015365131872 53.32322810951755)
V402,Grasberg,POINT (9.010666512500208 53.18090403335755)
V403,Lilienthal,POINT (8.896399050509624 53.16870130556836)
V404,Osterholz-Scharmbeck,POINT (8.792445034206045 53.25569496461886)
V405,Ritterhude,POINT (8.729051781557926 53.192448742104744)
V406,Schwanewede,POINT (8.586003816311639 53.250378885426684)
V407,Worpswede,POINT (8.943324683991031 53.24972689840503)
V408,Hambergen,POINT (8.854858902400238 53.33402278896294)
V409,Bremervörde,POINT (9.168035862568134 53.491188931730484)
V410,Gnarrenburg,POINT (9.022727922452141 53.379599424708594)
V411,Rotenburg (Wümme),POINT (9.368139488779324 53.11461952314966)
V412,Scheeßel,POINT (9.490630752120845 53.16359383336295)
V413,Visselhövede,POINT (9.555331881686678 52.99289992133062)
V414,Bothel,POINT (9.482552954894219 53.0597988499244)
V415,Fintel,POINT (9.598434119460578 53.20191108381024)
V416,Geestequelle,POINT (9.01514682479332 53.49312844462292)
V417,Selsingen,POINT (9.212897799223772 53.37369490996675)
V418,Sittensen,POINT (9.506688349281054 53.3029873270724)
V419,Sottrum,POINT (9.251705467668783 53.107663443646786)
V420,Tarmstedt,POINT (9.101148772773943 53.238336354127924)
V421,Zeven,POINT (9.321702319567034 53.27725726164172)
V422,Bispingen,POINT (9.993803410118664 53.11712232497844)
V423,Bad Fallingbostel,POINT (9.738734209524285 52.90403924655231)
V424,Munster,POINT (10.11608235960422 52.99251541677186)
V425,Neuenkirchen,POINT (9.697766026199872 53.05100775529408)
V426,Schneverdingen,POINT (9.802907600203943 53.125860757298064)
V427,Soltau,POINT (9.856539369433618 52.995852649663775)
V428,Wietzendorf,POINT (9.985270808645918 52.92790205104784)
V429,Walsrode,POINT (9.570674608340143 52.86076716345977)
V430,Ahlden,POINT (9.570151006987969 52.745449904346174)
V431,Rethem (Aller),POINT (9.422760077738566 52.775171799169186)
V432,Schwarmstedt,POINT (9.64114245519399 52.67696172301251)
V433,Osterheide,POINT (9.784401554637062 52.83021342734336)
V434,Buxtehude,POINT (9.692124700358175 53.46297432035597)
V435,Drochtersen,POINT (9.377590166650803 53.71380608834275)
V436,Jork,POINT (9.703069517632215 53.53047406373494)
V437,Stade,POINT (9.464934764672153 53.61176076589793)
V438,Apensen,POINT (9.591621812738346 53.40863165329292)
V439,Fredenbeck,POINT (9.36969243675274 53.50858845259639)
V440,Harsefeld,POINT (9.455101406017455 53.42899660933541)
V441,Horneburg,POINT (9.557414004284635 53.51578322805351)
V442,Lühe,POINT (9.58485069771896 53.56677198989435)
V443,Nordkehdingen,POINT (9.215877108392847 53.81425921693792)
V444,Oldendorf-Himmelpforten,POINT (9.28466258915549 53.604435842714)
V445,Bienenbüttel,POINT (10.48413396548341 53.139436219014826)
V446,Uelzen,POINT (10.567879906875115 52.97030482876342)
V447,Rosche,POINT (10.772403469456949 52.993156001583266)
V448,Suderburg,POINT (10.386800259118905 52.907424473426275)
V449,Bevensen-Ebstorf,POINT (10.477124325183995 53.06184387747339)
V450,Aue,POINT (10.655460536458472 52.86091560561101)
V451,Achim,POINT (9.039919164890687 53.020458334143946)
V452,Dörverden,POINT (9.26803983845819 52.84268547417123)
V453,Kirchlinteln,POINT (9.360967138677633 52.92916086270261)
V454,Langwedel,POINT (9.182985634942906 52.99968719012618)
V455,Ottersberg,POINT (9.109413144154184 53.10904531485518)
V456,Oyten,POINT (9.049832889569052 53.07252793532052)
V457,Verden (Aller),POINT (9.23614500081818 52.93741502280918)
V458,Thedinghausen,POINT (9.035694126159491 52.9476227269749)
V459,Delmenhorst,POINT (8.645824796097408 53.04956302098577)
V460,Emden,POINT (7.180937420338536 53.360662504205486)
V461,Oldenburg (Oldb),POINT (8.224405123645864 53.14472426478605)
V462,Osnabrück,POINT (8.047509833865368 52.2773355523176)
V463,Wilhelmshaven,POINT (8.087652028119258 53.56658803699728)
V464,Apen,POINT (7.785856956449368 53.20853168945051)
V465,Bad Zwischenahn,POINT (8.028234438890271 53.182315575798214)
V466,Edewecht,POINT (7.9933588105847235 53.11768007208501)
V467,Rastede,POINT (8.210889939026028 53.26089578561921)
V468,Westerstede,POINT (7.922442955677544 53.261668302428546)
V469,Wiefelstede,POINT (8.105613016448833 53.25402064559841)
V470,Aurich,POINT (7.541481381002098 53.494541010783415)
V471,Baltrum,POINT (7.399031165278214 53.727412949069254)
V472,Großefehn,POINT (7.604897076252618 53.39510753155384)
V473,Großheide,POINT (7.378430893309716 53.578107470519)
V474,Hinte,POINT (7.209997026767225 53.4198870322935)
V475,Ihlow,POINT (7.405237519174243 53.400417126175576)
V476,Juist,POINT (6.98366083791535 53.67649389561151)
V477,Krummhörn,POINT (7.093113975060132 53.44723451898619)
V478,Norden,POINT (7.175768511260218 53.577751634381315)
V479,Norderney,POINT (7.238963096380207 53.71368653923887)
V480,Südbrookmerland,POINT (7.332918978492268 53.472323587391564)
V481,Wiesmoor,POINT (7.728006000249645 53.41015979641876)
V482,Dornum,POINT (7.417929362689993 53.65605376697239)
V483,Brookmerland,POINT (7.258032384952232 53.51459832872058)
V484,Hage,POINT (7.284611882273557 53.61545802764608)
V485,Nordseeinsel Memmert,POINT (6.88436112686895 53.638349718831826)
V486,Barßel,POINT (7.783249296997704 53.138042756250755)
V487,Bösel,POINT (7.990737374116115 53.025369691869976)
V488,Cappeln (Oldenburg),POINT (8.087724868060175 52.789714593020264)
V489,Cloppenburg,POINT (8.036632629636145 52.85634706067353)
V490,Emstek,POINT (8.166457442931277 52.85437690720588)
V491,Essen (Oldenburg),POINT (7.962362935771732 52.726608848360364)
V492,Friesoythe,POINT (7.843659112694253 53.00752080868292)
V493,Garrel,POINT (8.041493809380226 52.948592259115664)
V494,Lastrup,POINT (7.90146337343668 52.79244524165574)
V495,Lindern (Oldenburg),POINT (7.778275837746218 52.83351501302515)
V496,Löningen,POINT (7.755588428189421 52.7379542712328)
V497,Molbergen,POINT (7.9042057947814515 52.87503708521618)
V498,Saterland,POINT (7.694057874828143 53.087208841520145)
V499,Emsbüren,POINT (7.311673336699573 52.40046143871063)
V500,Geeste,POINT (7.2415535338419845 52.60999632474529)
V501,Haren (Ems),POINT (7.202201185108724 52.79583401187364)
V502,Haselünne,POINT (7.470921249718168 52.67627051390647)
V503,Lingen (Ems),POINT (7.343213366140669 52.52034434213801)
V504,Meppen,POINT (7.285921412054696 52.702970092316754)
V505,Papenburg,POINT (7.401997171395932 53.056381309778565)
V506,Rhede (Ems),POINT (7.254016672448725 53.066767093995104)
V507,Salzbergen,POINT (7.352768762616054 52.32020673737564)
V508,Twist,POINT (7.096617862819475 52.6652286308835)
V509,Dörpen,POINT (7.326895188974928 52.962862273700686)
V510,Freren,POINT (7.518661409651151 52.472174356444015)
V511,Herzlake,POINT (7.610916274575515 52.70977915084501)
V512,Lathen,POINT (7.28366954244317 52.87334487779422)
V513,Lengerich,POINT (7.505247682086426 52.569426686875445)
V514,Nordhümmling,POINT (7.584512744081292 52.99876303918622)
V515,Sögel,POINT (7.499188104264959 52.84647811154081)
V516,Spelle,POINT (7.48016736932672 52.39146213374609)
V517,Werlte,POINT (7.6834350521394095 52.888090776616544)
V518,Jever,POINT (7.880454256097307 53.55687648226308)
V519,Sande,POINT (7.999876194523952 53.49209249937117)
V520,Schortens,POINT (7.963893459625687 53.545659378739195)
V521,Wangerland,POINT (7.931981959796385 53.6548293656761)
V522,Wangerooge,POINT (7.906520931240034 53.78624145776113)
V523,Bockhorn,POINT (8.011741876551357 53.37850751295392)
V524,Varel,POINT (8.116835725146867 53.38791588397314)
V525,Zetel,POINT (7.9467610640260355 53.40418996449685)
V526,Bad Bentheim,POINT (7.108665970223993 52.29587379964563)
V527,Nordhorn,POINT (7.093112116509898 52.44348616461584)
V528,Wietmarschen,POINT (7.179973450593404 52.515089121668886)
V529,Emlichheim,POINT (6.875998692857054 52.60403344979541)
V530,Neuenhaus,POINT (7.013321881141328 52.53075762099955)
V531,Schüttorf,POINT (7.21084622467697 52.343606507403045)
V532,Uelsen,POINT (6.828906426408335 52.50939087546897)
V533,Borkum,POINT (6.7186961421760625 53.592942942251405)
V534,Jemgum,POINT (7.326424760114809 53.27633688425654)
V535,Leer (Ostfriesland),POINT (7.4614526716483685 53.24364923935322)
V536,Moormerland,POINT (7.436712567705898 53.32214672231106)
V537,Ostrhauderfehn,POINT (7.613636507180124 53.14684129890683)
V538,Rhauderfehn,POINT (7.547621182656817 53.12283226558488)
V539,Uplengen,POINT (7.769249971444477 53.309020581029515)
V540,Weener,POINT (7.333323026225679 53.16333720214994)
V541,Westoverledingen,POINT (7.444486184335306 53.14798997638763)
V542,Bunde,POINT (7.244588487622118 53.21032352853368)
V543,Hesel,POINT (7.606841765456589 53.30471515248104)
V544,Jümme,POINT (7.625622590337441 53.22822250685708)
V545,Insel Lütje Hörn,POINT (6.866811729550485 53.59005357816093)
V546,Dötlingen,POINT (8.419516118596176 52.965635169327335)
V547,Ganderkesee,POINT (8.535221575119454 53.04878767829848)
V548,Großenkneten,POINT (8.23278072834269 52.94456457789563)
V549,Hatten,POINT (8.32270449703489 53.04245012361063)
V550,Hude (Oldb),POINT (8.39170200763911 53.1068772440131)
V551,Wardenburg,POINT (8.155435938025752 53.05284530828143)
V552,Wildeshausen,POINT (8.40353137286357 52.87971324360921)
V553,Harpstedt,POINT (8.567718374455735 52.90725376740239)
V554,Bad Essen,POINT (8.381668991231948 52.32103620943812)
V555,Bad Iburg,POINT (8.053375335013385 52.14780891411706)
V556,Bad Laer,POINT (8.083550491266799 52.09870264758656)
V557,Bad Rothenfelde,POINT (8.15557491264588 52.09792366625981)
V558,Belm,POINT (8.141481461120009 52.326940527872125)
V559,Bissendorf,POINT (8.220009160244835 52.261334265389976)
V560,Bohmte,POINT (8.278641610633338 52.41367769995213)
V561,Bramsche,POINT (7.996516447425693 52.41647927425968)
V562,Dissen am Teutoburger Wald,POINT (8.206364731450362 52.121154358758844)
V563,Georgsmarienhütte,POINT (8.075025613660696 52.20463058041839)
V564,Hagen am Teutoburger Wald,POINT (7.963291749474676 52.19588846509692)
V565,Hasbergen,POINT (7.959959919820985 52.23843492947416)
V566,Hilter am Teutoburger Wald,POINT (8.165402986793419 52.16995716137409)
V567,Melle,POINT (8.353368466311874 52.19627545247547)
V568,Ostercappeln,POINT (8.203722113534749 52.376182148057275)
V569,Wallenhorst,POINT (8.023895932533444 52.34463187357045)
V570,Glandorf,POINT (7.972847786237401 52.07784060644959)
V571,Artland,POINT (7.90819241587082 52.650340984491805)
V572,Bersenbrück,POINT (7.925658092787219 52.541232847226766)
V573,Fürstenau,POINT (7.698011896557802 52.56546362000488)
V574,Neuenkirchen,POINT (7.792111394094494 52.44149422714237)
V575,Bakum,POINT (8.145308524732933 52.73409994760252)
V576,Damme,POINT (8.23957532644046 52.52629435555024)
V577,Dinklage,POINT (8.100284331194834 52.660777144530265)
V578,Goldenstedt,POINT (8.401848314449175 52.77072389085302)
V579,Holdorf,POINT (8.124348214683769 52.57215375123326)
V580,Lohne (Oldenburg),POINT (8.231565311176249 52.66147656072548)
V581,Neuenkirchen-Vörden,POINT (8.100160705765841 52.49745413523366)
V582,Steinfeld (Oldenburg),POINT (8.222938250918695 52.594842049991115)
V583,Vechta,POINT (8.285439960391521 52.74142437816207)
V584,Visbek,POINT (8.313094962060411 52.83164483120428)
V585,Berne,POINT (8.476790918502713 53.16629718513643)
V586,Brake (Unterweser),POINT (8.463753601933371 53.333221157399265)
V587,Butjadingen,POINT (8.337664595937293 53.55131771585411)
V588,Elsfleth,POINT (8.388701085693231 53.22308141372178)
V589,Jade,POINT (8.25340743029288 53.355953471871985)
V590,Lemwerder,POINT (8.596617699175713 53.13688732311091)
V591,Nordenham,POINT (8.45621890612783 53.494385392964276)
V592,Ovelgönne,POINT (8.361462179209092 53.31327162041857)
V593,Stadland,POINT (8.392331884919953 53.419874384870056)
V594,Friedeburg,POINT (7.839651108108695 53.45543393538404)
V595,Langeoog,POINT (7.531667950881545 53.74609642657785)
V596,Spiekeroog,POINT (7.734627622841179 53.771107539277224)
V597,Wittmund,POINT (7.758617233799943 53.58503168180656)
V598,Esens,POINT (7.631840647992478 53.638360271623036)
V599,Holtriem,POINT (7.488999802689756 53.5824652444106)
V600,Koblenz,POINT (7.579433948007149 50.34815197457117)
V601,Bad Neuenahr-Ahrweiler,POINT (7.125221102049225 50.52967324039379)
V602,Remagen,POINT (7.205248293419806 50.59377072356135)
V603,Sinzig,POINT (7.225694346963483 50.527756871652834)
V604,Grafschaft,POINT (7.0826686517754345 50.57300064484287)
V605,Adenau,POINT (6.888879568487091 50.39800897697747)
V606,Altenahr,POINT (6.99646518208154 50.49093296503124)
V607,Bad Breisig,POINT (7.276265405722246 50.49204020367383)
V608,Brohltal,POINT (7.174749794474717 50.443326115921785)
V609,Daaden-Herdorf,POINT (7.967058069434155 50.736170829696775)
V610,Hamm (Sieg),POINT (7.667390264714437 50.76493704956457)
V611,Kirchen (Sieg),POINT (7.8494243367064165 50.856954905585305)
V612,Wissen,POINT (7.765944587450396 50.79661250087014)
V613,Betzdorf-Gebhardshain,POINT (7.854894764098475 50.74751882785354)
V614,Altenkirchen-Flammersfeld,POINT (7.577753317217727 50.67617586163746)
V615,Bad Kreuznach,POINT (7.868384928919865 49.837409601004644)
V616,Bad Kreuznach,POINT (7.877287467353119 49.795635999028576)
V617,Rüdesheim,POINT (7.722328058154274 49.857320151878945)
V618,Kirner Land,POINT (7.482194588233214 49.79704936416148)
V619,Nahe-Glan,POINT (7.6261995253657835 49.769560172317085)
V620,Langenlonsheim-Stromberg,POINT (7.786117036993783 49.9323396934767)
V621,Idar-Oberstein,POINT (7.353125472305824 49.701882320612796)
V622,Baumholder,POINT (7.322585403514469 49.61449048581739)
V623,Birkenfeld,POINT (7.166273644704843 49.664480841469945)
V624,Herrstein-Rhaunen,POINT (7.30918111687077 49.786222393637615)
V625,Cochem,POINT (7.221378216226515 50.14257318195304)
V626,Kaisersesch,POINT (7.176155571305301 50.227755069296954)
V627,Ulmen,POINT (7.031662519517918 50.15306266292638)
V628,Zell (Mosel),POINT (7.23016944361681 50.037972752373925)
V629,Andernach,POINT (7.372099218118769 50.43230183416822)
V630,Mayen,POINT (7.195719080535418 50.325667045478866)
V631,Bendorf,POINT (7.594586019269099 50.43654361691763)
V632,Pellenz,POINT (7.349486026220792 50.39208046292212)
V633,Maifeld,POINT (7.341092811791815 50.28631785229546)
V634,Vordereifel,POINT (7.108481447309749 50.33085777914542)
V635,Mendig,POINT (7.241315663364278 50.37906207389558)
V636,Vallendar,POINT (7.631105629917064 50.40484725025315)
V637,Weißenthurm,POINT (7.483704552915208 50.38641082884489)
V638,Rhein-Mosel,POINT (7.476817940990706 50.26534419632861)
V639,Neuwied,POINT (7.487497648607078 50.45822490636594)
V640,Asbach,POINT (7.413619426746509 50.64769304861404)
V641,Bad Hönningen,POINT (7.35719486918835 50.50563230393147)
V642,Dierdorf,POINT (7.642761948196353 50.52956352148796)
V643,Linz am Rhein,POINT (7.323997882278033 50.582162913828114)
V644,Puderbach,POINT (7.60638968900082 50.59627300140191)
V645,Unkel,POINT (7.2561314891373705 50.610556679045544)
V646,Rengsdorf-Waldbreitbach,POINT (7.477873398836724 50.53197725728552)
V647,Boppard,POINT (7.565918088105349 50.213417880830995)
V648,Kastellaun,POINT (7.419501389549261 50.08693328415621)
V649,Kirchberg (Hunsrück),POINT (7.369317669667208 49.93225998986484)
V650,Simmern-Rheinböllen,POINT (7.560711458513067 49.98928757410936)
V651,Hunsrück-Mittelrhein,POINT (7.597242103435714 50.12970253213273)
V652,Lahnstein,POINT (7.66653717051202 50.30574621543938)
V653,Diez,POINT (7.95284382045869 50.36288200875494)
V654,Nastätten,POINT (7.83429003618842 50.199294240042555)
V655,Loreley,POINT (7.723884746087259 50.18336981620843)
V656,Bad Ems-Nassau,POINT (7.78625663327616 50.314565942687715)
V657,Aar-Einrich,POINT (7.998289169239968 50.28373563737255)
V658,Bad Marienberg (Westerwald),POINT (7.942466338449766 50.66311432274356)
V659,Hachenburg,POINT (7.785625261188141 50.654624070307946)
V660,Höhr-Grenzhausen,POINT (7.69163127404364 50.431518467097426)
V661,Montabaur,POINT (7.828866189323092 50.41143202222567)
V662,Ransbach-Baumbach,POINT (7.6844475237139305 50.477815927319845)
V663,Rennerod,POINT (8.077491673731256 50.61799908807723)
V664,Selters (Westerwald),POINT (7.771009132452502 50.55385887947973)
V665,Wallmerod,POINT (7.923192550312083 50.4906693012725)
V666,Westerburg,POINT (7.952490341263159 50.57414158489336)
V667,Wirges,POINT (7.798870648623299 50.481767246928264)
V668,Trier,POINT (6.6556040148229165 49.76275056545584)
V669,Wittlich,POINT (6.910368331264308 49.989284265471206)
V670,Morbach,POINT (7.110977345277737 49.815022753551744)
V671,Bernkastel-Kues,POINT (7.036676655597879 49.8959525450921)
V672,Thalfang am Erbeskopf,POINT (6.992429255881664 49.75549129720066)
V673,Wittlich-Land,POINT (6.818164966149451 49.99405622651041)
V674,Traben-Trarbach,POINT (7.084119729583773 49.99419210902063)
V675,Bitburg,POINT (6.533576579251509 49.974086872074366)
V676,Arzfeld,POINT (6.267316628659151 50.09821333762468)
V677,Südeifel,POINT (6.328600971498593 49.94081156629415)
V678,Prüm,POINT (6.393134390078772 50.212653774965915)
V679,Speicher,POINT (6.663444597394768 49.937172701438676)
V680,Bitburger Land,POINT (6.536920427851917 50.004497107408824)
V681,Daun,POINT (6.835405782524759 50.17531784488526)
V682,Kelberg,POINT (6.944801783215099 50.28097717699306)
V683,Gerolstein,POINT (6.628118681748297 50.26896718161386)
V684,Hermeskeil,POINT (6.929187553673977 49.67989333100205)
V685,Konz,POINT (6.559312950299853 49.66823987733638)
V686,Ruwer,POINT (6.774702897036419 49.711724852643755)
V687,Schweich an der Römischen Weinstraße,POINT (6.808017633807975 49.81834641471725)
V688,Trier-Land,POINT (6.59441287826025 49.812196445813825)
V689,Saarburg-Kell,POINT (6.621126384580399 49.59593464762586)
V690,Frankenthal (Pfalz),POINT (8.357063979516106 49.53304155603859)
V691,Kaiserslautern,POINT (7.76062576360668 49.43286305211199)
V692,Landau in der Pfalz,POINT (8.051790230618394 49.22403729128213)
V693,Ludwigshafen am Rhein,POINT (8.397040773785802 49.48194065324281)
V694,Mainz,POINT (8.241354758592731 49.97422193452747)
V695,Neustadt an der Weinstraße,POINT (8.151988135094188 49.34186841878815)
V696,Pirmasens,POINT (7.594735958291987 49.19742470933624)
V697,Speyer,POINT (8.435267147586165 49.32977584701135)
V698,Worms,POINT (8.324448489817437 49.6495604886609)
V699,Zweibrücken,POINT (7.365577353548836 49.248056160589734)
V700,Alzey,POINT (8.103307465171943 49.74582397382512)
V701,Alzey-Land,POINT (8.106244412732355 49.74910034523622)
V702,Eich,POINT (8.377447193824096 49.75872051534329)
V703,Monsheim,POINT (8.212301289788801 49.64135440936302)
V704,Wöllstein,POINT (7.973690737759647 49.79249356887794)
V705,Wörrstadt,POINT (8.116401970135412 49.84556915607409)
V706,Wonnegau,POINT (8.255858962448452 49.71454467582502)
V707,Bad Dürkheim,POINT (8.086010233630473 49.4536737588634)
V708,Grünstadt,POINT (8.142583112012517 49.55549105732919)
V709,Haßloch,POINT (8.266341324390288 49.35046541795317)
V710,Deidesheim,POINT (8.182031992768634 49.404343740670924)
V711,Freinsheim,POINT (8.166236113489607 49.49998470106502)
V712,Lambrecht (Pfalz),POINT (7.9558801454914265 49.36471504285474)
V713,Wachenheim an der Weinstraße,POINT (8.184491277042383 49.44086490885379)
V714,Leiningerland,POINT (8.144165245606663 49.54911161488942)
V715,Eisenberg (Pfalz),POINT (8.017379268267364 49.54154770292241)
V716,Göllheim,POINT (8.069167587997706 49.61546643576965)
V717,Kirchheimbolanden,POINT (7.987142142283703 49.66712610743594)
V718,Winnweiler,POINT (7.881187976655101 49.56715953964394)
V719,Nordpfälzer Land,POINT (7.8095237587044934 49.66904526964514)
V720,Germersheim,POINT (8.371669407977105 49.21367882761215)
V721,Wörth am Rhein,POINT (8.188431674633385 49.033988396818756)
V722,Bellheim,POINT (8.2679503774375 49.20003578462589)
V723,Hagenbach,POINT (8.2305696457742 48.99813769519124)
V724,Jockgrim,POINT (8.287111285553099 49.10315907329707)
V725,Kandel,POINT (8.159893085385747 49.0901031555462)
V726,Lingenfeld,POINT (8.314913533914828 49.25028583374566)
V727,Rülzheim,POINT (8.320214927590692 49.14993406498677)
V728,Bruchmühlbach-Miesau,POINT (7.468337502403548 49.37653109113231)
V729,Enkenbach-Alsenborn,POINT (7.895471581460456 49.456214021655335)
V730,Ramstein-Miesenbach,POINT (7.527939184698188 49.44575211422706)
V731,Weilerbach,POINT (7.605129292980256 49.48761602662156)
V732,Otterbach-Otterberg,POINT (7.722565562101613 49.53152873614676)
V733,Landstuhl,POINT (7.67338999686767 49.37408485127496)
V734,Lauterecken-Wolfstein,POINT (7.579472510092076 49.61883764337155)
V735,Oberes Glantal,POINT (7.367335259458492 49.44491281872846)
V736,Kusel-Altenglan,POINT (7.417661678015149 49.549127753434114)
V737,Annweiler am Trifels,POINT (7.947094879878409 49.21475496971071)
V738,Bad Bergzabern,POINT (7.985022872488476 49.08694452333936)
V739,Edenkoben,POINT (8.11058420646538 49.2803431553452)
V740,Herxheim,POINT (8.193391246436834 49.1458779603877)
V741,Landau-Land,POINT (8.052190641792249 49.18217043147145)
V742,Maikammer,POINT (8.087021680733232 49.30887194247033)
V743,Offenbach an der Queich,POINT (8.195546809853132 49.219496957642555)
V744,Bobenheim-Roxheim,POINT (8.373576123830455 49.58503046109815)
V745,Böhl-Iggelheim,POINT (8.321688672395005 49.362485356045006)
V746,Limburgerhof,POINT (8.393135924541639 49.415239509217244)
V747,Mutterstadt,POINT (8.347149326664338 49.44188585615287)
V748,Schifferstadt,POINT (8.372790566708593 49.38135701431097)
V749,Dannstadt-Schauernheim,POINT (8.293564416354572 49.422059910661)
V750,Maxdorf,POINT (8.28655800168903 49.47770756131571)
V751,Lambsheim-Heßheim,POINT (8.301676846048581 49.54970741604359)
V752,Römerberg-Dudenhofen,POINT (8.38658581966044 49.29563755510525)
V753,Rheinauen,POINT (8.457346665725577 49.40076496905861)
V754,Bingen am Rhein,POINT (7.936107779965708 49.94765593532174)
V755,Budenheim,POINT (8.171419578624233 50.01970295526106)
V756,Ingelheim am Rhein,POINT (8.079874513006171 49.9782123188143)
V757,Rhein-Nahe,POINT (7.787281012505423 50.00663267563714)
V758,Bodenheim,POINT (8.306224493637124 49.91507912593991)
V759,Gau-Algesheim,POINT (8.041104146081988 49.92819923683156)
V760,Nieder-Olm,POINT (8.173786759387552 49.918275165636544)
V761,Rhein-Selz,POINT (8.293188779299353 49.83027368397665)
V762,Sprendlingen-Gensingen,POINT (7.9801298557250355 49.88114758145909)
V763,Dahner Felsenland,POINT (7.771048584084482 49.10321221344653)
V764,Hauenstein,POINT (7.835415969634595 49.214802171822676)
V765,Pirmasens-Land,POINT (7.601897662015527 49.14345373175596)
V766,Rodalben,POINT (7.725283258297381 49.25085836654211)
V767,Waldfischbach-Burgalben,POINT (7.682381208438851 49.30592921939593)
V768,Zweibrücken-Land,POINT (7.428946953787786 49.245818287993984)
V769,Thaleischweiler-Wallhalben,POINT (7.539524416758708 49.29219007900074)
V770,Stuttgart,POINT (9.172060166071283 48.775094522228635)
V771,Böblingen,POINT (9.019882580561713 48.68201727871623)
V772,Leonberg,POINT (9.007006171741518 48.79047901075932)
V773,Magstadt,POINT (8.979654699119818 48.745127715516595)
V774,Renningen,POINT (8.924515262361483 48.772224201212154)
V775,Rutesheim,POINT (8.932550484959318 48.81171571554546)
V776,Schönaich,POINT (9.066749357059871 48.65786312093184)
V777,Sindelfingen,POINT (9.004203004673569 48.712447178762986)
V778,Weil der Stadt,POINT (8.864078194608984 48.75996388548827)
V779,Weil im Schönbuch,POINT (9.061018596405985 48.618056037037526)
V780,Weissach,POINT (8.92175508707677 48.842366822436595)
V781,Aidlingen/Grafenau,POINT (8.887196242480993 48.690043331397696)
V782,Gärtringen/Ehningen,POINT (8.920468225399368 48.64759102143448)
V783,Herrenberg,POINT (8.866826629383473 48.60705547317116)
V784,Holzgerlingen,POINT (8.995495562156949 48.620500749225236)
V785,Oberes Gäu,POINT (8.811277953789205 48.550782626628916)
V786,Waldenbuch/Steinenbronn,POINT (9.127732884109987 48.63969981313257)
V787,Denkendorf,POINT (9.32099018582091 48.69376181224984)
V788,Esslingen am Neckar,POINT (9.326360210501358 48.741267159235946)
V789,Neuhausen auf den Fildern,POINT (9.276945323951026 48.68117291849353)
V790,Wernau (Neckar),POINT (9.421486331387548 48.68934879177302)
V791,Aichwald,POINT (9.387566002302691 48.76287947433563)
V792,Filderstadt,POINT (9.216285407237104 48.65985392681024)
V793,Leinfelden-Echterdingen,POINT (9.147469118382011 48.68605824981828)
V794,Ostfildern,POINT (9.261387812799123 48.71785468648575)
V795,Aichtal,POINT (9.21864401125227 48.625208298454595)
V796,Kirchheim unter Teck,POINT (9.454415699101729 48.63917891237259)
V797,Lenningen,POINT (9.483451674731043 48.55506582920162)
V798,Neckartenzlingen,POINT (9.247691453618565 48.59460818621676)
V799,Neuffen,POINT (9.376905114273168 48.56203927186193)
V800,Nürtingen,POINT (9.33979361996639 48.62217399537335)
V801,Plochingen,POINT (9.404294753141759 48.717560583907236)
V802,Reichenbach an der Fils,POINT (9.461629500850076 48.73389021130731)
V803,Weilheim an der Teck,POINT (9.536832816607095 48.60168791380809)
V804,Wendlingen am Neckar,POINT (9.37357525215027 48.67853383219435)
V805,Böhmenkirch,POINT (9.923883377346897 48.68744928853582)
V806,Deggingen,POINT (9.705038666331985 48.59675569753545)
V807,Ebersbach an der Fils,POINT (9.520661535540428 48.701111338592725)
V808,Eislingen-Ottenbach-Salach,POINT (9.737108631231296 48.711643276803926)
V809,Geislingen an der Steige,POINT (9.817643090540399 48.614707803676545)
V810,Göppingen,POINT (9.667061905044289 48.71361407819406)
V811,Mittleres Fils-Lautertal,POINT (9.82123017540281 48.69277398412386)
V812,Oberes Filstal,POINT (9.635316016363774 48.57047337698368)
V813,Östlicher Schurwald,POINT (9.625857942570944 48.75364926706123)
V814,Raum Bad Boll,POINT (9.59691231788116 48.64496117841711)
V815,Uhingen,POINT (9.564591500609914 48.714834835941865)
V816,Voralb,POINT (9.66172326074993 48.65961047030206)
V817,Asperg,POINT (9.142794158437225 48.906049141686495)
V818,Ditzingen,POINT (9.023488232945077 48.838586615945594)
V819,Gerlingen,POINT (9.062874053351345 48.78845230918357)
V820,Großbottwar,POINT (9.285696138805811 49.009098352482276)
V821,Kornwestheim,POINT (9.186616571310324 48.866576189537504)
V822,Ludwigsburg,POINT (9.217094446014832 48.90382718899145)
V823,Markgröningen,POINT (9.068985020619456 48.91050331518933)
V824,Möglingen,POINT (9.133325300450732 48.87906731728024)
V825,Oberstenfeld,POINT (9.353732644671467 49.03022633143249)
V826,Sachsenheim,POINT (9.003537081193587 49.0001294087293)
V827,Korntal-Münchingen,POINT (9.102310129694384 48.84803451324334)
V828,Remseck am Neckar,POINT (9.2662591372439 48.87744563109409)
V829,Besigheim,POINT (9.15817330663054 49.0058388040813)
V830,Bietigheim-Bissingen,POINT (9.134207997879885 48.952878594710455)
V831,Bönnigheim,POINT (9.10109340012744 49.03385592061279)
V832,Freiberg am Neckar,POINT (9.2061458298866 48.94559669989482)
V833,Marbach am Neckar,POINT (9.301539923105514 48.93747761971398)
V834,Schwieberdingen-Hemmingen,POINT (9.052547835991554 48.87256003809683)
V835,Steinheim-Murr,POINT (9.277564916057885 48.97504007764783)
V836,Vaihingen an der Enz,POINT (8.973424729041975 48.93405065792449)
V837,Alfdorf,POINT (9.703332994677522 48.858902410804106)
V838,Fellbach,POINT (9.273975095333041 48.821997965233095)
V839,Korb,POINT (9.367218910745938 48.84373184846786)
V840,Murrhardt,POINT (9.607908849328323 48.97533844658332)
V841,Rudersberg,POINT (9.53799803351763 48.880009620459646)
V842,Waiblingen,POINT (9.330512027582168 48.8517851530509)
V843,Berglen,POINT (9.470228175091336 48.854696030832244)
V844,Remshalden,POINT (9.434918313945232 48.81643842499175)
V845,Weinstadt,POINT (9.3896099108783 48.7981432655649)
V846,Kernen im Remstal,POINT (9.329463913057632 48.791595913342256)
V847,Backnang,POINT (9.449213429911811 48.95332768345516)
V848,Plüderhausen-Urbach,POINT (9.598011473925883 48.814103028300174)
V849,Schorndorf,POINT (9.51615029461006 48.79725551907602)
V850,Sulzbach,POINT (9.503336731567224 49.031336347463416)
V851,Welzheim,POINT (9.631680954849163 48.897144505206704)
V852,Winnenden,POINT (9.397176740460845 48.880051240062365)
V853,Heilbronn,POINT (9.182490353187351 49.15246331331208)
V854,Bad Wimpfen,POINT (9.148273632433344 49.22656602864915)
V855,Gundelsheim,POINT (9.190198493974444 49.29227725648464)
V856,Leingarten,POINT (9.112232280997407 49.14584262855181)
V857,Neudenau,POINT (9.284016034008575 49.29697769224599)
V858,Wüstenrot,POINT (9.468592566546487 49.09282776017419)
V859,Bad Friedrichshall,POINT (9.232731640474839 49.23977950230001)
V860,Bad Rappenau,POINT (9.050626067384059 49.23340743199368)
V861,Brackenheim,POINT (9.05511230362625 49.0723156467692)
V862,Eppingen,POINT (8.920744958756304 49.146697689241186)
V863,Flein-Talheim,POINT (9.211846728089817 49.0912426992338)
V864,Lauffen am Neckar,POINT (9.16499241804934 49.07498752499872)
V865,Möckmühl,POINT (9.387814969696436 49.32856281405125)
V866,Neckarsulm,POINT (9.24131905320617 49.19363566739442)
V867,Neuenstadt am Kocher,POINT (9.364969482447826 49.24281011479462)
V868,Oberes Zabergäu,POINT (8.950515204315613 49.06193241020139)
V869,Obersulm,POINT (9.38918509864683 49.11609703316336)
V870,Schozach-Bottwartal,POINT (9.304426574340264 49.06943867050323)
V871,Schwaigern,POINT (9.03056619451243 49.14495552929344)
V872,Raum Weinsberg,POINT (9.313772572644721 49.15653449752616)
V873,Bretzfeld,POINT (9.438537016947617 49.1567384418448)
V874,Schöntal,POINT (9.531286026057414 49.3488700345145)
V875,Hohenloher Ebene,POINT (9.647402079619537 49.20727714847557)
V876,Krautheim,POINT (9.732034063576796 49.364893659424524)
V877,Künzelsau,POINT (9.711117293530087 49.29400244991979)
V878,Mittleres Kochertal,POINT (9.566671781842066 49.2874526705113)
V879,Öhringen,POINT (9.512677026530415 49.203707251613324)
V880,Blaufelden,POINT (9.966249934858347 49.30341336003448)
V881,Mainhardt,POINT (9.57060136779185 49.08665024699669)
V882,Schrozberg,POINT (10.001683092788571 49.350774600725366)
V883,Braunsbach-Untermünkheim,POINT (9.769985320485556 49.19309932509777)
V884,Crailsheim,POINT (10.054639484542271 49.11792502148132)
V885,Fichtenau,POINT (10.19742858258009 49.11092844068865)
V886,Gerabronn,POINT (9.890225119695017 49.250589331821274)
V887,Ilshofen-Vellberg,POINT (9.889239996135105 49.15308731988743)
V888,Limpurger Land,POINT (9.75978718213671 48.992761368382716)
V889,Oberes Bühlertal,POINT (9.89996901151265 49.02468190584281)
V890,Brettach/Jagst,POINT (10.040936434492973 49.240170127189856)
V891,Schwäbisch Hall,POINT (9.731343300500825 49.09951427340481)
V892,Creglingen,POINT (10.0685078091949 49.45348206339344)
V893,Freudenberg,POINT (9.364490752156108 49.744403950185465)
V894,Külsheim,POINT (9.507393306546453 49.67295875022271)
V895,Niederstetten,POINT (9.937092283059263 49.40281127992199)
V896,Weikersheim,POINT (9.912109623904163 49.482849569379226)
V897,Wertheim,POINT (9.5222772230004 49.74316376517681)
V898,Lauda-Königshofen,POINT (9.714933059490802 49.55540975176128)
V899,Bad Mergentheim,POINT (9.781555802983203 49.46908264936228)
V900,Boxberg,POINT (9.604271597958466 49.49084550410691)
V901,Grünsfeld,POINT (9.792272059724624 49.61536835997189)
V902,Tauberbischofsheim,POINT (9.660561066225242 49.64182609730251)
V903,Dischingen,POINT (10.40072278805935 48.703706756930146)
V904,Gerstetten,POINT (10.04512618021559 48.61905769036467)
V905,Herbrechtingen,POINT (10.156500830755252 48.613788740342315)
V906,Königsbronn,POINT (10.103591495411576 48.73904301871495)
V907,Steinheim am Albuch,POINT (10.037729119942421 48.69005261696681)
V908,Giengen an der Brenz,POINT (10.247514952858857 48.61302264815714)
V909,Heidenheim an der Brenz,POINT (10.212039014279755 48.709866792272365)
V910,Sontheim-Niederstotzingen,POINT (10.252268772539958 48.550113565298965)
V911,Abtsgmünd,POINT (9.961548015229134 48.91227729838991)
V912,Gschwend,POINT (9.754509805022801 48.933389642025)
V913,Lorch,POINT (9.677709606921848 48.7973888080893)
V914,Neresheim,POINT (10.328489359131627 48.782143525668765)
V915,Oberkochen,POINT (10.10048143748168 48.78094154418692)
V916,Aalen,POINT (10.092482789728747 48.830285127540016)
V917,Bopfingen,POINT (10.367729440340531 48.860584111329814)
V918,Ellwangen (Jagst),POINT (10.133889492312925 48.97835649755105)
V919,Kapfenburg,POINT (10.234502780021135 48.87902680456678)
V920,Leintal-Frickenhofer Höhe,POINT (9.8872753275171 48.87350770859517)
V921,Rosenstein,POINT (9.949074148616853 48.79273680597695)
V922,Schwäbisch Gmünd,POINT (9.822985906613571 48.779373330495716)
V923,Schwäbischer Wald,POINT (9.798153355324667 48.8680702873007)
V924,Tannhausen,POINT (10.353226833369918 48.958620662654894)
V925,Baden-Baden,POINT (8.231990067695 48.74840295828571)
V926,Karlsruhe,POINT (8.412634232386067 49.01160066799132)
V927,Ettlingen,POINT (8.406136175798324 48.92731496703294)
V928,Malsch,POINT (8.347645355701632 48.88350581058916)
V929,Marxzell,POINT (8.448471628204594 48.85268661179652)
V930,Östringen,POINT (8.752242241149288 49.189842455948515)
V931,Ubstadt-Weiher,POINT (8.643103826770819 49.17749833757148)
V932,Walzbachtal,POINT (8.601784706578353 49.02093443985078)
V933,Weingarten (Baden),POINT (8.53616413383209 49.05528759730331)
V934,Karlsbad,POINT (8.50342070584705 48.905043096276984)
V935,Kraichtal,POINT (8.733141644688578 49.13343383455976)
V936,Pfinztal,POINT (8.5422706471384 48.99175732217163)
V937,Eggenstein-Leopoldshafen,POINT (8.385998461609775 49.0908666129309)
V938,Linkenheim-Hochstetten,POINT (8.40766376558641 49.127815206547176)
V939,Waghäusel,POINT (8.536381373575084 49.230982077601396)
V940,Rheinstetten,POINT (8.31570011354973 48.96497241579676)
V941,Stutensee,POINT (8.476196771901668 49.09139163241708)
V942,Waldbronn,POINT (8.469916925486327 48.923886114720034)
V943,Bad Schönborn,POINT (8.63351594310615 49.2174301904939)
V944,Bretten,POINT (8.692777605567588 49.04605590716784)
V945,Bruchsal,POINT (8.582981421471578 49.126621111739304)
V946,Graben-Neudorf,POINT (8.449128793251118 49.163846581006176)
V947,Oberderdingen,POINT (8.806930375685715 49.070817548744294)
V948,Philippsburg,POINT (8.458081528223774 49.23377420597155)
V949,Sulzfeld,POINT (8.84442396397534 49.1068143378079)
V950,Bühlertal,POINT (8.193292075807074 48.678623282922395)
V951,Forbach,POINT (8.330287647164768 48.64938355210872)
V952,Gaggenau,POINT (8.344490026434189 48.81736515395685)
V953,Nachbarschaftsverband Bischweier-Kuppenheim,POINT (8.269905847954615 48.82296409527021)
V954,Bühl,POINT (8.134667592256978 48.687093039903615)
V955,Durmersheim,POINT (8.258360630904264 48.930871695585175)
V956,Gernsbach,POINT (8.393021670433741 48.73928895172313)
V957,Rastatt,POINT (8.193795078692077 48.8635860332535)
V958,Rheinmünster-Lichtenau,POINT (8.029449361237237 48.74142753409612)
V959,Sinzheim,POINT (8.136163663948581 48.77175104337126)
V960,Heidelberg,POINT (8.694366924768175 49.40549295668766)
V961,Mannheim,POINT (8.500235204555484 49.499477401958394)
V962,Buchen (Odenwald),POINT (9.321910324706556 49.514999663238356)
V963,Mudau,POINT (9.173837083839208 49.53567778113059)
V964,Hardheim-Walldürn,POINT (9.417885238783818 49.589285701004805)
V965,Haßmersheim,POINT (9.099063245094047 49.30142789204329)
V966,Kleiner Odenwald,POINT (8.999593851200228 49.37826265066302)
V967,Limbach,POINT (9.186582745574244 49.460679340993686)
V968,Mosbach,POINT (9.14648881703976 49.378300769014245)
V969,Neckargerach-Waldbrunn,POINT (9.073833336002846 49.43460952030769)
V970,Osterburken,POINT (9.475542252415758 49.43828296023598)
V971,Schefflenztal,POINT (9.265291744104386 49.370034406277696)
V972,Seckachtal,POINT (9.367661968917854 49.408686568765866)
V973,Brühl,POINT (8.506054128457237 49.39535166784925)
V974,Dossenheim,POINT (8.679407682225184 49.45159352822821)
V975,Eppelheim,POINT (8.626065450960825 49.39627296107522)
V976,Heddesheim,POINT (8.609782645112304 49.51619622547643)
V977,Ilvesheim,POINT (8.567053085713598 49.47811309198934)
V978,Ketsch,POINT (8.52619789350359 49.36911989455818)
V979,Ladenburg,POINT (8.615379081113014 49.47713304520168)
V980,Leimen,POINT (8.699063059142587 49.341927776308474)
V981,Nußloch,POINT (8.70209890552066 49.32255750119107)
V982,Oftersheim,POINT (8.59428100478891 49.35868792810447)
V983,Plankstadt,POINT (8.5950881656992 49.39616482104915)
V984,Sandhausen,POINT (8.643614427833901 49.34027580356897)
V985,Schriesheim,POINT (8.701933594528853 49.47744677624021)
V986,Schwetzingen,POINT (8.555417678054091 49.37992893658039)
V987,Walldorf,POINT (8.632667338166245 49.30119946112001)
V988,Weinheim,POINT (8.676397627811513 49.540576432559384)
V989,St. Leon-Rot,POINT (8.611482693867748 49.26406903482647)
V990,Edingen-Neckarhausen,POINT (8.595097852660832 49.44648108769227)
V991,Hirschberg an der Bergstraße,POINT (8.662989683906936 49.50444131581268)
V992,Eberbach,POINT (8.973180886588153 49.457832028853296)
V993,Elsenztal,POINT (8.852438254714848 49.344387618918574)
V994,Hemsbach,POINT (8.646531671243352 49.60199078500219)
V995,Hockenheim,POINT (8.533458330252621 49.31253424636857)
V996,Neckargemünd,POINT (8.807943766578532 49.37504453023012)
V997,Rauenberg,POINT (8.704689741667263 49.25233565938334)
V998,Schönau,POINT (8.799562026979467 49.47086728767264)
V999,Sinsheim,POINT (8.863186082490152 49.24109848374988)
V1000,Waibstadt,POINT (8.952312065152123 49.31227722113565)
V1001,Wiesloch,POINT (8.736061045727393 49.291913746070314)
V1002,Pforzheim,POINT (8.712030989719507 48.87631671834983)
V1003,Schömberg,POINT (8.647147476041791 48.794529613870765)
V1004,Wildberg,POINT (8.745413697173147 48.634847298755766)
V1005,Altensteig,POINT (8.566760712137201 48.60498291363546)
V1006,Althengstett,POINT (8.810606755264835 48.721986113703736)
V1007,Bad Herrenalb,POINT (8.460422790550776 48.79427815187773)
V1008,Bad Liebenzell,POINT (8.727944726869039 48.77958274303419)
V1009,Teinachtal,POINT (8.632998646970977 48.675467007883015)
V1010,Calw,POINT (8.69702085465065 48.720801627959645)
V1011,Nagold,POINT (8.69267740646734 48.5520265697597)
V1012,Bad Wildbad,POINT (8.520354251178897 48.719160677165334)
V1013,Birkenfeld,POINT (8.608197651573452 48.87059000351359)
V1014,Illingen,POINT (8.90839220939552 48.97739627207692)
V1015,Ispringen,POINT (8.67447535473538 48.923940141119)
V1016,Knittlingen,POINT (8.777188841223154 49.02314612858733)
V1017,Niefern-Öschelbronn,POINT (8.798905404779678 48.90768570997543)
V1018,Keltern,POINT (8.576497270166065 48.896914594387496)
V1019,Remchingen,POINT (8.572324620299048 48.941973244915914)
V1020,Straubenhardt,POINT (8.523818574509262 48.844585795816215)
V1021,Heckengäu,POINT (8.854366950365684 48.858040810238634)
V1022,Kämpfelbachtal,POINT (8.639008531218977 48.95881985054709)
V1023,Maulbronn,POINT (8.836247813262219 49.01350985586497)
V1024,Mühlacker,POINT (8.845483105639047 48.94770212435223)
V1025,Neuenbürg,POINT (8.601605867905983 48.82716411171209)
V1026,Neulingen,POINT (8.73293903310703 48.96183693197543)
V1027,Tiefenbronn,POINT (8.780463089263474 48.81056204651621)
V1028,Alpirsbach,POINT (8.405737217539617 48.35891200060201)
V1029,Baiersbronn,POINT (8.325302753424637 48.54169318159739)
V1030,Loßburg,POINT (8.448398419489921 48.39923429346502)
V1031,Dornstetten,POINT (8.541969231620394 48.465787580656965)
V1032,Freudenstadt,POINT (8.386114851877837 48.486240835942894)
V1033,Horb am Neckar,POINT (8.686905805873305 48.4443436147926)
V1034,Pfalzgrafenweiler,POINT (8.54294703586691 48.53783979101913)
V1035,Freiburg im Breisgau,POINT (7.818499830312984 47.99267389878413)
V1036,Lenzkirch,POINT (8.20044538715278 47.86699253234236)
V1037,Neuenburg am Rhein,POINT (7.570370698015679 47.83080480762146)
V1038,Vogtsburg im Kaiserstuhl,POINT (7.636126819996943 48.090233839934214)
V1039,Bad Krozingen,POINT (7.654801804928012 47.92449749081649)
V1040,Breisach am Rhein,POINT (7.640430482434308 48.0271607502787)
V1041,Dreisamtal,POINT (7.9781179583039235 47.94596698935709)
V1042,Ehrenkirchen,POINT (7.780682718530187 47.91036855109933)
V1043,Gundelfingen,POINT (7.890265598398782 48.035452021462206)
V1044,Heitersheim,POINT (7.658762427783083 47.878436720012346)
V1045,Hexental,POINT (7.835510439154408 47.941764236801674)
V1046,Hinterzarten,POINT (8.083126753916664 47.91851812160322)
V1047,Kaiserstuhl-Tuniberg,POINT (7.724039516500634 48.07564244595221)
V1048,Löffingen,POINT (8.335132654501841 47.89018995483891)
V1049,March-Umkirch,POINT (7.772180446486954 48.053510364792764)
V1050,Müllheim-Badenweiler,POINT (7.6596676972240205 47.814175605699724)
V1051,St. Peter,POINT (8.039151577607017 48.02076001893281)
V1052,Schallstadt,POINT (7.752084915712063 47.955920999963084)
V1053,Schluchsee,POINT (8.13711148797233 47.82743215690791)
V1054,Staufen-Münstertal,POINT (7.7984088763847055 47.857890197463455)
V1055,Titisee-Neustadt,POINT (8.208360755007435 47.94670804954477)
V1056,Denzlingen-Vörstetten-Reute,POINT (7.860943305904312 48.07326153695356)
V1057,Elzach,POINT (8.075806328625683 48.17836389400625)
V1058,Emmendingen,POINT (7.870799587086577 48.14350965612472)
V1059,Kenzingen-Herbolzheim,POINT (7.766357891886131 48.209488117898424)
V1060,Nördlicher Kaiserstuhl,POINT (7.684182043032148 48.14612699867657)
V1061,Waldkirch,POINT (8.032054559272584 48.09718628343148)
V1062,Appenweier,POINT (7.979811746444722 48.55319965780597)
V1063,Friesenheim,POINT (7.895130199468052 48.37856352704896)
V1064,Hornberg,POINT (8.250304709233411 48.202264307478096)
V1065,Kehl,POINT (7.8501152195905926 48.572067084676966)
V1066,Willstätt,POINT (7.894594910454207 48.55079208150112)
V1067,Neuried,POINT (7.810082049186044 48.451251333070445)
V1068,Rheinau,POINT (7.935832331808333 48.656898612129304)
V1069,Achern,POINT (8.089968703148287 48.630199193756894)
V1070,Ettenheim,POINT (7.812154703022166 48.265691874391635)
V1071,Gengenbach,POINT (8.021994272352165 48.41044643467386)
V1072,Haslach im Kinzigtal,POINT (8.08161228397136 48.27142046213207)
V1073,Hausach,POINT (8.183736917256525 48.270267409063734)
V1074,Kappelrodeck,POINT (8.157031135722368 48.57221444834074)
V1075,Lahr/Schwarzwald,POINT (7.866401313735049 48.32725859301587)
V1076,Oberes Renchtal,POINT (8.197831452141317 48.46761302904396)
V1077,Oberkirch,POINT (8.065296106402087 48.542081795900415)
V1078,Offenburg,POINT (7.942842410204081 48.46487516877683)
V1079,Seelbach,POINT (7.9584937045824855 48.268759911382496)
V1080,Schwanau,POINT (7.7734551965700796 48.37894858380301)
V1081,Wolfach,POINT (8.247461731576497 48.321504551839126)
V1082,Zell am Harmersbach,POINT (8.099090556432952 48.37301402556159)
V1083,Rheinau,POINT (7.7041087819016 48.290022998880346)
V1084,Dornhan,POINT (8.53004770541855 48.35715352864686)
V1085,Dunningen,POINT (8.487906763816413 48.215220272192646)
V1086,Oberndorf am Neckar,POINT (8.562400915240547 48.28470553148762)
V1087,Rottweil,POINT (8.632446736154657 48.16988270902475)
V1088,Schiltach,POINT (8.346896273319576 48.305399081051775)
V1089,Schramberg,POINT (8.38858578364659 48.22873443740715)
V1090,Sulz am Neckar,POINT (8.644445273135524 48.356081160976515)
V1091,Villingendorf,POINT (8.565779215120386 48.22445616043915)
V1092,Bad Dürrheim,POINT (8.586755593108974 47.99680472087275)
V1093,Blumberg,POINT (8.556441374373183 47.838011680176635)
V1094,Königsfeld im Schwarzwald,POINT (8.421221592330237 48.15113818884217)
V1095,St. Georgen im Schwarzwald,POINT (8.329358707226147 48.12269659416373)
V1096,Vöhrenbach,POINT (8.294756374881082 48.01981315196976)
V1097,Donaueschingen,POINT (8.470118279362007 47.935256588638154)
V1098,Furtwangen im Schwarzwald,POINT (8.19696178739556 48.048529942949735)
V1099,Raumschaft Triberg,POINT (8.213021922413136 48.133812868844345)
V1100,Villingen-Schwenningen,POINT (8.466935298520976 48.06467258883192)
V1101,Donau-Heuberg,POINT (8.922441483129663 48.045443750579594)
V1102,Heuberg,POINT (8.812841770815103 48.137374550815494)
V1103,Immendingen-Geisingen,POINT (8.686275996263388 47.92110799967978)
V1104,Spaichingen,POINT (8.75433481155758 48.085215304216455)
V1105,Trossingen,POINT (8.657330320099293 48.05004166435157)
V1106,Tuttlingen,POINT (8.844748619108813 47.97201369869175)
V1107,Hilzingen,POINT (8.760795928311504 47.780326621007355)
V1108,Radolfzell am Bodensee,POINT (8.98321853127712 47.7644048035848)
V1109,Tengen,POINT (8.672643618433117 47.81686139786492)
V1110,Engen,POINT (8.788752273680172 47.852873656127805)
V1111,Gottmadingen,POINT (8.748383345215524 47.71635212934318)
V1112,Höri,POINT (8.928276641216303 47.68997992607306)
V1113,Konstanz,POINT (9.119835099178466 47.71494202851345)
V1114,Singen (Hohentwiel),POINT (8.87571850047835 47.766570730763355)
V1115,Stockach,POINT (8.996083473595737 47.86879597215855)
V1116,Efringen-Kirchen,POINT (7.567311783136668 47.67171124854298)
V1117,Steinen,POINT (7.742803650016364 47.674992929274325)
V1118,Todtnau,POINT (7.959823114102669 47.82959303813967)
V1119,Weil am Rhein,POINT (7.61095705825312 47.605986584285425)
V1120,Grenzach-Wyhlen,POINT (7.683496863562498 47.55231620814894)
V1121,Kleines Wiesental,POINT (7.7942698320138275 47.75270210982136)
V1122,Kandern,POINT (7.672602622918906 47.7183461935258)
V1123,Lörrach,POINT (7.687209558916368 47.62036012594481)
V1124,Rheinfelden (Baden),POINT (7.791886757001031 47.591420115865546)
V1125,Schliengen,POINT (7.607981172384229 47.74392305599592)
V1126,Schönau im Schwarzwald,POINT (7.89300648301799 47.799107481505324)
V1127,Schopfheim,POINT (7.8630647101171975 47.66942254141662)
V1128,Vorderes Kandertal,POINT (7.629209545509178 47.646197508216474)
V1129,Zell im Wiesental,POINT (7.889145043816129 47.72736487246855)
V1130,Albbruck,POINT (8.121646920869312 47.622300205177716)
V1131,Görwihl,POINT (8.05436682193925 47.65902505009069)
V1132,Klettgau,POINT (8.418108997022486 47.63156515735354)
V1133,Laufenburg (Baden),POINT (8.067365889907006 47.585583350816776)
V1134,Stühlingen,POINT (8.429330384551337 47.76966486140463)
V1135,Wehr,POINT (7.915124209064875 47.62554849782868)
V1136,Bonndorf im Schwarzwald,POINT (8.353816367194069 47.81698517687901)
V1137,Jestetten,POINT (8.552017037517498 47.637606858135655)
V1138,Küssaberg,POINT (8.374630012470975 47.59120540665714)
V1139,Oberes Schlüchttal,POINT (8.278295452596454 47.741852919568835)
V1140,Bad Säckingen,POINT (7.984185957923725 47.61816885712823)
V1141,St. Blasien,POINT (8.083886249088998 47.75506765271024)
V1142,Waldshut-Tiengen,POINT (8.234476717553541 47.65425004120598)
V1143,Wutöschingen,POINT (8.37162400543459 47.67239077914128)
V1144,Dettingen an der Erms,POINT (9.35392114030484 48.52659538883708)
V1145,Eningen unter Achalm,POINT (9.277673979060395 48.48348724736394)
V1146,Pfullingen,POINT (9.22090514269791 48.452277306162124)
V1147,Reutlingen,POINT (9.188340192498915 48.494421038303855)
V1148,Trochtelfingen,POINT (9.263410748718577 48.305686112754124)
V1149,Wannweil,POINT (9.15217898317366 48.513491108005795)
V1150,Sonnenbühl,POINT (9.192311207724602 48.38239793160522)
V1151,Lichtenstein,POINT (9.268966195647 48.423102375515796)
V1152,St. Johann,POINT (9.354581244682285 48.45194095730934)
V1153,Engstingen,POINT (9.33895124653845 48.35560262420701)
V1154,Metzingen,POINT (9.28807767695183 48.53493488705819)
V1155,Münsingen,POINT (9.48375294996759 48.38239165086472)
V1156,Pliezhausen,POINT (9.170589733497513 48.57747693779874)
V1157,Bad Urach,POINT (9.469189571509052 48.49638741813699)
V1158,Zwiefalten-Hayingen,POINT (9.434562458074977 48.26740633682806)
V1159,Gutsbezirk Münsingen,POINT (9.55894412122668 48.44566175424573)
V1160,Dettenhausen,POINT (9.104121285883036 48.5981226623886)
V1161,Kirchentellinsfurt,POINT (9.14680697122443 48.54260626826346)
V1162,Kusterdingen,POINT (9.112691290931576 48.49973803668156)
V1163,Tübingen,POINT (9.048050703691727 48.52776167482135)
V1164,Ammerbuch,POINT (8.956891526320819 48.55681614515473)
V1165,Steinlach-Wiesaz,POINT (9.077589260836229 48.45058883925217)
V1166,Mössingen,POINT (9.045406508360538 48.401157133778234)
V1167,Rottenburg am Neckar,POINT (8.89083070194256 48.4643541130272)
V1168,Burladingen,POINT (9.118485577385023 48.314305330041954)
V1169,Haigerloch,POINT (8.798772060390444 48.36425927349488)
V1170,Rosenfeld,POINT (8.716743542305093 48.28434217109192)
V1171,Albstadt,POINT (9.004299220664604 48.235786005326034)
V1172,Balingen,POINT (8.841187313572554 48.27408443583118)
V1173,Bisingen,POINT (8.914143672269898 48.31981992916133)
V1174,Hechingen,POINT (8.960340995575304 48.357650859046736)
V1175,Meßstetten,POINT (8.916787345070572 48.1609072578138)
V1176,Oberes Schlichemtal,POINT (8.776220813565638 48.210952948494416)
V1177,Winterlingen,POINT (9.11967734680966 48.185495956266514)
V1178,Ulm,POINT (9.949890054067495 48.3908648888212)
V1179,Erbach,POINT (9.863162941735357 48.324263923181455)
V1180,Schelklingen,POINT (9.679547469733814 48.383561560841585)
V1181,Blaustein,POINT (9.866739849409864 48.431735769500975)
V1182,Allmendingen,POINT (9.717793321088207 48.333278392396)
V1183,Blaubeuren,POINT (9.782467168751294 48.42351279086287)
V1184,Dietenheim,POINT (10.050250528801971 48.22204117722388)
V1185,Dornstadt,POINT (9.914064799025432 48.48929122172259)
V1186,Ehingen (Donau),POINT (9.693999617432416 48.28306407597607)
V1187,Kirchberg-Weihungstal,POINT (9.983821298524264 48.29513167883256)
V1188,Laichinger Alb,POINT (9.703505085955989 48.499343802269514)
V1189,Langenau,POINT (10.080452529936727 48.52456217977235)
V1190,Lonsee-Amstetten,POINT (9.904172075202696 48.56732656066833)
V1191,Verwaltungsgemeinschaft Munderkingen,POINT (9.623244707722648 48.22152481894639)
V1192,Schemmerhofen,POINT (9.777387638817991 48.176330921460476)
V1193,Bad Buchau,POINT (9.609956406173877 48.080511094980224)
V1194,Bad Schussenried,POINT (9.6888591819483 48.01375324342512)
V1195,Biberach an der Riß,POINT (9.801596320162409 48.078294779195915)
V1196,Illertal,POINT (10.080620308579274 48.083355385457615)
V1197,Laupheim,POINT (9.891290177185788 48.22521342716585)
V1198,Ochsenhausen,POINT (9.957638363217297 48.07348991681435)
V1199,Riedlingen,POINT (9.465406640948174 48.15154660387145)
V1200,Rot-Tannheim,POINT (10.02860146248309 47.994148224168526)
V1201,Schwendi,POINT (9.99124109206612 48.187606142336975)
V1202,Meckenbeuren,POINT (9.564437305765269 47.698883364113186)
V1203,Eriskirch-Kressbronn am Bodensee-Langenargen,POINT (9.571276249572792 47.617166372537156)
V1204,Friedrichshafen,POINT (9.46171805685568 47.68646042930641)
V1205,Markdorf,POINT (9.400161224414207 47.749325085689094)
V1206,Meersburg,POINT (9.27096043193248 47.71677304595297)
V1207,Salem,POINT (9.294713869900598 47.803198701492086)
V1208,Tettnang,POINT (9.645581782303791 47.65742643373707)
V1209,Überlingen,POINT (9.1638489728976 47.80786748365747)
V1210,Aulendorf,POINT (9.648927675679461 47.9420813400668)
V1211,Bad Wurzach,POINT (9.90910281806036 47.91011715635246)
V1212,Isny im Allgäu,POINT (10.057166412994253 47.709768865528)
V1213,Kißlegg,POINT (9.881270336606056 47.787712350826574)
V1214,Argenbühl,POINT (9.939323079123092 47.703000282079685)
V1215,Altshausen,POINT (9.511256330147653 47.93429097249661)
V1216,Bad Waldsee,POINT (9.749055839312467 47.90672793694897)
V1217,Gullen,POINT (9.694435354464767 47.754805653644354)
V1218,Leutkirch im Allgäu,POINT (10.030006504630746 47.83979098290261)
V1219,Mittleres Schussental,POINT (9.601003271670429 47.79576788891349)
V1220,Vogt,POINT (9.783380735223524 47.81042168890424)
V1221,Wangen im Allgäu,POINT (9.788123454926307 47.69075341403157)
V1222,Wilhelmsdorf,POINT (9.459007103549748 47.83190880758833)
V1223,Fronreute-Wolpertswende,POINT (9.579298180835506 47.87752431874597)
V1224,Ostrach,POINT (9.360507069483608 47.95127026898217)
V1225,Gammertingen,POINT (9.23460372593874 48.22073992631776)
V1226,Mengen,POINT (9.342990401952177 48.044254793156526)
V1227,Meßkirch,POINT (9.085466816050433 47.99732811339274)
V1228,Pfullendorf,POINT (9.239111195848215 47.904672222741475)
V1229,Bad Saulgau,POINT (9.484867502448088 48.02700312642442)
V1230,Sigmaringen,POINT (9.185172052354385 48.0734932002854)
V1231,Stetten am kalten Markt,POINT (9.051401668293124 48.12476043935185)
V1232,Ingolstadt,POINT (11.394904893540016 48.75511825209772)
V1233,München,POINT (11.54738011945987 48.15315635038881)
V1234,Rosenheim,POINT (12.108530381030501 47.84374936429069)
V1235,Altötting,POINT (12.665876122207305 48.228024108907995)
V1236,Burghausen,POINT (12.815411688081367 48.164958430444436)
V1237,Burgkirchen a.d.Alz,POINT (12.722874546815365 48.150211987984484)
V1238,Garching a.d.Alz,POINT (12.58695344140046 48.135164809140555)
V1239,Haiming,POINT (12.869462653788093 48.219550456384134)
V1240,Neuötting,POINT (12.745773427081518 48.2424053971687)
V1241,Pleiskirchen,POINT (12.6287868136464 48.31691082194932)
V1242,Teising,POINT (12.611827349454805 48.22971663917082)
V1243,Töging a.Inn,POINT (12.593313844321173 48.257877667237544)
V1244,Tüßling,POINT (12.614417907008978 48.206193932575516)
V1245,Winhöring,POINT (12.65582841481997 48.26978010329904)
V1246,Emmerting,POINT (12.780239729308297 48.19322569008637)
V1247,Kirchweidach,POINT (12.650156586222652 48.093413605576025)
V1248,Marktl,POINT (12.840691788014505 48.25460777035333)
V1249,Reischach,POINT (12.753188250883552 48.29389589066804)
V1250,Unterneukirchen,POINT (12.657013797672542 48.17862176017871)
V1251,Ainring,POINT (12.927229926917349 47.81972485879721)
V1252,Anger,POINT (12.846239631110425 47.79681168631127)
V1253,Bad Reichenhall,POINT (12.861186911884937 47.730163184794776)
V1254,Bayerisch Gmain,POINT (12.902190808051689 47.710044148668594)
V1255,Berchtesgaden,POINT (13.031366904082494 47.64314160124338)
V1256,Bischofswiesen,POINT (12.944111811687762 47.662167904969444)
V1257,Freilassing,POINT (12.975031459813492 47.84520155622789)
V1258,Laufen,POINT (12.900507920328268 47.92549311068703)
V1259,Marktschellenberg,POINT (13.044147844167064 47.683107492738195)
V1260,Piding,POINT (12.897849501048759 47.770700136836105)
V1261,Ramsau b.Berchtesgaden,POINT (12.871492067660775 47.58401279493715)
V1262,Saaldorf-Surheim,POINT (12.927950633069356 47.87965990379681)
V1263,Schneizlreuth,POINT (12.796949596158084 47.68831153478232)
V1264,Schönau a.Königssee,POINT (12.987294963096822 47.543473113516065)
V1265,Teisendorf,POINT (12.80741152338633 47.84978805552556)
V1266,Eck,POINT (13.064394579400428 47.624348884727496)
V1267,Schellenberger Forst,POINT (13.008285756369904 47.69415645321385)
V1268,Bad Heilbrunn,POINT (11.45068761224063 47.7546541109638)
V1269,Bad Tölz,POINT (11.571904014380626 47.78299370107928)
V1270,Dietramszell,POINT (11.575390569261007 47.86909617394657)
V1271,Egling,POINT (11.513851073174608 47.92771428308432)
V1272,Eurasburg,POINT (11.401420922305636 47.8345065844796)
V1273,Gaißach,POINT (11.609695717349117 47.71687287760366)
V1274,Geretsried,POINT (11.45371055387503 47.8709968248974)
V1275,Icking,POINT (11.423648928524521 47.94714711809943)
V1276,Jachenau,POINT (11.42919639689249 47.595935088700834)
V1277,Königsdorf,POINT (11.466887890684532 47.81262898911558)
V1278,Lenggries,POINT (11.53439484897975 47.59632614119357)
V1279,Münsing,POINT (11.362756766284837 47.8743132020025)
V1280,Wackersberg,POINT (11.515467879824122 47.74075053555299)
V1281,Wolfratshausen,POINT (11.427168532582238 47.90920182456691)
V1282,Benediktbeuern,POINT (11.425078077873177 47.697575886140015)
V1283,Kochel a.See,POINT (11.341977312058605 47.63229021086927)
V1284,Reichersbeuern,POINT (11.62647864161319 47.78052048696283)
V1285,Pupplinger Au,POINT (11.45065725937969 47.910581971854974)
V1286,Wolfratshauser Forst,POINT (11.495558625880987 47.86618431108055)
V1287,Altomünster,POINT (11.237929252243248 48.38972894375265)
V1288,Bergkirchen,POINT (11.35998096989218 48.25552263434443)
V1289,Dachau,POINT (11.439854622485383 48.26807088605229)
V1290,Erdweg,POINT (11.283225513278904 48.33272762364942)
V1291,Haimhausen,POINT (11.541854974195452 48.31600669641699)
V1292,Hebertshausen,POINT (11.480483007682563 48.29704596702249)
V1293,Karlsfeld,POINT (11.462717524101748 48.22963436061528)
V1294,Markt Indersdorf,POINT (11.359769583002892 48.36977052065652)
V1295,Odelzhausen,POINT (11.207963097775988 48.31785517005151)
V1296,Petershausen,POINT (11.476800009265583 48.407614205660906)
V1297,Pfaffenhofen a.d.Glonn,POINT (11.144919902444702 48.29909700834623)
V1298,Röhrmoos,POINT (11.458266761771316 48.3317628912049)
V1299,Schwabhausen,POINT (11.342614737688129 48.30768345065269)
V1300,Sulzemoos,POINT (11.256577103952402 48.28756653779017)
V1301,Hilgertshausen-Tandern,POINT (11.327052972673407 48.43207509811477)
V1302,Vierkirchen,POINT (11.466237300690047 48.36535693111076)
V1303,Weichs,POINT (11.415033883027238 48.38696619294031)
V1304,Anzing,POINT (11.854364915730297 48.158124977480576)
V1305,Ebersberg,POINT (11.980544372324662 48.08162635261491)
V1306,Forstinning,POINT (11.90561518905546 48.174761653243934)
V1307,Grafing b.München,POINT (11.974698003799155 48.036584151752734)
V1308,Hohenlinden,POINT (11.998676015024706 48.15014106031829)
V1309,Kirchseeon,POINT (11.87879704400268 48.06734745047973)
V1310,Markt Schwaben,POINT (11.862123407595988 48.19097705698682)
V1311,Vaterstetten,POINT (11.793152733245117 48.12711238768176)
V1312,Pliening,POINT (11.795349344520337 48.19827240879883)
V1313,Poing,POINT (11.80252800699089 48.1682684944634)
V1314,Steinhöring,POINT (12.043045054431689 48.098864325230494)
V1315,Zorneding,POINT (11.819639070816303 48.082426675470685)
V1316,Aßling,POINT (12.027022758783886 48.005330413596745)
V1317,Glonn,POINT (11.865871746748214 48.00461881306593)
V1318,Anzinger Forst,POINT (11.903097231445875 48.13566761934955)
V1319,Ebersberger Forst,POINT (11.964414746184007 48.13310394083217)
V1320,Eglhartinger Forst,POINT (11.885797854930544 48.09921216065128)
V1321,Altmannstein,POINT (11.617865224711041 48.908402244232825)
V1322,Beilngries,POINT (11.495919487319814 49.013029312789804)
V1323,Buxheim,POINT (11.286466168832037 48.814262907041616)
V1324,Denkendorf,POINT (11.469351731238795 48.927589691530265)
V1325,Dollnstein,POINT (11.090870357419709 48.870667973009766)
V1326,Eichstätt,POINT (11.195371827307822 48.88921943880883)
V1327,Gaimersheim,POINT (11.36397661606691 48.813657147370755)
V1328,Großmehring,POINT (11.543344555105879 48.78045045125022)
V1329,Hepberg,POINT (11.460454185610025 48.82789601779118)
V1330,Hitzhofen,POINT (11.315884266970526 48.874648886736885)
V1331,Kinding,POINT (11.377391900435018 48.99901663446662)
V1332,Kipfenberg,POINT (11.382646488393371 48.93892764557838)
V1333,Kösching,POINT (11.52164761361554 48.840445876272135)
V1334,Lenting,POINT (11.454911465779004 48.8092996848055)
V1335,Mörnsheim,POINT (11.011680764656147 48.85635491672288)
V1336,Stammham,POINT (11.46297506419741 48.867042011527396)
V1337,Titting,POINT (11.217549202415743 49.00086866527287)
V1338,Wellheim,POINT (11.099663359935999 48.818966885089345)
V1339,Wettstetten,POINT (11.411137124807487 48.83383747068033)
V1340,Eichstätt,POINT (11.19828643224811 48.93043154912863)
V1341,Eitensheim,POINT (11.343046106349876 48.84850874788957)
V1342,Nassenfels,POINT (11.210386240801862 48.828542894166524)
V1343,Pförring,POINT (11.653613852704753 48.83258116734797)
V1344,Haunstetter Forst,POINT (11.42950646177529 49.030462159913334)
V1345,Bockhorn,POINT (11.996253539697028 48.307880182579844)
V1346,Dorfen,POINT (12.165732498336666 48.28018535572977)
V1347,Erding,POINT (11.914180020213992 48.30638940276263)
V1348,Finsing,POINT (11.795830185373582 48.23122379890791)
V1349,Forstern,POINT (11.973831621269435 48.179970561084076)
V1350,Fraunberg,POINT (12.001790600905466 48.36043195005196)
V1351,Isen,POINT (12.058584175702816 48.19111530901004)
V1352,Lengdorf,POINT (12.046707079503628 48.260571352663945)
V1353,Moosinning,POINT (11.807919648738354 48.27744622746098)
V1354,Sankt Wolfgang,POINT (12.147013126145094 48.21958579982609)
V1355,Taufkirchen (Vils),POINT (12.14667159844669 48.33912632913962)
V1356,Pastetten,POINT (11.971238332454185 48.21195810924848)
V1357,Hörlkofen,POINT (11.943132527465322 48.24956137294449)
V1358,Oberding,POINT (11.840605214860279 48.348936209831486)
V1359,Oberneuching,POINT (11.851243432438253 48.23313467013396)
V1360,Steinkirchen,POINT (12.095275081705198 48.386229004201034)
V1361,Wartenberg,POINT (11.958079905791354 48.407102116250485)
V1362,Au i.d.Hallertau,POINT (11.717079745449904 48.55013999139389)
V1363,Eching,POINT (11.625408194576917 48.297005985951444)
V1364,Rudelzhausen,POINT (11.783288470300892 48.58745042152575)
V1365,Fahrenzhausen,POINT (11.56301012029128 48.36311460494493)
V1366,Freising,POINT (11.72665241848626 48.39202243136991)
V1367,Hallbergmoos,POINT (11.732685589234057 48.31405813687584)
V1368,Hohenkammer,POINT (11.533488849327668 48.4258284823704)
V1369,Kirchdorf a.d.Amper,POINT (11.662196724093414 48.4591044526978)
V1370,Kranzberg,POINT (11.626934284813208 48.40485013388364)
V1371,Langenbach,POINT (11.8547740818837 48.434389559659245)
V1372,Marzling,POINT (11.806409026580951 48.4054312119304)
V1373,Moosburg a.d.Isar,POINT (11.939333593513055 48.46190620940072)
V1374,Nandlstadt,POINT (11.811264819349498 48.530799419452855)
V1375,Neufahrn b.Freising,POINT (11.655281017871234 48.334785550010224)
V1376,Allershausen,POINT (11.582754446522403 48.44586045501556)
V1377,Mauern,POINT (11.908060050464648 48.529864446100866)
V1378,Zolling,POINT (11.764266470112869 48.48112683541722)
V1379,Alling,POINT (11.278976474113147 48.14309610463113)
V1380,Egenhofen,POINT (11.18513509225745 48.260711266028856)
V1381,Eichenau,POINT (11.31491038695611 48.1652456071016)
V1382,Emmering,POINT (11.294609079473766 48.18157228168189)
V1383,Fürstenfeldbruck,POINT (11.229390742518104 48.17792019978297)
V1384,Germering,POINT (11.360346884756375 48.128982326436066)
V1385,Gröbenzell,POINT (11.375356219486248 48.19357538923829)
V1386,Maisach,POINT (11.254559864921422 48.230321555056385)
V1387,Moorenweis,POINT (11.06424663811434 48.16158466848822)
V1388,Olching,POINT (11.347449387549617 48.209422622393106)
V1389,Puchheim,POINT (11.346243216690473 48.16108989356946)
V1390,Türkenfeld,POINT (11.093784953133975 48.108368311592336)
V1391,Mammendorf,POINT (11.123653130403033 48.208910283281)
V1392,Grafrath,POINT (11.17173772731761 48.126936988647174)
V1393,Bad Kohlgrub,POINT (11.073899619190685 47.664475836149585)
V1394,Farchant,POINT (11.107631362620225 47.53465356426713)
V1395,Garmisch-Partenkirchen,POINT (11.07183211680302 47.474223461693235)
V1396,Grainau,POINT (11.006824536282618 47.45463578337751)
V1397,Krün,POINT (11.223562835637972 47.495551309398664)
V1398,Mittenwald,POINT (11.295485604999945 47.4637278019126)
V1399,Murnau a.Staffelsee,POINT (11.181428954370165 47.663409664957726)
V1400,Oberammergau,POINT (11.071169162724964 47.59626226367999)
V1401,Oberau,POINT (11.144068109399548 47.55997420480493)
V1402,Uffing a.Staffelsee,POINT (11.107775441653311 47.70866318271705)
V1403,Wallgau,POINT (11.275946847670609 47.54173173878408)
V1404,Saulgrub,POINT (10.994753534074947 47.65439253900293)
V1405,Unterammergau,POINT (11.028507538474612 47.60080702878407)
V1406,Ohlstadt,POINT (11.213940998971466 47.62083593106761)
V1407,Seehausen a.Staffelsee,POINT (11.214801557864567 47.69824774117511)
V1408,Ettaler Forst,POINT (10.96817461440961 47.5500765185638)
V1409,Denklingen,POINT (10.840091158584602 47.888451768346876)
V1410,Dießen am Ammersee,POINT (11.049827541149032 47.953191109157736)
V1411,Egling a.d.Paar,POINT (10.989250681588137 48.185561924981386)
V1412,Geltendorf,POINT (11.00671596057203 48.13535421146253)
V1413,Kaufering,POINT (10.872170590959483 48.09887666213085)
V1414,Landsberg am Lech,POINT (10.861030472777117 48.034870107882824)
V1415,Penzing,POINT (10.939765040566684 48.078456149981854)
V1416,Utting am Ammersee,POINT (11.069502114109701 48.01937595607818)
V1417,Weil,POINT (10.947355418598798 48.123473288868595)
V1418,Fuchstal,POINT (10.82784955286074 47.944352139960905)
V1419,Igling,POINT (10.816811106719058 48.098278727183285)
V1420,Prittriching,POINT (10.90905595285573 48.1821625980127)
V1421,Pürgen,POINT (10.939263057588587 48.013588395025685)
V1422,Reichling,POINT (10.940309903761538 47.9265453291395)
V1423,Schondorf am Ammersee,POINT (11.092685562218573 48.07132061646264)
V1424,Windach,POINT (11.023549383949783 48.05230296978248)
V1425,Ammersee,POINT (11.124955495919405 48.0021558212976)
V1426,Bad Wiessee,POINT (11.69472486010233 47.70058894943377)
V1427,Bayrischzell,POINT (11.985447534022528 47.65738007461591)
V1428,Fischbachau,POINT (11.947960097264145 47.73677105255435)
V1429,Gmund a.Tegernsee,POINT (11.744836057054888 47.75294219275603)
V1430,Hausham,POINT (11.827859796791858 47.75320451842973)
V1431,Holzkirchen,POINT (11.679367994008818 47.86427554434398)
V1432,Irschenberg,POINT (11.897022505365188 47.82042654519592)
V1433,Kreuth,POINT (11.73023647932675 47.62573960263658)
V1434,Miesbach,POINT (11.835278473133068 47.78756379769784)
V1435,Otterfing,POINT (11.674150838707785 47.91434273117067)
V1436,Rottach-Egern,POINT (11.825361389633937 47.6518805624541)
V1437,Schliersee,POINT (11.875020179369608 47.686946602088895)
V1438,Tegernsee,POINT (11.764021519926402 47.71457191115977)
V1439,Valley,POINT (11.763049043367246 47.88581731370732)
V1440,Waakirchen,POINT (11.675680649944573 47.771499058907466)
V1441,Warngau,POINT (11.737883692791506 47.81756175904128)
V1442,Weyarn,POINT (11.814954750244627 47.85806985201535)
V1443,Ampfing,POINT (12.38727682268867 48.2636753700102)
V1444,Aschau a.Inn,POINT (12.35551012994157 48.1983462536587)
V1445,Buchbach,POINT (12.303060427884095 48.30726227704629)
V1446,Haag i.OB,POINT (12.16270622424127 48.16003180879575)
V1447,Mettenheim,POINT (12.473629226343398 48.272330689998576)
V1448,Mühldorf a.Inn,POINT (12.518345481980612 48.249363786201236)
V1449,Obertaufkirchen,POINT (12.263250114768995 48.23549402696313)
V1450,Schwindegg,POINT (12.268626321565963 48.273848454181035)
V1451,Waldkraiburg,POINT (12.42072531433938 48.201872359491)
V1452,Heldenstein,POINT (12.340632858989174 48.23827250294032)
V1453,Gars a.Inn,POINT (12.308278420297214 48.14538625963174)
V1454,Reichertsheim,POINT (12.225963405434916 48.18719434274807)
V1455,Kraiburg a.Inn,POINT (12.435524236357894 48.16107220452886)
V1456,Neumarkt-Sankt Veit,POINT (12.500136562764622 48.38234997937529)
V1457,Oberbergkirchen,POINT (12.414532236743279 48.31943927887883)
V1458,Polling,POINT (12.532139484938051 48.19588229513742)
V1459,Rohrbach,POINT (12.547395219241576 48.318499928105645)
V1460,Maitenbeth,POINT (12.123261952433342 48.13446892614699)
V1461,Mühldorfer Hart,POINT (12.432644620079998 48.223452374108426)
V1462,Aschheim,POINT (11.715397662462301 48.185342597526784)
V1463,Baierbrunn,POINT (11.480140307857681 48.014693259240175)
V1464,Brunnthal,POINT (11.691841948083317 47.99042956745745)
V1465,Feldkirchen,POINT (11.731319105267417 48.14576108454534)
V1466,Garching b.München,POINT (11.639484835305012 48.24809611639637)
V1467,Gräfelfing,POINT (11.436642371799996 48.12267994654025)
V1468,Grasbrunn,POINT (11.760423606277538 48.0728656177254)
V1469,Grünwald,POINT (11.53540793731714 48.04547730938279)
V1470,Haar,POINT (11.732861009690307 48.11804781346735)
V1471,Höhenkirchen-Siegertsbrunn,POINT (11.738527445492021 48.02026952788104)
V1472,Hohenbrunn,POINT (11.710716609089696 48.050060797695735)
V1473,Ismaning,POINT (11.704705665656123 48.2405757503738)
V1474,Kirchheim b.München,POINT (11.751024501765487 48.182328871139724)
V1475,Neuried,POINT (11.439288875525069 48.08060500072254)
V1476,Oberhaching,POINT (11.580438895822855 48.00297819739432)
V1477,Oberschleißheim,POINT (11.561166461954235 48.24805897507354)
V1478,Ottobrunn,POINT (11.664279469825232 48.06390514744503)
V1479,Aying,POINT (11.77351742337654 47.9570385420973)
V1480,Planegg,POINT (11.429820915906898 48.102725157959725)
V1481,Pullach i.Isartal,POINT (11.518969566038345 48.05672581378705)
V1482,Putzbrunn,POINT (11.70661852787726 48.082767167390074)
V1483,Sauerlach,POINT (11.635610179683496 47.959469498580745)
V1484,Schäftlarn,POINT (11.444584633181393 47.98981072773355)
V1485,Straßlach-Dingharting,POINT (11.51686213965458 47.98178330161598)
V1486,Taufkirchen,POINT (11.632940416453756 48.03295609047144)
V1487,Neubiberg,POINT (11.644338335994105 48.078421910033846)
V1488,Unterföhring,POINT (11.661880543118082 48.19076085664199)
V1489,Unterhaching,POINT (11.619632856469147 48.0666423749876)
V1490,Unterschleißheim,POINT (11.559721532464282 48.27643346044584)
V1491,Forstenrieder Park,POINT (11.45930554386273 48.04826102933875)
V1492,Grünwalder Forst,POINT (11.535407443695782 48.02519671266876)
V1493,Perlacher Forst,POINT (11.576580290267094 48.069246114631405)
V1494,Aresing,POINT (11.294589858491046 48.52351769767714)
V1495,Burgheim,POINT (11.038438479667263 48.69085524652444)
V1496,Ehekirchen,POINT (11.0978248496007 48.63768659175667)
V1497,Karlshuld,POINT (11.290679791596682 48.677151555942686)
V1498,Karlskron,POINT (11.399552993933867 48.66831319689217)
V1499,Neuburg a.d.Donau,POINT (11.194916517861145 48.736387948946316)
V1500,Oberhausen,POINT (11.109803126226025 48.70816273717807)
V1501,Rennertshofen,POINT (11.04780003714824 48.77318445230691)
V1502,Schrobenhausen,POINT (11.233730802116085 48.57183730069624)
V1503,Königsmoos,POINT (11.195342327534693 48.65128514346494)
V1504,Weichering,POINT (11.329059101558684 48.70942326422526)
V1505,Neuburg a.d.Donau,POINT (11.206804494039703 48.735547701585006)
V1506,Schrobenhausen,POINT (11.279534167923632 48.589268785947006)
V1507,Baar-Ebenhausen,POINT (11.473224746931642 48.680454082284754)
V1508,Gerolsbach,POINT (11.355712956640632 48.489489877644544)
V1509,Hohenwart,POINT (11.397322586649587 48.594077484919495)
V1510,Jetzendorf,POINT (11.407554879164595 48.43843779186693)
V1511,Manching,POINT (11.501833749694796 48.715837623318286)
V1512,Münchsmünster,POINT (11.676056979547882 48.76515792416788)
V1513,Pfaffenhofen a.d.Ilm,POINT (11.49341245632276 48.552096031209224)
V1514,Reichertshausen,POINT (11.478026269417816 48.45463313683045)
V1515,Rohrbach,POINT (11.54401765167451 48.6144176820672)
V1516,Scheyern,POINT (11.43331824937322 48.501316112615044)
V1517,Schweitenkirchen,POINT (11.613831402863923 48.51468932875736)
V1518,Vohburg a.d.Donau,POINT (11.612486882702463 48.76946830987932)
V1519,Wolnzach,POINT (11.63057029471329 48.60257652206798)
V1520,Geisenfeld,POINT (11.615874025646006 48.686986955511266)
V1521,Ilmmünster,POINT (11.516170778137962 48.49330623508407)
V1522,Reichertshofen,POINT (11.489478424886473 48.64005171128685)
V1523,Amerang,POINT (12.310412392977343 48.011522129878145)
V1524,Aschau i.Chiemgau,POINT (12.309939522307605 47.74318898036161)
V1525,Babensham,POINT (12.295529841984944 48.08813570854952)
V1526,Bad Aibling,POINT (12.003177390066375 47.86300830225709)
V1527,Bernau a.Chiemsee,POINT (12.374858956069142 47.81507578158614)
V1528,Brannenburg,POINT (12.069893265329926 47.728935076960404)
V1529,Bruckmühl,POINT (11.933675258254347 47.8895127007529)
V1530,Edling,POINT (12.149064096277396 48.058481502433544)
V1531,Eggstätt,POINT (12.3851149394495 47.93318252300329)
V1532,Eiselfing,POINT (12.246626753894589 48.03249548080646)
V1533,Bad Endorf,POINT (12.301300153038682 47.9040710681745)
V1534,Bad Feilnbach,POINT (11.999525132866426 47.78712649872845)
V1535,Feldkirchen-Westerham,POINT (11.863181819436745 47.9115732348383)
V1536,Flintsbach a.Inn,POINT (12.104714377657377 47.70441843183934)
V1537,Frasdorf,POINT (12.28241830992478 47.79761406186754)
V1538,Griesstätt,POINT (12.189870769775837 47.98999604657433)
V1539,Großkarolinenfeld,POINT (12.067961547958845 47.90025290561506)
V1540,Schechen,POINT (12.119727283845792 47.92621756685018)
V1541,Kiefersfelden,POINT (12.127692666258977 47.62585681719481)
V1542,Kolbermoor,POINT (12.047512640076663 47.843008295311975)
V1543,Neubeuern,POINT (12.15078750049047 47.779147042651076)
V1544,Nußdorf a.Inn,POINT (12.17638533360769 47.728652037195054)
V1545,Oberaudorf,POINT (12.113615731700683 47.663124400783026)
V1546,Prien a.Chiemsee,POINT (12.333757472930344 47.84620075185692)
V1547,Prutting,POINT (12.191683634898729 47.88791902709052)
V1548,Raubling,POINT (12.084754206943181 47.786892775443455)
V1549,Riedering,POINT (12.237490014128612 47.83951364339018)
V1550,Rimsting,POINT (12.327968928585989 47.87490336530416)
V1551,Rohrdorf,POINT (12.187396747200099 47.807217329300286)
V1552,Samerberg,POINT (12.215018371713565 47.76133339834199)
V1553,Söchtenau,POINT (12.230614473631999 47.91945354822986)
V1554,Soyen,POINT (12.214819627277409 48.10452004345336)
V1555,Stephanskirchen,POINT (12.180879317240926 47.86259541228554)
V1556,Tuntenhausen,POINT (12.003417465702496 47.94402453943213)
V1557,Vogtareuth,POINT (12.176429435768288 47.93152779261123)
V1558,Wasserburg a.Inn,POINT (12.200443923957266 48.054212120518145)
V1559,Breitbrunn a.Chiemsee,POINT (12.402378493955448 47.89504581463553)
V1560,Halfing,POINT (12.280267708788436 47.959985869761574)
V1561,Rott a.Inn,POINT (12.132404243129498 47.996043921216376)
V1562,Pfaffing,POINT (12.107250625449865 48.071395144649884)
V1563,Rotter Forst-Nord,POINT (12.092054461287962 47.97368759604253)
V1564,Rotter Forst-Süd,POINT (12.086704079540521 47.94887874880358)
V1565,Berg,POINT (11.37986248508345 47.95900356089519)
V1566,Andechs,POINT (11.20764506377599 47.96880204334269)
V1567,Feldafing,POINT (11.284805849984878 47.945641492612445)
V1568,Gauting,POINT (11.35391092490076 48.06039341879415)
V1569,Gilching,POINT (11.276294528728739 48.11136406579366)
V1570,Herrsching a.Ammersee,POINT (11.166143477487388 48.007971352420114)
V1571,Inning a.Ammersee,POINT (11.156545637768003 48.07246148146817)
V1572,Krailling,POINT (11.361992097180519 48.094431864877784)
V1573,Seefeld,POINT (11.223895748862184 48.03642607819825)
V1574,Pöcking,POINT (11.283399770102339 47.972763296082064)
V1575,Starnberg,POINT (11.332739124701963 48.010346392779425)
V1576,Tutzing,POINT (11.244923456798338 47.910422082658236)
V1577,Weßling,POINT (11.262543940330222 48.07382745075955)
V1578,Wörthsee,POINT (11.20187494427679 48.080342139119146)
V1579,Starnberger See,POINT (11.316709639130652 47.90010278759103)
V1580,Altenmarkt a.d.Alz,POINT (12.505745959353408 48.00207034523694)
V1581,Chieming,POINT (12.539397288215687 47.91406401384264)
V1582,Engelsberg,POINT (12.522001809886953 48.12582110833937)
V1583,Fridolfing,POINT (12.82273647815488 47.994394583827265)
V1584,Grabenstätt,POINT (12.550433555971665 47.84541299888385)
V1585,Grassau,POINT (12.42549178557586 47.78597248394226)
V1586,Inzell,POINT (12.768242783551553 47.76818835773655)
V1587,Kirchanschöring,POINT (12.821334397904561 47.94941732412997)
V1588,Nußdorf,POINT (12.594464523636814 47.91070363131055)
V1589,Palling,POINT (12.649065416914581 48.006054445179515)
V1590,Petting,POINT (12.822046221031131 47.90385022749919)
V1591,Reit im Winkl,POINT (12.521574416325496 47.66734292579097)
V1592,Ruhpolding,POINT (12.627340029575555 47.730167264873394)
V1593,Schleching,POINT (12.383065731974549 47.72184624151993)
V1594,Schnaitsee,POINT (12.39390774439134 48.07871936073756)
V1595,Seeon-Seebruck,POINT (12.470335077487993 47.9607645912969)
V1596,Siegsdorf,POINT (12.677941103762725 47.810826352896875)
V1597,Surberg,POINT (12.702213072791627 47.86985235174243)
V1598,Tacherting,POINT (12.508162912286652 48.082268786580784)
V1599,Tittmoning,POINT (12.740150476957512 48.04671070549948)
V1600,Traunreut,POINT (12.592080032327397 47.95783198356509)
V1601,Traunstein,POINT (12.643975438442457 47.8796610936661)
V1602,Trostberg,POINT (12.565538069452836 48.031241801872206)
V1603,Übersee,POINT (12.477454447187416 47.826764127885504)
V1604,Unterwössen,POINT (12.471524315501618 47.71974013848371)
V1605,Bergen,POINT (12.577952317359511 47.80424065138224)
V1606,Marquartstein,POINT (12.48499630553657 47.77040278686843)
V1607,Obing,POINT (12.4097200965068 48.00876794883293)
V1608,Waging a.See,POINT (12.72065384227668 47.94187883858175)
V1609,Chiemsee (See),POINT (12.453134656171123 47.87761022176354)
V1610,Waginger See,POINT (12.767966759084759 47.946290779377875)
V1611,Bernried am Starnberger See,POINT (11.27262951359174 47.86355776910293)
V1612,Hohenpeißenberg,POINT (11.006611178518472 47.80153080908468)
V1613,Pähl,POINT (11.172508655729048 47.9204568387148)
V1614,Peißenberg,POINT (11.06771184832063 47.79941088472104)
V1615,Peiting,POINT (10.935157035252402 47.80106545213713)
V1616,Penzberg,POINT (11.381239242261357 47.76100743658928)
V1617,Polling,POINT (11.130492209781536 47.81162125295115)
V1618,Raisting,POINT (11.105936925192252 47.90448638868267)
V1619,Schongau,POINT (10.896475844026416 47.81269569023887)
V1620,Weilheim i.OB,POINT (11.145522644315237 47.84423698088833)
V1621,Wessobrunn,POINT (11.023759612901154 47.86281305874047)
V1622,Wielenbach,POINT (11.184959464299414 47.87071023651462)
V1623,Altenstadt,POINT (10.833393045620191 47.82832786102878)
V1624,Bernbeuren,POINT (10.784406303761248 47.74648124926474)
V1625,Habach,POINT (11.286039148520505 47.74007874948935)
V1626,Huglfing,POINT (11.162290935951303 47.766234956051825)
V1627,Rottenbuch,POINT (10.992892049330608 47.74031290784093)
V1628,Seeshaupt,POINT (11.291644851542271 47.806599278802736)
V1629,Steingaden,POINT (10.889144111854469 47.68926379524121)
V1630,Landshut,POINT (12.159230609346364 48.54443541051525)
V1631,Passau,POINT (13.415589053294765 48.58210897141422)
V1632,Straubing,POINT (12.57355373054405 48.88086794652087)
V1633,Aholming,POINT (12.896235220958332 48.736514246714236)
V1634,Auerbach,POINT (13.096310887548329 48.80909273013791)
V1635,Bernried,POINT (12.907518011083539 48.913373006441354)
V1636,Deggendorf,POINT (12.975507795483079 48.83735332447887)
V1637,Grafling,POINT (12.986442272433141 48.90900201825858)
V1638,Hengersberg,POINT (13.075325283076078 48.77220071635776)
V1639,Iggensbach,POINT (13.160908014920555 48.72216759884515)
V1640,Künzing,POINT (13.060078532776442 48.6527920575777)
V1641,Metten,POINT (12.911759556718891 48.85622332780778)
V1642,Niederalteich,POINT (13.026596624937449 48.76695813759286)
V1643,Offenberg,POINT (12.871488653914003 48.87204533719744)
V1644,Osterhofen,POINT (12.998267159466463 48.68258011738505)
V1645,Plattling,POINT (12.900849565235076 48.78330018633969)
V1646,Stephansposching,POINT (12.823036373075245 48.81110021538678)
V1647,Winzer,POINT (13.096655621230484 48.71683091778971)
V1648,Lalling,POINT (13.124110599074754 48.83901949582247)
V1649,Oberpöring,POINT (12.839548171776075 48.72370577599674)
V1650,Moos,POINT (12.954797245262526 48.74079681904037)
V1651,Schöllnach,POINT (13.202270569441476 48.75787076144499)
V1652,Freyung,POINT (13.551130923892934 48.82033946140241)
V1653,Grafenau,POINT (13.400482809540419 48.846610253509716)
V1654,Grainet,POINT (13.661498695676196 48.79508263374049)
V1655,Haidmühle,POINT (13.742765098793662 48.83726946019246)
V1656,Hohenau,POINT (13.514114981787474 48.85810181661781)
V1657,Jandelsbrunn,POINT (13.687529239735355 48.72797251165757)
V1658,Mauth,POINT (13.588165813709317 48.906094505471536)
V1659,Neureichenau,POINT (13.758175107888656 48.749060904667964)
V1660,Ringelai,POINT (13.459441312598404 48.811284932865654)
V1661,Röhrnbach,POINT (13.51665246764309 48.75329238501726)
V1662,Saldenburg,POINT (13.355957505132494 48.77764740055087)
V1663,Sankt Oswald-Riedlhütte,POINT (13.409486385222092 48.92580454010997)
V1664,Neuschönau,POINT (13.481965999726643 48.90114433993387)
V1665,Spiegelau,POINT (13.342353658273723 48.92949447718826)
V1666,Waldkirchen,POINT (13.603876873594276 48.73504807866005)
V1667,Schönberg,POINT (13.289319643929131 48.84998312997567)
V1668,Hinterschmiding,POINT (13.630491845349935 48.84593554452528)
V1669,Thurmansbang,POINT (13.282439758244449 48.7767674357845)
V1670,Perlesreut,POINT (13.444324282710976 48.76661643905454)
V1671,Annathaler Wald,POINT (13.627079749245551 48.8928050156474)
V1672,Frauenberger und Duschlberger Wald,POINT (13.761295877320855 48.80309322917554)
V1673,Graineter Wald,POINT (13.69065960432829 48.81774970895441)
V1674,Leopoldsreuter Wald,POINT (13.718734294290755 48.841330073837476)
V1675,Mauther Forst,POINT (13.56766521233987 48.94912883238712)
V1676,Philippsreuter Wald,POINT (13.706986627713334 48.87190524216294)
V1677,Pleckensteiner Wald,POINT (13.791933565670362 48.770875426788045)
V1678,Sankt Oswald,POINT (13.437197587467274 48.93970859503585)
V1679,Schlichtenberger Wald,POINT (13.647602738308013 48.852740567707094)
V1680,Schönbrunner Wald,POINT (13.533199679666746 48.91505208318348)
V1681,Waldhäuserwald,POINT (13.463992589077968 48.929870385442506)
V1682,Abensberg,POINT (11.858289803932909 48.830010704494086)
V1683,Bad Abbach,POINT (12.053166728213393 48.910453281465095)
V1684,Kelheim,POINT (11.858370363675645 48.91051080143502)
V1685,Mainburg,POINT (11.765409094102056 48.64185874914498)
V1686,Neustadt a.d.Donau,POINT (11.763559225337708 48.82334722623449)
V1687,Painten,POINT (11.835488471421927 48.99559908066063)
V1688,Riedenburg,POINT (11.690718633651073 48.969212263651315)
V1689,Rohr i.NB,POINT (11.968301441167755 48.77686107817031)
V1690,Ihrlerstein,POINT (11.830412482079774 48.9477870966915)
V1691,Saal a.d.Donau,POINT (11.95321821123415 48.87470821257409)
V1692,Langquaid,POINT (12.036413055625056 48.824896741906)
V1693,Siegenburg,POINT (11.87114834756629 48.74898404993782)
V1694,Mainburg,POINT (11.804069981235516 48.66768026590594)
V1695,Dürnbucher Forst,POINT (11.737800539990989 48.740447356599084)
V1696,Frauenforst,POINT (11.901116756609929 48.959021235652635)
V1697,Hacklberg,POINT (11.783364453298605 48.92734415395076)
V1698,Adlkofen,POINT (12.28230608383621 48.536374172448696)
V1699,Altdorf,POINT (12.083863799110244 48.56177676283119)
V1700,Bodenkirchen,POINT (12.411535273573731 48.40753787371147)
V1701,Buch a.Erlbach,POINT (12.046171820060726 48.44256887184578)
V1702,Eching,POINT (12.049283846308127 48.48643352101085)
V1703,Ergolding,POINT (12.134431047299206 48.589960143433544)
V1704,Essenbach,POINT (12.21708973580846 48.62170673877084)
V1705,Geisenhausen,POINT (12.267076556932116 48.46939148627055)
V1706,Hohenthann,POINT (12.09733613858888 48.65992214479943)
V1707,Kumhausen,POINT (12.190935127301634 48.4986503938491)
V1708,Neufahrn i.NB,POINT (12.150745063775581 48.735734730621495)
V1709,Niederaichbach,POINT (12.320219871061306 48.59181548231238)
V1710,Pfeffenhausen,POINT (11.9427282214207 48.66365561838159)
V1711,Rottenburg a.d.Laaber,POINT (12.038476957181066 48.71643874261215)
V1712,Tiefenbach,POINT (12.112381992089963 48.4906162699512)
V1713,Vilsbiburg,POINT (12.345532184367727 48.44072493677421)
V1714,Vilsheim,POINT (12.120124463305002 48.44812228291709)
V1715,Bruckberg,POINT (12.00426270761074 48.539360148712646)
V1716,Ergoldsbach,POINT (12.240412133764755 48.69703697178062)
V1717,Furth,POINT (11.99423937220152 48.6051793451857)
V1718,Wörth a.d.Isar,POINT (12.329315192654462 48.65731859469471)
V1719,Gerzen,POINT (12.416852509794314 48.51511378727201)
V1720,Altfraunhofen,POINT (12.192765465602477 48.43306069964861)
V1721,Velden,POINT (12.276992307495801 48.36868842733261)
V1722,Aicha vorm Wald,POINT (13.309771897637612 48.68160654804682)
V1723,Aldersbach,POINT (13.056686229886713 48.59632491830518)
V1724,Bad Füssing,POINT (13.3037866265391 48.3375769991146)
V1725,Breitenberg,POINT (13.777499376389617 48.695468383580014)
V1726,Büchlberg,POINT (13.529317859653057 48.67484256183375)
V1727,Eging a.See,POINT (13.255988923929134 48.709381001701594)
V1728,Fürstenstein,POINT (13.32303140576601 48.71307186414382)
V1729,Fürstenzell,POINT (13.321237645089381 48.53071647271799)
V1730,Bad Griesbach i.Rottal,POINT (13.196590315242691 48.46336521334173)
V1731,Haarbach,POINT (13.145057959748996 48.50234857688313)
V1732,Hauzenberg,POINT (13.628892567885197 48.648938601867656)
V1733,Hofkirchen,POINT (13.167033261778174 48.67860890522528)
V1734,Hutthurm,POINT (13.481021228488261 48.68995106940656)
V1735,Kirchham,POINT (13.253471529230751 48.345709157250774)
V1736,Kößlarn,POINT (13.124585482344052 48.36968979774626)
V1737,Neuburg a.Inn,POINT (13.402811728569073 48.517036489145376)
V1738,Neuhaus a.Inn,POINT (13.411422062561126 48.45002244002006)
V1739,Neukirchen vorm Wald,POINT (13.39695090767113 48.689575509932475)
V1740,Obernzell,POINT (13.614243464695328 48.57317422406526)
V1741,Ortenburg,POINT (13.218204172496844 48.55458711826809)
V1742,Pocking,POINT (13.327877222436353 48.39540489776702)
V1743,Ruderting,POINT (13.407933556387311 48.66042329132862)
V1744,Ruhstorf a.d.Rott,POINT (13.31717182565071 48.465638202704994)
V1745,Salzweg,POINT (13.480220663818692 48.62529290474198)
V1746,Sonnen,POINT (13.716472671142776 48.67304394345834)
V1747,Tettenweis,POINT (13.268303882605974 48.43321489354899)
V1748,Thyrnau,POINT (13.55096644767683 48.60885750409147)
V1749,Tiefenbach,POINT (13.369942623542494 48.6358080960583)
V1750,Untergriesbach,POINT (13.686220217666417 48.57419478152467)
V1751,Vilshofen an der Donau,POINT (13.180503875864183 48.616772321046504)
V1752,Wegscheid,POINT (13.766902917683284 48.61846577301664)
V1753,Windorf,POINT (13.263539949024102 48.64157347313608)
V1754,Tittling,POINT (13.396531238720469 48.72886841316126)
V1755,Aidenbach,POINT (13.097750507632533 48.55563935223514)
V1756,Rotthalmünster,POINT (13.191751797054554 48.36037881942838)
V1757,Arnbruck,POINT (12.988613297571556 49.1362972207088)
V1758,Bayerisch Eisenstein,POINT (13.18417655437575 49.10534826011843)
V1759,Bischofsmais,POINT (13.074227932344849 48.91540875054619)
V1760,Bodenmais,POINT (13.106638746511695 49.07675615589012)
V1761,Böbrach,POINT (13.056177684838708 49.04269303187125)
V1762,Drachselsried,POINT (13.034324762634926 49.10278131758393)
V1763,Frauenau,POINT (13.323743823455606 48.98698336873093)
V1764,Geiersthal,POINT (12.974547889979311 49.04675106804189)
V1765,Kirchberg i.Wald,POINT (13.18558720038734 48.894124468291764)
V1766,Kirchdorf i.Wald,POINT (13.259551427909287 48.91271719818284)
V1767,Kollnburg,POINT (12.876710355355934 49.034130047471066)
V1768,Langdorf,POINT (13.152524437283851 49.02679246901723)
V1769,Lindberg,POINT (13.305250472631675 49.058226751011254)
V1770,Patersdorf,POINT (12.968085732585493 49.00318572797105)
V1771,Prackenbach,POINT (12.821596829122834 49.10215929820428)
V1772,Regen,POINT (13.122286055434001 48.969937641615786)
V1773,Rinchnach,POINT (13.210436734503059 48.9512318570858)
V1774,Teisnach,POINT (13.042314302677271 49.015379750510064)
V1775,Viechtach,POINT (12.915581164150177 49.09095363711495)
V1776,Zwiesel,POINT (13.217175074486589 49.02508895141139)
V1777,Ruhmannsfelden,POINT (12.962872362152408 48.97148563011083)
V1778,Arnstorf,POINT (12.821616159671798 48.55547242496372)
V1779,Dietersburg,POINT (12.950880856121886 48.498577536133894)
V1780,Eggenfelden,POINT (12.75072786413752 48.40617167017833)
V1781,Egglham,POINT (13.057738903471263 48.5206344218238)
V1782,Gangkofen,POINT (12.561499085589428 48.46135878649542)
V1783,Hebertsfelden,POINT (12.819398398435288 48.42704308976112)
V1784,Johanniskirchen,POINT (12.962008789700793 48.54415686699637)
V1785,Julbach,POINT (12.933372461874512 48.25330259473885)
V1786,Kirchdorf a.Inn,POINT (12.957717198025044 48.23910059457644)
V1787,Mitterskirchen,POINT (12.729121932164874 48.34728265592737)
V1788,Pfarrkirchen,POINT (12.957613484346636 48.44139873236745)
V1789,Postmünster,POINT (12.889312950101003 48.42761544379459)
V1790,Roßbach,POINT (12.92836015005118 48.581832936520776)
V1791,Schönau,POINT (12.840242192827 48.493174493248766)
V1792,Simbach a.Inn,POINT (13.015576886494163 48.28928690538442)
V1793,Triftern,POINT (13.004546266347209 48.38884711952456)
V1794,Unterdietfurt,POINT (12.674097742294544 48.3896473658103)
V1795,Wittibreut,POINT (13.011026742686811 48.34197571434259)
V1796,Wurmannsquick,POINT (12.811879410746986 48.355762942123285)
V1797,Zeilarn,POINT (12.868678384660313 48.29830777071453)
V1798,Falkenberg,POINT (12.713117165461044 48.47649928331288)
V1799,Massing,POINT (12.626533741127288 48.38775817372454)
V1800,Bad Birnbach,POINT (13.080681178713641 48.43878689145087)
V1801,Tann,POINT (12.911431133661 48.32941438988415)
V1802,Ering,POINT (13.107468200864703 48.31540422062813)
V1803,Bogen,POINT (12.718458288386742 48.915074635536435)
V1804,Feldkirchen,POINT (12.530235321183712 48.83019734676643)
V1805,Geiselhöring,POINT (12.39777719701834 48.819531057947685)
V1806,Haibach,POINT (12.731733175328506 49.02683119282203)
V1807,Kirchroth,POINT (12.518465364365976 48.95761802570615)
V1808,Konzell,POINT (12.708069223422937 49.07382953412597)
V1809,Laberweinting,POINT (12.315336593044593 48.78140173910761)
V1810,Leiblfing,POINT (12.524185984755459 48.77262432968675)
V1811,Mallersdorf-Pfaffenberg,POINT (12.22224557976919 48.77256498426322)
V1812,Oberschneiding,POINT (12.654360438796896 48.78126581574753)
V1813,Parkstetten,POINT (12.605080729328245 48.920168907223434)
V1814,Rattenberg,POINT (12.763665279340966 49.0796933018264)
V1815,Sankt Englmar,POINT (12.82073846122781 49.00418949213375)
V1816,Steinach,POINT (12.60332067506292 48.95355583607589)
V1817,Wiesenfelden,POINT (12.545020206943247 49.036811792054884)
V1818,Stallwang,POINT (12.6408034809019 49.05940430069564)
V1819,Mitterfels,POINT (12.6459890232476 48.99067528031913)
V1820,Hunderdorf,POINT (12.746558578378965 48.96340599706814)
V1821,Rain,POINT (12.470566945393562 48.90248139077582)
V1822,Schwarzach,POINT (12.817139262430564 48.90022700020346)
V1823,Aiterhofen,POINT (12.628376297618754 48.842115463638144)
V1824,Straßkirchen,POINT (12.719809215235212 48.836934366779246)
V1825,Dingolfing,POINT (12.479631803967083 48.62108090011532)
V1826,Eichendorf,POINT (12.845111434560478 48.63341521700982)
V1827,Frontenhausen,POINT (12.52746245369217 48.52122585441887)
V1828,Landau a.d.Isar,POINT (12.715768543721095 48.65808992549104)
V1829,Loiching,POINT (12.42843423010461 48.59073244367853)
V1830,Marklkofen,POINT (12.555394506531682 48.56016734133399)
V1831,Mengkofen,POINT (12.429427517367174 48.72495488706231)
V1832,Moosthenning,POINT (12.480216961092855 48.6827240359151)
V1833,Niederviehbach,POINT (12.383124513469019 48.60207798028269)
V1834,Pilsting,POINT (12.631892225661352 48.707932268708575)
V1835,Reisbach,POINT (12.632587111998252 48.56818805420455)
V1836,Simbach,POINT (12.719627694127443 48.561113752815096)
V1837,Wallersdorf,POINT (12.752147048483655 48.73557393841624)
V1838,Mamming,POINT (12.57603206332492 48.637124721680316)
V1839,Amberg,POINT (11.84540881902968 49.45077653791279)
V1840,Regensburg,POINT (12.11344194346561 49.01294201322432)
V1841,Weiden i.d.OPf.,POINT (12.154762556665847 49.66908213010081)
V1842,Ammerthal,POINT (11.766790865347325 49.439533845938584)
V1843,Auerbach i.d.OPf.,POINT (11.609814187571521 49.693695361056115)
V1844,Ebermannsdorf,POINT (11.995554022632628 49.38323603608191)
V1845,Edelsfeld,POINT (11.711428252573123 49.582696700710244)
V1846,Ensdorf,POINT (11.921278827758977 49.35216445313075)
V1847,Freihung,POINT (11.907804427046855 49.60893350878345)
V1848,Freudenberg,POINT (11.969050641127318 49.46851841587403)
V1849,Hirschau,POINT (11.941676717881514 49.551070877593865)
V1850,Hohenburg,POINT (11.81958672040814 49.31372395759046)
V1851,Kastl,POINT (11.688544640638987 49.36491265823515)
V1852,Kümmersbruck,POINT (11.88950395045849 49.408513931068654)
V1853,Poppenricht,POINT (11.814603692265232 49.47926743180641)
V1854,Rieden,POINT (11.929508984620389 49.308710091398936)
V1855,Schmidmühlen,POINT (11.922321992845378 49.2685964728167)
V1856,Schnaittenbach,POINT (12.043468257929653 49.53718218799373)
V1857,Sulzbach-Rosenberg,POINT (11.736679880228307 49.506192472620576)
V1858,Ursensollen,POINT (11.78496661154834 49.37929631292262)
V1859,Vilseck,POINT (11.798500725901862 49.61189857698123)
V1860,Hahnbach,POINT (11.82453583547774 49.53958459950601)
V1861,Königstein,POINT (11.615170426844868 49.593618594438595)
V1862,Neukirchen b.Sulzbach-Rosenberg,POINT (11.62018759493381 49.527905753179404)
V1863,Illschwang,POINT (11.653961303252576 49.4434128110108)
V1864,Eichen,POINT (11.763267642802322 49.46268761267376)
V1865,Arnschwang,POINT (12.817888102989466 49.26505591556508)
V1866,Arrach,POINT (12.993842475703508 49.19313508836443)
V1867,Blaibach,POINT (12.814707337392132 49.1626219176797)
V1868,Cham,POINT (12.66568834161471 49.21000263149663)
V1869,Chamerau,POINT (12.769490528159178 49.19644350794469)
V1870,Eschlkam,POINT (12.937349131351844 49.298097256325036)
V1871,Furth im Wald,POINT (12.83464037144053 49.30952884630781)
V1872,Grafenwiesen,POINT (12.879564814131388 49.20345390556497)
V1873,Hohenwarth,POINT (12.937997564553205 49.201657505965734)
V1874,Bad Kötzting,POINT (12.87904102813847 49.170360196722434)
V1875,Lam,POINT (13.053217470245086 49.19907417206095)
V1876,Miltach,POINT (12.774579089329164 49.145768677556184)
V1877,Neukirchen b.Hl.Blut,POINT (13.001055986280319 49.255278058963874)
V1878,Pemfling,POINT (12.607762955790074 49.27548131784999)
V1879,Rimbach,POINT (12.8856802768394 49.234522382075035)
V1880,Roding,POINT (12.480425811913234 49.20595020947707)
V1881,Rötz,POINT (12.530866324500172 49.35245826156624)
V1882,Runding,POINT (12.756979329822798 49.22225191487957)
V1883,Schönthal,POINT (12.601992447798088 49.35399888754252)
V1884,Schorndorf,POINT (12.596069034131606 49.16750778135059)
V1885,Traitsching,POINT (12.647431128758923 49.13123600852708)
V1886,Waffenbrunn,POINT (12.667096312789674 49.2849852455092)
V1887,Waldmünchen,POINT (12.697309151560242 49.367907281841184)
V1888,Willmering,POINT (12.68267840486191 49.250548188964665)
V1889,Zandt,POINT (12.72388556707529 49.143624469940235)
V1890,Lohberg,POINT (13.107930791672176 49.160007314165085)
V1891,Tiefenbach,POINT (12.601250237531941 49.43485626808217)
V1892,Stamsried,POINT (12.528213659747221 49.26711115840662)
V1893,Weiding,POINT (12.748988900595634 49.287826780485254)
V1894,Walderbach,POINT (12.380948451255446 49.19365021543942)
V1895,Wald,POINT (12.381692531151087 49.13410835958415)
V1896,Falkenstein,POINT (12.495130067297652 49.09809268231859)
V1897,Berching,POINT (11.466714092849996 49.11805538517121)
V1898,Berg b.Neumarkt i.d.OPf.,POINT (11.442949002317395 49.35317913147969)
V1899,Breitenbrunn,POINT (11.632319937035861 49.091730247283415)
V1900,Deining,POINT (11.539374161190757 49.21294338724364)
V1901,Dietfurt a.d.Altmühl,POINT (11.59084650867517 49.029042260571714)
V1902,Freystadt,POINT (11.340544585734602 49.18496270055787)
V1903,Hohenfels,POINT (11.851457668661336 49.225876090094495)
V1904,Lauterhofen,POINT (11.56520557747978 49.37276695462098)
V1905,Lupburg,POINT (11.757901038607987 49.157710622661405)
V1906,Mühlhausen,POINT (11.429877675668214 49.1804363252025)
V1907,Neumarkt i.d.OPf.,POINT (11.472984574624396 49.28250426570672)
V1908,Parsberg,POINT (11.720591607533153 49.170912382153965)
V1909,Postbauer-Heng,POINT (11.354461059404136 49.28988082416483)
V1910,Pyrbaum,POINT (11.270769891343525 49.28929942835524)
V1911,Seubersdorf i.d.OPf.,POINT (11.617452669305 49.155188496478424)
V1912,Velburg,POINT (11.678558687433867 49.26157068709513)
V1913,Neumarkt i.d.OPf.,POINT (11.47473379788275 49.2787479470145)
V1914,Altenstadt a.d.Waldnaab,POINT (12.12544956984661 49.723498405957386)
V1915,Eslarn,POINT (12.524915310497404 49.57939938941077)
V1916,Floß,POINT (12.277792865262859 49.725692279016855)
V1917,Flossenbürg,POINT (12.35813047331378 49.74222252984246)
V1918,Grafenwöhr,POINT (11.80082726129781 49.683648491698364)
V1919,Luhe-Wildenau,POINT (12.128481637517314 49.58486995776117)
V1920,Mantel,POINT (12.036351959507746 49.65723989152298)
V1921,Moosbach,POINT (12.42444676929916 49.57335758753308)
V1922,Neustadt a.d.Waldnaab,POINT (12.170564209589207 49.73319891557027)
V1923,Vohenstrauß,POINT (12.327717246657803 49.620957414541806)
V1924,Waidhaus,POINT (12.49253664677178 49.65123603764856)
V1925,Waldthurn,POINT (12.328305305370947 49.6813230071949)
V1926,Windischeschenbach,POINT (12.155943339141087 49.81159131806948)
V1927,Neustadt a.d.Waldnaab,POINT (12.145539218936527 49.74615517415805)
V1928,Pressath,POINT (11.958098762991767 49.76650509127109)
V1929,Weiherhammer,POINT (12.020438965621823 49.62445631355283)
V1930,Kirchenthumbach,POINT (11.715653162391273 49.77182648344991)
V1931,Eschenbach i.d.OPf.,POINT (11.82864119335204 49.779082503610475)
V1932,Schirmitz,POINT (12.191573511207276 49.62537997534783)
V1933,Tännesberg,POINT (12.303778690391471 49.561688017161636)
V1934,Pleystein,POINT (12.415258021912638 49.674711021308816)
V1935,Manteler Forst,POINT (12.027216413043964 49.690262191612476)
V1936,Speinsharter Forst,POINT (11.7915309107296 49.81804587859714)
V1937,Barbing,POINT (12.268884927284585 48.99990370737339)
V1938,Beratzhausen,POINT (11.821333678666514 49.1186604698705)
V1939,Bernhardswald,POINT (12.244854215142853 49.111579593119544)
V1940,Hagelstadt,POINT (12.229879525360305 48.89456009395641)
V1941,Hemau,POINT (11.76409115496466 49.0453471381206)
V1942,Köfering,POINT (12.182250416724521 48.939613692162524)
V1943,Lappersdorf,POINT (12.058911616194388 49.073393630001085)
V1944,Mintraching,POINT (12.261770372064426 48.94858097714706)
V1945,Neutraubling,POINT (12.20670759794869 48.98155383950433)
V1946,Nittendorf,POINT (11.942275267137028 49.01814753783103)
V1947,Obertraubling,POINT (12.152133109339774 48.95445127673549)
V1948,Pentling,POINT (12.060201761179222 48.960140209122194)
V1949,Pettendorf,POINT (12.01029290683115 49.04707876060398)
V1950,Pfatter,POINT (12.380772891180246 48.96033535031125)
V1951,Regenstauf,POINT (12.128169349709152 49.14536634433225)
V1952,Schierling,POINT (12.158828726090254 48.82560171962497)
V1953,Sinzing,POINT (11.979222057312832 48.98474903269839)
V1954,Tegernheim,POINT (12.183100907607953 49.03035241590128)
V1955,Thalmassing,POINT (12.141124167516246 48.90740754533381)
V1956,Wenzenbach,POINT (12.177230043933319 49.07569020332823)
V1957,Wiesent,POINT (12.369703595788172 49.02784458467988)
V1958,Zeitlarn,POINT (12.122623707881402 49.08891998826116)
V1959,Kallmünz,POINT (11.947964525686505 49.147157056442715)
V1960,Laaber,POINT (11.902485742759355 49.067510883822386)
V1961,Pielenhofen-Wolfsegg,POINT (11.97985474270325 49.091641807678435)
V1962,Donaustauf,POINT (12.28251351794247 49.05651560481594)
V1963,Wörth a.d.Donau,POINT (12.408245509951739 49.03028164775172)
V1964,Alteglofsheim,POINT (12.21330776057818 48.886175640617964)
V1965,Sünching,POINT (12.34825660858189 48.89379044513266)
V1966,Forstmühler Forst,POINT (12.305799817279349 49.053083529253485)
V1967,Kreuther Forst,POINT (12.24149811084091 49.06199880341663)
V1968,Bodenwöhr,POINT (12.287123989322765 49.29552854460101)
V1969,Bruck i.d.OPf.,POINT (12.306565712241216 49.247405278561274)
V1970,Burglengenfeld,POINT (12.003606950144112 49.22792228454785)
V1971,Fensterbach,POINT (12.039604378601677 49.4064784212949)
V1972,Maxhütte-Haidhof,POINT (12.100905011354143 49.18246084684409)
V1973,Neunburg vorm Wald,POINT (12.36051174485908 49.34488017125194)
V1974,Nittenau,POINT (12.24487318624868 49.20588973909338)
V1975,Wernberg-Köblitz,POINT (12.158953704196325 49.541072836718904)
V1976,Oberviechtach,POINT (12.448513037665744 49.48455262234708)
V1977,Schmidgaden,POINT (12.069550363762787 49.44920309291554)
V1978,Schwandorf,POINT (12.08850273890596 49.31763263482168)
V1979,Teublitz,POINT (12.099344629639171 49.23452976050831)
V1980,Oberviechtach,POINT (12.410609406772815 49.4641633023574)
V1981,Nabburg,POINT (12.2301142440368 49.44887012862843)
V1982,Schwarzenfeld,POINT (12.174708641379777 49.39180793687077)
V1983,Pfreimd,POINT (12.218288541739929 49.50799430253074)
V1984,Schönsee,POINT (12.559422745991213 49.50321233574333)
V1985,Neunburg vorm Wald,POINT (12.40171228237633 49.35651703900214)
V1986,Wackersdorf,POINT (12.184948895838346 49.29876481464408)
V1987,Wolferlohe,POINT (11.989573748149574 49.30725638308896)
V1988,Bärnau,POINT (12.4119101892682 49.80985255355019)
V1989,Erbendorf,POINT (12.042722089110555 49.83834551402662)
V1990,Friedenfels,POINT (12.101818895770345 49.89051769031618)
V1991,Fuchsmühl,POINT (12.131891628618309 49.92157916416972)
V1992,Immenreuth,POINT (11.849642593877258 49.926554040030176)
V1993,Konnersreuth,POINT (12.223886911987908 50.00594867992929)
V1994,Kulmain,POINT (11.909756080062914 49.91438248230721)
V1995,Mähring,POINT (12.475255717816298 49.891773056230946)
V1996,Bad Neualbenreuth,POINT (12.424955769742908 49.96621286748246)
V1997,Plößberg,POINT (12.29574996210539 49.802640423961286)
V1998,Tirschenreuth,POINT (12.350658022101028 49.88721285932029)
V1999,Waldershof,POINT (12.07084765246177 49.95214630094519)
V2000,Waldsassen,POINT (12.315576420215892 50.0152061891797)
V2001,Mitterteich,POINT (12.253120030533283 49.950268347569725)
V2002,Kemnath,POINT (11.923088603690973 49.8490026390561)
V2003,Neusorg,POINT (11.975518015424383 49.93298699266277)
V2004,Krummennaab,POINT (12.119642470137432 49.8510576464426)
V2005,Wiesau,POINT (12.203785957474611 49.88208857277016)
V2006,Bamberg,POINT (10.897647385716951 49.88740910162453)
V2007,Bayreuth,POINT (11.58479394161026 49.937764692967015)
V2008,Coburg,POINT (10.964070551537972 50.26412397965648)
V2009,Hof,POINT (11.897301603774155 50.3108888427822)
V2010,Altendorf,POINT (11.00361601443962 49.794806019951764)
V2011,Bischberg,POINT (10.802710764308609 49.90131786236797)
V2012,Breitengüßbach,POINT (10.913192447731321 49.97591113681094)
V2013,Buttenheim,POINT (11.067482308903159 49.82356963625256)
V2014,Frensdorf,POINT (10.87031906410149 49.8106490173438)
V2015,Gundelsheim,POINT (10.921329459861214 49.936946299970344)
V2016,Hallstadt,POINT (10.873154987589118 49.93058332419483)
V2017,Heiligenstadt i.OFr.,POINT (11.1511278785013 49.8749141528371)
V2018,Hirschaid,POINT (10.978095038350759 49.81139024841708)
V2019,Kemmern,POINT (10.866963561428783 49.95689844552371)
V2020,Litzendorf,POINT (11.039308113545694 49.91507547636778)
V2021,Memmelsdorf,POINT (10.971319985636303 49.94250341598122)
V2022,Oberhaid,POINT (10.79264674903935 49.94422323552708)
V2023,Pettstadt,POINT (10.9288580976353 49.830960873287204)
V2024,Pommersfelden,POINT (10.817024473425791 49.77292741764624)
V2025,Rattelsdorf,POINT (10.88087092991895 50.03764923894234)
V2026,Scheßlitz,POINT (11.050196642912619 49.980773801938504)
V2027,Stegaurach,POINT (10.842864667922248 49.85781941421369)
V2028,Strullendorf,POINT (11.00689548702161 49.86162351259717)
V2029,Viereth-Trunstadt,POINT (10.755366879582722 49.9228840928821)
V2030,Walsdorf,POINT (10.772773675758032 49.87534709162608)
V2031,Zapfendorf,POINT (10.952357794808067 50.01378964496612)
V2032,Schlüsselfeld,POINT (10.629197241733179 49.76788402748851)
V2033,Baunach,POINT (10.811776050864953 50.00266804358822)
V2034,Steinfeld,POINT (11.161497236194824 49.97810852080073)
V2035,Ebrach,POINT (10.543359886647744 49.82848956756579)
V2036,Burgebrach,POINT (10.719212715800557 49.83079162273153)
V2037,Lisberg,POINT (10.719387643275486 49.89680095385609)
V2038,Ebracher Forst,POINT (10.486562090161007 49.866187236831706)
V2039,Eichwald,POINT (11.045482054544989 49.85834820406725)
V2040,Geisberger Forst,POINT (11.044028357987926 49.890741596011786)
V2041,Hauptsmoor,POINT (10.96589403106379 49.88827068739379)
V2042,Koppenwinder Forst,POINT (10.550459527677708 49.85578933876607)
V2043,Lindach,POINT (10.640485042355994 49.85223727625887)
V2044,Semberg,POINT (10.834956140598972 49.959290338875036)
V2045,Steinachsrangen,POINT (10.548258831228706 49.80304680720098)
V2046,Winkelhofer Forst,POINT (10.523558920821163 49.827622881800394)
V2047,Zückshuter Forst,POINT (10.918355817515716 49.95215257141102)
V2048,Ahorntal,POINT (11.419371499609747 49.839865383253304)
V2049,Bad Berneck i.Fichtelgebirge,POINT (11.679079143061122 50.04548679201972)
V2050,Bindlach,POINT (11.602316219128989 49.99615132659804)
V2051,Bischofsgrün,POINT (11.779775066021331 50.05602939702277)
V2052,Eckersdorf,POINT (11.448717550436449 49.94565179999195)
V2053,Fichtelberg,POINT (11.848714274227957 50.00140617717857)
V2054,Gefrees,POINT (11.732775668977224 50.09407439845252)
V2055,Goldkronach,POINT (11.690186066334192 50.000162568786195)
V2056,Heinersreuth,POINT (11.52336542766635 49.979699526352455)
V2057,Mehlmeisel,POINT (11.868948942122884 49.98061420725312)
V2058,Pegnitz,POINT (11.529999780351877 49.769213394446474)
V2059,Pottenstein,POINT (11.420468161528818 49.77250213489561)
V2060,Speichersdorf,POINT (11.786188118369292 49.868102038452314)
V2061,Waischenfeld,POINT (11.329386405738418 49.84621032616789)
V2062,Warmensteinach,POINT (11.775463194436345 50.002299230397924)
V2063,Hollfeld,POINT (11.278578198518638 49.92186813253439)
V2064,Mistelgau,POINT (11.421468693024952 49.904563343567844)
V2065,Mistelbach,POINT (11.511081036480208 49.88402698722572)
V2066,Weidenberg,POINT (11.72122349200668 49.92481720910862)
V2067,Creußen,POINT (11.61410702070007 49.839677351834666)
V2068,Betzenstein,POINT (11.427065647471212 49.67020291604503)
V2069,Bischofsgrüner Forst,POINT (11.789261317392997 50.05364581605435)
V2070,Fichtelberg,POINT (11.839966192500139 49.99628534960723)
V2071,Forst Neustädtlein a.Forst,POINT (11.4707238560997 49.976454817287596)
V2072,Glashüttener Forst,POINT (11.460758180255448 49.87436426982425)
V2073,Heinersreuther Forst,POINT (11.487984554115158 49.959558483035714)
V2074,Neubauer Forst-Nord,POINT (11.849470207839737 50.0341923189994)
V2075,Prüll,POINT (11.434458669065714 49.77336860993906)
V2076,Veldensteiner Forst,POINT (11.513645532581956 49.687955376362694)
V2077,Waidacher Forst,POINT (11.393404763867283 49.719993307734825)
V2078,Warmensteinacher Forst-Nord,POINT (11.807212867373307 50.02892142236614)
V2079,Ahorn,POINT (10.924201855450145 50.22312677262216)
V2080,Dörfles-Esbach,POINT (10.999080323287933 50.286961650695304)
V2081,Ebersdorf b.Coburg,POINT (11.074661770418468 50.23651578074877)
V2082,Großheirath,POINT (10.920563360180628 50.178590253961204)
V2083,Itzgrund,POINT (10.893944096401098 50.135245695684205)
V2084,Lautertal,POINT (10.959877398315731 50.34332873221172)
V2085,Meeder,POINT (10.894856454756395 50.33371966564907)
V2086,Neustadt b.Coburg,POINT (11.111239725830641 50.31172707027706)
V2087,Bad Rodach,POINT (10.794782604667093 50.334345620063864)
V2088,Rödental,POINT (11.03602923066237 50.30885491319585)
V2089,Seßlach,POINT (10.8100958627228 50.197831985659406)
V2090,Sonnefeld,POINT (11.14866353314395 50.237096125107875)
V2091,Untersiemau,POINT (10.964527776226792 50.19862011426328)
V2092,Weidhausen b.Coburg,POINT (11.150208702583052 50.19960399327516)
V2093,Weitramsdorf,POINT (10.872673073747809 50.248091482395346)
V2094,Grub a.Forst,POINT (11.018016101412162 50.23004150253293)
V2095,Callenberger Forst-West,POINT (10.840307911199373 50.2854291313883)
V2096,Gellnhausen,POINT (10.78668298852479 50.37414153038832)
V2097,Köllnholz,POINT (10.852958185620217 50.28147014496191)
V2098,Eggolsheim,POINT (11.087797101806586 49.785046898767526)
V2099,Egloffstein,POINT (11.26293962063797 49.71389757971787)
V2100,Forchheim,POINT (11.063358035762473 49.720034201668156)
V2101,Gößweinstein,POINT (11.322992568705493 49.761299546364725)
V2102,Hallerndorf,POINT (10.976344183240693 49.752334735715614)
V2103,Hausen,POINT (11.019353640070792 49.69761926795648)
V2104,Heroldsbach,POINT (10.97376414035714 49.70077263653818)
V2105,Igensdorf,POINT (11.217730956444909 49.62131804481406)
V2106,Langensendelbach,POINT (11.06331971831052 49.6396887197358)
V2107,Neunkirchen a.Brand,POINT (11.141729081886055 49.62382180253973)
V2108,Obertrubach,POINT (11.33088727535709 49.70074911884412)
V2109,Pretzfeld,POINT (11.201348864663272 49.742252653406105)
V2110,Wiesenttal,POINT (11.249232197626341 49.818213904438664)
V2111,Ebermannstadt,POINT (11.190335501493589 49.79071178444292)
V2112,Gosberg,POINT (11.133172174474486 49.68962248694425)
V2113,Kirchehrenbach,POINT (11.165678445291125 49.717317312119775)
V2114,Effeltrich,POINT (11.095185235311742 49.66431261204888)
V2115,Dormitz,POINT (11.138554132216067 49.61991725061332)
V2116,Gräfenberg,POINT (11.273035440239834 49.66009998139224)
V2117,Bad Steben,POINT (11.636276095395118 50.358001822216266)
V2118,Berg,POINT (11.780188824399133 50.3803229244389)
V2119,Döhlau,POINT (11.96454218170009 50.28566916932475)
V2120,Geroldsgrün,POINT (11.59013824447829 50.35366164497658)
V2121,Helmbrechts,POINT (11.694077448467414 50.23963128109185)
V2122,Köditz,POINT (11.834059072998631 50.34678600282911)
V2123,Konradsreuth,POINT (11.83893735424029 50.25551745521228)
V2124,Münchberg,POINT (11.762670726922305 50.19552098856784)
V2125,Naila,POINT (11.687055686130025 50.32325110738969)
V2126,Oberkotzau,POINT (11.930767338247813 50.25578441103506)
V2127,Regnitzlosau,POINT (12.049105862580348 50.301678658467544)
V2128,Rehau,POINT (12.058370508003877 50.24658108895038)
V2129,Schwarzenbach a.d.Saale,POINT (11.927199957016558 50.21014592838038)
V2130,Schwarzenbach a.Wald,POINT (11.612579681035502 50.27849533429791)
V2131,Selbitz,POINT (11.754806904722138 50.32105511548933)
V2132,Stammbach,POINT (11.701079124170171 50.147416386158504)
V2133,Zell im Fichtelgebirge,POINT (11.799476609456853 50.133053287008764)
V2134,Lichtenberg,POINT (11.702057528364945 50.377478496436815)
V2135,Feilitzsch,POINT (11.933164611853524 50.36739323094311)
V2136,Schauenstein,POINT (11.757808898859842 50.281390330419676)
V2137,Sparneck,POINT (11.855194549984471 50.17026514329162)
V2138,Forst Schwarzenbach a.Wald,POINT (11.599888680506552 50.30642815057421)
V2139,Gerlaser Forst,POINT (11.626776694851824 50.32438844800655)
V2140,Geroldsgrüner Forst,POINT (11.561063865108695 50.32972280730146)
V2141,Martinlamitzer Forst-Nord,POINT (12.002618939149736 50.18678363544406)
V2142,Kronach,POINT (11.334931772723644 50.244580310223284)
V2143,Küps,POINT (11.276900534235843 50.19386026955291)
V2144,Ludwigsstadt,POINT (11.374057311983249 50.48245242182776)
V2145,Nordhalben,POINT (11.500603076794826 50.36881626369137)
V2146,Pressig,POINT (11.319730301597865 50.363014352699835)
V2147,Steinbach a.Wald,POINT (11.32961601589112 50.42901296840577)
V2148,Steinwiesen,POINT (11.462730111570858 50.320013824882224)
V2149,Stockheim,POINT (11.286770936808612 50.30702959972186)
V2150,Tettau,POINT (11.277471096319937 50.45164360139313)
V2151,Marktrodach,POINT (11.412602441304728 50.24554488236284)
V2152,Wallenfels,POINT (11.499620542695158 50.27782375039107)
V2153,Weißenbrunn,POINT (11.3537860683486 50.19106797637743)
V2154,Wilhelmsthal,POINT (11.382514983427308 50.31739110549387)
V2155,Teuschnitz,POINT (11.418946707562288 50.399971174560484)
V2156,Mitwitz,POINT (11.221257751858934 50.242184570882564)
V2157,Birnbaum,POINT (11.442376684953775 50.363759472372905)
V2158,Langenbacher Forst,POINT (11.567204539510586 50.37855971473966)
V2159,Himmelkron,POINT (11.609400376552703 50.05702408089726)
V2160,Kulmbach,POINT (11.432570693818754 50.12120896412227)
V2161,Mainleus,POINT (11.35429974978453 50.10552444781204)
V2162,Marktschorgast,POINT (11.653516919524787 50.09687049689839)
V2163,Neudrossenfeld,POINT (11.497343870121995 50.02523182827917)
V2164,Neuenmarkt,POINT (11.570583593252442 50.09419732127831)
V2165,Presseck,POINT (11.543284696367115 50.232601592187656)
V2166,Thurnau,POINT (11.40159782249382 50.00052757823677)
V2167,Wirsberg,POINT (11.617327704409421 50.117060709723965)
V2168,Stadtsteinach,POINT (11.496777100523323 50.18446260775335)
V2169,Marktleugast,POINT (11.62778107049841 50.18428563804254)
V2170,Untersteinach,POINT (11.556712254074663 50.14316620938322)
V2171,Kasendorf,POINT (11.329529507699776 50.014652275131944)
V2172,Trebgast,POINT (11.532885256308713 50.07226273841125)
V2173,Altenkunstadt,POINT (11.23607180167836 50.11624474140228)
V2174,Burgkunstadt,POINT (11.287376116463578 50.14347390183389)
V2175,Ebensfeld,POINT (10.962972314369766 50.06441538934025)
V2176,Lichtenfels,POINT (11.084338580506982 50.13825352785223)
V2177,Michelau i.OFr.,POINT (11.127071841283877 50.17494627431231)
V2178,Bad Staffelstein,POINT (11.021174832969002 50.10022606434199)
V2179,Weismain,POINT (11.23550302631688 50.055781551760376)
V2180,Redwitz a.d.Rodach,POINT (11.213249765626372 50.17930865174418)
V2181,Hochstadt-Marktzeuln,POINT (11.172012770183361 50.146972264438)
V2182,Breitengüßbacher Forst,POINT (10.910547821635554 50.04701686873367)
V2183,Neuensorger Forst,POINT (11.10134337892744 50.1951940935534)
V2184,Arzberg,POINT (12.181034764442872 50.04593039445095)
V2185,Kirchenlamitz,POINT (11.950626065911655 50.15260234077833)
V2186,Marktleuthen,POINT (12.01780514371016 50.12272744120873)
V2187,Marktredwitz,POINT (12.10141783214251 50.01033654391055)
V2188,Röslau,POINT (11.982235550464758 50.08149570668388)
V2189,Schönwald,POINT (12.08365565472481 50.201275792384095)
V2190,Selb,POINT (12.132754960753054 50.16518559875844)
V2191,Weißenstadt,POINT (11.88778430468377 50.09791671598088)
V2192,Wunsiedel,POINT (12.015767248398449 50.0451696292107)
V2193,Thiersheim,POINT (12.104909283562732 50.09075092977073)
V2194,Schirnding,POINT (12.213141046014798 50.08677800017279)
V2195,Tröstau,POINT (11.956306306031115 50.0175695868208)
V2196,Kaiserhammer Forst-Ost,POINT (12.12636487381104 50.11936747640056)
V2197,Martinlamitzer Forst-Süd,POINT (12.028732993823478 50.17611987682401)
V2198,Meierhöfer Seite,POINT (11.887428186381191 50.06853737615561)
V2199,Neubauer Forst-Süd,POINT (11.877279187701768 50.019180906552094)
V2200,Tröstauer Forst-Ost,POINT (11.98806577975269 49.99414196840377)
V2201,Tröstauer Forst-West,POINT (11.914099731653769 50.008574532766644)
V2202,Vordorfer Forst,POINT (11.884241903287965 50.045648997686065)
V2203,Weißenstadter Forst-Nord,POINT (11.869564929087282 50.126844443062126)
V2204,Weißenstadter Forst-Süd,POINT (11.836594195811758 50.07408528740606)
V2205,Ansbach,POINT (10.563658708560968 49.29220403424369)
V2206,Erlangen,POINT (10.9778644808461 49.5824239120964)
V2207,Fürth,POINT (10.965519590411791 49.49102423974688)
V2208,Nürnberg,POINT (11.082514597001106 49.43673764440362)
V2209,Schwabach,POINT (11.023501893893311 49.335626597468874)
V2210,Arberg,POINT (10.630514907770939 49.13490280348079)
V2211,Aurach,POINT (10.396338396271478 49.24008229531917)
V2212,Bechhofen,POINT (10.5563556784642 49.17072840011358)
V2213,Burgoberbach,POINT (10.58625731433941 49.222694881795675)
V2214,Colmberg,POINT (10.401159800862894 49.36678246577629)
V2215,Dietenhofen,POINT (10.684895181337508 49.400963317010905)
V2216,Dinkelsbühl,POINT (10.31044578201438 49.07526396877671)
V2217,Dürrwangen,POINT (10.379192272425634 49.10271714944012)
V2218,Feuchtwangen,POINT (10.321388639885031 49.17531058355085)
V2219,Flachslanden,POINT (10.519826140995846 49.40470686988393)
V2220,Heilsbronn,POINT (10.80026773350285 49.347345750402226)
V2221,Herrieden,POINT (10.481503380374495 49.227876037812116)
V2222,Langfurth,POINT (10.45396924453609 49.10199115013535)
V2223,Lehrberg,POINT (10.49885107820589 49.35849329189497)
V2224,Leutershausen,POINT (10.397351508692699 49.29667828879052)
V2225,Lichtenau,POINT (10.704995709890524 49.26551762216907)
V2226,Merkendorf,POINT (10.689869042380082 49.20306980457421)
V2227,Neuendettelsau,POINT (10.80840906341371 49.28742384492901)
V2228,Oberdachstetten,POINT (10.435425758898095 49.407825076315675)
V2229,Petersaurach,POINT (10.723518058568205 49.32063986848716)
V2230,Rothenburg ob der Tauber,POINT (10.158253643138378 49.36964454036427)
V2231,Sachsen b.Ansbach,POINT (10.654305255701972 49.28608144235559)
V2232,Schnelldorf,POINT (10.185553709791808 49.20315237467354)
V2233,Schopfloch,POINT (10.302496156451928 49.11220488699203)
V2234,Wassertrüdingen,POINT (10.60897329929437 49.04099268342073)
V2235,Windsbach,POINT (10.843269983597585 49.252777728542625)
V2236,Rothenburg ob der Tauber,POINT (10.234105601791274 49.395283950595974)
V2237,Schillingsfürst,POINT (10.248508271654808 49.28041501160812)
V2238,Weihenzell,POINT (10.61615588029818 49.37445165470555)
V2239,Triesdorf,POINT (10.640514581261503 49.1953119896989)
V2240,Dentlein a.Forst,POINT (10.45871018195703 49.15229973213789)
V2241,Wilburgstetten,POINT (10.411726358918031 49.02466699011434)
V2242,Hesselberg,POINT (10.535538727392 49.08025478993281)
V2243,Wolframs-Eschenbach,POINT (10.753970853798739 49.21910307251108)
V2244,Unterer Wald,POINT (10.641750958006655 49.137245606455906)
V2245,Adelsdorf,POINT (10.899681701415236 49.709491488998104)
V2246,Baiersdorf,POINT (11.029699708385408 49.65829533664722)
V2247,Bubenreuth,POINT (11.015109433730366 49.624062479823365)
V2248,Eckental,POINT (11.218138299945313 49.583388278869194)
V2249,Hemhofen,POINT (10.94282188958735 49.68845899768833)
V2250,Heroldsberg,POINT (11.162133314641068 49.543495626982484)
V2251,Herzogenaurach,POINT (10.878746451386831 49.57063249023805)
V2252,Höchstadt a.d.Aisch,POINT (10.833374525027304 49.71472891140133)
V2253,Kalchreuth,POINT (11.132585735016221 49.55978665224094)
V2254,Möhrendorf,POINT (10.992571122248966 49.64047866036019)
V2255,Röttenbach,POINT (10.918279655194983 49.66816871277992)
V2256,Wachenroth,POINT (10.713629481582686 49.74735268527837)
V2257,Weisendorf,POINT (10.815199136830808 49.62712662669548)
V2258,Höchstadt a.d.Aisch,POINT (10.729026974905057 49.71030331416209)
V2259,Aurachtal,POINT (10.807683830679217 49.582801220550124)
V2260,Uttenreuth,POINT (11.065184369440606 49.60850678133126)
V2261,Heßdorf,POINT (10.890086560773682 49.63539973822233)
V2262,Birkach,POINT (10.766823201821442 49.72909769146946)
V2263,Buckenhofer Forst,POINT (11.070517848474992 49.57950521612525)
V2264,Dormitzer Forst,POINT (11.111418349934668 49.57206496849694)
V2265,Erlenstegener Forst,POINT (11.157525167523124 49.49641188348758)
V2266,Forst Tennenlohe,POINT (11.051366251961385 49.55785113015159)
V2267,Geschaidt,POINT (11.171095363560699 49.529881565286544)
V2268,Kalchreuther Forst,POINT (11.108621866690257 49.54405734683444)
V2269,Kraftshofer Forst,POINT (11.106017398598045 49.514894174423674)
V2270,Mark,POINT (10.96511783989771 49.6598902780619)
V2271,Neunhofer Forst,POINT (11.075265578642544 49.53257978986375)
V2272,Ammerndorf,POINT (10.853121451190905 49.42308648987357)
V2273,Cadolzburg,POINT (10.84340884721921 49.45399690492591)
V2274,Großhabersdorf,POINT (10.789334490643753 49.40848343781489)
V2275,Langenzenn,POINT (10.782456513612642 49.489270045011)
V2276,Oberasbach,POINT (10.968364414945894 49.422257579999695)
V2277,Puschendorf,POINT (10.826780379586632 49.525477892827254)
V2278,Roßtal,POINT (10.88505898409805 49.385783695992785)
V2279,Stein,POINT (10.98009587750552 49.399123124850526)
V2280,Wilhermsdorf,POINT (10.719216752216619 49.46447818607581)
V2281,Zirndorf,POINT (10.925236594737674 49.43511778952793)
V2282,Veitsbronn,POINT (10.877629608403012 49.50179626682723)
V2283,Obermichelbach-Tuchenbach,POINT (10.891486350567284 49.53033569947861)
V2284,Altdorf b.Nürnberg,POINT (11.381307961797406 49.39351150055019)
V2285,Burgthann,POINT (11.328961827620967 49.3387373761611)
V2286,Feucht,POINT (11.219160924009463 49.380274800136135)
V2287,Hersbruck,POINT (11.427455347578704 49.506353133820234)
V2288,Kirchensittenbach,POINT (11.424364785532823 49.570559891444645)
V2289,Lauf a.d.Pegnitz,POINT (11.270167322531353 49.52798746806747)
V2290,Leinburg,POINT (11.335036609235354 49.450269812865926)
V2291,Neuhaus a.d.Pegnitz,POINT (11.555557049299093 49.63151842703879)
V2292,Neunkirchen a.Sand,POINT (11.342559094532263 49.53415133855198)
V2293,Ottensoos,POINT (11.34543899589703 49.50287598594769)
V2294,Pommelsbrunn,POINT (11.525901145703141 49.504952523456645)
V2295,Reichenschwand,POINT (11.374208115437797 49.519255637503015)
V2296,Röthenbach a.d.Pegnitz,POINT (11.25819760834487 49.47591407726908)
V2297,Rückersdorf,POINT (11.244355405572882 49.497365288383406)
V2298,Schnaittach,POINT (11.345178200637582 49.58108642912363)
V2299,Schwaig b.Nürnberg,POINT (11.202238386849562 49.47727009840588)
V2300,Schwarzenbruck,POINT (11.26671191964066 49.34994230242723)
V2301,Simmelsdorf,POINT (11.344352807855815 49.62196432442503)
V2302,Winkelhaid,POINT (11.301633657053499 49.390957588994596)
V2303,Velden,POINT (11.497045029049868 49.590881787606435)
V2304,Happurg,POINT (11.503200413077069 49.455127051836826)
V2305,Henfenfeld,POINT (11.40969963783867 49.46005678026752)
V2306,Behringersdorfer Forst,POINT (11.200285635359677 49.498199726662435)
V2307,Brunn,POINT (11.25137282519942 49.44361657747599)
V2308,Engelthaler Forst,POINT (11.379802847639795 49.461084400992114)
V2309,Feuchter Forst,POINT (11.240112491753017 49.3850933961672)
V2310,Fischbach,POINT (11.218591088688582 49.416429181257065)
V2311,Forsthof,POINT (11.167434904187873 49.430415786137985)
V2312,Günthersbühler Forst,POINT (11.207605388862007 49.521959890606084)
V2313,Haimendorfer Forst,POINT (11.239697958516842 49.46083009311188)
V2314,Laufamholzer Forst,POINT (11.19454584229769 49.45238165752235)
V2315,Leinburg,POINT (11.316186173258844 49.436258778805524)
V2316,Rückersdorfer Forst,POINT (11.239192371330722 49.51224934708703)
V2317,Schönberg,POINT (11.295903154213649 49.495124323027156)
V2318,Winkelhaid,POINT (11.307120828863612 49.41529934696922)
V2319,Zerzabelshofer Forst,POINT (11.16094143850879 49.44839441358061)
V2320,Bad Windsheim,POINT (10.424686424090856 49.51613251311077)
V2321,Burghaslach,POINT (10.55756727008326 49.73013609333969)
V2322,Dietersheim,POINT (10.539834780316369 49.547142034043056)
V2323,Emskirchen,POINT (10.72798393679928 49.551799638637696)
V2324,Ipsheim,POINT (10.501560641038088 49.52438577427741)
V2325,Markt Erlbach,POINT (10.62422858056861 49.50079693198739)
V2326,Neustadt a.d.Aisch,POINT (10.575345891099667 49.573302946728575)
V2327,Obernzenn,POINT (10.488728217745622 49.4500311563873)
V2328,Scheinfeld,POINT (10.44846116121774 49.66035624542241)
V2329,Uffenheim,POINT (10.220795021665031 49.55411763215572)
V2330,Hagenbüchach-Wilhelmsdorf,POINT (10.752714375771893 49.54766057323677)
V2331,Diespeck,POINT (10.597518099248852 49.63071432674627)
V2332,Uehlfeld,POINT (10.70791242811238 49.64393444426466)
V2333,Burgbernheim,POINT (10.338968347880577 49.459411836542245)
V2334,Neuhof a.d.Zenn,POINT (10.624388164217363 49.45446193733919)
V2335,Osing,POINT (10.392911696571392 49.56499305998562)
V2336,Abenberg,POINT (10.932362342762692 49.234800716402056)
V2337,Allersberg,POINT (11.2374509131822 49.2430779360567)
V2338,Büchenbach,POINT (11.02762151823125 49.26633193846157)
V2339,Georgensgmünd,POINT (11.025186635321083 49.195148097933206)
V2340,Greding,POINT (11.328335787315666 49.05968830256404)
V2341,Heideck,POINT (11.12153707498186 49.13057561464175)
V2342,Hilpoltstein,POINT (11.228875886803051 49.170897609038065)
V2343,Kammerstein,POINT (10.952672514285311 49.29618528108884)
V2344,Schwanstetten,POINT (11.138012040394912 49.30506355141023)
V2345,Rednitzhembach,POINT (11.068771945761002 49.29826657557028)
V2346,Röttenbach,POINT (11.02437860756732 49.15312154364275)
V2347,Rohr,POINT (10.928923720358167 49.343242595815305)
V2348,Roth,POINT (11.116064520478227 49.23339882360542)
V2349,Spalt,POINT (10.917266674495174 49.17629216450637)
V2350,Thalmässing,POINT (11.223809711634273 49.09758577673199)
V2351,Wendelstein,POINT (11.172218309757483 49.33877809917008)
V2352,Abenberger Wald,POINT (10.98043936234617 49.23053348740407)
V2353,Dechenwald,POINT (10.899462047700858 49.3071841962998)
V2354,Forst Kleinschwarzenlohe,POINT (11.141638006668162 49.374049294490355)
V2355,Heidenberg,POINT (10.999491433057656 49.28667394396457)
V2356,Soos,POINT (11.102024534323556 49.29459576650647)
V2357,Muhr a.See,POINT (10.719061316384197 49.160602724881514)
V2358,Gunzenhausen,POINT (10.728385938311307 49.11091086432729)
V2359,Langenaltheim,POINT (10.916114242819953 48.894720633103155)
V2360,Pappenheim,POINT (11.003450022993066 48.939646846426676)
V2361,Pleinfeld,POINT (10.985202206966271 49.1151896320935)
V2362,Polsingen,POINT (10.729622798734047 48.933235706262366)
V2363,Solnhofen,POINT (11.001334879015742 48.897538951132454)
V2364,Treuchtlingen,POINT (10.870060675694424 48.95749661284896)
V2365,Weißenburg i.Bay.,POINT (10.987053846626486 49.0154420551535)
V2366,Gunzenhausen,POINT (10.827329439694243 49.1382689022547)
V2367,Altmühltal,POINT (10.816797255356102 49.03737167582478)
V2368,Ellingen,POINT (10.986051666045189 49.07251929852296)
V2369,Nennslingen,POINT (11.11986978739921 49.028305986287926)
V2370,Hahnenkamm,POINT (10.719571467537067 49.005847821069715)
V2371,Aschaffenburg,POINT (9.145552377582103 49.963669107103286)
V2372,Schweinfurt,POINT (10.22084169675522 50.04675016081646)
V2373,Würzburg,POINT (9.940851332442891 49.78473575471454)
V2374,Alzenau,POINT (9.079816201246107 50.084911380750825)
V2375,Bessenbach,POINT (9.261309111146122 49.96498530670288)
V2376,Karlstein a.Main,POINT (9.028783671311581 50.04483062115077)
V2377,Geiselbach,POINT (9.194768149722734 50.119687425412565)
V2378,Glattbach,POINT (9.144290163943673 50.0096131502803)
V2379,Goldbach,POINT (9.175621651919254 50.00652659880705)
V2380,Großostheim,POINT (9.064855659919143 49.915787663214225)
V2381,Haibach,POINT (9.210033945306675 49.9618340326881)
V2382,Hösbach,POINT (9.214853216799307 50.01501504616048)
V2383,Johannesberg,POINT (9.129976220475992 50.02893648070011)
V2384,Kahl a.Main,POINT (9.013160797999989 50.085581685829546)
V2385,Kleinostheim,POINT (9.065272371278123 50.01570075620655)
V2386,Laufach,POINT (9.302753986018272 50.012881500436315)
V2387,Mainaschaff,POINT (9.088312252118781 49.992243757519546)
V2388,Mömbris,POINT (9.156651689516993 50.06433665922775)
V2389,Rothenbuch,POINT (9.408668828242861 49.96134466512278)
V2390,Sailauf,POINT (9.25621368465783 50.02974170102418)
V2391,Stockstadt a.Main,POINT (9.050624625054942 49.97490542171278)
V2392,Waldaschaff,POINT (9.299164634319038 49.971210000111114)
V2393,Weibersbrunn,POINT (9.36983564040688 49.92535505465264)
V2394,Heigenbrücken,POINT (9.352228216228792 50.04923902717)
V2395,Mespelbrunn,POINT (9.325635857765498 49.88343390359616)
V2396,Schöllkrippen,POINT (9.256261754458908 50.101342865025934)
V2397,Forst Hain i.Spessart,POINT (9.347170512686706 50.00218171617572)
V2398,Heinrichsthaler Forst,POINT (9.373263726033834 50.052578225705375)
V2399,Rohrbrunner Forst,POINT (9.40648449700276 49.91570644580312)
V2400,Rothenbucher Forst,POINT (9.398279177280255 49.963738970617754)
V2401,Sailaufer Forst,POINT (9.299355227230933 50.04334112674141)
V2402,Schöllkrippener Forst,POINT (9.304355889983126 50.085972114483106)
V2403,Waldaschaffer Forst,POINT (9.32911244942566 49.956284052046755)
V2404,Wiesener Forst,POINT (9.351917363215353 50.10839132504916)
V2405,Bad Bocklet,POINT (10.06924787802184 50.273375787357914)
V2406,Bad Brückenau,POINT (9.776846184207933 50.30709044934385)
V2407,Bad Kissingen,POINT (10.05892857722341 50.20264969190023)
V2408,Burkardroth,POINT (9.97707844293374 50.28447655359931)
V2409,Hammelburg,POINT (9.87424646442387 50.10383760970072)
V2410,Motten,POINT (9.77006350246908 50.38750186859497)
V2411,Münnerstadt,POINT (10.244707502018025 50.252433718348506)
V2412,Nüdlingen,POINT (10.135536122315571 50.218844012606326)
V2413,Oberthulba,POINT (9.933527064998687 50.19594135763458)
V2414,Oerlenbach,POINT (10.135184251095913 50.14928008042533)
V2415,Wartmannsroth,POINT (9.790972246900738 50.16878959221823)
V2416,Wildflecken,POINT (9.866457420435253 50.372288619415166)
V2417,Zeitlofs,POINT (9.721846351639673 50.25464812609479)
V2418,Bad Brückenau,POINT (9.851929623266651 50.28102166627713)
V2419,Elfershausen,POINT (9.961398439480147 50.116647740488716)
V2420,Euerdorf,POINT (10.043013472549498 50.14315532864896)
V2421,Maßbach,POINT (10.259038002042983 50.19048288020152)
V2422,Dreistelzer Forst,POINT (9.764554704062753 50.27909919693646)
V2423,Forst Detter-Süd,POINT (9.75860705122179 50.21324864384982)
V2424,Geiersnest-Ost,POINT (9.86533531163008 50.23470684977625)
V2425,Geiersnest-West,POINT (9.787137665524144 50.24348597423716)
V2426,Kälberberg,POINT (9.687940166593599 50.27252403383673)
V2427,Mottener Forst-Süd,POINT (9.78386951044707 50.354608117300636)
V2428,Neuwirtshauser Forst,POINT (9.842802222663328 50.21000248203021)
V2429,Omerz u.Roter Berg,POINT (9.725092552119223 50.18239310475199)
V2430,Römershager Forst-Nord,POINT (9.792944364362626 50.33239187435591)
V2431,Römershager Forst-Ost,POINT (9.83630556980253 50.30875318455565)
V2432,Roßbacher Forst,POINT (9.693424175361368 50.22287652738138)
V2433,Waldfensterer Forst,POINT (9.942806505768042 50.258146742605625)
V2434,Bad Neustadt a.d.Saale,POINT (10.213656438708073 50.33268461635746)
V2435,Bischofsheim i.d.Rhön,POINT (10.00153220839374 50.39839767342073)
V2436,Bad Königshofen i.Grabfeld,POINT (10.484960682728664 50.2840770563196)
V2437,Oberelsbach,POINT (10.07768136264991 50.438361888110826)
V2438,Sandberg,POINT (9.990150605944763 50.34338039316502)
V2439,Mellrichstadt,POINT (10.279346828602607 50.4164879537645)
V2440,Bad Königshofen i.Grabfeld,POINT (10.48673935328162 50.29586679462104)
V2441,Bad Neustadt a.d.Saale,POINT (10.174543990246788 50.312732762396465)
V2442,Fladungen,POINT (10.133564201890634 50.51303589271804)
V2443,Heustreu,POINT (10.285718274582154 50.360823170687446)
V2444,Ostheim v.d.Rhön,POINT (10.193114928318675 50.46815884276686)
V2445,Saal a.d.Saale,POINT (10.363494830633156 50.31727531569912)
V2446,Bundorfer Forst,POINT (10.47201701420603 50.22459799448024)
V2447,Burgwallbacher Forst,POINT (10.076866707165095 50.3583388639816)
V2448,Forst Schmalwasser-Nord,POINT (10.02262982481097 50.35383977376313)
V2449,Forst Schmalwasser-Süd,POINT (10.046598655464853 50.32529692794658)
V2450,Mellrichstadter Forst,POINT (10.198059310592098 50.51734091011939)
V2451,Steinacher Forst r.d.Saale,POINT (10.102928815025221 50.3204201952877)
V2452,Sulzfelder Forst,POINT (10.426348383538391 50.23217264166076)
V2453,Weigler,POINT (10.3878234617957 50.360687630022674)
V2454,Eltmann,POINT (10.668510430342353 49.95894926326867)
V2455,Haßfurt,POINT (10.506980858841043 50.046256254792134)
V2456,Oberaurach,POINT (10.631813455788878 49.92530332140901)
V2457,Knetzgau,POINT (10.516569871886514 49.97285998331382)
V2458,Königsberg i.Bay.,POINT (10.58472532855852 50.07541047371665)
V2459,Maroldsweisach,POINT (10.686559752451677 50.190121678600285)
V2460,Rauhenebrach,POINT (10.568702037690564 49.895552769790385)
V2461,Sand a.Main,POINT (10.590296374898488 49.9783196274826)
V2462,Untermerzbach,POINT (10.839686151000281 50.12068598528866)
V2463,Zeil a.Main,POINT (10.60805532142529 50.02369633892967)
V2464,Ebelsbach,POINT (10.704376209370372 50.00863846728442)
V2465,Ebern,POINT (10.740218201506925 50.099066514167994)
V2466,Hofheim i.UFr.,POINT (10.528157187194196 50.15024604643935)
V2467,Theres,POINT (10.42452951054461 50.01881627364604)
V2468,Dettelbach,POINT (10.130964112691586 49.811412728634814)
V2469,Geiselwind,POINT (10.478509029352352 49.77551102118002)
V2470,Kitzingen,POINT (10.167145724220019 49.744331810345265)
V2471,Mainbernheim,POINT (10.212286123825557 49.70505752498563)
V2472,Prichsenstadt,POINT (10.366131667382863 49.82829766038732)
V2473,Schwarzach a.Main,POINT (10.233861381401663 49.8032583807067)
V2474,Wiesentheid,POINT (10.356227388806722 49.773743344359566)
V2475,Großlangheim,POINT (10.273531325705074 49.75997046501153)
V2476,Iphofen,POINT (10.293602946060016 49.67879206117459)
V2477,Kitzingen,POINT (10.105743821379669 49.749272551790575)
V2478,Marktbreit,POINT (10.16269976608497 49.649928280699946)
V2479,Volkach,POINT (10.234586707417511 49.86006992924574)
V2480,Amorbach,POINT (9.193835752062904 49.643043525208235)
V2481,Collenberg,POINT (9.315467838795263 49.77215438641311)
V2482,Dorfprozelten,POINT (9.37263685038319 49.791310285888116)
V2483,Eichenbühl,POINT (9.358558342567681 49.67649838856335)
V2484,Elsenfeld,POINT (9.205021824057082 49.83506456853525)
V2485,Erlenbach a.Main,POINT (9.176498460341652 49.80698925802652)
V2486,Eschau,POINT (9.288623120421672 49.83056376118542)
V2487,Faulbach,POINT (9.450582756737473 49.79379004710494)
V2488,Großheubach,POINT (9.233527425580839 49.73544969519774)
V2489,Großwallstadt,POINT (9.137583420152621 49.8735424580211)
V2490,Kirchzell,POINT (9.143009288381318 49.607260628579816)
V2491,Klingenberg a.Main,POINT (9.181573295079875 49.76336539230342)
V2492,Leidersbach,POINT (9.233914197439697 49.89644677682843)
V2493,Miltenberg,POINT (9.244873163336528 49.689436964369634)
V2494,Mömlingen,POINT (9.074758479756 49.858248566731355)
V2495,Niedernberg,POINT (9.121448995312347 49.90717508288105)
V2496,Obernburg a.Main,POINT (9.113646456329818 49.82803975802948)
V2497,Schneeberg,POINT (9.256096584625931 49.62383630774594)
V2498,Sulzbach a.Main,POINT (9.190461310747796 49.91515838476767)
V2499,Weilbach,POINT (9.169781718984085 49.67405366395152)
V2500,Wörth a.Main,POINT (9.139743521491823 49.78195762937792)
V2501,Erftal,POINT (9.344748353353669 49.71159462851837)
V2502,Kleinheubach,POINT (9.17879490823195 49.724031182390014)
V2503,Kleinwallstadt,POINT (9.199996667708529 49.870432656053275)
V2504,Mönchberg,POINT (9.260729311033424 49.78337730853212)
V2505,Stadtprozelten,POINT (9.407808185317608 49.832373823003365)
V2506,Forstwald,POINT (9.179817221452119 49.82606207475506)
V2507,Hohe Wart,POINT (9.26381654663119 49.91301672886946)
V2508,Arnstein,POINT (9.961136406168917 49.98707733562406)
V2509,Eußenheim,POINT (9.847494320259923 50.00838472243368)
V2510,Frammersbach,POINT (9.45119701471669 50.06293114893437)
V2511,Gemünden a.Main,POINT (9.693000711930274 50.056527302417685)
V2512,Karlstadt,POINT (9.743913431125769 49.96997356395032)
V2513,Triefenstein,POINT (9.597550964404833 49.800841195782205)
V2514,Lohr a.Main,POINT (9.569092613935481 50.003813695960666)
V2515,Marktheidenfeld,POINT (9.568232110418316 49.84121036360669)
V2516,Rieneck,POINT (9.635693585301835 50.10127217369514)
V2517,Kreuzwertheim,POINT (9.5039588956104 49.80347282207868)
V2518,Marktheidenfeld,POINT (9.60251296150357 49.876369645136286)
V2519,Burgsinn,POINT (9.607273079971922 50.15823481181707)
V2520,Gemünden a.Main,POINT (9.755611848590766 50.08614913896925)
V2521,Lohr a.Main,POINT (9.605214700406336 49.96244097027775)
V2522,Zellingen,POINT (9.81548060177331 49.911186230909145)
V2523,Partenstein,POINT (9.465608209960356 50.03074729779445)
V2524,Burgjoß,POINT (9.52928146959708 50.20820983983777)
V2525,Forst Aura,POINT (9.617568696997186 50.20139810950346)
V2526,Forst Lohrerstraße,POINT (9.469736704662111 49.972415706378364)
V2527,Frammersbacher Forst,POINT (9.456840179127118 50.072665846535116)
V2528,Fürstl.Löwenstein'scher Park,POINT (9.510229055958039 49.90989830645189)
V2529,Haurain,POINT (9.489832787598376 50.09082333638385)
V2530,Herrnwald,POINT (9.571299840959943 50.09909711634019)
V2531,Langenprozeltener Forst,POINT (9.606789165286717 50.068225814445455)
V2532,Partensteiner Forst,POINT (9.466956104459724 50.02546938613319)
V2533,Ruppertshüttener Forst,POINT (9.553648264536056 50.07675732327859)
V2534,Bergrheinfeld,POINT (10.167453090438299 50.00018076891561)
V2535,Dittelbrunn,POINT (10.205893751369308 50.11191358285025)
V2536,Euerbach,POINT (10.09842218702839 50.06849382710733)
V2537,Geldersheim,POINT (10.14489316752271 50.042511578790915)
V2538,Gochsheim,POINT (10.288534849559406 50.01698931083183)
V2539,Grafenrheinfeld,POINT (10.20813456028535 49.994056195481654)
V2540,Grettstadt,POINT (10.340006989016542 49.98963554275746)
V2541,Kolitzheim,POINT (10.252881872660488 49.93006627364107)
V2542,Niederwerrn,POINT (10.170022434748157 50.06913473260209)
V2543,Poppenhausen,POINT (10.145348619465883 50.102922923166304)
V2544,Röthlein,POINT (10.2137951935372 49.96375558383017)
V2545,Schonungen,POINT (10.348814278642774 50.07733170797126)
V2546,Schwebheim,POINT (10.258418791713686 49.990531435900856)
V2547,Sennfeld,POINT (10.262563277253525 50.03927006905537)
V2548,Stadtlauringen,POINT (10.384821310732628 50.18449352362753)
V2549,Üchtelhausen,POINT (10.283836016181478 50.12174863828463)
V2550,Waigolshausen,POINT (10.14122259433042 49.95588874244937)
V2551,Wasserlosen,POINT (10.024154961379937 50.06804784863357)
V2552,Werneck,POINT (10.083617599950015 49.99052416962727)
V2553,Gerolzhofen,POINT (10.378772661490498 49.91156123646554)
V2554,Schwanfeld,POINT (10.145493710181873 49.920814112424075)
V2555,Bürgerwald,POINT (10.460282712639339 49.88650261626397)
V2556,Geiersberg,POINT (10.436052277427034 49.86373731417751)
V2557,Hundelshausen,POINT (10.47169362504136 49.934225701628094)
V2558,Nonnenkloster,POINT (10.43728949572407 49.89261726159723)
V2559,Stollbergerforst,POINT (10.431368425722155 49.88026397512657)
V2560,Vollburg,POINT (10.461120836266378 49.90367164538366)
V2561,Wustvieler Forst,POINT (10.493993583447491 49.908320582375936)
V2562,Eisingen,POINT (9.826087957181269 49.760199386839524)
V2563,Gaukönigshofen,POINT (10.000997144883932 49.62707676017503)
V2564,Gerbrunn,POINT (10.000354309436345 49.77964931247605)
V2565,Güntersleben,POINT (9.902826086797633 49.87410526813992)
V2566,Hausen b.Würzburg,POINT (10.025765892137475 49.92590387967477)
V2567,Höchberg,POINT (9.8730377173492 49.77684644048308)
V2568,Kleinrinderfeld,POINT (9.84460967575859 49.704635743169185)
V2569,Kürnach,POINT (10.051261235592497 49.84095599229932)
V2570,Neubrunn,POINT (9.664540329128702 49.72224604791925)
V2571,Ochsenfurt,POINT (10.054477832202805 49.661393591650224)
V2572,Randersacker,POINT (10.005740883027169 49.75118579851532)
V2573,Reichenberg,POINT (9.924931907124469 49.709736410670416)
V2574,Rimpar,POINT (9.960512325032143 49.877256538318065)
V2575,Rottendorf,POINT (10.038620418671572 49.79522662209024)
V2576,Theilheim,POINT (10.033189313439008 49.75962806711695)
V2577,Thüngersheim,POINT (9.856898706176002 49.876452051653025)
V2578,Leinach,POINT (9.794880206894552 49.852820366350855)
V2579,Unterpleichfeld,POINT (10.031618027746209 49.87683191923391)
V2580,Veitshöchheim,POINT (9.887835811470364 49.84048496151905)
V2581,Waldbrunn,POINT (9.79193694585699 49.759977026205014)
V2582,Waldbüttelbrunn,POINT (9.800676270583626 49.7855399478599)
V2583,Zell a.Main,POINT (9.859270851648445 49.807100451506585)
V2584,Aub,POINT (10.022261275782283 49.570278540157126)
V2585,Bergtheim,POINT (10.086725524909944 49.89800550716299)
V2586,Eibelstadt,POINT (10.04301729035844 49.70005409792869)
V2587,Estenfeld,POINT (10.092146437643878 49.85738677071587)
V2588,Giebelstadt,POINT (9.912956392815563 49.62353226880386)
V2589,Helmstadt,POINT (9.70260476781236 49.78386730219061)
V2590,Kirchheim,POINT (9.870083244565427 49.663867770441406)
V2591,Kist,POINT (9.760468623776351 49.727010391959396)
V2592,Margetshöchheim,POINT (9.846973580038727 49.84463234396423)
V2593,Röttingen,POINT (9.96918752451995 49.52730177690488)
V2594,Hettstadt,POINT (9.785546782136224 49.81371503729625)
V2595,Gramschatzer Wald,POINT (9.949045348129896 49.91218489837975)
V2596,Guttenberger Wald,POINT (9.867152623419598 49.73254646296875)
V2597,Irtenberger Wald,POINT (9.805647732325749 49.739142809037396)
V2598,Augsburg,POINT (10.885360188305084 48.34553210586635)
V2599,Kaufbeuren,POINT (10.615829078179035 47.87993163359514)
V2600,Kempten (Allgäu),POINT (10.308119622178026 47.738088015564664)
V2601,Memmingen,POINT (10.163063880825694 47.97882899715887)
V2602,Affing,POINT (10.96372498433938 48.449065068047034)
V2603,Aichach,POINT (11.123651904054391 48.445409512865645)
V2604,Friedberg,POINT (11.00348153310929 48.36228333994785)
V2605,Hollenbach,POINT (11.060967053945545 48.48668732914848)
V2606,Inchenhofen,POINT (11.102787234322003 48.523074942631915)
V2607,Kissing,POINT (10.980938909158215 48.304536812752616)
V2608,Merching,POINT (10.98299470805576 48.2439890279411)
V2609,Rehling,POINT (10.917452109877924 48.484573118771365)
V2610,Ried,POINT (11.074337575703028 48.28980690206869)
V2611,Aindling,POINT (10.968474181344298 48.51507755915702)
V2612,Kühbach,POINT (11.20899790365078 48.48380191332424)
V2613,Dasing,POINT (11.099386574988156 48.37458610648188)
V2614,Mering,POINT (10.994584415213495 48.2418229525891)
V2615,Pöttmes,POINT (11.050540370930648 48.574827730272006)
V2616,Adelsried,POINT (10.718268940495886 48.42547006480064)
V2617,Altenmünster,POINT (10.583198698110685 48.46238460628192)
V2618,Aystetten,POINT (10.766461889700773 48.40715417146067)
V2619,Biberbach,POINT (10.78579899505317 48.50894416689276)
V2620,Bobingen,POINT (10.789463141551073 48.273017605264606)
V2621,Diedorf,POINT (10.763239438242667 48.35193986253305)
V2622,Dinkelscherben,POINT (10.585495775129477 48.34141439343332)
V2623,Fischach,POINT (10.650933104592049 48.2832610356522)
V2624,Gablingen,POINT (10.81316491788351 48.45665134550645)
V2625,Gersthofen,POINT (10.822667306134987 48.42979896265633)
V2626,Graben,POINT (10.835559665565068 48.19128686260782)
V2627,Horgau,POINT (10.685423317603624 48.397334704515224)
V2628,Königsbrunn,POINT (10.885393689210845 48.26082542034388)
V2629,Kutzenhausen,POINT (10.692469827674653 48.35593171034577)
V2630,Langweid a.Lech,POINT (10.837073750894627 48.48290436418269)
V2631,Meitingen,POINT (10.833597044745533 48.544791886687904)
V2632,Neusäß,POINT (10.809751952065817 48.39343348952952)
V2633,Schwabmünchen,POINT (10.728169883422833 48.19562908875456)
V2634,Stadtbergen,POINT (10.831031766604825 48.359541833222366)
V2635,Thierhaupten,POINT (10.915386809243318 48.56196901094606)
V2636,Wehringen,POINT (10.804163267258167 48.24899134608153)
V2637,Zusmarshausen,POINT (10.596272548847919 48.406112967813954)
V2638,Nordendorf,POINT (10.826774343965754 48.595988429020494)
V2639,Welden,POINT (10.689109981935735 48.46122975880534)
V2640,Gessertshausen,POINT (10.698815097074526 48.30743627018201)
V2641,Stauden,POINT (10.6137829242705 48.21472256615071)
V2642,Großaitingen,POINT (10.79146581087026 48.22642563747404)
V2643,Lechfeld,POINT (10.82581271178464 48.16545985474915)
V2644,Langerringen,POINT (10.739614228139889 48.1331197834135)
V2645,Schmellerforst,POINT (10.517879829140101 48.31993338473152)
V2646,Bissingen,POINT (10.579679567172011 48.71880273150124)
V2647,Buttenwiesen,POINT (10.719321809989488 48.61070861841898)
V2648,Dillingen a.d.Donau,POINT (10.531285345945017 48.574875601763544)
V2649,Lauingen (Donau),POINT (10.42769032830442 48.56270630943186)
V2650,Gundelfingen a.d.Donau,POINT (10.34793207206071 48.55087765592075)
V2651,Syrgenstein,POINT (10.313378204274287 48.6551511659474)
V2652,Wittislingen,POINT (10.426001400466154 48.64066493599644)
V2653,Höchstädt a.d.Donau,POINT (10.575496206860068 48.645637931889965)
V2654,Wertingen,POINT (10.674840427261232 48.53671210226163)
V2655,Holzheim,POINT (10.506157782331085 48.507967194746215)
V2656,Ursberg,POINT (10.442642151245115 48.24690229134676)
V2657,Bibertal,POINT (10.201529140636099 48.39855510202757)
V2658,Burgau,POINT (10.383145679194119 48.42883273016656)
V2659,Burtenbach,POINT (10.459695558470838 48.34689280879129)
V2660,Günzburg,POINT (10.280202016221237 48.466166903149784)
V2661,Jettingen-Scheppach,POINT (10.462380334390625 48.391608681023015)
V2662,Kammeltal,POINT (10.36746059137449 48.37336570371929)
V2663,Krumbach (Schwaben),POINT (10.379194276801115 48.24487264177463)
V2664,Leipheim,POINT (10.203494415906132 48.45195285110058)
V2665,Neuburg a.d.Kammel,POINT (10.37665275356529 48.304055200360594)
V2666,Offingen,POINT (10.3744891677383 48.47731377145555)
V2667,Haldenwang,POINT (10.46951410875116 48.45217696350498)
V2668,Kötz,POINT (10.275455890480794 48.41232009247181)
V2669,Ichenhausen,POINT (10.289145873491782 48.35886020660399)
V2670,Krumbach (Schwaben),POINT (10.339515896260055 48.22852984133123)
V2671,Thannhausen,POINT (10.473613095732482 48.27843973392454)
V2672,Ziemetshausen,POINT (10.544355440118514 48.2696835345159)
V2673,Ebershauser-Nattenhauser Wald,POINT (10.336595358857855 48.21033365763803)
V2674,Winzerwald,POINT (10.430556927888325 48.21482998787418)
V2675,Bellenberg,POINT (10.096513939615194 48.258464081774534)
V2676,Illertissen,POINT (10.115217511984792 48.22731531428801)
V2677,Nersingen,POINT (10.138643115719974 48.42420850210267)
V2678,Neu-Ulm,POINT (10.052564747061028 48.380641732332066)
V2679,Elchingen,POINT (10.084130526220333 48.44875455329306)
V2680,Roggenburg,POINT (10.226490249714894 48.27991198554758)
V2681,Senden,POINT (10.068940484139805 48.3224620489739)
V2682,Vöhringen,POINT (10.091113750813058 48.28985222658424)
V2683,Weißenhorn,POINT (10.173621097386542 48.30454022275822)
V2684,Pfaffenhofen a.d.Roth,POINT (10.15399240866507 48.36384285754891)
V2685,Altenstadt,POINT (10.1438155746077 48.154648022659806)
V2686,Buch,POINT (10.194618788212846 48.21338110393255)
V2687,Auwald,POINT (10.075197217981225 48.231264326289605)
V2688,Oberroggenburger Wald,POINT (10.251815347175265 48.22544029276102)
V2689,Stoffenrieder Forst,POINT (10.260811372881054 48.32169661754944)
V2690,Unterroggenburger Wald,POINT (10.269957887681842 48.262809326433356)
V2691,Bodolz,POINT (9.659289209532364 47.57347880370626)
V2692,Heimenkirch,POINT (9.904392404957813 47.63346116691893)
V2693,Lindau (Bodensee),POINT (9.6921564212931 47.57759029312922)
V2694,Lindenberg i.Allgäu,POINT (9.890599702142055 47.60441116838224)
V2695,Nonnenhorn,POINT (9.61505799549179 47.57680960686319)
V2696,Opfenbach,POINT (9.838584180415738 47.62735765417874)
V2697,Scheidegg,POINT (9.851501228394069 47.56977272002464)
V2698,Wasserburg (Bodensee),POINT (9.639380048921163 47.57732714731589)
V2699,Weiler-Simmerberg,POINT (9.916755087436323 47.57672578035311)
V2700,Hergatz,POINT (9.85802529213035 47.65800016190087)
V2701,Sigmarszell,POINT (9.77046335088796 47.60007055840952)
V2702,Argental,POINT (10.009522920335725 47.6400006852571)
V2703,Stiefenhofen,POINT (9.9858757060257 47.57681780042052)
V2704,Füssen,POINT (10.66369786771916 47.583217171647554)
V2705,Germaringen,POINT (10.678936054553786 47.94159154295917)
V2706,Lechbruck am See,POINT (10.783638381303216 47.69195272821623)
V2707,Marktoberdorf,POINT (10.619148106142319 47.757445700455264)
V2708,Mauerstetten,POINT (10.67144848119383 47.8740448438191)
V2709,Nesselwang,POINT (10.504772618939178 47.61982434558719)
V2710,Pfronten,POINT (10.5326644688872 47.570588918668726)
V2711,Ronsberg,POINT (10.405700609540322 47.90094252229797)
V2712,Schwangau,POINT (10.76751587968221 47.56722950157864)
V2713,Halblech,POINT (10.847365468545087 47.61126425984072)
V2714,Buchloe,POINT (10.74286667774254 48.023471610065464)
V2715,Pforzen,POINT (10.59758515803116 47.9289297492952)
V2716,Westendorf,POINT (10.73417986496293 47.908228203536645)
V2717,Biessenhofen,POINT (10.618167725254146 47.822887466135384)
V2718,Eggenthal,POINT (10.519749716726178 47.91474646571724)
V2719,Obergünzburg,POINT (10.419496860332979 47.84920175384761)
V2720,Unterthingau,POINT (10.493433094285725 47.7459143025689)
V2721,Seeg,POINT (10.596906742094099 47.65963653657328)
V2722,Roßhaupten,POINT (10.706847023532484 47.65314430265507)
V2723,Stötten a.Auerberg,POINT (10.711597871690712 47.74134256272071)
V2724,Bad Wörishofen,POINT (10.59974807529193 48.00077988177693)
V2725,Buxheim,POINT (10.13108025458352 47.987862586762105)
V2726,Ettringen,POINT (10.659580435686866 48.1259934356954)
V2727,Markt Rettenbach,POINT (10.399778680874066 47.95469043311137)
V2728,Markt Wald,POINT (10.593944460707588 48.147400668154035)
V2729,Mindelheim,POINT (10.495730956739544 48.054629839591186)
V2730,Sontheim,POINT (10.359631905466516 47.999743355159275)
V2731,Tussenhausen,POINT (10.55583101973201 48.106224684617885)
V2732,Ottobeuren,POINT (10.31342633876244 47.92813472264594)
V2733,Babenhausen,POINT (10.278436349517618 48.140010669104676)
V2734,Pfaffenhausen,POINT (10.424704784624538 48.12173528803735)
V2735,Kirchheim i.Schw.,POINT (10.498928701306118 48.182512172943255)
V2736,Boos,POINT (10.182475156564983 48.07311032983707)
V2737,Erkheim,POINT (10.340385302248958 48.04708923574052)
V2738,Türkheim,POINT (10.635420638341122 48.05928559419915)
V2739,Memmingerberg,POINT (10.239538749983428 47.98224901217722)
V2740,Dirlewang,POINT (10.47803152434557 47.985431719405994)
V2741,Illerwinkel,POINT (10.140743881874684 47.87460158104428)
V2742,Bad Grönenbach,POINT (10.227930676513031 47.89099395335353)
V2743,Ungerhauser Wald,POINT (10.281182986059495 48.00142225685777)
V2744,Asbach-Bäumenheim,POINT (10.822597370797437 48.68762636674721)
V2745,Donauwörth,POINT (10.772210947131677 48.72390859299928)
V2746,Fremdingen,POINT (10.474262944894 48.97808603552113)
V2747,Harburg (Schwaben),POINT (10.68847597807018 48.78210379411424)
V2748,Kaisheim,POINT (10.80831490330153 48.77016807834455)
V2749,Marxheim,POINT (10.94565458817313 48.76061816714707)
V2750,Mertingen,POINT (10.791845851448725 48.65150504858103)
V2751,Möttingen,POINT (10.587482792455567 48.80973705583017)
V2752,Nördlingen,POINT (10.511196848661987 48.85750002847653)
V2753,Oberndorf a.Lech,POINT (10.860734541981639 48.66748493252442)
V2754,Rain,POINT (10.95204457648343 48.66879362737533)
V2755,Tapfheim,POINT (10.689540417611694 48.684536866790594)
V2756,Wallerstein,POINT (10.4827038021536 48.91263309091459)
V2757,Oettingen i.Bay.,POINT (10.60805136280041 48.953060531023816)
V2758,Ries,POINT (10.550694103234113 48.80313399273758)
V2759,Wemding,POINT (10.749130469749254 48.86934680460584)
V2760,Monheim,POINT (10.88455153003594 48.827039313006416)
V2761,Rain,POINT (10.91747002726519 48.65816312180074)
V2762,Dornstadt-Linkersbaindt,POINT (10.567169306746589 49.01456320564807)
V2763,Esterholz,POINT (11.023600305860267 48.63641121838365)
V2764,Altusried,POINT (10.177328663166824 47.790758718703444)
V2765,Betzigau,POINT (10.408245707201322 47.733599477734685)
V2766,Blaichach,POINT (10.185828052489837 47.5024769517365)
V2767,Buchenberg,POINT (10.195171043148163 47.7074596052795)
V2768,Burgberg i.Allgäu,POINT (10.299200756108203 47.54486731175699)
V2769,Dietmannsried,POINT (10.28303768523085 47.82892295494191)
V2770,Durach,POINT (10.38119720593967 47.69613277383697)
V2771,Haldenwang,POINT (10.35883533240938 47.79108395630687)
V2772,Bad Hindelang,POINT (10.40175016309894 47.46690152543957)
V2773,Immenstadt i.Allgäu,POINT (10.19520243604458 47.57421758548391)
V2774,Lauben,POINT (10.309134719813704 47.780193917126994)
V2775,Oy-Mittelberg,POINT (10.43928063752031 47.648653376906715)
V2776,Oberstaufen,POINT (10.058034701166811 47.52813031398124)
V2777,Oberstdorf,POINT (10.267993158352727 47.36874240842572)
V2778,Rettenberg,POINT (10.319140185036286 47.58644790107657)
V2779,Sonthofen,POINT (10.313990977510892 47.50473788224797)
V2780,Sulzberg,POINT (10.355592819573753 47.6594700475482)
V2781,Waltenhofen,POINT (10.26538367945134 47.64844121145799)
V2782,Wertach,POINT (10.41193778266445 47.58411031217859)
V2783,Wiggensbach,POINT (10.214509587312948 47.74396060720067)
V2784,Wildpoldsried,POINT (10.4153251188274 47.775694986847114)
V2785,Hörnergruppe,POINT (10.185263545119485 47.451314536418096)
V2786,Weitnau,POINT (10.135476595091504 47.634443765575895)
V2787,Kempter Wald,POINT (10.441818501788742 47.709832589525575)
V2788,Brandenburg an der Havel,POINT (12.51952189423638 52.40283060622218)
V2789,Cottbus,POINT (14.366486993217121 51.77241393936929)
V2790,Frankfurt (Oder),POINT (14.490304673787232 52.32467853002685)
V2791,Potsdam,POINT (13.029374828886437 52.42617306812213)
V2792,Ahrensfelde,POINT (13.599321040731377 52.595341097371254)
V2793,Bernau bei Berlin,POINT (13.575739296215616 52.686958225516115)
V2794,Eberswalde,POINT (13.781401244429965 52.82653204386391)
V2795,Panketal,POINT (13.53193897851093 52.64233713600926)
V2796,Schorfheide,POINT (13.593420356577871 52.90913703183296)
V2797,Wandlitz,POINT (13.486039746797179 52.75567683492694)
V2798,Werneuchen,POINT (13.734927857098233 52.64790742842363)
V2799,Biesenthal-Barnim,POINT (13.67817884449643 52.77586582026693)
V2800,Joachimsthal (Schorfheide),POINT (13.761802323948915 52.97873733637145)
V2801,Britz-Chorin-Oderberg,POINT (13.952837004320493 52.89383149262584)
V2802,Bestensee,POINT (13.643200165787096 52.22946209972507)
V2803,Eichwalde,POINT (13.62495566182443 52.372482837469136)
V2804,Heidesee,POINT (13.769713209028627 52.24703321678507)
V2805,Heideblick,POINT (13.632320780576809 51.79901428728708)
V2806,Königs Wusterhausen,POINT (13.677498349442018 52.3139965827526)
V2807,Lübben (Spreewald),POINT (13.893141988524286 51.945649958730115)
V2808,Luckau,POINT (13.745013306756364 51.85008279678823)
V2809,Märkische Heide,POINT (14.012538029027231 52.04688156463652)
V2810,Mittenwalde,POINT (13.549897081977267 52.24900639285472)
V2811,Schönefeld,POINT (13.504817495182813 52.368060439799784)
V2812,Schulzendorf,POINT (13.588699080022746 52.35679442918323)
V2813,Wildau,POINT (13.62155123498508 52.3213621653516)
V2814,Zeuthen,POINT (13.612713028482492 52.34538827469956)
V2815,Schenkenländchen,POINT (13.714981978954127 52.12384175108256)
V2816,Lieberose/Oberspreewald,POINT (14.202889360536465 51.966957881458)
V2817,Unterspreewald,POINT (13.70510462202316 51.98770528904869)
V2818,Doberlug-Kirchhain,POINT (13.502502399741251 51.645203914752685)
V2819,Elsterwerda,POINT (13.522081552849638 51.464340823748756)
V2820,Finsterwalde,POINT (13.714441172476375 51.57828516551825)
V2821,Herzberg (Elster),POINT (13.194605143479741 51.67327571522723)
V2822,Röderland,POINT (13.463860414471084 51.44925479305546)
V2823,Schönewalde,POINT (13.238684433448968 51.80041099667831)
V2824,Sonnewalde,POINT (13.636228112260374 51.70208040550112)
V2825,Liebenwerda,POINT (13.310579852402379 51.53117352702002)
V2826,Elsterland,POINT (13.541525775499593 51.5854487263695)
V2827,Kleine Elster (Niederlausitz),POINT (13.788130856944775 51.64720097985994)
V2828,Plessa,POINT (13.617880128549729 51.49031621593541)
V2829,Schlieben,POINT (13.409319399320811 51.73821511692141)
V2830,Schradenland,POINT (13.61122797718539 51.40230247830527)
V2831,Brieselang,POINT (12.969213988892328 52.589301355126075)
V2832,Dallgow-Döberitz,POINT (13.071033369768989 52.51228364354971)
V2833,Falkensee,POINT (13.081640469776387 52.57382800012028)
V2834,Ketzin/Havel,POINT (12.8388268078644 52.501710801308406)
V2835,Milower Land,POINT (12.277979703816765 52.52894722464758)
V2836,Nauen,POINT (12.827680037896538 52.617928560676624)
V2837,Premnitz,POINT (12.368839702219695 52.54382327019434)
V2838,Rathenow,POINT (12.321736734034605 52.618212323698344)
V2839,Schönwalde-Glien,POINT (13.039918908779262 52.64196663676658)
V2840,Wustermark,POINT (12.950752472834832 52.53840539610397)
V2841,Friesack,POINT (12.642224310519847 52.705542960191856)
V2842,Nennhausen,POINT (12.526144888429533 52.606537824039975)
V2843,Rhinow,POINT (12.35335268962292 52.728606513274656)
V2844,Altlandsberg,POINT (13.798384962981402 52.59232659069976)
V2845,Bad Freienwalde (Oder),POINT (14.063589120280714 52.81482390071734)
V2846,Fredersdorf-Vogelsdorf,POINT (13.745920137913789 52.51480897031768)
V2847,Hoppegarten,POINT (13.648937046503036 52.51995926511811)
V2848,Letschin,POINT (14.364327998525688 52.668430969559225)
V2849,Müncheberg,POINT (14.1285943501931 52.51466141465773)
V2850,Neuenhagen bei Berlin,POINT (13.701098337216036 52.52648092123312)
V2851,Petershagen/Eggersdorf,POINT (13.800488526397432 52.52976715878079)
V2852,Rüdersdorf bei Berlin,POINT (13.826657126397755 52.480792058360706)
V2853,Seelow,POINT (14.400886341038625 52.552875530290066)
V2854,Strausberg,POINT (13.900394175089044 52.566716542395994)
V2855,Wriezen,POINT (14.104725139727588 52.71774846785738)
V2856,Falkenberg-Höhe,POINT (13.890373945493245 52.736356637424834)
V2857,Golzow,POINT (14.521476556024611 52.577132533460265)
V2858,Lebus,POINT (14.485879908065362 52.443103269014095)
V2859,Märkische Schweiz,POINT (14.026416812460369 52.56393536364326)
V2860,Seelow-Land,POINT (14.322086469724013 52.5308774663654)
V2861,Barnim-Oderbruch,POINT (14.124547937567641 52.703726632762766)
V2862,Birkenwerder,POINT (13.306422356224429 52.70221241693236)
V2863,Fürstenberg/Havel,POINT (13.205102021019027 53.156504999166486)
V2864,Glienicke/Nordbahn,POINT (13.329791523713508 52.63283727114651)
V2865,Hennigsdorf,POINT (13.20083626295812 52.63036534789502)
V2866,Hohen Neuendorf,POINT (13.280343037428766 52.68498915244743)
V2867,Kremmen,POINT (13.028322382590678 52.78575815211073)
V2868,Leegebruch,POINT (13.194561247814786 52.7193074657332)
V2869,Liebenwalde,POINT (13.398767684775777 52.8592998029784)
V2870,Löwenberger Land,POINT (13.181814850581578 52.88714440663835)
V2871,Mühlenbecker Land,POINT (13.371906409226632 52.680689332735355)
V2872,Oberkrämer,POINT (13.104314077289546 52.69465896796281)
V2873,Oranienburg,POINT (13.286776459282283 52.7720418232596)
V2874,Velten,POINT (13.197464026801022 52.68722844454238)
V2875,Zehdenick,POINT (13.341304494995647 52.99390840547069)
V2876,Gransee und Gemeinden,POINT (13.105654797457646 53.06119209919602)
V2877,Calau,POINT (13.907277374791851 51.748124229441075)
V2878,Großräschen,POINT (13.9864863929978 51.59329963096304)
V2879,Lauchhammer,POINT (13.753506215247533 51.50365528093304)
V2880,Lübbenau/Spreewald,POINT (13.95150459920786 51.84889909446204)
V2881,Schipkau,POINT (13.910156351329636 51.535397112654685)
V2882,Schwarzheide,POINT (13.856309495596925 51.48331334392194)
V2883,Senftenberg,POINT (14.02918068112602 51.50962645454062)
V2884,Vetschau/Spreewald,POINT (14.063178834773863 51.768481550895515)
V2885,Altdöbern,POINT (14.031937492905737 51.643345778130275)
V2886,Ortrand,POINT (13.758776223845237 51.40762377422423)
V2887,Ruhland,POINT (13.9120459471052 51.4250015356946)
V2888,Beeskow,POINT (14.27078755318292 52.175568837739945)
V2889,Eisenhüttenstadt,POINT (14.639070784208654 52.15547616768819)
V2890,Erkner,POINT (13.762453068101761 52.41309783739565)
V2891,Friedland,POINT (14.32550750668165 52.09269472236069)
V2892,Fürstenwalde/Spree,POINT (14.057438966187483 52.374414059131254)
V2893,Grünheide (Mark),POINT (13.893885627719161 52.41827550282815)
V2894,Rietz-Neuendorf,POINT (14.172878995528464 52.24573976389428)
V2895,Schöneiche bei Berlin,POINT (13.705708490707096 52.47915979565941)
V2896,Storkow (Mark),POINT (13.92685378543693 52.202718147339716)
V2897,Tauche,POINT (14.126209501942984 52.125286663971444)
V2898,Woltersdorf,POINT (13.761317587791442 52.44934969788317)
V2899,Brieskow-Finkenheerd,POINT (14.60842425361961 52.23484315727)
V2900,Neuzelle,POINT (14.614031605280408 52.06307110035335)
V2901,Odervorland,POINT (14.22329638611745 52.38715168625968)
V2902,Scharmützelsee,POINT (14.039498229568208 52.26077275451342)
V2903,Schlaubetal,POINT (14.44068964965396 52.19222237027299)
V2904,Spreenhagen,POINT (13.892673403709175 52.34046621881311)
V2905,Fehrbellin,POINT (12.795731593350093 52.78644334639871)
V2906,Heiligengrabe,POINT (12.385461040274087 53.12374828784356)
V2907,Kyritz,POINT (12.394908891399698 52.96657027596792)
V2908,Neuruppin,POINT (12.836239972354253 52.95154458024567)
V2909,Rheinsberg,POINT (12.840976009846958 53.119218579269806)
V2910,Wittstock/Dosse,POINT (12.541960618372306 53.16964728324138)
V2911,Wusterhausen/Dosse,POINT (12.531871012895115 52.90392388169394)
V2912,Lindow (Mark),POINT (12.990668468239663 52.94668571353702)
V2913,Neustadt (Dosse),POINT (12.362558804248703 52.83954981320005)
V2914,Temnitz,POINT (12.665488040343083 52.948341328776806)
V2915,Beelitz,POINT (12.947586139053538 52.2272738150585)
V2916,Bad Belzig,POINT (12.566097006308624 52.180061276999695)
V2917,Groß Kreutz (Havel),POINT (12.763930664102055 52.42093855994093)
V2918,Kleinmachnow,POINT (13.211325250510049 52.40657321827035)
V2919,Kloster Lehnin,POINT (12.68917647513209 52.32806641493009)
V2920,Michendorf,POINT (13.057491977026821 52.29376861005233)
V2921,Nuthetal,POINT (13.125068155629695 52.31494380184116)
V2922,Schwielowsee,POINT (12.938360567122617 52.326027713363466)
V2923,Seddiner See,POINT (13.002444224238268 52.276651848044196)
V2924,Stahnsdorf,POINT (13.200869252638098 52.361334381792446)
V2925,Teltow,POINT (13.273507871275495 52.38500078416331)
V2926,Treuenbrietzen,POINT (12.860131151086211 52.06993393598668)
V2927,Werder (Havel),POINT (12.88461573489042 52.38334471047424)
V2928,Wiesenburg/Mark,POINT (12.429200972723157 52.089960186958635)
V2929,Beetzsee,POINT (12.576445165479289 52.49587033345554)
V2930,Brück,POINT (12.726083193711911 52.22588765405666)
V2931,Niemegk,POINT (12.68812587098884 52.07675073833636)
V2932,Wusterwitz,POINT (12.345871146043132 52.36926003713776)
V2933,Ziesar,POINT (12.364061731206059 52.23302705904973)
V2934,Groß Pankow (Prignitz),POINT (12.069787437641843 53.113934603795)
V2935,Gumtow,POINT (12.235328813028442 52.99678989275855)
V2936,Karstädt,POINT (11.702815151285687 53.16470573149629)
V2937,Perleberg,POINT (11.845903575734548 53.0808958572817)
V2938,Plattenburg,POINT (12.046098001110163 52.98325453853663)
V2939,Pritzwalk,POINT (12.205371930150067 53.156194613318576)
V2940,Wittenberge,POINT (11.748013739450554 53.00629367076904)
V2941,Bad Wilsnack/Weisen,POINT (11.908745114790886 52.96092486297285)
V2942,Lenzen-Elbtalaue,POINT (11.512043512271276 53.085893743761524)
V2943,Meyenburg,POINT (12.204921454749494 53.28516386860563)
V2944,Putlitz-Berge,POINT (11.992358270053215 53.23895837584638)
V2945,Drebkau,POINT (14.216549264711587 51.6652900405292)
V2946,Forst (Lausitz),POINT (14.620493538563736 51.74313639716275)
V2947,Guben,POINT (14.681863572163486 51.95733458255934)
V2948,Kolkwitz,POINT (14.198934416165624 51.75426394201201)
V2949,Neuhausen/Spree,POINT (14.431444329785426 51.68798451102114)
V2950,Schenkendöbern,POINT (14.546646971322154 51.964777399352805)
V2951,Spremberg,POINT (14.378772714958787 51.58775738214423)
V2952,Welzow,POINT (14.210344493416503 51.56039195752676)
V2953,Burg (Spreewald),POINT (14.199419423754163 51.83839012530661)
V2954,Döbern-Land,POINT (14.611975100171849 51.640178487502034)
V2955,Peitz,POINT (14.447598337709602 51.876491651404564)
V2956,Am Mellensee,POINT (13.37376844621909 52.14636981984759)
V2957,Baruth/Mark,POINT (13.484114340793578 52.03501671755901)
V2958,Blankenfelde-Mahlow,POINT (13.412694834868589 52.329791164655134)
V2959,Großbeeren,POINT (13.328252491870083 52.36213822052722)
V2960,Jüterbog,POINT (13.087821240546557 52.0256268803835)
V2961,Luckenwalde,POINT (13.151767207683964 52.089478084427654)
V2962,Ludwigsfelde,POINT (13.263426967794723 52.291423806108845)
V2963,Niedergörsdorf,POINT (12.965806328953116 51.9612647186097)
V2964,Nuthe-Urstromtal,POINT (13.204425623247369 52.100312843224906)
V2965,Rangsdorf,POINT (13.45286353608148 52.284200083971754)
V2966,Trebbin,POINT (13.216393885109703 52.21672196969459)
V2967,Zossen,POINT (13.458551121201022 52.19557207453642)
V2968,Dahme/Mark,POINT (13.340041797793068 51.89306287097903)
V2969,Angermünde,POINT (13.969849528913107 53.04256540075284)
V2970,Boitzenburger Land,POINT (13.552757425291931 53.25336323088886)
V2971,Lychen,POINT (13.325526798828793 53.215283704866664)
V2972,Nordwestuckermark,POINT (13.69238712221013 53.32674844776566)
V2973,Prenzlau,POINT (13.855167457502779 53.32914225924005)
V2974,Templin,POINT (13.498167675587625 53.104548964333624)
V2975,Uckerland,POINT (13.784644862594904 53.450004081008025)
V2976,Schwedt/Oder,POINT (14.200558090170203 53.09068355375225)
V2977,Brüssow (Uckermark),POINT (14.069790775779094 53.383651196320194)
V2978,Gartz (Oder),POINT (14.282480719739537 53.230655413941584)
V2979,Gerswalde,POINT (13.729559672649167 53.12537759173033)
V2980,Gramzow,POINT (13.986828711659983 53.23947123827848)
V2981,Rostock,POINT (12.14108453806055 54.14737562682494)
V2982,Schwerin,POINT (11.416655019142254 53.621371791690585)
V2983,Dargun,POINT (12.847334407267969 53.913324326890134)
V2984,Demmin,POINT (13.028145377105306 53.919801763903195)
V2985,Feldberger Seenlandschaft,POINT (13.404911968431518 53.33200184376436)
V2986,Neubrandenburg,POINT (13.248790741838832 53.54149619194625)
V2987,Neustrelitz,POINT (13.07001746127381 53.33943946894041)
V2988,Waren (Müritz),POINT (12.692141187255759 53.48214245196981)
V2989,Demmin-Land,POINT (13.034852963123326 53.85264402345649)
V2990,Friedland,POINT (13.567924791552596 53.64865918577858)
V2991,Malchin am Kummerower See,POINT (12.765984193611942 53.73799504044075)
V2992,Malchow,POINT (12.413178345043011 53.478379708632)
V2993,Mecklenburgische Kleinseenplatte,POINT (12.920465161771391 53.26524672718254)
V2994,Neustrelitz-Land,POINT (13.136637014382565 53.37615255760315)
V2995,Neverin,POINT (13.319939144912626 53.61173501881521)
V2996,Penzliner Land,POINT (13.011713982813244 53.51754621398806)
V2997,Röbel-Müritz,POINT (12.597397086833416 53.334896892384364)
V2998,Seenlandschaft Waren,POINT (12.65381015966797 53.562016643100726)
V2999,Stargarder Land,POINT (13.355174349263445 53.48557714848074)
V3000,Stavenhagen,POINT (12.961035425028074 53.65530482883889)
V3001,Treptower Tollensewinkel,POINT (13.22253569454744 53.721236648323924)
V3002,Woldegk,POINT (13.576519899748826 53.49943086641212)
V3003,Bad Doberan,POINT (11.888817833062825 54.11554518590144)
V3004,Dummerstorf,POINT (12.230096961797393 54.01193014025644)
V3005,Graal-Müritz,POINT (12.248675438179443 54.254140469832286)
V3006,Güstrow,POINT (12.204719288440446 53.79125565753628)
V3007,Kröpelin,POINT (11.795344229280104 54.06301009963139)
V3008,Kühlungsborn,POINT (11.745481208877107 54.13949859836773)
V3009,Neubukow,POINT (11.663026620162805 54.02601283383114)
V3010,Sanitz,POINT (12.383139182010748 54.06850116389269)
V3011,Satow,POINT (11.906554251534814 53.99927463836496)
V3012,Teterow,POINT (12.591686759491022 53.775797303656965)
V3013,Bad Doberan-Land,POINT (11.905261423324479 54.103762704828945)
V3014,Bützow-Land,POINT (11.916982543917948 53.850200034329546)
V3015,Carbäk,POINT (12.277865570941481 54.09872240133453)
V3016,Gnoien,POINT (12.677122665705978 53.958285071879374)
V3017,Güstrow-Land,POINT (12.160180706204978 53.771302811836435)
V3018,Krakow am See,POINT (12.338693227804336 53.69469470867146)
V3019,Laage,POINT (12.336951907001104 53.9184567902698)
V3020,Mecklenburgische Schweiz,POINT (12.56876458042722 53.80823938820528)
V3021,Neubukow-Salzhaff,POINT (11.67898825316364 54.04489232749508)
V3022,Rostocker Heide,POINT (12.282768750410453 54.16767642362153)
V3023,Schwaan,POINT (12.086836944634257 53.931407971100704)
V3024,Tessin,POINT (12.498448481711199 54.027471658260914)
V3025,Warnow-West,POINT (12.053608062943606 54.05136331399234)
V3026,Binz,POINT (13.593473540419414 54.41688598534976)
V3027,Grimmen,POINT (13.049635615499524 54.11900816113532)
V3028,Marlow,POINT (12.493908361461646 54.16341150536416)
V3029,Putbus,POINT (13.464945958894448 54.34784926119982)
V3030,Sassnitz,POINT (13.616588704037323 54.524216852290955)
V3031,Stralsund,POINT (13.088678861684853 54.30032412927654)
V3032,Süderholz,POINT (13.128319663898113 54.07263316353559)
V3033,Zingst,POINT (12.774499941203441 54.42937545345849)
V3034,Altenpleen,POINT (12.985604361690708 54.377762225415914)
V3035,Barth,POINT (12.657238783156442 54.31973882791433)
V3036,Bergen auf Rügen,POINT (13.369864496607256 54.37843715258506)
V3037,Darß/Fischland,POINT (12.478533369077828 54.384066154952414)
V3038,Franzburg-Richtenberg,POINT (12.883139836079742 54.162339767302505)
V3039,Miltzow,POINT (13.151918270207993 54.18988416068196)
V3040,Mönchgut-Granitz,POINT (13.641599307381739 54.35583084412759)
V3041,Niepars,POINT (12.953766031999296 54.281517411915836)
V3042,Nord-Rügen,POINT (13.406983032303318 54.598604118431545)
V3043,Recknitz-Trebeltal,POINT (12.734170268976904 54.09480838555792)
V3044,Ribnitz-Damgarten,POINT (12.51632064319187 54.23884021214282)
V3045,West-Rügen,POINT (13.24146708303409 54.445118858942955)
V3046,Grevesmühlen,POINT (11.201867034591103 53.863084561079894)
V3047,Insel Poel,POINT (11.436218488122012 53.9933703660868)
V3048,Wismar,POINT (11.462356697037988 53.89850675519507)
V3049,Dorf Mecklenburg-Bad Kleinen,POINT (11.446451334949035 53.8190777874723)
V3050,Gadebusch,POINT (11.10303771823244 53.6950451732841)
V3051,Grevesmühlen-Land,POINT (11.185897002835237 53.84929279494584)
V3052,Klützer Winkel,POINT (11.171926815487465 53.94939639432364)
V3053,Lützow-Lübstorf,POINT (11.288752074657493 53.67869311944177)
V3054,Neuburg,POINT (11.57143672318232 53.95113701065923)
V3055,Neukloster-Warin,POINT (11.691900292085544 53.85893736791222)
V3056,Rehna,POINT (10.963706923014996 53.75881967039951)
V3057,Schönberger Land,POINT (10.913452122270416 53.86420461039618)
V3058,Anklam,POINT (13.698396300664506 53.836270651212935)
V3059,Greifswald,POINT (13.414399938100107 54.088679047306066)
V3060,Heringsdorf,POINT (14.14303775958534 53.94952328810075)
V3061,Pasewalk,POINT (14.006479537531376 53.51386432381103)
V3062,Strasburg (Uckermark),POINT (13.74956919428409 53.53814453320503)
V3063,Ueckermünde,POINT (14.070968820086634 53.75836542376083)
V3064,Am Peenestrom,POINT (13.788763454839371 53.9939425106126)
V3065,Am Stettiner Haff,POINT (14.108521781782796 53.70245649237679)
V3066,Anklam-Land,POINT (13.62026620886511 53.79370631190501)
V3067,Jarmen-Tutow,POINT (13.279107486647295 53.889064076720416)
V3068,Landhagen,POINT (13.35199724543459 54.07509943981081)
V3069,Löcknitz-Penkun,POINT (14.254429508711402 53.41913028494072)
V3070,Lubmin,POINT (13.635154680709423 54.092451459620655)
V3071,Peenetal/Loitz,POINT (13.165395182249343 53.991513433432175)
V3072,Torgelow-Ferdinandshof,POINT (13.896365240551514 53.64014050319883)
V3073,Uecker-Randow-Tal,POINT (14.003770037107326 53.52122450239186)
V3074,Usedom-Nord,POINT (13.83014592390996 54.109446765470636)
V3075,Usedom-Süd,POINT (14.023081423558832 53.92389671734879)
V3076,Züssow,POINT (13.57709448582555 53.94362118528892)
V3077,Boizenburg/Elbe,POINT (10.727098356295587 53.38583461357819)
V3078,Hagenow,POINT (11.200629888052612 53.44260187427934)
V3079,Lübtheen,POINT (11.08789443349795 53.2980784589109)
V3080,Ludwigslust,POINT (11.43888421027134 53.316054982985285)
V3081,Parchim,POINT (11.825581609661185 53.430331106782134)
V3082,Boizenburg-Land,POINT (10.805084741859366 53.40191007686967)
V3083,Dömitz-Malliß,POINT (11.26863790367714 53.19935787558756)
V3084,Eldenburg Lübz,POINT (12.022060254999412 53.417615576077935)
V3085,Goldberg-Mildenitz,POINT (12.06994625698716 53.588625070835626)
V3086,Grabow,POINT (11.577354924452267 53.24245138591394)
V3087,Hagenow-Land,POINT (11.237636462746517 53.407779945411974)
V3088,Ludwigslust-Land,POINT (11.40795008342715 53.388118888882936)
V3089,Neustadt-Glewe,POINT (11.59918366851532 53.39649783618314)
V3090,Parchimer Umland,POINT (11.797003726941 53.4405441683931)
V3091,Plau am See,POINT (12.244243903539319 53.442848942698866)
V3092,Sternberger Seenlandschaft,POINT (11.803971887282815 53.69798707879498)
V3093,Stralendorf,POINT (11.289687520680175 53.56613838085809)
V3094,Wittenburg,POINT (11.075946290684275 53.517952287816755)
V3095,Zarrentin,POINT (10.936593985287926 53.49778195841448)
V3096,Crivitz,POINT (11.615228421847386 53.59253697608453)
V3097,Chemnitz,POINT (12.911858561769979 50.826323841104596)
V3098,Amtsberg,POINT (13.005529231581834 50.743700143153376)
V3099,Annaberg-Buchholz,POINT (13.01106570712611 50.57575740262608)
V3100,Aue-Bad Schlema,POINT (12.68449647599525 50.60505531792756)
V3101,Breitenbrunn/Erzgeb.,POINT (12.775478120415803 50.47155798622582)
V3102,Crottendorf,POINT (12.927542014421869 50.50277602786022)
V3103,Drebach,POINT (13.020733757117174 50.687393262551524)
V3104,Ehrenfriedersdorf,POINT (12.96007718246239 50.64541517294222)
V3105,Eibenstock,POINT (12.609518120778606 50.46954604623958)
V3106,Gelenau/Erzgeb.,POINT (12.952109381816939 50.71024448571562)
V3107,Großolbersdorf,POINT (13.081689463598952 50.69431604289541)
V3108,Großrückerswalde,POINT (13.109510982133164 50.62130329487553)
V3109,Grünhain-Beierfeld,POINT (12.810656922912411 50.57594919976484)
V3110,Hohndorf,POINT (12.673432713826577 50.742812236239054)
V3111,Jahnsdorf/Erzgeb.,POINT (12.827058069041733 50.75463533190329)
V3112,Johanngeorgenstadt,POINT (12.69485241031044 50.4344356625823)
V3113,Jöhstadt,POINT (13.133288290666789 50.53474609317804)
V3114,Lauter-Bernsbach,POINT (12.735798888691075 50.56071903592034)
V3115,Lößnitz,POINT (12.74845214791421 50.62528150746376)
V3116,Marienberg,POINT (13.206631849967131 50.62037542591655)
V3117,Mildenau,POINT (13.092724819375652 50.578865708414625)
V3118,Neukirchen/Erzgeb.,POINT (12.864797149966881 50.76969848941831)
V3119,Oberwiesenthal,POINT (12.947489339118702 50.4406623975291)
V3120,Oelsnitz/Erzgeb.,POINT (12.701998476825546 50.714853385450326)
V3121,Olbernhau,POINT (13.334919360091588 50.66804170459489)
V3122,Pockau-Lengefeld,POINT (13.219057848494598 50.71961140128637)
V3123,Raschau-Markersbach,POINT (12.862516071862139 50.516889612240966)
V3124,Schneeberg,POINT (12.620283582177374 50.59270872998041)
V3125,Schönheide,POINT (12.518233249306926 50.50112710023167)
V3126,Schwarzenberg/Erzgeb.,POINT (12.78387322076991 50.517902574705566)
V3127,Sehmatal,POINT (12.98002066154917 50.49535144458046)
V3128,Stützengrün,POINT (12.556041990160365 50.53711697230878)
V3129,Thalheim/Erzgeb.,POINT (12.848635885641546 50.700361597932655)
V3130,Thermalbad Wiesenbad,POINT (13.010178397419457 50.6188117279455)
V3131,Thum,POINT (12.950861870512767 50.67430655484501)
V3132,Wolkenstein,POINT (13.075271093421335 50.65461674559309)
V3133,Bärenstein-Königswalde,POINT (13.044811267070571 50.52874251725215)
V3134,Burkhardtsdorf,POINT (12.912669244618096 50.7184127207882)
V3135,Geyer-Tannenberg,POINT (12.915408189483339 50.624396563747794)
V3136,Lugau,POINT (12.753227962994455 50.751996565035725)
V3137,Scheibenberg-Schlettau,POINT (12.937250754223266 50.558223416618475)
V3138,Kurort Seiffen - Deutschneudorf - Heidersdorf,POINT (13.443967799988563 50.64561549945299)
V3139,Stollberg/Erzgeb.,POINT (12.770457523440676 50.69551498158629)
V3140,Zschopau,POINT (13.068798287376922 50.755541000303936)
V3141,Zschorlau,POINT (12.662342621235421 50.540414842752874)
V3142,Zwönitz,POINT (12.85185618619916 50.624790734339)
V3143,Wildenstein,POINT (13.15251171404563 50.754290095473664)
V3144,Augustusburg,POINT (13.087093893439937 50.815125485720806)
V3145,Bobritzsch-Hilbersdorf,POINT (13.446267488590543 50.89082074497855)
V3146,Brand-Erbisdorf,POINT (13.293960098254239 50.84915216379299)
V3147,Claußnitz,POINT (12.880737394778063 50.93930290597997)
V3148,Döbeln,POINT (13.148310108678931 51.124578242531484)
V3149,Eppendorf,POINT (13.254815566426405 50.795715064149945)
V3150,Erlau,POINT (12.916677129491237 51.029770351263316)
V3151,Flöha,POINT (13.086359471147446 50.85574117900409)
V3152,Frankenberg/Sa.,POINT (13.075106679910336 50.91238009642822)
V3153,Frauenstein,POINT (13.515818888586484 50.79438690321104)
V3154,Freiberg,POINT (13.334020916776685 50.914619579803535)
V3155,Geringswalde,POINT (12.911542885914232 51.07338451403424)
V3156,Großhartmannsdorf,POINT (13.319249676427617 50.776487912509694)
V3157,Großschirma,POINT (13.281698862127397 50.990430627558744)
V3158,Großweitzschen,POINT (13.057745464682567 51.167073899725644)
V3159,Hainichen,POINT (13.134337788374523 50.954152449571616)
V3160,Halsbrücke,POINT (13.389553189590197 50.96306498473125)
V3161,Hartha,POINT (12.968203725453264 51.114112685359224)
V3162,Hartmannsdorf,POINT (12.795599187078027 50.8826766131566)
V3163,Jahnatal,POINT (13.143884918301238 51.1917551845761)
V3164,Königshain-Wiederau,POINT (12.859259694170701 50.97201680963094)
V3165,Kriebstein,POINT (13.04986380341117 51.038272557635054)
V3166,Leisnig,POINT (12.937840116716638 51.17624673283742)
V3167,Leubsdorf,POINT (13.15665578914941 50.80242405409956)
V3168,Lichtenau,POINT (12.960588593486664 50.918039787807906)
V3169,Lunzenau,POINT (12.752556723443364 50.964599640286124)
V3170,Mulda/Sa.,POINT (13.396711195543777 50.79322652722164)
V3171,Neuhausen/Erzgeb.,POINT (13.492273738313392 50.6817790104714)
V3172,Niederwiesa,POINT (13.017470390544034 50.866816537078634)
V3173,Oberschöna,POINT (13.250445601112379 50.922875904879206)
V3174,Oederan,POINT (13.189846669982064 50.867119976317554)
V3175,Penig,POINT (12.691177319064955 50.947687188024375)
V3176,Rechenberg-Bienenmühle,POINT (13.556565981613655 50.73789921128625)
V3177,Reinsberg,POINT (13.379610499762785 51.016203969657646)
V3178,Rossau,POINT (13.059935623271059 50.99549506869943)
V3179,Roßwein,POINT (13.175771505267148 51.07851764603983)
V3180,Striegistal,POINT (13.186486323437295 51.017567090407816)
V3181,Waldheim,POINT (13.035225775477498 51.07399270763814)
V3182,Wechselburg,POINT (12.784892133153887 50.99601369696451)
V3183,Burgstädt,POINT (12.809807204443036 50.915512699131014)
V3184,Lichtenberg-Weißenborn,POINT (13.396094795541286 50.84714941123116)
V3185,Mittweida,POINT (12.957052777681755 50.98728192937582)
V3186,Rochlitz,POINT (12.797689482082125 51.054099097355234)
V3187,Sayda/Dorfchemnitz,POINT (13.425709904220765 50.73457883220798)
V3188,Adorf/Vogtl.,POINT (12.24347449027018 50.32514741533933)
V3189,Auerbach/Vogtl.,POINT (12.419966363039984 50.488836560518635)
V3190,Bad Brambach,POINT (12.303821342668686 50.22660639010362)
V3191,Bad Elster,POINT (12.250334322364502 50.2819919249592)
V3192,Ellefeld,POINT (12.389204402835325 50.48136963203875)
V3193,Elsterberg,POINT (12.172277541838454 50.60583276864211)
V3194,Klingenthal,POINT (12.445816307680527 50.374561613213594)
V3195,Lengenfeld,POINT (12.377261079186297 50.58366089615112)
V3196,Markneukirchen,POINT (12.348315424742115 50.309246515329505)
V3197,Muldenhammer,POINT (12.495205334556854 50.42863092513577)
V3198,Neumark,POINT (12.353725925307266 50.65454141557643)
V3199,Pausa-Mühltroff,POINT (11.957333588357907 50.56482104593042)
V3200,Plauen,POINT (12.135980342538321 50.49848456904728)
V3201,Pöhl,POINT (12.197534761938947 50.5577422614452)
V3202,Rodewisch,POINT (12.418477408274049 50.536255213763056)
V3203,Rosenbach/Vogtl.,POINT (12.025853126892898 50.5309601034554)
V3204,Steinberg,POINT (12.476956134396989 50.54424740059665)
V3205,Weischlitz,POINT (12.007438795742173 50.440487798880234)
V3206,Falkenstein,POINT (12.357423693387027 50.45255479568858)
V3207,Netzschkau-Limbach,POINT (12.244602988231275 50.596842143986294)
V3208,"Oelsnitz/Vogtl., Bösenbrunn, Eichigt und Triebel/Vogtl.",POINT (12.120821430847695 50.37736496640085)
V3209,Reichenbach im Vogtland,POINT (12.32710888650553 50.62153067278656)
V3210,Schöneck/Mühlental,POINT (12.29985989833449 50.38569131400488)
V3211,Treuen/Neuensalz,POINT (12.277076616233863 50.527047168026186)
V3212,Jägerswald,POINT (12.256784304672543 50.44855039394818)
V3213,Callenberg,POINT (12.671096660118048 50.84314838626825)
V3214,Fraureuth,POINT (12.351544441135522 50.69247397215564)
V3215,Gersdorf,POINT (12.700977280848194 50.758967956797)
V3216,Glauchau,POINT (12.556131423736366 50.81363941753886)
V3217,Hartenstein,POINT (12.671696530712495 50.670908851853085)
V3218,Hohenstein-Ernstthal,POINT (12.707227547751586 50.810381692135294)
V3219,Langenbernsdorf,POINT (12.293717174001362 50.756187867260024)
V3220,Langenweißbach,POINT (12.604587811607066 50.636776974021295)
V3221,Lichtentanne,POINT (12.416827033515629 50.67009781726392)
V3222,Mülsen,POINT (12.579065818528921 50.739691894386944)
V3223,Neukirchen/Pleiße,POINT (12.38672482607894 50.78315832750757)
V3224,Oberlungwitz,POINT (12.735154001848441 50.787435605944665)
V3225,Reinsdorf,POINT (12.55589295901734 50.69348600075728)
V3226,Werdau,POINT (12.352873176861587 50.72766544007537)
V3227,Wildenfels,POINT (12.587215936736515 50.664157377948776)
V3228,Wilkau-Haßlau,POINT (12.521629901623447 50.66416129116592)
V3229,Zwickau,POINT (12.480536542011121 50.72749663027578)
V3230,Crimmitschau-Dennheritz,POINT (12.379279967733344 50.811780830637055)
V3231,Kirchberg,POINT (12.509700659924528 50.59900578053812)
V3232,Limbach-Oberfrohna,POINT (12.723418746106132 50.87309301597361)
V3233,Meerane-Schönberg,POINT (12.477738838465363 50.85653782555494)
V3234,Rund um den Auersberg,POINT (12.638315830878879 50.77684005347441)
V3235,Waldenburg,POINT (12.578470404506561 50.876491987691786)
V3236,Dresden,POINT (13.78341587899021 51.066326077492675)
V3237,Arnsdorf,POINT (13.983597986566048 51.09208227845158)
V3238,Bautzen,POINT (14.414687901434863 51.19109140572325)
V3239,Bernsdorf,POINT (14.066583249967696 51.374637563071886)
V3240,Burkau,POINT (14.204328684208955 51.18628185799804)
V3241,Cunewalde,POINT (14.524952074218938 51.09975893525525)
V3242,Demitz-Thumitz,POINT (14.247867452970912 51.15288934231456)
V3243,Doberschau-Gaußig,POINT (14.339994724147934 51.13683629723865)
V3244,Elsterheide,POINT (14.212764857584759 51.49572033857651)
V3245,Elstra,POINT (14.12938133630149 51.21403593252137)
V3246,Göda,POINT (14.306637858183347 51.18663598315573)
V3247,Großdubrau,POINT (14.4911848065387 51.27337338082606)
V3248,Großröhrsdorf,POINT (14.031793272212271 51.1443084274671)
V3249,Haselbachtal,POINT (14.019944043352044 51.23886215440228)
V3250,Hochkirch,POINT (14.579031108487165 51.14506355450936)
V3251,Hoyerswerda,POINT (14.219655239048874 51.42550916005047)
V3252,Kamenz,POINT (14.081593602377124 51.29004880818235)
V3253,Königswartha,POINT (14.327015467612785 51.32153214661673)
V3254,Kubschütz,POINT (14.506817987903316 51.1671708318437)
V3255,Lauta,POINT (14.097750246213295 51.45064083798917)
V3256,Lohsa,POINT (14.398036943212045 51.383986196231064)
V3257,Malschwitz,POINT (14.559499791848129 51.25762827359382)
V3258,Neukirch/Lausitz,POINT (14.304768204391953 51.09301642288184)
V3259,Oßling,POINT (14.157446176857913 51.34569274803962)
V3260,Ottendorf-Okrilla,POINT (13.821871693048536 51.17639432137394)
V3261,Radeberg,POINT (13.915531548597714 51.10682269097288)
V3262,Radibor,POINT (14.417983859518046 51.27424408221831)
V3263,Schirgiswalde-Kirschau,POINT (14.43984824363461 51.08579078315848)
V3264,Schmölln-Putzkau,POINT (14.235236031042014 51.100529162647994)
V3265,Schwepnitz,POINT (13.960959915934582 51.35124902870981)
V3266,Sohland a.d.Spree,POINT (14.429842933632209 51.04664734411622)
V3267,Spreetal,POINT (14.413945067160038 51.48049351390994)
V3268,Steinigtwolmsdorf,POINT (14.347726935716572 51.06562933366057)
V3269,Wachau,POINT (13.911852091638492 51.16607157271927)
V3270,Weißenberg,POINT (14.628524043941786 51.18690036486257)
V3271,Wilthen,POINT (14.382709130780825 51.09957356208099)
V3272,Wittichenau,POINT (14.24176288732691 51.37933629567062)
V3273,Bischofswerda,POINT (14.163020730189654 51.12842507026667)
V3274,Großharthau,POINT (14.07949112073807 51.10802238064707)
V3275,Großpostwitz/O.L.,POINT (14.435359908460406 51.12845461998888)
V3276,Königsbrück,POINT (13.882099212932165 51.277360152484405)
V3277,Neschwitz,POINT (14.317294991467598 51.263590287394976)
V3278,Pulsnitz,POINT (14.000833800189914 51.19554463497838)
V3279,Am Klosterwasser,POINT (14.212227175675732 51.264560466869945)
V3280,Boxberg/O.L.,POINT (14.596208089277535 51.39135707619225)
V3281,Ebersbach-Neugersdorf,POINT (14.602309287874728 50.99840836886287)
V3282,Görlitz,POINT (14.966513532935465 51.14227175455588)
V3283,Herrnhut,POINT (14.760023179772707 51.01063058166296)
V3284,Kottmar,POINT (14.658930798144276 51.02134225327397)
V3285,Krauschwitz i.d.O.L.,POINT (14.839226906744452 51.47177987683647)
V3286,Leutersdorf,POINT (14.659112146365722 50.94823420984773)
V3287,Markersdorf,POINT (14.877566986170887 51.11958517296355)
V3288,Mittelherwigsdorf,POINT (14.785197637109327 50.93114523052612)
V3289,Niesky,POINT (14.802701914926994 51.31895439441262)
V3290,Oderwitz,POINT (14.721406626370504 50.96215744640826)
V3291,Ostritz,POINT (14.918336264237052 51.01680611105388)
V3292,Seifhennersdorf,POINT (14.605439075773402 50.93691509145912)
V3293,Zittau,POINT (14.837578380630827 50.9292224944276)
V3294,Bad Muskau,POINT (14.679537339497593 51.54935756128677)
V3295,Bernstadt/Schönau-Berzdorf,POINT (14.851700380487674 51.051368977949295)
V3296,Großschönau-Hainewalde,POINT (14.671198106551186 50.89404142982222)
V3297,Löbau,POINT (14.677146527226315 51.1046441281404)
V3298,Neusalza-Spremberg,POINT (14.563505738224562 51.04278145897224)
V3299,Olbersdorf,POINT (14.735964887480494 50.86370711521007)
V3300,Oppach-Beiersdorf,POINT (14.513690357444888 51.06647514983997)
V3301,Reichenbach/O.L.,POINT (14.78604440406233 51.16538366292655)
V3302,Rietschen,POINT (14.760857265294844 51.388515530630855)
V3303,Rothenburg/O.L.,POINT (14.910234396795737 51.357975638317974)
V3304,Schleife,POINT (14.527153066791936 51.52495322730214)
V3305,Weißwasser/O.L.,POINT (14.655329412493874 51.479100106989044)
V3306,Diehsa,POINT (14.727789231851926 51.26400660395006)
V3307,Weißer Schöps/Neiße,POINT (14.929870488841924 51.25014352017731)
V3308,Coswig,POINT (13.576906526562576 51.13769682919519)
V3309,Diera-Zehren,POINT (13.4137701110885 51.21058547724294)
V3310,Ebersbach,POINT (13.652654112161933 51.24735011538301)
V3311,Gröditz,POINT (13.406351826978383 51.419485483163676)
V3312,Großenhain,POINT (13.523164251374224 51.32368284483952)
V3313,Hirschstein,POINT (13.345991993274378 51.258357387225395)
V3314,Käbschütztal,POINT (13.385466450582607 51.14723655814398)
V3315,Klipphausen,POINT (13.483148764464492 51.09262235212643)
V3316,Lommatzsch,POINT (13.294536105391218 51.20435552378106)
V3317,Meißen,POINT (13.478290763926985 51.16234539118951)
V3318,Moritzburg,POINT (13.666338376757416 51.16211485812081)
V3319,Niederau,POINT (13.546834670883584 51.19325869189672)
V3320,Nossen,POINT (13.307181757863539 51.10076009065105)
V3321,Priestewitz,POINT (13.509199654592472 51.24262938314732)
V3322,Radebeul,POINT (13.640705968525916 51.113390885514825)
V3323,Radeburg,POINT (13.73121841959188 51.191885999000654)
V3324,Riesa,POINT (13.280529463115842 51.29708268136683)
V3325,Stauchitz,POINT (13.236625135260333 51.2454495595348)
V3326,Strehla,POINT (13.229867360504333 51.36150785702849)
V3327,Thiendorf,POINT (13.780666247312427 51.29683369995031)
V3328,Weinböhla,POINT (13.588078008040915 51.163291862050635)
V3329,Zeithain,POINT (13.314484611002396 51.367840892121166)
V3330,Nünchritz,POINT (13.408619814013596 51.29554953117439)
V3331,Röderaue-Wülknitz,POINT (13.434169137059524 51.37733271320313)
V3332,Schönfeld,POINT (13.686501552021372 51.33072094762736)
V3333,Bannewitz,POINT (13.723267318164977 50.98135951962811)
V3334,Dippoldiswalde,POINT (13.647640814094132 50.8644288718647)
V3335,Dürrröhrsdorf-Dittersbach,POINT (14.00690909192423 51.03076420400396)
V3336,Freital,POINT (13.635566712372647 50.99784565207319)
V3337,Glashütte,POINT (13.75781703983144 50.862684676779615)
V3338,Heidenau,POINT (13.870340023973263 50.969231211780446)
V3339,Hohnstein,POINT (14.140301539434773 50.97925466674689)
V3340,Kreischa,POINT (13.756717671093714 50.94864739593228)
V3341,Neustadt in Sachsen,POINT (14.22364519998215 51.0365356178865)
V3342,Rabenau,POINT (13.666042304029883 50.95065948604323)
V3343,Sebnitz,POINT (14.290928969265098 50.93990628536896)
V3344,Stolpen,POINT (14.094378323634164 51.04558825095863)
V3345,Wilsdruff,POINT (13.510475420305486 51.02750777222401)
V3346,Altenberg,POINT (13.755549218922408 50.77058077828642)
V3347,Bad Gottleuba-Berggießhübel,POINT (13.915095355739306 50.85394582697946)
V3348,Bad Schandau,POINT (14.194414023148578 50.9023570092533)
V3349,Dohna-Müglitztal,POINT (13.835370468657564 50.94084885750131)
V3350,Königstein/Sächs.Schw.,POINT (14.072408593765289 50.88811795567583)
V3351,Lohmen/Stadt Wehlen,POINT (14.013050534485858 50.97778806580489)
V3352,Pirna,POINT (13.942748641800593 50.9489995357811)
V3353,Klingenberg,POINT (13.555484708257696 50.87359309504846)
V3354,Tharandt,POINT (13.519787403000379 50.96340087294494)
V3355,Leipzig,POINT (12.375088711170825 51.34186348292815)
V3356,Bennewitz,POINT (12.700716555286471 51.342640101686136)
V3357,Böhlen,POINT (12.385775765033637 51.2087049261276)
V3358,Borna,POINT (12.50210058738011 51.11543554026005)
V3359,Borsdorf,POINT (12.54082995210613 51.35297817245939)
V3360,Brandis,POINT (12.609989902368465 51.323699249907534)
V3361,Colditz,POINT (12.799970849987215 51.13079496978123)
V3362,Frohburg,POINT (12.597189351211858 51.060617094655655)
V3363,Geithain,POINT (12.684204015938338 51.03778836478944)
V3364,Grimma,POINT (12.79359731008509 51.229748777385495)
V3365,Groitzsch,POINT (12.308414026584538 51.131813479427635)
V3366,Großpösna,POINT (12.474310976908692 51.24924714440232)
V3367,Kitzscher,POINT (12.547637664365421 51.171942568531314)
V3368,Lossatal,POINT (12.842669249839275 51.39755469122606)
V3369,Machern,POINT (12.625426909068219 51.3756594019629)
V3370,Markkleeberg,POINT (12.387351458019726 51.26631234823063)
V3371,Markranstädt,POINT (12.209979499087419 51.29311267156361)
V3372,Neukieritzsch,POINT (12.413273095243735 51.15278175243572)
V3373,Regis-Breitingen,POINT (12.402760260037127 51.09700848677917)
V3374,Rötha,POINT (12.474810718549104 51.20393632226843)
V3375,Thallwitz,POINT (12.726803490734163 51.42955953426126)
V3376,Trebsen/Mulde,POINT (12.728914722645653 51.28619101364546)
V3377,Wurzen,POINT (12.798836683250055 51.34122982259026)
V3378,Zwenkau,POINT (12.308014468089032 51.21860600950454)
V3379,Bad Lausick,POINT (12.648503694980077 51.161198565895084)
V3380,Naunhof,POINT (12.595323624448707 51.26248058252124)
V3381,Pegau,POINT (12.234900501495272 51.18927115206157)
V3382,Bad Düben,POINT (12.559706065370673 51.58605815449774)
V3383,Belgern-Schildau,POINT (13.04569110110397 51.456158008380164)
V3384,Cavertitz,POINT (13.101705152557455 51.39293244723114)
V3385,Dahlen,POINT (12.985591769229144 51.382179040897306)
V3386,Delitzsch,POINT (12.356345541213592 51.533815734238104)
V3387,Doberschütz,POINT (12.706728124124789 51.502353886787866)
V3388,Eilenburg,POINT (12.609011504120579 51.4614240585696)
V3389,Laußig,POINT (12.676046285586562 51.584975129289404)
V3390,Liebschützberg,POINT (13.153349874583103 51.3339890124409)
V3391,Löbnitz,POINT (12.45189702246632 51.580212597492185)
V3392,Mockrehna,POINT (12.831885720054752 51.51146520048929)
V3393,Mügeln,POINT (13.019466823499261 51.23360867674679)
V3394,Naundorf,POINT (13.150226904646209 51.24972127296672)
V3395,Oschatz,POINT (13.096594048336607 51.29437931259208)
V3396,Rackwitz,POINT (12.365304225910855 51.45763514725642)
V3397,Schkeuditz,POINT (12.244520904688207 51.409066936952335)
V3398,Taucha,POINT (12.508058117347145 51.39010322640868)
V3399,Wermsdorf,POINT (12.96514442326545 51.30107096464445)
V3400,Wiedemar,POINT (12.240090837834062 51.492269692271904)
V3401,Beilrode,POINT (13.086612727690733 51.57291847415513)
V3402,Dommitzsch,POINT (12.846241434008578 51.61878534742429)
V3403,Krostitz-Schönwölkau,POINT (12.457765564973261 51.487330897013386)
V3404,Torgau/Dreiheide,POINT (12.967410418201416 51.53994624179013)
V3405,Eilenburg-West,POINT (12.568202334367164 51.4745816265729)
V3406,Dessau-Roßlau,POINT (12.230824931217027 51.85380051650853)
V3407,Halle (Saale),POINT (11.96827464771939 51.479839554345254)
V3408,Magdeburg,POINT (11.641638407084955 52.116732575335156)
V3409,Arendsee (Altmark),POINT (11.450893391594958 52.84879939618432)
V3410,Gardelegen,POINT (11.364620766782625 52.50992479592972)
V3411,Kalbe (Milde),POINT (11.374623465089808 52.69657462120624)
V3412,Klötze,POINT (11.105292150889484 52.59505046225156)
V3413,Salzwedel,POINT (11.142053127260342 52.8416165276134)
V3414,Beetzendorf-Diesdorf,POINT (10.988525791450488 52.737917211931915)
V3415,Aken (Elbe),POINT (12.051678167934522 51.84561025268247)
V3416,Bitterfeld-Wolfen,POINT (12.287722400242611 51.64209557389016)
V3417,Köthen (Anhalt),POINT (11.965290096994194 51.74059424026725)
V3418,Muldestausee,POINT (12.451557647908 51.64500323968393)
V3419,Osternienburger Land,POINT (11.970665808733663 51.80717442480737)
V3420,Raguhn-Jeßnitz,POINT (12.27212566263798 51.725458294822225)
V3421,Sandersdorf-Brehna,POINT (12.233631605574127 51.59016049123755)
V3422,Südliches Anhalt,POINT (12.038269767410869 51.704829508302176)
V3423,Zerbst/Anhalt,POINT (12.12446895296156 51.99195382290739)
V3424,Zörbig,POINT (12.122350314313003 51.63671374081609)
V3425,Barleben,POINT (11.596920482551173 52.20357648516293)
V3426,Haldensleben,POINT (11.411597217659784 52.31164188799183)
V3427,Hohe Börde,POINT (11.418236647639672 52.18809385571873)
V3428,Niedere Börde,POINT (11.53224782395462 52.23890169421095)
V3429,Oebisfelde-Weferlingen,POINT (11.071494814283534 52.386360320272296)
V3430,Oschersleben (Bode),POINT (11.264152198975452 52.029792099695925)
V3431,Sülzetal,POINT (11.542706642327754 52.015466083882835)
V3432,Wanzleben-Börde,POINT (11.391544625234877 52.08603371204487)
V3433,Wolmirstedt,POINT (11.653317781306098 52.25146253350192)
V3434,Elbe-Heide,POINT (11.646815793305903 52.35879768165135)
V3435,Flechtingen,POINT (11.245342695034807 52.31149437022736)
V3436,Obere Aller,POINT (11.126612629485615 52.142902405644065)
V3437,Westliche Börde,POINT (11.187874562344298 51.99815189040747)
V3438,Elsteraue,POINT (12.216217614326988 51.07841092360698)
V3439,Hohenmölsen,POINT (12.11468185766906 51.1609842098453)
V3440,Lützen,POINT (12.11034616939557 51.22309039926805)
V3441,Naumburg (Saale),POINT (11.770222808884562 51.13456819435005)
V3442,Teuchern,POINT (12.002194378539292 51.12738420059399)
V3443,Weißenfels,POINT (11.966739338394971 51.22099881389662)
V3444,Zeitz,POINT (12.166102966847575 51.04869418121991)
V3445,An der Finne,POINT (11.540655550593907 51.18973867099117)
V3446,Droyßiger-Zeitzer Forst,POINT (12.081631127404819 51.01294154508807)
V3447,Unstruttal,POINT (11.706582856095975 51.235054779326894)
V3448,Wethautal,POINT (11.884317257347911 51.08887341645144)
V3449,Ballenstedt,POINT (11.22256127190935 51.72914343327396)
V3450,Blankenburg (Harz),POINT (10.941538837795866 51.81141321447376)
V3451,Falkenstein/Harz,POINT (11.31642314835665 51.708190719828686)
V3452,Halberstadt,POINT (11.019108408269696 51.902028195423874)
V3453,Harzgerode,POINT (11.100136757979575 51.6336025840622)
V3454,Huy,POINT (10.964759162877705 52.00326205315145)
V3455,Ilsenburg (Harz),POINT (10.668039647310612 51.84956453490636)
V3456,Nordharz,POINT (10.762785611573465 51.90965847028182)
V3457,Oberharz am Brocken,POINT (10.794088757110401 51.70480779918739)
V3458,Osterwieck,POINT (10.741409088226865 51.988322881234154)
V3459,Quedlinburg,POINT (11.142680858934199 51.762030591154605)
V3460,Thale,POINT (11.01561287984976 51.73532529816835)
V3461,Wernigerode,POINT (10.7450428595287 51.81647969248182)
V3462,Vorharz,POINT (11.18523538347098 51.887718249265845)
V3463,Biederitz,POINT (11.749607798090375 52.14929142823424)
V3464,Burg,POINT (11.856376320420791 52.28461116244539)
V3465,Elbe-Parey,POINT (12.00201652479371 52.37281919141098)
V3466,Genthin,POINT (12.150180904624513 52.3351306168824)
V3467,Gommern,POINT (11.884775368838326 52.07323416318575)
V3468,Jerichow,POINT (12.16682415476435 52.44817719742672)
V3469,Möckern,POINT (12.055622923151963 52.17331239846387)
V3470,Möser,POINT (11.806744780221825 52.21129631112304)
V3471,Allstedt,POINT (11.407330014523687 51.43946408259698)
V3472,Arnstein,POINT (11.447488941011175 51.67305506037256)
V3473,Eisleben,POINT (11.568059588712476 51.51953784737183)
V3474,Gerbstedt,POINT (11.635250533584212 51.61562161575561)
V3475,Hettstedt,POINT (11.497222994035873 51.64578669808621)
V3476,Mansfeld,POINT (11.364605003220268 51.597754191818005)
V3477,Sangerhausen,POINT (11.250470597191562 51.518004978794146)
V3478,Seegebiet Mansfelder Land,POINT (11.673914892822003 51.48264428637982)
V3479,Südharz,POINT (11.034127255621113 51.53755636742763)
V3480,Goldene Aue,POINT (11.133225691216369 51.4410149388452)
V3481,Mansfelder Grund-Helbra,POINT (11.470346376494728 51.53117062835622)
V3482,Bad Dürrenberg,POINT (12.09562200202245 51.28430843309044)
V3483,Bad Lauchstädt,POINT (11.835372142997482 51.3809821371765)
V3484,Braunsbedra,POINT (11.895840866948728 51.290769702232986)
V3485,Kabelsketal,POINT (12.10282899053063 51.439702969485985)
V3486,Landsberg,POINT (12.10919558980912 51.52345805849059)
V3487,Leuna,POINT (12.089941182873451 51.32836951434148)
V3488,Wettin-Löbejün,POINT (11.851105241797859 51.60727246809553)
V3489,Merseburg,POINT (11.974274940386076 51.34563518960358)
V3490,Mücheln (Geiseltal),POINT (11.782374014566797 51.311459433527574)
V3491,Petersberg,POINT (11.975150382599885 51.58438929970861)
V3492,Querfurt,POINT (11.531874363223249 51.3488723552816)
V3493,Salzatal,POINT (11.77899729898792 51.53277416379667)
V3494,Schkopau,POINT (12.040895098102364 51.39109969422303)
V3495,Teutschenthal,POINT (11.816516481677409 51.441275625465586)
V3496,Weida-Land,POINT (11.653460198501564 51.372167121014556)
V3497,Aschersleben,POINT (11.489045473796482 51.76093642505543)
V3498,Barby,POINT (11.877878798892239 51.93255190328373)
V3499,Bernburg (Saale),POINT (11.766925214873822 51.774164174800745)
V3500,Bördeland,POINT (11.67897545130847 51.96958586322189)
V3501,Calbe (Saale),POINT (11.780158542050538 51.904082843181286)
V3502,Hecklingen,POINT (11.457316133348375 51.868998155771365)
V3503,Könnern,POINT (11.748368979714208 51.686555159507265)
V3504,Nienburg (Saale),POINT (11.782188986060518 51.83825533257848)
V3505,Schönebeck (Elbe),POINT (11.76041762783822 52.02579391723489)
V3506,Seeland,POINT (11.330785802161074 51.810325640138146)
V3507,Staßfurt,POINT (11.613055743211753 51.87774454824996)
V3508,Egelner Mulde,POINT (11.458417443943473 51.94517234685393)
V3509,Saale-Wipper,POINT (11.626753764018481 51.76268413132757)
V3510,Bismark (Altmark),POINT (11.60988888430806 52.65567496581195)
V3511,Havelberg,POINT (12.146283702932028 52.820199715438605)
V3512,Osterburg (Altmark),POINT (11.739462027057947 52.783761576986855)
V3513,Stendal,POINT (11.786048296030597 52.5855326723189)
V3514,Tangerhütte,POINT (11.81585048105927 52.4531178660472)
V3515,Tangermünde,POINT (11.94533974196241 52.541114900015025)
V3516,Arneburg-Goldbeck,POINT (11.925401435550585 52.74010070473947)
V3517,Elbe-Havel-Land,POINT (12.103654803068078 52.65195988002856)
V3518,Seehausen (Altmark),POINT (11.689982381355836 52.904877252701475)
V3519,Annaburg,POINT (13.015862433244768 51.70734202908605)
V3520,Bad Schmiedeberg,POINT (12.725215937825627 51.70320565079462)
V3521,Coswig (Anhalt),POINT (12.427315191810866 51.94823975805477)
V3522,Gräfenhainichen,POINT (12.47346316532262 51.71375327477608)
V3523,Jessen (Elster),POINT (12.970849217064083 51.818895516626846)
V3524,Kemberg,POINT (12.622602443200378 51.78133788503252)
V3525,Oranienbaum-Wörlitz,POINT (12.4066812726179 51.831529010199425)
V3526,Wittenberg,POINT (12.639364357768175 51.9089752950536)
V3527,Zahna-Elster,POINT (12.808989054146368 51.88639215970941)
V3528,Erfurt,POINT (11.0203323698632 50.983326529447204)
V3529,Gera,POINT (12.08278855968163 50.89381371404424)
V3530,Jena,POINT (11.587079508355405 50.924282194112905)
V3531,Suhl,POINT (10.717547125211496 50.6209266922826)
V3532,Weimar,POINT (11.31781780961046 50.97847184661663)
V3533,Heilbad Heiligenstadt,POINT (10.136908288909408 51.37120947985892)
V3534,Niederorschel,POINT (10.429929367069146 51.36299273719496)
V3535,Leinefelde-Worbis,POINT (10.331545169454657 51.41366212752622)
V3536,Am Ohmberg,POINT (10.464718647295594 51.48399758748547)
V3537,Sonnenstein,POINT (10.432063063283508 51.53724517488206)
V3538,Dingelstädt,POINT (10.334568601131155 51.301338779825635)
V3539,Lindenberg/Eichsfeld,POINT (10.274531314078871 51.47073938776088)
V3540,Eichsfeld-Wipperaue,POINT (10.444154811688222 51.42301223001789)
V3541,Hanstein-Rusteberg,POINT (9.993495366556244 51.361619671496726)
V3542,Leinetal,POINT (10.212809055857795 51.38143383117791)
V3543,Westerwald-Obereichsfeld,POINT (10.24683765853141 51.26612850099284)
V3544,Ershausen/Geismar,POINT (10.131490815573839 51.25715332007156)
V3545,Uder,POINT (10.0543734901025 51.332399103472156)
V3546,Ellrich,POINT (10.701000307261362 51.59616144798962)
V3547,Nordhausen,POINT (10.811080159856086 51.50991101046688)
V3548,Sollstedt,POINT (10.524869503473134 51.40433327170984)
V3549,Hohenstein,POINT (10.572978363960516 51.53877985108145)
V3550,Werther,POINT (10.69331065673803 51.49446780188983)
V3551,Harztor,POINT (10.82127390096703 51.5867937024426)
V3552,Heringen/Helme,POINT (10.896825100858804 51.452002547233235)
V3553,Bleicherode,POINT (10.640732186339315 51.44136660167897)
V3554,Barchfeld-Immelborn,POINT (10.290255557684596 50.79284286638289)
V3555,Treffurt,POINT (10.210409164449208 51.10884382189805)
V3556,Unterbreizbach,POINT (9.988347371012837 50.79684389115774)
V3557,Vacha,POINT (10.044903709630875 50.813523084124725)
V3558,Wutha-Farnroda,POINT (10.39289779138553 50.94076619816331)
V3559,Gerstungen,POINT (10.175873104938635 50.94405997593572)
V3560,Hörselberg-Hainich,POINT (10.48062717625974 51.00880350697184)
V3561,Bad Liebenstein,POINT (10.360266268082686 50.82921192463455)
V3562,Krayenberggemeinde,POINT (10.105275822303108 50.8299996000581)
V3563,Werra-Suhl-Tal,POINT (10.084693288763276 50.923517027269)
V3564,Eisenach,POINT (10.300324749411164 50.98958160925218)
V3565,Hainich-Werratal,POINT (10.306757869820638 51.06546601837908)
V3566,Bad Salzungen,POINT (10.21527323712034 50.83993880257906)
V3567,Geisa,POINT (9.972890190211388 50.70488038239296)
V3568,Ruhla,POINT (10.381413512778959 50.89664079344729)
V3569,Dermbach,POINT (10.123149254248693 50.72713661691319)
V3570,Bad Langensalza,POINT (10.646208235391013 51.09993773821519)
V3571,Mühlhausen/Thüringen,POINT (10.466983280148758 51.21548785839344)
V3572,Unstruttal,POINT (10.46024148153466 51.27844322100716)
V3573,Südeichsfeld,POINT (10.259782405844458 51.18128859367954)
V3574,Unstrut-Hainich,POINT (10.522815850782564 51.121902660152784)
V3575,Bad Tennstedt,POINT (10.806274375395438 51.177261172086176)
V3576,Herbsleben,POINT (10.815736094961377 51.116749140810555)
V3577,Vogtei,POINT (10.40114335842113 51.14714340922645)
V3578,Nottertal-Heilinger Höhen,POINT (10.628621420430056 51.233186493738025)
V3579,Bad Frankenhausen/Kyffhäuser,POINT (11.147627806303326 51.36543578304702)
V3580,Helbedündorf,POINT (10.596479795578157 51.340886237327545)
V3581,Sondershausen,POINT (10.804217856329936 51.356923717907506)
V3582,Kyffhäuserland,POINT (11.009284897907229 51.36657211127947)
V3583,Roßleben-Wiehe,POINT (11.394259115352515 51.29371908238126)
V3584,Greußen,POINT (10.892988534279391 51.25983636869378)
V3585,Greußen,POINT (10.949438880891924 51.26235156891562)
V3586,Ebeleben,POINT (10.740491693651014 51.26798102798988)
V3587,Artern,POINT (11.308575991245467 51.35777518898896)
V3588,An der Schmücke,POINT (11.214734103046727 51.29345273333583)
V3589,Floh-Seligenthal,POINT (10.509734451816396 50.77979876849248)
V3590,Oberhof,POINT (10.717177960038555 50.70432028934227)
V3591,Schmalkalden,POINT (10.428507546035714 50.713462261126864)
V3592,Steinbach-Hallenberg,POINT (10.592886787185126 50.69416191266625)
V3593,Brotterode-Trusetal,POINT (10.427766491046558 50.805218686380655)
V3594,Zella-Mehlis,POINT (10.641513852121195 50.6532798118141)
V3595,Rhönblick,POINT (10.263305370342188 50.54577364362852)
V3596,Grabfeld,POINT (10.459130722090006 50.45672740943779)
V3597,Hohe Rhön,POINT (10.13214490316657 50.603286126577785)
V3598,Wasungen-Amt Sand,POINT (10.314290973250891 50.66072848991318)
V3599,Dolmar-Salzbrücke,POINT (10.49612793256979 50.57553124934582)
V3600,Meiningen,POINT (10.369406245871868 50.56793703614628)
V3601,Breitungen/Werra,POINT (10.295409021252329 50.74099858616236)
V3602,Friedrichroda,POINT (10.575762490210236 50.852871585333695)
V3603,Gotha,POINT (10.704605869591182 50.9405033138242)
V3604,Bad Tabarz,POINT (10.50219834774268 50.863858136118054)
V3605,Tambach-Dietharz/Thür.Wald,POINT (10.602809885626217 50.76859159161493)
V3606,Waltershausen,POINT (10.503312929936602 50.886159647161016)
V3607,Nesse-Apfelstädt,POINT (10.901126860301808 50.92270425283473)
V3608,Hörsel,POINT (10.562785935496567 50.945635545405324)
V3609,Nesseaue,POINT (10.80655489175811 50.99515283325973)
V3610,Fahner Höhe,POINT (10.79567356769883 51.07138540790183)
V3611,Ohrdruf,POINT (10.734939240004769 50.78976703613421)
V3612,Drei Gleichen,POINT (10.801498550158804 50.894663247262066)
V3613,Nessetal,POINT (10.646174968588424 51.004791617751685)
V3614,Georgenthal,POINT (10.648049810568693 50.85034337167619)
V3615,Kölleda,POINT (11.274094276515413 51.2179700841108)
V3616,Sömmerda,POINT (11.146084661124833 51.16836743993879)
V3617,Weißensee,POINT (11.053523260697014 51.203763216182196)
V3618,Buttstädt,POINT (11.376775536098148 51.13326440773975)
V3619,Gera-Aue,POINT (10.92548694431494 51.095088519490815)
V3620,Kindelbrück,POINT (11.092702406421656 51.2589863498935)
V3621,Kölleda,POINT (11.349008779872456 51.18367420813491)
V3622,Straußfurt,POINT (10.986054386123877 51.144379410420335)
V3623,Gramme-Vippach,POINT (11.13776823075087 51.08407989932884)
V3624,Elxleben,POINT (10.923078826324256 51.04193593779098)
V3625,Eisfeld,POINT (10.933668870881428 50.437763796993636)
V3626,Hildburghausen,POINT (10.727902070743685 50.43711772315187)
V3627,Schleusegrund,POINT (10.886491956807616 50.54174003165928)
V3628,Schleusingen,POINT (10.764464007703152 50.53974556477349)
V3629,Veilsdorf,POINT (10.810225471411032 50.412643450936585)
V3630,Masserberg,POINT (10.94418371967566 50.51081585897437)
V3631,Römhild,POINT (10.564823229639725 50.39286631004076)
V3632,Feldstein,POINT (10.625882966740921 50.505839034674665)
V3633,Heldburger Unterland,POINT (10.697422838763723 50.298252781826434)
V3634,Auengrund,POINT (10.84666919877135 50.46627451587901)
V3635,Arnstadt,POINT (10.963100164212353 50.80625403703882)
V3636,Amt Wachsenburg,POINT (10.959265841061097 50.87438795392231)
V3637,Ilmenau,POINT (10.937818549413743 50.66155708779202)
V3638,Stadtilm,POINT (11.09544299677418 50.75965042171885)
V3639,Geratal,POINT (10.813642064712457 50.74200056163215)
V3640,Großbreitenbach,POINT (10.999469956980658 50.5884149685045)
V3641,Geratal/Plaue,POINT (10.878723832218306 50.73844351325673)
V3642,Riechheimer Berg,POINT (11.088670493662729 50.84308474189804)
V3643,Apolda,POINT (11.507633459794418 51.02344424259528)
V3644,Bad Berka,POINT (11.254794005062378 50.88835318247792)
V3645,Blankenhain,POINT (11.36364424333032 50.84896371920334)
V3646,Ilmtal-Weinstraße,POINT (11.428276209408548 51.047454137307646)
V3647,Grammetal,POINT (11.20945538968456 50.96890399063959)
V3648,Kranichfeld,POINT (11.182974988049873 50.869482099637885)
V3649,Mellingen,POINT (11.424799806433079 50.933010939688856)
V3650,Bad Sulza,POINT (11.587951349379384 51.05994002189977)
V3651,Am Ettersberg,POINT (11.291813390677543 51.06404580356134)
V3652,Lauscha,POINT (11.155235685286067 50.47960471777694)
V3653,Schalkau,POINT (10.994140104645762 50.39539563873786)
V3654,Sonneberg,POINT (11.194309933349729 50.40959212059023)
V3655,Steinach,POINT (11.161019113530212 50.43404730174236)
V3656,Frankenblick,POINT (11.080747228552045 50.394896175551665)
V3657,Föritztal,POINT (11.224290389117016 50.348816474470524)
V3658,Neuhaus am Rennweg,POINT (11.098041879130012 50.49420996832841)
V3659,Bad Blankenburg,POINT (11.251607421739482 50.680905401212634)
V3660,Rudolstadt,POINT (11.27753555591177 50.750193092664716)
V3661,Saalfeld/Saale,POINT (11.30168523355607 50.613167809239116)
V3662,Leutenberg,POINT (11.473988144926615 50.56558746254118)
V3663,Uhlstädt-Kirchhasel,POINT (11.421584175898367 50.754170514921086)
V3664,Unterwellenborn,POINT (11.451341388889489 50.663553471513275)
V3665,Schiefergebirge,POINT (11.377378118927995 50.52245830605617)
V3666,Schwarzatal,POINT (11.13342522868923 50.5822255630243)
V3667,Kaulsdorf,POINT (11.510471242233562 50.59932401169571)
V3668,Königsee,POINT (11.127736807216776 50.67701806206394)
V3669,Kahla,POINT (11.582424333524074 50.80497626044765)
V3670,Heideland-Elstertal-Schkölen,POINT (11.885952247711414 51.002247902495114)
V3671,Hügelland/Täler,POINT (11.758879076759175 50.81668759469666)
V3672,Südliches Saaletal,POINT (11.55115537957892 50.82259512275762)
V3673,Hermsdorf,POINT (11.849232031130592 50.87125902920874)
V3674,Dornburg-Camburg,POINT (11.679560352545598 51.00148074643702)
V3675,Stadtroda,POINT (11.747326493757068 50.86804938742849)
V3676,Bürgel,POINT (11.749870496708775 50.943762301329436)
V3677,Eisenberg,POINT (11.856094038118638 50.97019068803794)
V3678,Bad Klosterlausnitz,POINT (11.804766887000433 50.913755737099464)
V3679,Hirschberg,POINT (11.817102163056411 50.419988130228525)
V3680,Bad Lobenstein,POINT (11.633450806572842 50.45032157905185)
V3681,Pößneck,POINT (11.585526819523192 50.702697925684305)
V3682,Schleiz,POINT (11.796269762139083 50.56089826838209)
V3683,Gefell,POINT (11.826167912335794 50.44435780495089)
V3684,Tanna,POINT (11.860410615005971 50.49076273559899)
V3685,Wurzbach,POINT (11.524651268196397 50.447947284911024)
V3686,Remptendorf,POINT (11.599642474782778 50.53676604565765)
V3687,Saalburg-Ebersdorf,POINT (11.704183317113678 50.49465959863481)
V3688,Rosenthal am Rennsteig,POINT (11.65733777508832 50.41709224112092)
V3689,Seenplatte,POINT (11.818440079223624 50.62691433540424)
V3690,Oppurg,POINT (11.654965972853706 50.70773565736697)
V3691,Triptis,POINT (11.841142325038183 50.74635175333527)
V3692,Ranis-Ziegenrück,POINT (11.585594608165465 50.65103170187749)
V3693,Neustadt an der Orla,POINT (11.746612033781409 50.70544470938805)
V3694,Greiz,POINT (12.174975928548156 50.64646174657066)
V3695,Ronneburg,POINT (12.18275874803436 50.8579723407739)
V3696,Harth-Pöllnitz,POINT (11.97143617395478 50.7696719291795)
V3697,Kraftsdorf,POINT (11.949556540465522 50.88720848884821)
V3698,Auma-Weidatal,POINT (11.929110570194666 50.70450225792538)
V3699,Mohlsdorf-Teichwolframsdorf,POINT (12.241641758143926 50.70108694490489)
V3700,Berga-Wünschendorf,POINT (12.135546632127939 50.76764520344622)
V3701,Ländereck,POINT (12.200168317404357 50.80619791363885)
V3702,Münchenbernsdorf,POINT (11.961649495241678 50.82595063655408)
V3703,Am Brahmetal,POINT (12.186076502960706 50.918014345194806)
V3704,Bad Köstritz,POINT (11.996062155207989 50.928788561151165)
V3705,Weida,POINT (12.048383651923453 50.75546574198353)
V3706,Zeulenroda-Triebes,POINT (12.000760488977273 50.63817174230747)
V3707,Langenwetzendorf,POINT (12.098340772661112 50.688223925829)
V3708,Altenburg,POINT (12.437365122031869 50.977566032553725)
V3709,Lucka,POINT (12.329714495686282 51.08351116752751)
V3710,Meuselwitz,POINT (12.34059033770152 51.054991296157944)
V3711,Pleißenaue,POINT (12.471612319312367 51.03640348311707)
V3712,Rositz,POINT (12.33206633106765 50.991504179068166)
V3713,Oberes Sprottental,POINT (12.272800911096752 50.85840238839352)
V3714,Gößnitz,POINT (12.413807328865584 50.86907260255943)
V3715,Nobitz,POINT (12.522340676764124 50.94287318166719)
V3716,Schmölln,POINT (12.322105413764532 50.91099664877865)
