ID,Name,Centroid
C1,Flensburg,POINT (9.440383577156673 54.78964187919546)
C2,Kiel,POINT (10.134123139151573 54.326100932347956)
C3,Lübeck,POINT (10.728032871502128 53.872898977619855)
C4,Neumünster,POINT (9.984528456376973 54.08110702188196)
C5,Brunsbüttel,POINT (9.122644634902723 53.90532275413774)
C6,Heide,POINT (9.132391086886278 54.19314587757783)
C7,Averlak,POINT (9.195689856385826 53.94318736601106)
C8,Brickeln,POINT (9.237751183725099 54.009412182316666)
C9,Buchholz,POINT (9.228815601941655 53.97941912978878)
C10,Burg (Dithmarschen),POINT (9.269569560617608 53.9950620692482)
C11,Dingen,POINT (9.127715239185992 53.96143686990434)
C12,Eddelak,POINT (9.142538241164049 53.94936011671579)
C13,Eggstedt,POINT (9.262086480588858 54.05670307405242)
C14,Frestedt,POINT (9.17809628518576 54.026641314491535)
C15,Großenrade,POINT (9.23810140574601 54.028071969977916)
C16,Hochdonn,POINT (9.287185820600834 54.022519997613806)
C17,Kuden,POINT (9.197113317044936 53.96885124814038)
C18,Quickborn,POINT (9.184893906820403 54.00040540945489)
C19,Sankt Michaelisdonn,POINT (9.125493485723569 53.99226692315599)
C20,Süderhastedt,POINT (9.208312709927284 54.05470460398046)
C21,Diekhusen-Fahrstedt,POINT (9.02792722528109 53.94043296268161)
C22,Friedrichskoog,POINT (8.899228360676764 54.006021384072234)
C23,Helse,POINT (9.017712354079919 53.97462454121294)
C24,Kaiser-Wilhelm-Koog,POINT (8.934951800533346 53.93529818932002)
C25,Kronprinzenkoog,POINT (8.971431741237756 53.9780930843873)
C26,Marne,POINT (9.015491978716181 53.954839690569806)
C27,Marnerdeich,POINT (8.988680348064385 53.949420404738774)
C28,Neufeld,POINT (9.028286295117377 53.92297381698495)
C29,Neufelderkoog,POINT (8.982184285873851 53.90544067423358)
C30,Ramhusen,POINT (9.084402176962072 53.940724183739384)
C31,Schmedeswurth,POINT (9.041296437135761 53.92875249937798)
C32,Trennewurth,POINT (9.01827347803245 54.00022345126112)
C33,Volsemenhusen,POINT (9.071160409748911 53.97212702082141)
C34,Barkenholm,POINT (9.180957172711363 54.228716345476265)
C35,Bergewöhrden,POINT (9.211378614111753 54.31739850684236)
C36,Dellstedt,POINT (9.388855577478735 54.24299329043796)
C37,Delve,POINT (9.251553013594727 54.31334620555728)
C38,Dörpling,POINT (9.3192544098507 54.25619815717214)
C39,Fedderingen,POINT (9.117273613297044 54.281009344837)
C40,Gaushorn,POINT (9.21790662258725 54.19583339939605)
C41,Glüsing,POINT (9.226950709068369 54.270692285381315)
C42,Groven,POINT (8.99935170872172 54.31550867015386)
C43,Hemme,POINT (9.004775096139795 54.274380459374704)
C44,Hennstedt,POINT (9.17651287685048 54.29679414143274)
C45,Hövede,POINT (9.28949629888473 54.241737291795815)
C46,Hollingstedt,POINT (9.221391718597271 54.297639944702595)
C47,Karolinenkoog,POINT (8.953169632386757 54.292702952422545)
C48,Kleve,POINT (9.132026562336282 54.31808903647365)
C49,Krempel,POINT (9.038992182855818 54.31650089558556)
C50,Lehe,POINT (9.019054274336035 54.3539376219041)
C51,Linden,POINT (9.196858380843127 54.25337090304296)
C52,Lunden,POINT (9.04124343770573 54.32908463587546)
C53,Norderheistedt,POINT (9.135309409451537 54.24933622783145)
C54,Pahlen,POINT (9.29040535995879 54.26773268041575)
C55,Rehm-Flehde-Bargen,POINT (9.048089901834892 54.29312425474156)
C56,Sankt Annen,POINT (9.083025027790052 54.347601417031896)
C57,Schalkholz,POINT (9.24720580921605 54.24389061495688)
C58,Schlichting,POINT (9.095646582043196 54.3125046244627)
C59,Tellingstedt,POINT (9.276938990175214 54.22035005372688)
C60,Tielenhemme,POINT (9.372797382666038 54.27177378088191)
C61,Wallen,POINT (9.26646165256405 54.28110523895645)
C62,Welmbüttel,POINT (9.246281818572436 54.20093470583211)
C63,Westerborstel,POINT (9.245428131623989 54.21823020389291)
C64,Wiemerstedt,POINT (9.120257714821959 54.267113286665754)
C65,Wrohm,POINT (9.400669469079016 54.21508382778917)
C66,Süderdorf,POINT (9.339592740958226 54.21120222741482)
C67,Süderheistedt,POINT (9.150353392871217 54.24004907328682)
C68,Hemmingstedt,POINT (9.09473577998268 54.14981111251063)
C69,Lieth,POINT (9.062332681793125 54.15824129958626)
C70,Lohe-Rickelshof,POINT (9.067056260587655 54.18290228779266)
C71,Neuenkirchen,POINT (9.004151327678635 54.23472393701671)
C72,Norderwöhrden,POINT (9.009218607732956 54.189866495669754)
C73,Nordhastedt,POINT (9.180442228999683 54.16474460429104)
C74,Ostrohe,POINT (9.131452335767058 54.2176444823213)
C75,Stelle-Wittenwurth,POINT (9.060715315843115 54.25818705458825)
C76,Wöhrden,POINT (9.009255693190775 54.160452249914876)
C77,Weddingstedt,POINT (9.090437987973385 54.236290299780705)
C78,Wesseln,POINT (9.067649479765139 54.21435754596441)
C79,Albersdorf,POINT (9.280096865688897 54.134946440302656)
C80,Arkebek,POINT (9.253335486740816 54.16177711235029)
C81,Bargenstedt,POINT (9.160372633549441 54.097579245677835)
C82,Barlt,POINT (9.044153385812391 54.01947162255245)
C83,Bunsoh,POINT (9.323468696773832 54.160401930110524)
C84,Busenwurth,POINT (9.0360091757271 54.041371942208826)
C85,Elpersbüttel,POINT (9.024741183922467 54.06793914727362)
C86,Epenwöhrden,POINT (9.07952148220354 54.12085408504532)
C87,Gudendorf,POINT (9.11048142732335 54.02476981656839)
C88,Immenstedt,POINT (9.300503965797656 54.179486945784845)
C89,Krumstedt,POINT (9.192011178458703 54.07568143099859)
C90,Meldorf,POINT (9.066687749254445 54.09769521679909)
C91,Nindorf,POINT (9.128369237639165 54.08545768219417)
C92,Odderade,POINT (9.19451735217464 54.1428138354282)
C93,Offenbüttel,POINT (9.387929617826915 54.17141743356585)
C94,Osterrade,POINT (9.377357040092429 54.18980556356075)
C95,Sarzbüttel,POINT (9.178404331156457 54.11986769231655)
C96,Schafstedt,POINT (9.291724595286297 54.08261651776363)
C97,Schrum,POINT (9.266471686970931 54.181268521346084)
C98,Wennbüttel,POINT (9.32604894073862 54.14192698120967)
C99,Windbergen,POINT (9.127195674367538 54.04302060891943)
C100,Wolmersdorf,POINT (9.108734502254974 54.072962120745345)
C101,Nordermeldorf,POINT (8.998574283949768 54.11866464437152)
C102,Tensbüttel-Röst,POINT (9.23894830313989 54.112293116351275)
C103,Büsum,POINT (8.859576034130951 54.13849849118408)
C104,Büsumer Deichhausen,POINT (8.89644438076114 54.14090389497956)
C105,Friedrichsgabekoog,POINT (8.945506453377 54.15222152986766)
C106,Hedwigenkoog,POINT (8.845367168920491 54.18108625450091)
C107,Hellschen-Heringsand-Unterschaar,POINT (8.859794330807278 54.20165013126653)
C108,Hillgroven,POINT (8.872399045066626 54.22281447154466)
C109,Norddeich,POINT (8.898046903284499 54.22133513087735)
C110,Oesterdeichstrich,POINT (8.899838606888904 54.15913931408261)
C111,Reinsbüttel,POINT (8.909515197413892 54.17720718996169)
C112,Schülp,POINT (8.929816318027402 54.24475679323269)
C113,Strübbel,POINT (8.967251750365872 54.26164303903462)
C114,Süderdeich,POINT (8.907011774902553 54.198506515849765)
C115,Warwerort,POINT (8.928916120519435 54.1374476439147)
C116,Wesselburen,POINT (8.929488775071228 54.21356206091305)
C117,Wesselburener Deichhausen,POINT (8.944302270792562 54.18132345914941)
C118,Wesselburenerkoog,POINT (8.87827793948039 54.25076743754533)
C119,Westerdeichstrich,POINT (8.852663174599513 54.1568888609572)
C120,Oesterwurth,POINT (8.969328728321099 54.21170809597155)
C121,Geesthacht,POINT (10.388638334638012 53.431583637464804)
C122,Lauenburg/Elbe,POINT (10.552034276995212 53.376372989521386)
C123,Mölln,POINT (10.700197395540386 53.61839508752216)
C124,Ratzeburg,POINT (10.76204991483113 53.713338901977195)
C125,Schwarzenbek,POINT (10.477972636040557 53.50154846670022)
C126,Wentorf bei Hamburg,POINT (10.25706098818397 53.494993241211894)
C127,Behlendorf,POINT (10.661576277916671 53.70059918530578)
C128,Berkenthin,POINT (10.653072664149331 53.73604060074547)
C129,Bliestorf,POINT (10.58409538665223 53.771600237852375)
C130,Düchelsdorf,POINT (10.578024625590938 53.73350308696555)
C131,Göldenitz,POINT (10.623060594112994 53.72085036747211)
C132,Kastorf,POINT (10.56191158327117 53.74723338334825)
C133,Klempau,POINT (10.67126872768159 53.767872294228106)
C134,Krummesse,POINT (10.651582078965069 53.78465941976721)
C135,Niendorf bei Berkenthin,POINT (10.622171062088343 53.70437676037078)
C136,Rondeshagen,POINT (10.618681831023721 53.75336391930417)
C137,Sierksrade,POINT (10.597638043734863 53.73177330093985)
C138,Alt-Mölln,POINT (10.65820180313996 53.62085049925488)
C139,Bälau,POINT (10.612382312076225 53.620366294919044)
C140,Borstorf,POINT (10.552678720599213 53.6090880620077)
C141,Breitenfelde,POINT (10.623842802720866 53.60092900254754)
C142,Grambek,POINT (10.695125121567674 53.56706466749812)
C143,Hornbek,POINT (10.654318791576184 53.55459004447406)
C144,Lehmrade,POINT (10.738191874596515 53.586304483941305)
C145,Niendorf/Stecknitz,POINT (10.60180844028458 53.58640340370667)
C146,Schretstaken,POINT (10.541929624785256 53.58897073736875)
C147,Talkau,POINT (10.571740137515171 53.57094119545347)
C148,Woltersdorf,POINT (10.65096870291729 53.57421501046585)
C149,Besenthal,POINT (10.730837775999108 53.537207782713196)
C150,Bröthen,POINT (10.671050321642687 53.47360404394552)
C151,Büchen,POINT (10.620029671582344 53.484369199383934)
C152,Fitzen,POINT (10.651756572183347 53.50613060817638)
C153,Göttin,POINT (10.706026404854033 53.53329548637795)
C154,Gudow,POINT (10.786092431235229 53.55262725669368)
C155,Güster,POINT (10.672711877552953 53.53215790478124)
C156,Klein Pampau,POINT (10.586706716525677 53.51158733769951)
C157,Langenlehsten,POINT (10.725200774351316 53.49734531126526)
C158,Müssen,POINT (10.544645300774903 53.496382026925296)
C159,Roseburg,POINT (10.614807634542629 53.53590694906227)
C160,Schulendorf,POINT (10.550777266833467 53.47506618889966)
C161,Siebeneichen,POINT (10.614050058108852 53.51133605834596)
C162,Tramm,POINT (10.60908959342614 53.56297699363138)
C163,Witzeeze,POINT (10.600940503053437 53.45754940895018)
C164,Aumühle,POINT (10.323174002315971 53.525232013741814)
C165,Börnsen,POINT (10.281779602791024 53.47611565875808)
C166,Dassendorf,POINT (10.37142233819178 53.49459957863785)
C167,Escheburg,POINT (10.314701746598358 53.46269202548044)
C168,Hamwarde,POINT (10.422268810512358 53.45110089726254)
C169,Hohenhorn,POINT (10.372822826161297 53.47204459226287)
C170,Kröppelshagen-Fahrendorf,POINT (10.331759021121428 53.47971309078104)
C171,Wiershop,POINT (10.44797332032546 53.4408043290958)
C172,Wohltorf,POINT (10.288640489489666 53.51291086935391)
C173,Worth,POINT (10.409325540324843 53.470212073307124)
C174,Basedow,POINT (10.582923366862685 53.41892142438451)
C175,Buchhorst,POINT (10.569827921733967 53.391692147388355)
C176,Dalldorf,POINT (10.608496298613947 53.43328835798967)
C177,Juliusburg,POINT (10.509796861030999 53.41992594140486)
C178,Krüzen,POINT (10.534934594244994 53.40630708693317)
C179,Krukow,POINT (10.479197880503486 53.4179075453465)
C180,Lanze,POINT (10.601657115257348 53.393248418718635)
C181,Lütau,POINT (10.552016360522487 53.43211710252119)
C182,Schnakenbek,POINT (10.484320393497532 53.39147124286285)
C183,Wangelau,POINT (10.54341297752427 53.453165309759804)
C184,Albsfelde,POINT (10.698539837805084 53.68081356869617)
C185,Bäk,POINT (10.789627571011978 53.72513651695133)
C186,Brunsmark,POINT (10.735281085228225 53.61253203053231)
C187,Buchholz,POINT (10.734428630762535 53.731302220618346)
C188,Einhaus,POINT (10.72421674994283 53.719388417989464)
C189,Fredeburg,POINT (10.730818969507586 53.65859646397573)
C190,Giesensdorf,POINT (10.716151330418025 53.68845222711814)
C191,Groß Disnack,POINT (10.6894618547334 53.73636054572819)
C192,Groß Grönau,POINT (10.743592456877222 53.80802071333538)
C193,Groß Sarau,POINT (10.725572484442447 53.77569944000087)
C194,Harmsdorf,POINT (10.718706806000641 53.70655578960115)
C195,Hollenbek,POINT (10.825194053986712 53.5889505570736)
C196,Horst,POINT (10.770430507194279 53.62251125273583)
C197,Kittlitz,POINT (10.921432018356638 53.665280898918304)
C198,Klein Zecher,POINT (10.867614078425017 53.57948189669355)
C199,Kulpin,POINT (10.691380924328447 53.70821762017403)
C200,Mechow,POINT (10.805804974296251 53.716141104952364)
C201,Mustin,POINT (10.88233981211779 53.68543932920791)
C202,Pogeez,POINT (10.716657780512586 53.74069767111575)
C203,Römnitz,POINT (10.773595878982526 53.7302078934183)
C204,Salem,POINT (10.861607111794711 53.65292303245582)
C205,Schmilau,POINT (10.767658484862467 53.66016036800531)
C206,Seedorf,POINT (10.882429696402836 53.6085657037575)
C207,Sterley,POINT (10.814895094099914 53.627672843338544)
C208,Ziethen,POINT (10.834465783455292 53.6928665607412)
C209,Basthorst,POINT (10.484011337242903 53.57606945118272)
C210,Brunstorf,POINT (10.426837115891832 53.493453101006885)
C211,Dahmker,POINT (10.444942967195784 53.58489260491188)
C212,Elmenhorst,POINT (10.527019845025347 53.54736105964451)
C213,Fuhlenhagen,POINT (10.528204182220335 53.572558676750056)
C214,Grabau,POINT (10.513035354154974 53.51069580056988)
C215,Groß Pampau,POINT (10.564714108373071 53.5248081706051)
C216,Grove,POINT (10.487412697343219 53.52873367496586)
C217,Gülzow,POINT (10.494156741406908 53.456921809013274)
C218,Hamfelde,POINT (10.439980987870483 53.59691642616203)
C219,Havekost,POINT (10.467807994616052 53.53946381622048)
C220,Kankelau,POINT (10.570211950416448 53.54887168123691)
C221,Kasseburg,POINT (10.415245291391356 53.56214260824243)
C222,Köthel,POINT (10.515579601377414 53.60899142156033)
C223,Kollow,POINT (10.462175793458675 53.468597455653246)
C224,Kuddewörde,POINT (10.407658750376463 53.58002901434446)
C225,Möhnsen,POINT (10.463040705568504 53.560508068509336)
C226,Mühlenrade,POINT (10.491473578911304 53.59498106455584)
C227,Sahms,POINT (10.535955420985697 53.52247103729944)
C228,Duvensee,POINT (10.572689969284223 53.69759383834235)
C229,Grinau,POINT (10.546866443531716 53.77260085660449)
C230,Groß Boden,POINT (10.460448797777525 53.74954830068378)
C231,Groß Schenkenberg,POINT (10.57704536269026 53.79500722815285)
C232,Klinkrade,POINT (10.555353317149077 53.71927533814551)
C233,Koberg,POINT (10.527019498448773 53.635465092718)
C234,Kühsen,POINT (10.612790977371446 53.683169030852156)
C235,Labenz,POINT (10.522742153396335 53.710711208118894)
C236,Lankau,POINT (10.668878516973365 53.66435009427378)
C237,Linau,POINT (10.472459250372415 53.64566234289432)
C238,Lüchow,POINT (10.525589898003515 53.68999456941519)
C239,Nusse,POINT (10.586105572849252 53.660154132837135)
C240,Panten,POINT (10.623913166705414 53.64742157831341)
C241,Poggensee,POINT (10.573548526586405 53.63777838606794)
C242,Ritzerau,POINT (10.556786979071749 53.66749809414945)
C243,Sandesneben,POINT (10.494638033747908 53.6910816405547)
C244,Schiphorst,POINT (10.459661336519895 53.705092320883566)
C245,Schönberg,POINT (10.432746482730227 53.67667291213425)
C246,Schürensöhlen,POINT (10.475754913879385 53.75870860073003)
C247,Siebenbäumen,POINT (10.525110387328143 53.74900086232557)
C248,Sirksfelde,POINT (10.504552308626831 53.664101079277344)
C249,Steinhorst,POINT (10.488906051020175 53.72816271023884)
C250,Stubben,POINT (10.432293152207293 53.73406479014688)
C251,Walksfelde,POINT (10.572371052367568 53.62922084718193)
C252,Wentorf (Amt Sandesneben),POINT (10.470838170404868 53.674414465283604)
C253,Sachsenwald (Forstgutsbez.),POINT (10.37330093414825 53.530905405876084)
C254,Friedrichstadt,POINT (9.092221420506428 54.37700312154266)
C255,Husum,POINT (9.048961033225195 54.48834848808732)
C256,Reußenköge,POINT (8.901253755648188 54.60165069430773)
C257,Tönning,POINT (8.886784457677425 54.30312548898513)
C258,Sylt,POINT (8.35448525155723 54.87829457597469)
C259,Kirchspiel Garding,POINT (8.776147232518024 54.32598597102047)
C260,Garding,POINT (8.780769319058653 54.33143856443367)
C261,Grothusenkoog,POINT (8.753074589524294 54.29826392037179)
C262,Katharinenheerd,POINT (8.833525613632503 54.33439160912937)
C263,Kotzenbüll,POINT (8.896795379415295 54.33453572335302)
C264,Norderfriedrichskoog,POINT (8.897626081072133 54.40330607261301)
C265,Oldenswort,POINT (8.938777421992622 54.3647361421414)
C266,Osterhever,POINT (8.758281191586505 54.3903361057886)
C267,Poppenbüll,POINT (8.749141804801003 54.36314608514269)
C268,Sankt Peter-Ording,POINT (8.648184483757852 54.30796754530313)
C269,Tating,POINT (8.708057866876468 54.32302615910115)
C270,Tetenbüll,POINT (8.83637621733124 54.37457010978098)
C271,Tümlauer Koog,POINT (8.684354037181679 54.34885196831926)
C272,Vollerwiek,POINT (8.7947347332359 54.29044100751599)
C273,Welt,POINT (8.807311529147453 54.30721530281762)
C274,Westerhever,POINT (8.678654269643138 54.38357525115447)
C275,Hörnum (Sylt),POINT (8.288578235649572 54.76769766873359)
C276,Kampen (Sylt),POINT (8.34716699268536 54.96388564199148)
C277,List auf Sylt,POINT (8.40023748762772 55.02309257785854)
C278,Wenningstedt-Braderup (Sylt),POINT (8.337051463667384 54.93566186563317)
C279,Ahrenviöl,POINT (9.215145285147265 54.53093961775261)
C280,Ahrenviölfeld,POINT (9.272457459287033 54.53270415832763)
C281,Behrendorf,POINT (9.229158549553963 54.56312416522358)
C282,Bondelum,POINT (9.281122762877704 54.55601311448775)
C283,Haselund,POINT (9.181632552623856 54.5984545323924)
C284,Immenstedt,POINT (9.167435568813728 54.53779024190704)
C285,Löwenstedt,POINT (9.18233631162298 54.63117354195312)
C286,Norstedt,POINT (9.126339629493291 54.59471546016419)
C287,Oster-Ohrstedt,POINT (9.250087695690354 54.51198318094115)
C288,Schwesing,POINT (9.13177852121302 54.498397101170696)
C289,Sollwitt,POINT (9.233613004210254 54.599367667692775)
C290,Viöl,POINT (9.155196804767126 54.56602753864373)
C291,Wester-Ohrstedt,POINT (9.219520923807092 54.49895847021177)
C292,Gröde,POINT (8.727075302477004 54.63591937653396)
C293,Hallig Hooge,POINT (8.54496755836082 54.56796517163972)
C294,Langeneß,POINT (8.606972811419428 54.64153100405934)
C295,Pellworm,POINT (8.647575985795429 54.51905328312529)
C296,Alkersum,POINT (8.499627071363902 54.71524997794967)
C297,Borgsum,POINT (8.459775045677107 54.707643843462044)
C298,Dunsum,POINT (8.421653366476825 54.73494209380117)
C299,Midlum,POINT (8.522272069694669 54.73384926089666)
C300,Nebel,POINT (8.344190901054393 54.65143938214897)
C301,Nieblum,POINT (8.489182004709347 54.690711498600244)
C302,Norddorf auf Amrum,POINT (8.330077783100348 54.68259909585419)
C303,Oevenum,POINT (8.551960785585203 54.73205004756441)
C304,Oldsum,POINT (8.462219439633289 54.73468427728775)
C305,Süderende,POINT (8.43967674807532 54.721112232782325)
C306,Utersum,POINT (8.411205039691708 54.712108265076175)
C307,Witsum,POINT (8.437604198168197 54.698523916693055)
C308,Wittdün auf Amrum,POINT (8.37016929938574 54.62792953063806)
C309,Wrixum,POINT (8.550197722872069 54.7096326615281)
C310,Wyk auf Föhr,POINT (8.564035877939643 54.69887997856641)
C311,Achtrup,POINT (9.05080085294746 54.79446147170571)
C312,Aventoft,POINT (8.802215769258648 54.89043345385521)
C313,Bosbüll,POINT (8.843943475954438 54.82060474085906)
C314,Braderup,POINT (8.901738700906119 54.83827139750838)
C315,Bramstedtlund,POINT (9.088867088025644 54.84874754155995)
C316,Dagebüll,POINT (8.778394317132339 54.71314994653156)
C317,Ellhöft,POINT (8.937713376257596 54.894283013038304)
C318,Friedrich-Wilhelm-Lübke-Koog,POINT (8.62828157208582 54.85651207568742)
C319,Holm,POINT (8.834345677500082 54.832440278833865)
C320,Humptrup,POINT (8.852312606739229 54.86597955694508)
C321,Karlum,POINT (8.987533509581109 54.819996195552335)
C322,Klanxbüll,POINT (8.668019020279692 54.864173192117974)
C323,Klixbüll,POINT (8.894158158398017 54.80067787775263)
C324,Ladelund,POINT (9.04108412051589 54.84220637500244)
C325,Leck,POINT (8.965177764417401 54.76663623867208)
C326,Lexgaard,POINT (8.94594142409137 54.8339955312837)
C327,Neukirchen,POINT (8.752392431844186 54.86171170504574)
C328,Niebüll,POINT (8.804037377784848 54.8038388496537)
C329,Risum-Lindholm,POINT (8.85563906688941 54.754837132829465)
C330,Rodenäs,POINT (8.678293643001592 54.89198044216295)
C331,Sprakebüll,POINT (9.064910867163743 54.76915151730038)
C332,Stadum,POINT (9.044543929453505 54.741245275094926)
C333,Stedesand,POINT (8.894562368916354 54.73468778280127)
C334,Süderlügum,POINT (8.91185391216186 54.874408407909364)
C335,Tinningstedt,POINT (8.938209850744007 54.809362684497465)
C336,Uphusum,POINT (8.8310568508021 54.8433070686223)
C337,Westre,POINT (8.991907098286857 54.86691233788523)
C338,Galmsbüll,POINT (8.751829956420666 54.769727630078165)
C339,Emmelsbüll-Horsbüll,POINT (8.69679229600961 54.823071908105895)
C340,Enge-Sande,POINT (9.004263364848972 54.720540332741166)
C341,Arlewatt,POINT (9.075620580061717 54.543650586628694)
C342,Drage,POINT (9.144125540365874 54.35136580525285)
C343,Elisabeth-Sophien-Koog,POINT (8.879832365242908 54.51038329968327)
C344,Fresendelf,POINT (9.245823353972519 54.392390270515435)
C345,Hattstedt,POINT (9.028606221086143 54.52214996534408)
C346,Hattstedtermarsch,POINT (8.972314143110898 54.54675387716422)
C347,Horstedt,POINT (9.072586210286486 54.517601655483574)
C348,Hude,POINT (9.221028627336956 54.39011981193192)
C349,Koldenbüttel,POINT (9.074413969927601 54.392718577159435)
C350,Mildstedt,POINT (9.112365946976325 54.469049338906)
C351,Nordstrand,POINT (8.881136526869476 54.49908140241746)
C352,Oldersbek,POINT (9.16950977844977 54.44213540578031)
C353,Olderup,POINT (9.1128437434102 54.53411054953373)
C354,Ostenfeld (Husum),POINT (9.264414124517224 54.45280472456381)
C355,Ramstedt,POINT (9.168099113934481 54.40341480859109)
C356,Rantrum,POINT (9.142966491950624 54.455317028053045)
C357,Schwabstedt,POINT (9.198926549086837 54.40387183515327)
C358,Seeth,POINT (9.168203606767944 54.37438430443028)
C359,Simonsberg,POINT (8.987744674339423 54.446332174904995)
C360,Süderhöft,POINT (9.245881852283997 54.379264433528284)
C361,Südermarsch,POINT (9.074352290694424 54.4392949355287)
C362,Uelvesbüll,POINT (8.938700081847344 54.413389941689516)
C363,Winnert,POINT (9.231227331113896 54.43049815299919)
C364,Wisch,POINT (9.156939391678648 54.41442434898018)
C365,Wittbek,POINT (9.234758795941321 54.4775548149427)
C366,Witzwort,POINT (9.00638758347438 54.40751361676118)
C367,Wobbenbüll,POINT (9.004173739443187 54.5232227457977)
C368,Ahrenshöft,POINT (9.077052777013805 54.5616672807335)
C369,Almdorf,POINT (9.012920408890366 54.579326068569216)
C370,Bargum,POINT (8.966271001243268 54.70602631747573)
C371,Bohmstedt,POINT (9.061946084041482 54.581711860172064)
C372,Bordelum,POINT (8.949862552228968 54.64951076061544)
C373,Bredstedt,POINT (8.968057728398229 54.62386346806258)
C374,Breklum,POINT (8.992284019635594 54.607255844717265)
C375,Drelsdorf,POINT (9.068932803123817 54.60851336600023)
C376,Goldebek,POINT (9.14941266168233 54.68164823819813)
C377,Goldelund,POINT (9.097103342591618 54.67869007201248)
C378,Högel,POINT (9.06502755199852 54.649321894455085)
C379,Joldelund,POINT (9.135540112255136 54.648676518605946)
C380,Kolkerheide,POINT (9.123178628460447 54.626096884028485)
C381,Langenhorn,POINT (8.915562389152258 54.685721157166526)
C382,Lütjenholm,POINT (9.045827725040933 54.68182619691146)
C383,Ockholm,POINT (8.816461402085753 54.671993732450076)
C384,Sönnebüll,POINT (9.00559029352078 54.63372953665657)
C385,Struckum,POINT (8.985013919748287 54.57934774540118)
C386,Vollstedt,POINT (9.042802641538792 54.627911283134516)
C387,Ahrensbök,POINT (10.56759978636924 54.00203148302274)
C388,Bad Schwartau,POINT (10.685200270888998 53.92659167002126)
C389,Bosau,POINT (10.50916446390612 54.09408985678179)
C390,Dahme,POINT (11.07342295078616 54.22022864856526)
C391,Eutin,POINT (10.617433641992124 54.14769891258338)
C392,Grömitz,POINT (10.969280283456081 54.17769204235467)
C393,Grube,POINT (11.041881772163753 54.242353465565664)
C394,Heiligenhafen,POINT (10.972871536516516 54.36748466114834)
C395,Kellenhusen (Ostsee),POINT (11.0518257372319 54.19644181787472)
C396,Malente,POINT (10.573567811308171 54.187706827873704)
C397,Neustadt in Holstein,POINT (10.834011849252919 54.10365332464014)
C398,Oldenburg in Holstein,POINT (10.870110897984551 54.2984766212027)
C399,Ratekau,POINT (10.748160934917646 53.962766553875824)
C400,Stockelsdorf,POINT (10.618055378842595 53.93039417811379)
C401,Süsel,POINT (10.668775593980286 54.09244478580166)
C402,Timmendorfer Strand,POINT (10.78040030346811 53.981924067500266)
C403,Scharbeutz,POINT (10.688864623797134 54.02557733882438)
C404,Fehmarn,POINT (11.149032064361753 54.464349544385016)
C405,Göhl,POINT (10.965011308837795 54.27713433623834)
C406,Gremersdorf,POINT (10.924768584952242 54.33598285383593)
C407,Großenbrode,POINT (11.070108734052566 54.36751781830297)
C408,Heringsdorf,POINT (11.026663124920493 54.284892470367204)
C409,Neukirchen,POINT (11.033750721472968 54.325440220970975)
C410,Wangels,POINT (10.772551767876783 54.27035213042371)
C411,Beschendorf,POINT (10.879389083249272 54.1915433325493)
C412,Damlos,POINT (10.904094252528461 54.250582137039565)
C413,Harmsdorf,POINT (10.822418781146919 54.22989958754149)
C414,Kabelhorst,POINT (10.926536796016943 54.22291780335662)
C415,Lensahn,POINT (10.865151960096716 54.22136455383606)
C416,Manhagen,POINT (10.917548943772312 54.18976052510235)
C417,Riepsdorf,POINT (10.9706352817935 54.23513040011081)
C418,Altenkrempe,POINT (10.782954695154565 54.14014083607482)
C419,Kasseedorf,POINT (10.70633512475429 54.16545595184368)
C420,Schashagen,POINT (10.876505329420096 54.14089432145914)
C421,Schönwalde am Bungsberg,POINT (10.766649215815322 54.19800308972619)
C422,Sierksdorf,POINT (10.757539665911473 54.08285505150581)
C423,Barmstedt,POINT (9.773439106875365 53.79849413959702)
C424,Bönningstedt,POINT (9.911112383924662 53.67176730159638)
C425,Elmshorn,POINT (9.664622928391122 53.75163080866771)
C426,Halstenbek,POINT (9.838386756233682 53.62456465715661)
C427,Hasloh,POINT (9.921345481365393 53.69822276971952)
C428,Helgoland,POINT (7.896441222505223 54.18193975888865)
C429,Pinneberg,POINT (9.79224980331356 53.647386974536516)
C430,Quickborn,POINT (9.903572477806643 53.733621647780105)
C431,Rellingen,POINT (9.852036792258396 53.64754462648495)
C432,Schenefeld,POINT (9.826293945325636 53.60158249804015)
C433,Tornesch,POINT (9.73420550119058 53.70091344430772)
C434,Uetersen,POINT (9.668277860613903 53.68728709776937)
C435,Wedel,POINT (9.702351029203996 53.58870547522844)
C436,Klein Nordende,POINT (9.675889819815714 53.72296317555973)
C437,Klein Offenseth-Sparrieshoop,POINT (9.682518448253314 53.80209864262092)
C438,Kölln-Reisiek,POINT (9.708542574665056 53.757308666332804)
C439,Seester,POINT (9.60929403161481 53.72027893126712)
C440,Raa-Besenbek,POINT (9.600800636802076 53.74825035299123)
C441,Seestermühe,POINT (9.543428220540415 53.69604002584568)
C442,Seeth-Ekholt,POINT (9.73599458011144 53.73671718801146)
C443,Bokel,POINT (9.74614744594546 53.869454483345486)
C444,Brande-Hörnerkirchen,POINT (9.711789040929432 53.84343467060806)
C445,Osterhorn,POINT (9.699338695428311 53.876249916652114)
C446,Westerhorn,POINT (9.671751014265492 53.86871690588828)
C447,Bevern,POINT (9.76906792899064 53.75306867758007)
C448,Bilsen,POINT (9.880978541870254 53.76705031173684)
C449,Bokholt-Hanredder,POINT (9.716691584780706 53.78123790130801)
C450,Bullenkuhlen,POINT (9.74572265210897 53.76747781085878)
C451,Ellerhoop,POINT (9.782339724996605 53.728677098945404)
C452,Groß Offenseth-Aspern,POINT (9.726459908272725 53.81440251726148)
C453,Heede,POINT (9.81362758125007 53.78889042936249)
C454,Hemdingen,POINT (9.830643766028512 53.7591055050136)
C455,Langeln,POINT (9.858268951909787 53.80089252582835)
C456,Lutzhorn,POINT (9.789212809415675 53.83261722402058)
C457,Borstel-Hohenraden,POINT (9.822423297981421 53.70251487405)
C458,Ellerbek,POINT (9.881465162310304 53.65781068473499)
C459,Kummerfeld,POINT (9.789946017797396 53.700893030452775)
C460,Prisdorf,POINT (9.761927228535008 53.68041981360296)
C461,Tangstedt,POINT (9.856433433550013 53.685454986861636)
C462,Appen,POINT (9.737195698415285 53.65230741372142)
C463,Groß Nordende,POINT (9.630644796608433 53.70103815973042)
C464,Haselau,POINT (9.568704991664594 53.658028842592906)
C465,Haseldorf,POINT (9.609391003991748 53.63641028341634)
C466,Heidgraben,POINT (9.676360846510832 53.706099386831156)
C467,Heist,POINT (9.671967806377806 53.6472183680831)
C468,Hetlingen,POINT (9.606468579879317 53.61048924681774)
C469,Holm,POINT (9.694558166374977 53.62440367242027)
C470,Moorrege,POINT (9.657466964016873 53.66762106477485)
C471,Neuendeich,POINT (9.602912930314252 53.684183405146555)
C472,Ascheberg (Holstein),POINT (10.329085630964963 54.14866737299372)
C473,Bönebüttel,POINT (10.065860269645281 54.07528011123155)
C474,Bösdorf,POINT (10.484716028414008 54.133063506159324)
C475,Plön,POINT (10.424262595605871 54.144352812478786)
C476,Preetz,POINT (10.277419333188895 54.23037253583785)
C477,Schwentinental,POINT (10.236423125237529 54.28514798181079)
C478,Behrensdorf (Ostsee),POINT (10.608789003412603 54.33495374672068)
C479,Blekendorf,POINT (10.671881846947162 54.28009351511955)
C480,Dannau,POINT (10.568154172474317 54.240106799281435)
C481,Giekau,POINT (10.505235606423154 54.30357544846507)
C482,Helmstorf,POINT (10.58655426629064 54.26679111288569)
C483,Högsdorf,POINT (10.626900635979272 54.24107923196535)
C484,Hohenfelde,POINT (10.5061580206258 54.3713507118721)
C485,Hohwacht (Ostsee),POINT (10.636191078876077 54.30872149565457)
C486,Kirchnüchel,POINT (10.680741240880844 54.214450982076464)
C487,Klamp,POINT (10.54738058510408 54.28483922816383)
C488,Kletkamp,POINT (10.667390240359559 54.24307249169749)
C489,Lütjenburg,POINT (10.582562534587861 54.29804046590873)
C490,Panker,POINT (10.55897832155777 54.34225264950987)
C491,Schwartbuck,POINT (10.460623145229027 54.37540189197593)
C492,Tröndel,POINT (10.515928000122084 54.34092306054668)
C493,Dersau,POINT (10.320742466118752 54.11506254928473)
C494,Dörnick,POINT (10.356289389574298 54.163343551064834)
C495,Grebin,POINT (10.48959272876077 54.210277218011)
C496,Kalübbe,POINT (10.282555593728569 54.13142968247558)
C497,Lebrade,POINT (10.431506694283492 54.208534601062716)
C498,Nehmten,POINT (10.381642259871326 54.10356246845011)
C499,Rantzau,POINT (10.516255577623463 54.23675534855334)
C500,Rathjensdorf,POINT (10.409969550748217 54.18230388650569)
C501,Wittmoldt,POINT (10.362017151857255 54.17840190573921)
C502,Barmissen,POINT (10.172298457567114 54.203895944887776)
C503,Boksee,POINT (10.126512596714319 54.24435444966926)
C504,Bothkamp,POINT (10.1389478473459 54.17326124314266)
C505,Großbarkau,POINT (10.168483331326113 54.22332871415603)
C506,Honigsee,POINT (10.177910919423917 54.23848894369812)
C507,Kirchbarkau,POINT (10.146392621466468 54.20808730971006)
C508,Klein Barkau,POINT (10.139174222581996 54.224919724143845)
C509,Kühren,POINT (10.263453969118515 54.19016335420392)
C510,Lehmkuhlen,POINT (10.35858268595742 54.23289203422329)
C511,Löptin,POINT (10.223769225779513 54.182391003590205)
C512,Nettelsee,POINT (10.183126754106244 54.171729056015494)
C513,Pohnsdorf,POINT (10.228306196994444 54.2483424577679)
C514,Postfeld,POINT (10.202410270835994 54.20338113403952)
C515,Rastorf,POINT (10.313454108973866 54.28075394186176)
C516,Schellhorn,POINT (10.323539056107 54.221938155247955)
C517,Wahlstorf,POINT (10.314064696846392 54.191508761725366)
C518,Warnau,POINT (10.158501190069016 54.189787934197994)
C519,Barsbek,POINT (10.315184696638036 54.4041644853178)
C520,Bendfeld,POINT (10.41960316908141 54.362668270938215)
C521,Brodersdorf,POINT (10.25050270696624 54.39039344494496)
C522,Fahren,POINT (10.3388504915592 54.355572891972415)
C523,Fiefbergen,POINT (10.348880961502605 54.37577891447651)
C524,Höhndorf,POINT (10.373865885222234 54.36640764107309)
C525,Köhn,POINT (10.45193642587657 54.341771938925916)
C526,Krokau,POINT (10.343201835839336 54.39485518331691)
C527,Krummbek,POINT (10.398295072608141 54.37602536669828)
C528,Laboe,POINT (10.230965457428715 54.401413530542484)
C529,Lutterbek,POINT (10.279501040458833 54.39212141528217)
C530,Passade,POINT (10.319172416901823 54.36335498285927)
C531,Prasdorf,POINT (10.296803654327205 54.378635598928796)
C532,Probsteierhagen,POINT (10.272864925693488 54.35987337490228)
C533,Schönberg (Holstein),POINT (10.38423433674536 54.40680273697173)
C534,Stakendorf,POINT (10.42341542677172 54.39276828740669)
C535,Stein,POINT (10.263825694396708 54.41052526760318)
C536,Stoltenberg,POINT (10.350596089674793 54.34210087644311)
C537,Wendtorf,POINT (10.290686820397628 54.41537417329213)
C538,Wisch,POINT (10.343666491072222 54.419907954836155)
C539,Dobersdorf,POINT (10.292314259760058 54.31339899034582)
C540,Lammershagen,POINT (10.45708485641331 54.28350958568823)
C541,Martensrade,POINT (10.39013863703641 54.27616872597125)
C542,Mucheln,POINT (10.439249498016018 54.24131061300464)
C543,Schlesen,POINT (10.330398817242662 54.31848880078997)
C544,Selent,POINT (10.418804373626564 54.28831058149744)
C545,Fargau-Pratjau,POINT (10.386961708211329 54.3253012234624)
C546,Heikendorf,POINT (10.2188903219781 54.367498420931426)
C547,Mönkeberg,POINT (10.19503804245966 54.34795125174478)
C548,Schönkirchen,POINT (10.237271536215832 54.325747671669085)
C549,Belau,POINT (10.25647237161815 54.109712836805926)
C550,Großharrie,POINT (10.062486302234216 54.118894819678)
C551,Rendswühren,POINT (10.146219951113185 54.075423725984265)
C552,Ruhwinkel,POINT (10.207111175761476 54.091335863863634)
C553,Schillsdorf,POINT (10.130155728636453 54.11408661906911)
C554,Stolpe,POINT (10.227876472650394 54.146958457137906)
C555,Tasdorf,POINT (10.048062625027486 54.099322010942025)
C556,Wankendorf,POINT (10.183732211554597 54.12744571066037)
C557,Altenholz,POINT (10.106146949655903 54.39439809293711)
C558,Büdelsdorf,POINT (9.68295248287657 54.318649565187314)
C559,Eckernförde,POINT (9.83038778546367 54.47138476246884)
C560,Kronshagen,POINT (10.082585555379161 54.336527401194346)
C561,Rendsburg,POINT (9.654218091651979 54.30245267379487)
C562,Wasbek,POINT (9.895790747845727 54.08323056193767)
C563,Achterwehr,POINT (9.979715738704654 54.300987140221466)
C564,Bredenbek,POINT (9.853828086851856 54.31277934094989)
C565,Felde,POINT (9.926661483301457 54.30755646180664)
C566,Krummwisch,POINT (9.911375070488461 54.336272495865245)
C567,Melsdorf,POINT (10.030199512890704 54.315018858409964)
C568,Ottendorf,POINT (10.04830825807131 54.342080130937795)
C569,Quarnbek,POINT (9.999739826509936 54.335890481268144)
C570,Westensee,POINT (9.906477877963901 54.274220892557935)
C571,Dänischenhagen,POINT (10.11462172471094 54.431398019082245)
C572,Noer,POINT (9.98756087049258 54.45815541729477)
C573,Schwedeneck,POINT (10.085785355855563 54.463271589879476)
C574,Strande,POINT (10.15677309897544 54.451630172960016)
C575,Felm,POINT (10.05731134661712 54.40141770677269)
C576,Gettorf,POINT (9.97548031507456 54.410572696840774)
C577,Lindau,POINT (9.91714272774562 54.38131815289518)
C578,Neudorf-Bornstein,POINT (9.932112190440204 54.42852131926918)
C579,Neuwittenbek,POINT (10.017182476383697 54.365401012924856)
C580,Osdorf,POINT (10.014007536881033 54.43265038636318)
C581,Schinkel,POINT (9.94978958628023 54.355759043936025)
C582,Tüttendorf,POINT (9.997275829022296 54.38592218002999)
C583,Alt Duvenstedt,POINT (9.630361084889211 54.35558679277701)
C584,Fockbek,POINT (9.58474897272624 54.30706455791231)
C585,Nübbel,POINT (9.596930537132168 54.2652880377567)
C586,Rickert,POINT (9.657168654447993 54.336816168404525)
C587,Bargstall,POINT (9.455033958174882 54.26093621845922)
C588,Breiholz,POINT (9.534064800317724 54.20157436481626)
C589,Christiansholm,POINT (9.419406392710219 54.32476421412698)
C590,Elsdorf-Westermühlen,POINT (9.524020895066867 54.261712301625685)
C591,Friedrichsgraben,POINT (9.418084325543182 54.27770611777401)
C592,Friedrichsholm,POINT (9.437347376472461 54.306627775081914)
C593,Hamdorf,POINT (9.497955274060418 54.227594553193754)
C594,Hohn,POINT (9.493783807525523 54.30184374823343)
C595,Königshügel,POINT (9.451049159196875 54.33292824464387)
C596,Lohe-Föhrden,POINT (9.528007548288082 54.33772921249365)
C597,Prinzenmoor,POINT (9.453299888159451 54.21635321824908)
C598,Sophienhamm,POINT (9.450472900164735 54.27709388183752)
C599,Brinjahe,POINT (9.627574847778918 54.16840380546194)
C600,Embühren,POINT (9.588488894513741 54.17602796398284)
C601,Haale,POINT (9.54557325292366 54.17235380334252)
C602,Hamweddel,POINT (9.614787820587377 54.19373118902029)
C603,Hörsten,POINT (9.593457171809114 54.21878359895122)
C604,Jevenstedt,POINT (9.683842673858207 54.22494379125574)
C605,Luhnstedt,POINT (9.694429572383228 54.17009170345183)
C606,Schülp b.Rendsburg,POINT (9.622364108777118 54.24741534666678)
C607,Stafstedt,POINT (9.65853358269367 54.17295523093514)
C608,Westerrönfeld,POINT (9.660530621655615 54.269736949014295)
C609,Bargstedt,POINT (9.76488469399368 54.16713434432744)
C610,Bokel,POINT (9.78076949809026 54.22344068346279)
C611,Borgdorf-Seedorf,POINT (9.889203857292188 54.17688799141213)
C612,Brammer,POINT (9.763661440025245 54.19967848486553)
C613,Dätgen,POINT (9.938057048314656 54.18143830624974)
C614,Eisendorf,POINT (9.869318075566497 54.19401183263859)
C615,Ellerdorf,POINT (9.83109398090169 54.19935331814066)
C616,Emkendorf,POINT (9.821028726803318 54.25476810879209)
C617,Gnutz,POINT (9.821844991185571 54.12980124160577)
C618,Groß Vollstedt,POINT (9.865029925126018 54.231017089086016)
C619,Krogaspe,POINT (9.92908740873752 54.12554116210137)
C620,Langwedel,POINT (9.934596002408258 54.21851226328179)
C621,Nortorf,POINT (9.83561016247311 54.16794684290543)
C622,Oldenhütten,POINT (9.734715077031613 54.154445080999686)
C623,Schülp b.Nortorf,POINT (9.891325030770291 54.15648298375551)
C624,Timmaspe,POINT (9.881083516174789 54.12363982701579)
C625,Warder,POINT (9.8860643534435 54.21399738113971)
C626,Bovenau,POINT (9.825041177380129 54.34027655948623)
C627,Haßmoor,POINT (9.798396716851867 54.292452140125725)
C628,Ostenfeld (Rendsburg),POINT (9.779397624089102 54.31740209717193)
C629,Osterrönfeld,POINT (9.713987526202112 54.27488132799528)
C630,Rade b.Rendsburg,POINT (9.74864866284176 54.331782397895005)
C631,Schacht-Audorf,POINT (9.726673948707774 54.31366197661745)
C632,Schülldorf,POINT (9.754449192830661 54.28754140924325)
C633,Bissee,POINT (10.107760847030997 54.195535497944824)
C634,Bordesholm,POINT (10.024469208240786 54.16944064246202)
C635,Brügge,POINT (10.079455659675315 54.18871005747315)
C636,Grevenkrug,POINT (10.019753709646332 54.21520895248394)
C637,Groß Buchwald,POINT (10.101811234367563 54.15933187143122)
C638,Hoffeld,POINT (9.982828159831275 54.186140294236395)
C639,Loop,POINT (9.95267140347809 54.14809247063437)
C640,Mühbrook,POINT (10.005830453808105 54.15771011954499)
C641,Negenharrie,POINT (10.073643159654512 54.141833725024945)
C642,Reesdorf,POINT (10.061216461043873 54.195339065852274)
C643,Schmalstede,POINT (10.03088480221361 54.196493006667694)
C644,Schönbek,POINT (9.971718993493432 54.164045529578395)
C645,Sören,POINT (9.987319162535057 54.20516254012746)
C646,Wattenbek,POINT (10.046819943116786 54.15796755705465)
C647,Ascheffel,POINT (9.68417072540161 54.43055522267168)
C648,Borgstedt,POINT (9.704806591429028 54.341278320670376)
C649,Brekendorf,POINT (9.630542781087943 54.427694521675875)
C650,Bünsdorf,POINT (9.749771447702207 54.36354740230861)
C651,Damendorf,POINT (9.73606735839294 54.422882308642635)
C652,Groß Wittensee,POINT (9.769748174191554 54.400901323315445)
C653,Haby,POINT (9.821022717109354 54.39935265564765)
C654,Holtsee,POINT (9.865404743296189 54.40123212988216)
C655,Holzbunge,POINT (9.694194615913172 54.3791192744616)
C656,Hütten,POINT (9.711523462658077 54.44343230913831)
C657,Klein Wittensee,POINT (9.725040652564507 54.39721431623371)
C658,Neu Duvenstedt,POINT (9.697461232015474 54.35997918071694)
C659,Osterby,POINT (9.759578986189881 54.44859490814138)
C660,Owschlag,POINT (9.598426826081807 54.391485088291816)
C661,Sehestedt,POINT (9.821260050075761 54.3692164406902)
C662,Ahlefeld-Bistensee,POINT (9.686972418333044 54.40028331978245)
C663,Altenhof,POINT (9.893290701729907 54.44050491852058)
C664,Barkelsby,POINT (9.871399359483107 54.497317027109)
C665,Brodersby,POINT (10.00547370492319 54.63071373116038)
C666,Damp,POINT (9.991444200427273 54.57443425399004)
C667,Dörphof,POINT (9.98743061657899 54.604616852956305)
C668,Fleckeby,POINT (9.716060968730677 54.47877018525499)
C669,Gammelby,POINT (9.801125079634524 54.50424511120806)
C670,Güby,POINT (9.665189409758499 54.47858568524075)
C671,Holzdorf,POINT (9.9049856229404 54.55777031037717)
C672,Hummelfeld,POINT (9.700873773007038 54.45889739637522)
C673,Karby,POINT (9.97248637522919 54.625344938357365)
C674,Kosel,POINT (9.74309249531861 54.515991952775586)
C675,Loose,POINT (9.885110060808032 54.523075341277)
C676,Goosefeld,POINT (9.823872502378153 54.43031218139889)
C677,Rieseby,POINT (9.826353754352315 54.54937738303466)
C678,Thumby,POINT (9.907172905813452 54.58764558518905)
C679,Waabs,POINT (9.966965558658947 54.53056629973827)
C680,Windeby,POINT (9.785318565028291 54.46283137343871)
C681,Winnemark,POINT (9.932525168111708 54.61535341840986)
C682,Arpsdorf,POINT (9.866760050118176 54.02659607798852)
C683,Aukrug,POINT (9.790725358318047 54.078417877142044)
C684,Beldorf,POINT (9.347408911998473 54.12469852848509)
C685,Bendorf,POINT (9.376535963707916 54.086026437006595)
C686,Beringstedt,POINT (9.53297560807906 54.11806887479693)
C687,Bornholt,POINT (9.32844331581448 54.09506669511789)
C688,Ehndorf,POINT (9.865814323061818 54.050217278012006)
C689,Gokels,POINT (9.465969583127489 54.109561545673564)
C690,Grauel,POINT (9.66880437376234 54.06340993187115)
C691,Hanerau-Hademarschen,POINT (9.424320650794376 54.131746130994514)
C692,Heinkenborstel,POINT (9.76015230298759 54.12912935022845)
C693,Hohenwestedt,POINT (9.658697211469498 54.0904549610964)
C694,Jahrsdorf,POINT (9.630040953016058 54.062067969265996)
C695,Lütjenwestedt,POINT (9.487174989451418 54.149521336357495)
C696,Meezen,POINT (9.7121340911921 54.05683011367535)
C697,Mörel,POINT (9.747291213361807 54.11189565948144)
C698,Nienborstel,POINT (9.610267410208024 54.14331307880534)
C699,Nindorf,POINT (9.696789696019819 54.13103532420209)
C700,Oldenbüttel,POINT (9.444365712112333 54.17381208448361)
C701,Osterstedt,POINT (9.583267937161285 54.10827553021376)
C702,Padenstedt,POINT (9.92054503970292 54.03486665984019)
C703,Rade b.Hohenwestedt,POINT (9.722360883983965 54.10217229967569)
C704,Remmels,POINT (9.649293523451252 54.124168349732635)
C705,Seefeld,POINT (9.49734005009163 54.103418927068695)
C706,Steenfeld,POINT (9.390896072450237 54.142798378376874)
C707,Tackesdorf,POINT (9.480683781386535 54.1783251853487)
C708,Tappendorf,POINT (9.69461828866803 54.10216691501056)
C709,Thaden,POINT (9.424514113501413 54.09440801934919)
C710,Todenbüttel,POINT (9.561626243492963 54.13700962843461)
C711,Wapelfeld,POINT (9.606233008492122 54.084730818783086)
C712,Blumenthal,POINT (10.001466492496407 54.230367463683415)
C713,Böhnhusen,POINT (10.07259139157158 54.221208548789264)
C714,Flintbek,POINT (10.07511701158394 54.245320346979256)
C715,Mielkendorf,POINT (10.03841933372835 54.28617847252348)
C716,Molfsee,POINT (10.069460060253746 54.271933440757024)
C717,Rodenbek,POINT (10.001110765874337 54.279346726170836)
C718,Rumohr,POINT (10.022045626821342 54.25500902137812)
C719,Schierensee,POINT (9.979223568948631 54.25561089385851)
C720,Schönhorst,POINT (10.113205899392952 54.224367256104514)
C721,Techelsdorf,POINT (10.04885761279945 54.21161201829298)
C722,Kappeln,POINT (9.960369502380518 54.663620710861345)
C723,Schleswig,POINT (9.559011419711144 54.51976669594248)
C724,Glücksburg (Ostsee),POINT (9.561528638045955 54.8486730822435)
C725,Harrislee,POINT (9.385191677481112 54.812350136958)
C726,Handewitt,POINT (9.333773969138035 54.75692544834704)
C727,Eggebek,POINT (9.357180962715491 54.62632593596984)
C728,Janneby,POINT (9.29676667799489 54.635051919512286)
C729,Jerrishoe,POINT (9.356989785668942 54.65820146262752)
C730,Jörl,POINT (9.25975815586355 54.623418349793134)
C731,Langstedt,POINT (9.38788857535829 54.609181298565865)
C732,Sollerup,POINT (9.320343167028774 54.57945374601205)
C733,Süderhackstedt,POINT (9.282100204790233 54.58769117543914)
C734,Wanderup,POINT (9.319496948796063 54.68363092729409)
C735,Borgwedel,POINT (9.650026478960694 54.498939356258674)
C736,Busdorf,POINT (9.5508990368845 54.489378049711036)
C737,Dannewerk,POINT (9.49253236807117 54.47655193483737)
C738,Fahrdorf,POINT (9.605796857056847 54.49574171112565)
C739,Geltorf,POINT (9.616367745659279 54.46029581788605)
C740,Jagel,POINT (9.538996609276214 54.45368029754248)
C741,Lottorf,POINT (9.577018002818365 54.44611081054726)
C742,Selk,POINT (9.579670897371383 54.471180038496165)
C743,Ausacker,POINT (9.57618970827923 54.73167963147478)
C744,Großsolt,POINT (9.520005606184805 54.698113237134756)
C745,Hürup,POINT (9.522744422188232 54.7622149711742)
C746,Husby,POINT (9.589148165045952 54.76785431910946)
C747,Freienwill,POINT (9.497288325384936 54.73085446287113)
C748,Arnis,POINT (9.931285718488791 54.629985771201476)
C749,Grödersby,POINT (9.914884201018415 54.63709009793925)
C750,Oersberg,POINT (9.843318334866662 54.67307132801634)
C751,Rabenkirchen-Faulück,POINT (9.873225439621972 54.643059895197545)
C752,Dollerup,POINT (9.682740083378128 54.78162748072211)
C753,Grundhof,POINT (9.635274349115987 54.77350124617535)
C754,Langballig,POINT (9.644709885234152 54.81385146996677)
C755,Munkbrarup,POINT (9.598870238471868 54.82118921312897)
C756,Ringsberg,POINT (9.597888335422445 54.80473702420017)
C757,Wees,POINT (9.533493428598321 54.80745466727262)
C758,Westerholz,POINT (9.695735173114306 54.81595975307099)
C759,Sieverstedt,POINT (9.46350889808455 54.64107640289438)
C760,Tarp,POINT (9.405392025325016 54.66226402124344)
C761,Oeversee,POINT (9.430127205923409 54.70778810079622)
C762,Schnarup-Thumby,POINT (9.649719884550668 54.65142012497234)
C763,Sörup,POINT (9.660808434394136 54.724178202275596)
C764,Mittelangeln,POINT (9.593378078648707 54.678222050120084)
C765,Böxlund,POINT (9.17694536689691 54.850489143739765)
C766,Großenwiehe,POINT (9.262910575634576 54.702968621448306)
C767,Hörup,POINT (9.106668430627481 54.741376482818374)
C768,Holt,POINT (9.125835903003232 54.80607303629243)
C769,Jardelund,POINT (9.21253668316734 54.83450834037298)
C770,Medelby,POINT (9.173508381646801 54.809515029016644)
C771,Meyn,POINT (9.23189870092757 54.750814200749154)
C772,Nordhackstedt,POINT (9.16380372361406 54.73419919168313)
C773,Osterby,POINT (9.213949457737836 54.79689251966106)
C774,Schafflund,POINT (9.157919419495762 54.76732183318717)
C775,Wallsbüll,POINT (9.234178081961925 54.77840706824956)
C776,Weesby,POINT (9.138582358158692 54.845164175686975)
C777,Lindewitt,POINT (9.182910504416856 54.696690746728294)
C778,Böel,POINT (9.700788588793293 54.64792028430462)
C779,Loit,POINT (9.706391376456617 54.60772889046441)
C780,Mohrkirch,POINT (9.70523160183486 54.677899410696064)
C781,Norderbrarup,POINT (9.765865811928578 54.652553002698205)
C782,Nottfeld,POINT (9.764290940324477 54.616539353795474)
C783,Rügge,POINT (9.76306905480626 54.687300134379115)
C784,Saustrup,POINT (9.757777640195142 54.66762828116314)
C785,Scheggerott,POINT (9.815882082999511 54.66934043527211)
C786,Steinfeld,POINT (9.742017860574009 54.601522713659904)
C787,Süderbrarup,POINT (9.768923695280725 54.63434359422245)
C788,Ulsnis,POINT (9.755056697694497 54.57294936545332)
C789,Wagersrott,POINT (9.797188950009001 54.66133876928556)
C790,Boren,POINT (9.82709623941941 54.6097303588791)
C791,Böklund,POINT (9.58499390906039 54.60878831045705)
C792,Havetoft,POINT (9.515971616917687 54.656525991792805)
C793,Idstedt,POINT (9.507545041692527 54.5781972673849)
C794,Klappholz,POINT (9.527595791032834 54.62460896227324)
C795,Neuberend,POINT (9.52646620008211 54.55287033772246)
C796,Schaalby,POINT (9.638585427187538 54.538992034164615)
C797,Stolk,POINT (9.52331885770881 54.60120069973561)
C798,Struxdorf,POINT (9.63018608763302 54.62900648956552)
C799,Süderfahrenstedt,POINT (9.581093649277541 54.58630608136732)
C800,Taarstedt,POINT (9.69154016137217 54.57227118622668)
C801,Tolk,POINT (9.638065336883539 54.584537892426816)
C802,Uelsby,POINT (9.587763469418187 54.63172199477019)
C803,Twedt,POINT (9.671322306683138 54.603442078949165)
C804,Nübel,POINT (9.578631915146397 54.56190733897888)
C805,Brodersby-Goltoft,POINT (9.705508930354544 54.53770668489287)
C806,Ahneby,POINT (9.729766396496055 54.70522528528061)
C807,Esgrus,POINT (9.808397678089674 54.71184883373885)
C808,Gelting,POINT (9.905922972311991 54.74506956152819)
C809,Hasselberg,POINT (9.954227002654704 54.715547811245656)
C810,Kronsgaard,POINT (9.964135350462206 54.740866415468346)
C811,Maasholm,POINT (10.002384505074142 54.6942196489231)
C812,Nieby,POINT (9.927661361079114 54.77908286075644)
C813,Niesgrau,POINT (9.82650933345031 54.74542547264939)
C814,Pommerby,POINT (9.951669047564645 54.75703803446669)
C815,Rabel,POINT (9.96040059266254 54.690760954326485)
C816,Rabenholz,POINT (9.907093497461636 54.712390593392676)
C817,Stangheck,POINT (9.85444094565286 54.725040098345396)
C818,Steinberg,POINT (9.788994826515076 54.775659189108374)
C819,Sterup,POINT (9.749826363788914 54.72207794013165)
C820,Stoltebüll,POINT (9.870941002591382 54.69278666681514)
C821,Steinbergkirche,POINT (9.739035599416066 54.77264067459202)
C822,Bollingstedt,POINT (9.433812880981456 54.5877710036285)
C823,Ellingstedt,POINT (9.40764500496641 54.47790618562471)
C824,Hollingstedt,POINT (9.348779759759767 54.46775522826083)
C825,Hüsby,POINT (9.465608681202037 54.49278292792928)
C826,Jübek,POINT (9.408871592452941 54.553147781098446)
C827,Lürschau,POINT (9.482777037484611 54.54503764538351)
C828,Schuby,POINT (9.458433743510659 54.51746779084408)
C829,Silberstedt,POINT (9.367011908454382 54.536468676231536)
C830,Treia,POINT (9.316384840502852 54.51853835235372)
C831,Alt Bennebek,POINT (9.442742786438826 54.3765446572555)
C832,Bergenhusen,POINT (9.309825932972112 54.375241092099785)
C833,Börm,POINT (9.377240658504327 54.407231578419896)
C834,Dörpstedt,POINT (9.355618541626306 54.43234265565009)
C835,Erfde,POINT (9.318174956248557 54.31639838051835)
C836,Groß Rheide,POINT (9.426168404607836 54.44114928596032)
C837,Klein Bennebek,POINT (9.433901592032797 54.398219301472594)
C838,Klein Rheide,POINT (9.485402168311808 54.443251444228174)
C839,Kropp,POINT (9.523074893228449 54.401464675643865)
C840,Meggerdorf,POINT (9.374543514849664 54.34651874948384)
C841,Tetenhusen,POINT (9.478376528583563 54.35592882253173)
C842,Tielen,POINT (9.349047501929512 54.292475422823614)
C843,Wohlde,POINT (9.301808484733396 54.40578767686229)
C844,Stapel,POINT (9.23723359254982 54.35151785884251)
C845,Bad Bramstedt,POINT (9.904269225288528 53.91109246687818)
C846,Bad Segeberg,POINT (10.312806057232585 53.9415618863822)
C847,Ellerau,POINT (9.926120489035217 53.76015338949092)
C848,Henstedt-Ulzburg,POINT (10.004505539328035 53.782558361714266)
C849,Kaltenkirchen,POINT (9.938830055416098 53.8289986681332)
C850,Norderstedt,POINT (9.995389405450064 53.70058617819682)
C851,Wahlstedt,POINT (10.20137027739696 53.956172502104565)
C852,Armstedt,POINT (9.857001551971718 53.9691283387264)
C853,Bimöhlen,POINT (9.97066907459739 53.92998140120396)
C854,Borstel,POINT (9.79928044146652 53.97167081449289)
C855,Föhrden-Barl,POINT (9.791596746922961 53.924578930836965)
C856,Fuhlendorf,POINT (9.882999905063528 53.94359793043087)
C857,Großenaspe,POINT (9.973411380568269 53.97758635984074)
C858,Hagen,POINT (9.832218493089051 53.9446201055311)
C859,Hardebek,POINT (9.887989502085066 53.995717487539736)
C860,Hasenkrug,POINT (9.849738726102194 53.99302101811019)
C861,Heidmoor,POINT (9.83489433697173 53.85222215004998)
C862,Hitzhusen,POINT (9.849562886655608 53.923384702507406)
C863,Mönkloh,POINT (9.782183484619141 53.88467521420181)
C864,Weddelbrook,POINT (9.817149870805984 53.90128106003739)
C865,Wiemersdorf,POINT (9.913307067908104 53.96231030451317)
C866,Bornhöved,POINT (10.235889999038745 54.06470544908858)
C867,Damsdorf,POINT (10.319049439930337 54.066592726101696)
C868,Gönnebek,POINT (10.172528792858149 54.0484586514455)
C869,Schmalensee,POINT (10.283872434762884 54.0812559424393)
C870,Stocksee,POINT (10.331102696865468 54.089961783528764)
C871,Tarbek,POINT (10.268185835938695 54.04600512635058)
C872,Tensfeld,POINT (10.309850495579475 54.04320822980341)
C873,Trappenkamp,POINT (10.218997821111577 54.041100589556684)
C874,Itzstedt,POINT (10.167102363651027 53.80420569852003)
C875,Kayhude,POINT (10.124039415475652 53.75931434106506)
C876,Nahe,POINT (10.131026043737215 53.79564404819961)
C877,Oering,POINT (10.13949995552072 53.82720410801627)
C878,Seth,POINT (10.16379671777644 53.853085124942496)
C879,Sülfeld,POINT (10.213799587157533 53.81421174770759)
C880,Alveslohe,POINT (9.9144787209325 53.789938091324416)
C881,Hartenholm,POINT (10.070527750722336 53.89425204954564)
C882,Hasenmoor,POINT (10.009204560147872 53.909855572402385)
C883,Lentföhrden,POINT (9.883642007218814 53.8772953123434)
C884,Nützen,POINT (9.910199599657764 53.852457426372524)
C885,Schmalfeld,POINT (9.982101676228796 53.880400489900154)
C886,Hüttblek,POINT (10.071503419074636 53.835587371757875)
C887,Kattendorf,POINT (10.034026473283257 53.84913674317393)
C888,Kisdorf,POINT (10.047860298514294 53.81386257749041)
C889,Oersdorf,POINT (9.994362447351172 53.84570770614006)
C890,Sievershütten,POINT (10.101294180176792 53.841265033753736)
C891,Struvenhütten,POINT (10.060152625862907 53.865495905935155)
C892,Stuvenborn,POINT (10.123086792621802 53.86025163126166)
C893,Wakendorf II,POINT (10.089305148404263 53.782214491278275)
C894,Winsen,POINT (10.015162611118074 53.830088086909015)
C895,Bark,POINT (10.161265893611818 53.9139931641693)
C896,Bebensee,POINT (10.302867902023237 53.879700975983944)
C897,Fredesdorf,POINT (10.189018983361429 53.87396517124773)
C898,Groß Niendorf,POINT (10.236382269774651 53.84360795048072)
C899,Högersdorf,POINT (10.2755091786173 53.92081856820634)
C900,Kükels,POINT (10.22542703273744 53.895883659340335)
C901,Leezen,POINT (10.240077617846085 53.87000447639077)
C902,Mözen,POINT (10.257761925951106 53.90571027845801)
C903,Neversdorf,POINT (10.288495050452763 53.86075342987411)
C904,Schwissel,POINT (10.291207527610126 53.90023618756931)
C905,Todesfelde,POINT (10.149263001904883 53.88610168738499)
C906,Wittenborn,POINT (10.224324348125847 53.925178398256634)
C907,Boostedt,POINT (10.018774079005398 54.002648611927086)
C908,Daldorf,POINT (10.254859342182433 54.01591143293325)
C909,Groß Kummerfeld,POINT (10.090063353538374 54.03520202616531)
C910,Heidmühlen,POINT (10.080859217241379 53.962041959971955)
C911,Latendorf,POINT (10.08188526805619 53.99760493219488)
C912,Rickling,POINT (10.172571942987997 54.00162432563484)
C913,Bahrenhof,POINT (10.387546777444044 53.877347015517294)
C914,Blunk,POINT (10.30753902473069 54.00925848370515)
C915,Bühnsdorf,POINT (10.394262536527036 53.886148488212854)
C916,Dreggers,POINT (10.344014533931883 53.88022048347562)
C917,Fahrenkrug,POINT (10.251947940603014 53.94366763172382)
C918,Geschendorf,POINT (10.446160080147306 53.919964355424526)
C919,Glasau,POINT (10.526105824544455 54.04891073050333)
C920,Groß Rönnau,POINT (10.317574907091497 53.978575249923445)
C921,Klein Gladebrügge,POINT (10.323700763125245 53.91381206310468)
C922,Klein Rönnau,POINT (10.3324191475512 53.961807924321036)
C923,Krems II,POINT (10.358011600983223 53.99325984809113)
C924,Negernbötel,POINT (10.248354175803023 53.98575025006578)
C925,Nehms,POINT (10.351157422921903 54.023222407912144)
C926,Neuengörs,POINT (10.390521291638478 53.89876620936507)
C927,Pronstorf,POINT (10.49663188109235 53.953447533756545)
C928,Rohlstorf,POINT (10.398350227880064 53.9621985532017)
C929,Schackendorf,POINT (10.269507180217497 53.95939716533174)
C930,Schieren,POINT (10.401730341479686 53.94148277933189)
C931,Seedorf,POINT (10.420685741433863 54.048089259927764)
C932,Stipsdorf,POINT (10.345690345137529 53.9449435668316)
C933,Strukdorf,POINT (10.484120398001002 53.912902602925534)
C934,Travenhorst,POINT (10.446685209515215 54.016196963829024)
C935,Traventhal,POINT (10.326942222903156 53.89680344718054)
C936,Wakendorf I,POINT (10.362261825262435 53.865953203780784)
C937,Weede,POINT (10.396045596859226 53.91871427020132)
C938,Wensin,POINT (10.417569148814252 53.99546395568578)
C939,Westerrade,POINT (10.453102590308587 53.93741801635419)
C940,Buchholz (Forstgutsbez.),POINT (10.113855270485956 53.93644505382163)
C941,Glückstadt,POINT (9.415914178989725 53.78202496537424)
C942,Itzehoe,POINT (9.517261315698603 53.93535318457068)
C943,Wilster,POINT (9.371129888270092 53.92192769539599)
C944,Auufer,POINT (9.688662012404338 53.917067785770335)
C945,Breitenberg,POINT (9.643341480128836 53.92737822558114)
C946,Breitenburg,POINT (9.57342773145556 53.893875187935656)
C947,Kollmoor,POINT (9.600533807614413 53.922922202005864)
C948,Kronsmoor,POINT (9.601015845859413 53.90188645264362)
C949,Lägerdorf,POINT (9.570131514204359 53.882208003634034)
C950,Moordiek,POINT (9.663757232785079 53.90636299441006)
C951,Münsterdorf,POINT (9.53568726335142 53.90068352007461)
C952,Oelixdorf,POINT (9.56956474687684 53.926544044940485)
C953,Westermoor,POINT (9.634361481461573 53.903173449917595)
C954,Wittenbergen,POINT (9.670677135215877 53.93103305962414)
C955,Altenmoor,POINT (9.584302773407183 53.765720543443464)
C956,Blomesche Wildnis,POINT (9.44082079999043 53.80464840048671)
C957,Borsfleth,POINT (9.433711477853418 53.82808548409987)
C958,Engelbrechtsche Wildnis,POINT (9.462233748849401 53.78246949270559)
C959,Herzhorn,POINT (9.50551388470942 53.77504029478437)
C960,Hohenfelde,POINT (9.62575963732563 53.847638902980705)
C961,Horst (Holstein),POINT (9.62764742594223 53.80957672556393)
C962,Kiebitzreihe,POINT (9.592702936421546 53.77989089187149)
C963,Krempdorf,POINT (9.472918512345833 53.820185426843096)
C964,Neuendorf b.Elmshorn,POINT (9.544197166265988 53.7312119082017)
C965,Sommerland,POINT (9.551422167563004 53.799913527546366)
C966,Kollmar,POINT (9.483478207829362 53.742837413913605)
C967,Bekdorf,POINT (9.41346402504672 53.9360218117348)
C968,Bekmünde,POINT (9.447585568597836 53.93062227943132)
C969,Drage,POINT (9.52866879898509 54.01160265880092)
C970,Heiligenstedten,POINT (9.467061648218777 53.92455297514185)
C971,Heiligenstedtenerkamp,POINT (9.466289087715898 53.90115938667176)
C972,Hodorf,POINT (9.443536384009281 53.89759477084743)
C973,Hohenaspe,POINT (9.53336692370619 53.988540537518325)
C974,Huje,POINT (9.426209418818955 53.97940515472549)
C975,Kaaks,POINT (9.469371446982027 53.99040915195791)
C976,Kleve,POINT (9.406892917231193 53.966591514398885)
C977,Krummendiek,POINT (9.411572971259538 53.945255042902836)
C978,Lohbarbek,POINT (9.635227516993817 53.94946810055079)
C979,Mehlbek,POINT (9.438827000237554 54.003475038784124)
C980,Moorhusen,POINT (9.396035936210044 53.95604637056272)
C981,Oldendorf,POINT (9.449784428118857 53.95451187081746)
C982,Ottenbüttel,POINT (9.502688425103937 53.96932811821933)
C983,Peissen,POINT (9.59645300138841 54.03212188061368)
C984,Schlotfeld,POINT (9.574128579006059 53.95702166976037)
C985,Silzen,POINT (9.634039464312643 54.03565505924028)
C986,Winseldorf,POINT (9.610836000029478 53.944376742237026)
C987,Bahrenfleth,POINT (9.452420146172388 53.866097050967554)
C988,Dägeling,POINT (9.522918736619545 53.88137390920741)
C989,Elskop,POINT (9.497749468510685 53.80599079181182)
C990,Grevenkop,POINT (9.526212181378138 53.83995068605832)
C991,Krempe,POINT (9.490642762588756 53.834672392904935)
C992,Kremperheide,POINT (9.484230363203615 53.88968602256518)
C993,Krempermoor,POINT (9.486706084364156 53.874801368964405)
C994,Neuenbrook,POINT (9.531707309261657 53.860130253940724)
C995,Rethwisch,POINT (9.603144778437654 53.86840490628195)
C996,Süderau,POINT (9.548859220201939 53.82766458313547)
C997,Aasbüttel,POINT (9.439678834009538 54.06884039301644)
C998,Agethorst,POINT (9.43036116260375 54.02142488964305)
C999,Besdorf,POINT (9.366962297197224 54.05487017837)
C1000,Bokelrehm,POINT (9.41555910218997 54.04183553754124)
C1001,Bokhorst,POINT (9.399098239170831 54.054198235911336)
C1002,Christinenthal,POINT (9.537153590459914 54.05518345727008)
C1003,Gribbohm,POINT (9.331123645488473 54.02117474414821)
C1004,Hadenfeld,POINT (9.453276053028953 54.03821374685362)
C1005,Holstenniendorf,POINT (9.328227730670688 54.04669927769677)
C1006,Kaisborstel,POINT (9.47059654034559 54.017017685304275)
C1007,Looft,POINT (9.538155228621369 54.032215075853024)
C1008,Nienbüttel,POINT (9.41306494196482 54.033496830877624)
C1009,Nutteln,POINT (9.378538476591642 53.9826728106617)
C1010,Oldenborstel,POINT (9.513791235310414 54.061405769388024)
C1011,Pöschendorf,POINT (9.492429807708628 54.037483410918284)
C1012,Puls,POINT (9.518830939439272 54.080575715813204)
C1013,Reher,POINT (9.572154911058183 54.06524124239522)
C1014,Schenefeld,POINT (9.465758012492712 54.05136396634268)
C1015,Vaale,POINT (9.35544989059674 53.99896831355809)
C1016,Vaalermoor,POINT (9.332378805312908 53.979491954178386)
C1017,Wacken,POINT (9.37983663045054 54.02053388596344)
C1018,Warringholz,POINT (9.471041052194792 54.07690417399193)
C1019,Aebtissinwisch,POINT (9.28503250454548 53.97149570688907)
C1020,Beidenfleth,POINT (9.40552712821112 53.87860487347149)
C1021,Brokdorf,POINT (9.31649990443657 53.869722049806995)
C1022,Büttel,POINT (9.222878217090186 53.90305511799685)
C1023,Dammfleth,POINT (9.361468088001823 53.894446159506856)
C1024,Ecklak,POINT (9.270842102681147 53.94627022047574)
C1025,Kudensee,POINT (9.22015677076538 53.93098390663237)
C1026,Landrecht,POINT (9.389950658926741 53.92826007143169)
C1027,Landscheide,POINT (9.260653989084425 53.91828507430563)
C1028,Nortorf,POINT (9.323270620993293 53.92105565412926)
C1029,Sankt Margarethen,POINT (9.262367400034252 53.891151636938204)
C1030,Stördorf,POINT (9.41560841507213 53.918830374123424)
C1031,Wewelsfleth,POINT (9.38102527596181 53.84184120214162)
C1032,Neuendorf-Sachsenbande,POINT (9.336940406436376 53.95595847309644)
C1033,Brokstedt,POINT (9.812172277750403 53.98933259035602)
C1034,Fitzbek,POINT (9.7618983288254 54.00717216761116)
C1035,Hennstedt,POINT (9.724013949329755 54.027421301349214)
C1036,Hingstheide,POINT (9.746177778232052 53.90192385050914)
C1037,Hohenlockstedt,POINT (9.622760129442936 53.9928214216404)
C1038,Kellinghusen,POINT (9.723004245729955 53.95452150845475)
C1039,Lockstedt,POINT (9.690678906070557 54.00176543586783)
C1040,Mühlenbarbek,POINT (9.670805701801612 53.95796012225566)
C1041,Oeschebüttel,POINT (9.70906894022409 53.992382595935794)
C1042,Poyenberg,POINT (9.683445837150273 54.040491400937576)
C1043,Quarnstedt,POINT (9.784893655829325 53.953649266367435)
C1044,Rade,POINT (9.74018095814819 53.99597593047166)
C1045,Rosdorf,POINT (9.715003459532065 53.97853130044456)
C1046,Sarlhusen,POINT (9.793026846612802 54.03208456195114)
C1047,Störkathen,POINT (9.758321919280661 53.977599647571914)
C1048,Wiedenborstel,POINT (9.760871744198724 54.042691761229605)
C1049,Willenscharen,POINT (9.820494615982298 54.01235618019737)
C1050,Wrist,POINT (9.740845607731062 53.92872528920637)
C1051,Wulfsmoor,POINT (9.712581541374883 53.90562429456689)
C1052,Ahrensburg,POINT (10.236612813617445 53.668685675577336)
C1053,Bad Oldesloe,POINT (10.377257063851737 53.814076511850786)
C1054,Bargteheide,POINT (10.263892593056628 53.72953717679095)
C1055,Barsbüttel,POINT (10.214019742756538 53.57417057684096)
C1056,Glinde,POINT (10.212758168790906 53.54068216959556)
C1057,Großhansdorf,POINT (10.282551576585572 53.66530469356791)
C1058,Oststeinbek,POINT (10.177500244491421 53.53642415929584)
C1059,Reinbek,POINT (10.265169487291164 53.538379213945355)
C1060,Reinfeld (Holstein),POINT (10.483757080150674 53.837606171247714)
C1061,Tangstedt,POINT (10.086162356905481 53.738733824200274)
C1062,Ammersbek,POINT (10.192165659860398 53.693197347198215)
C1063,Grabau,POINT (10.271691085931785 53.80841174718661)
C1064,Meddewade,POINT (10.438546322397736 53.80713661487907)
C1065,Neritz,POINT (10.284958143097175 53.78706994190869)
C1066,Pölitz,POINT (10.403327283695013 53.75957793383799)
C1067,Rethwisch,POINT (10.450122403472223 53.779168748788166)
C1068,Rümpel,POINT (10.341090522206326 53.77346533119783)
C1069,Lasbek,POINT (10.369005021957655 53.73913844484704)
C1070,Steinburg,POINT (10.399078174193914 53.707413258855844)
C1071,Travenbrück,POINT (10.308450676839156 53.83724536173171)
C1072,Bargfeld-Stegen,POINT (10.181992585901448 53.76354341448105)
C1073,Delingsdorf,POINT (10.26255468586632 53.70557512328853)
C1074,Elmenhorst,POINT (10.27223219004357 53.765060460723)
C1075,Hammoor,POINT (10.321696912223834 53.7154834539221)
C1076,Jersbek,POINT (10.211149395193251 53.73606284978193)
C1077,Nienwohld,POINT (10.188909212682125 53.784955520087635)
C1078,Todendorf,POINT (10.346360628371206 53.69584519060205)
C1079,Tremsbüttel,POINT (10.315868087866532 53.74452781257516)
C1080,Badendorf,POINT (10.572426801117908 53.86722302507871)
C1081,Barnitz,POINT (10.486543820264862 53.8065940472591)
C1082,Hamberge,POINT (10.583974342658248 53.84558010079667)
C1083,Heidekamp,POINT (10.492352814515192 53.85810260560682)
C1084,Heilshoop,POINT (10.537457258137513 53.88818901556105)
C1085,Klein Wesenberg,POINT (10.547465763572152 53.80564448769635)
C1086,Mönkhagen,POINT (10.543070499561475 53.90480400859849)
C1087,Rehhorst,POINT (10.46720198328333 53.883431047066935)
C1088,Westerau,POINT (10.507624983143398 53.77731203793474)
C1089,Zarpen,POINT (10.520829737954877 53.87003017046606)
C1090,Feldhorst,POINT (10.429496675795836 53.84931694271136)
C1091,Wesenberg,POINT (10.535562188009731 53.83289279311813)
C1092,Braak,POINT (10.250624665646304 53.6149218434492)
C1093,Hoisdorf,POINT (10.329797007336557 53.659817969362855)
C1094,Siek,POINT (10.283171993667043 53.6325709096386)
C1095,Stapelfeld,POINT (10.214124425233182 53.60858728145482)
C1096,Brunsbek,POINT (10.283123862408255 53.59447751732028)
C1097,Grande,POINT (10.369872890412777 53.58951898657852)
C1098,Grönwohld,POINT (10.412209947438395 53.64743150605379)
C1099,Großensee,POINT (10.334269549888393 53.61676515420315)
C1100,Hamfelde,POINT (10.456554365915002 53.60395346313073)
C1101,Hohenfelde,POINT (10.48210019883083 53.62928466818853)
C1102,Köthel,POINT (10.496360132747332 53.6124944693378)
C1103,Lütjensee,POINT (10.371547967010045 53.65250215259633)
C1104,Rausdorf,POINT (10.324247661000028 53.59065577627905)
C1105,Trittau,POINT (10.420482685016353 53.61702116147172)
C1106,Witzhave,POINT (10.333907982613647 53.573050724339666)
C1107,Hamburg,POINT (10.00802493987208 53.54875298345912)
C1108,Braunschweig,POINT (10.52417168914646 52.275262185464975)
C1109,Salzgitter,POINT (10.370710092684472 52.12445943104119)
C1110,Wolfsburg,POINT (10.784967372654227 52.41081973151195)
C1111,Gifhorn,POINT (10.52374442365333 52.50618528966317)
C1112,Sassenburg,POINT (10.647449167434573 52.53249451341577)
C1113,Wittingen,POINT (10.749465020861855 52.683747320965246)
C1114,Barwedel,POINT (10.769114612849583 52.53491353912604)
C1115,Bokensdorf,POINT (10.705298576191112 52.502017872597875)
C1116,Jembke,POINT (10.754335564826189 52.50400133708749)
C1117,Osloß,POINT (10.676216183347458 52.47440731546061)
C1118,Tappenbeck,POINT (10.735788312259924 52.477643284013)
C1119,Weyhausen,POINT (10.717827605612616 52.46326307752375)
C1120,Bergfeld,POINT (10.851748402529633 52.539169073710376)
C1121,Brome,POINT (10.909174029147346 52.60017817972715)
C1122,Ehra-Lessien,POINT (10.776285665964842 52.57803529416587)
C1123,Parsau,POINT (10.924622377255078 52.52868649710324)
C1124,Rühen,POINT (10.883392477079717 52.48895644142394)
C1125,Tiddische,POINT (10.819276966259192 52.51065020048993)
C1126,Tülau,POINT (10.874377574787259 52.580291411205486)
C1127,Dedelstorf,POINT (10.546161777165194 52.692113572380464)
C1128,Hankensbüttel,POINT (10.61363749393005 52.717416069091)
C1129,Obernholz,POINT (10.601674617919185 52.76375184813816)
C1130,Sprakensehl,POINT (10.4944138541188 52.78546311152008)
C1131,Steinhorst,POINT (10.423994191333657 52.71345859842573)
C1132,Calberlah,POINT (10.638214395361697 52.42078535892992)
C1133,Isenbüttel,POINT (10.583131888837311 52.443284127078456)
C1134,Ribbesbüttel,POINT (10.497199108580435 52.4307491815796)
C1135,Wasbüttel,POINT (10.59369451978578 52.41246849279807)
C1136,Hillerse,POINT (10.392630758585895 52.418874281684246)
C1137,Leiferde,POINT (10.435152018375065 52.4485781232149)
C1138,Meinersen,POINT (10.331067911485436 52.47848449535123)
C1139,Müden (Aller),POINT (10.394763633119364 52.516769405681686)
C1140,Adenbüttel,POINT (10.451473312003328 52.38890745624711)
C1141,Meine,POINT (10.570085476669433 52.37675698211567)
C1142,Rötgesbüttel,POINT (10.520476680526762 52.40937496022353)
C1143,Schwülper,POINT (10.447330727419146 52.34667993129005)
C1144,Vordorf,POINT (10.504847960141133 52.37178104801367)
C1145,Didderse,POINT (10.406145902224235 52.38415303647964)
C1146,Groß Oesingen,POINT (10.462954287657494 52.64448432491068)
C1147,Schönewörde,POINT (10.64817749415399 52.62518849690497)
C1148,Ummern,POINT (10.442755648440018 52.5870074739684)
C1149,Wagenhoff,POINT (10.535210525408807 52.5528765996311)
C1150,Wahrenholz,POINT (10.60115610902877 52.60956931298978)
C1151,Wesendorf,POINT (10.536171550202436 52.587177437785904)
C1152,Giebel,POINT (10.924942672096456 52.512711915632785)
C1153,Bad Harzburg,POINT (10.567575559426727 51.89016844765541)
C1154,Liebenburg,POINT (10.409356526472713 52.00374660976603)
C1155,Seesen,POINT (10.148117211198636 51.89710702594824)
C1156,Braunlage,POINT (10.59526613132008 51.714494004138714)
C1157,Goslar,POINT (10.474757079851331 51.92837202792611)
C1158,Clausthal-Zellerfeld,POINT (10.352307955127415 51.8035231457744)
C1159,Langelsheim,POINT (10.285975925894792 51.960651372329856)
C1160,Harz (Landkreis Goslar),POINT (10.427782397298039 51.81183852202177)
C1161,Königslutter am Elm,POINT (10.814110832645449 52.278825223854255)
C1162,Lehre,POINT (10.67646664179627 52.34051212821385)
C1163,Schöningen,POINT (10.970737943965277 52.1388924783901)
C1164,Helmstedt,POINT (10.990691421209563 52.21318676771523)
C1165,Grasleben,POINT (11.004307113886647 52.31512130902043)
C1166,Mariental,POINT (10.984944566005645 52.28130304962174)
C1167,Querenhorst,POINT (10.96252744511488 52.335336256360755)
C1168,Rennau,POINT (10.92400965531867 52.30378481685755)
C1169,Beierstedt,POINT (10.853442340748611 52.06708202561301)
C1170,Gevensleben,POINT (10.82181045625414 52.07518959823554)
C1171,Jerxheim,POINT (10.897415165742634 52.07691101704685)
C1172,Söllingen,POINT (10.908532094090873 52.1062650406539)
C1173,Frellstedt,POINT (10.911234446331928 52.208103135901524)
C1174,Räbke,POINT (10.87024634592903 52.19828224690795)
C1175,Süpplingen,POINT (10.901708618287092 52.23324190332296)
C1176,Süpplingenburg,POINT (10.909863685245089 52.260797794719664)
C1177,Warberg,POINT (10.92524571452631 52.181484582554)
C1178,Wolsdorf,POINT (10.951356662294245 52.198125009516296)
C1179,Bahrdorf,POINT (11.006737453659444 52.37009379619276)
C1180,Danndorf,POINT (10.906020507291997 52.43566637626199)
C1181,Grafhorst,POINT (10.939014676796129 52.44658261152141)
C1182,Groß Twülpstedt,POINT (10.91263547680122 52.366756646013165)
C1183,Velpke,POINT (10.950729528138373 52.40819460758187)
C1184,Brunsleberfeld,POINT (10.847081703041598 52.18649175378917)
C1185,Helmstedt,POINT (11.03879862233151 52.24508245224146)
C1186,Königslutter,POINT (10.793254819390341 52.22447158086227)
C1187,Mariental,POINT (10.981179803478048 52.29610508432449)
C1188,Schöningen,POINT (10.910214677945964 52.15695877391459)
C1189,Bad Gandersheim,POINT (10.040773361255257 51.88354455576251)
C1190,Bodenfelde,POINT (9.53534320412812 51.65018332715467)
C1191,Dassel,POINT (9.71659930305374 51.80730363978188)
C1192,Hardegsen,POINT (9.803207883862276 51.65187213093439)
C1193,Kalefeld,POINT (10.083061768557265 51.79061445359482)
C1194,Katlenburg-Lindau,POINT (10.09740426086575 51.66512429053363)
C1195,Moringen,POINT (9.833494373903577 51.7065697176499)
C1196,Nörten-Hardenberg,POINT (9.95489409357368 51.63356912373442)
C1197,Northeim,POINT (9.99599060942986 51.71672355531076)
C1198,Uslar,POINT (9.66600856756288 51.648002195096886)
C1199,Einbeck,POINT (9.88865559407245 51.82270167012794)
C1200,Solling (Landkreis Northeim),POINT (9.59432079694072 51.717832120602175)
C1201,Edemissen,POINT (10.272534088338276 52.39761726530928)
C1202,Hohenhameln,POINT (10.0775334728278 52.26912711361531)
C1203,Lengede,POINT (10.304010090088001 52.20375434809406)
C1204,Peine,POINT (10.226263616208204 52.321780741602026)
C1205,Vechelde,POINT (10.366444071119039 52.2512601798301)
C1206,Wendeburg,POINT (10.372353594006086 52.330880674141426)
C1207,Ilsede,POINT (10.213647343712042 52.2556969737141)
C1208,Cremlingen,POINT (10.681863890091977 52.26286665830933)
C1209,Wolfenbüttel,POINT (10.540921843089539 52.163188959619966)
C1210,Schladen-Werla,POINT (10.548630004610303 52.026461003067965)
C1211,Baddeckenstedt,POINT (10.214206400948688 52.093067724109595)
C1212,Burgdorf,POINT (10.215890455583956 52.143500362558036)
C1213,Elbe,POINT (10.280166486911295 52.08894281847749)
C1214,Haverlah,POINT (10.309100024102136 52.06182437615323)
C1215,Heere,POINT (10.237167007640329 52.05546995895636)
C1216,Sehlde,POINT (10.239775763602706 52.02949671112085)
C1217,Cramme,POINT (10.467432897695994 52.1123852359765)
C1218,Dorstadt,POINT (10.545705731631005 52.0971997260351)
C1219,Flöthe,POINT (10.485400881364193 52.0831545662511)
C1220,Heiningen,POINT (10.544978996831569 52.07308771286541)
C1221,Ohrum,POINT (10.540601469994915 52.11724939777664)
C1222,Börßum,POINT (10.613934949894485 52.068734663556036)
C1223,Dettum,POINT (10.66798336096181 52.16313014397234)
C1224,Erkerode,POINT (10.715538511520885 52.207825106651434)
C1225,Evessen,POINT (10.719448638935331 52.19427379906569)
C1226,Sickte,POINT (10.631835448730572 52.21179936386643)
C1227,Veltheim (Ohe),POINT (10.676322464464112 52.225159173527636)
C1228,Dahlum,POINT (10.851103866742472 52.14047054799618)
C1229,Denkte,POINT (10.60643485129184 52.13809260934084)
C1230,Hedeper,POINT (10.694027993027747 52.064848180488404)
C1231,Kissenbrück,POINT (10.594980785641654 52.11140390008025)
C1232,Kneitlingen,POINT (10.744005268682383 52.17053414135544)
C1233,Roklum,POINT (10.738488332047163 52.07278012428098)
C1234,Schöppenstedt,POINT (10.79305295095903 52.15550289700284)
C1235,Uehrde,POINT (10.785652095400224 52.10382994698304)
C1236,Vahlberg,POINT (10.713324440359177 52.12670476916951)
C1237,Winnigstedt,POINT (10.772575795545025 52.06412039772656)
C1238,Wittmar,POINT (10.644189033332495 52.129816552500316)
C1239,Remlingen-Semmenstedt,POINT (10.668618562494938 52.10176262634664)
C1240,Am Großen Rhode,POINT (10.77896610849447 52.196053765858416)
C1241,Barnstorf-Warle,POINT (10.839065677588914 52.1724141168933)
C1242,Voigtsdahlum,POINT (10.866747115603104 52.16510026824012)
C1243,Adelebsen,POINT (9.749148096593041 51.56838076429292)
C1244,Bad Grund (Harz),POINT (10.200148644491374 51.78849149362894)
C1245,Bad Lauterberg im Harz,POINT (10.44979353551142 51.60878966049063)
C1246,Bad Sachsa,POINT (10.541961386019015 51.58601554438787)
C1247,Bovenden,POINT (9.937395464692411 51.59321467366387)
C1248,Duderstadt,POINT (10.246447872075889 51.51822222156882)
C1249,Friedland,POINT (9.928840177366908 51.430216780611225)
C1250,Gleichen,POINT (10.063780655195805 51.47524053909456)
C1251,Göttingen,POINT (9.931713236076066 51.543044681158975)
C1252,Hann.Münden,POINT (9.678555194293297 51.43089380577016)
C1253,Herzberg am Harz,POINT (10.343681725798628 51.61950554477322)
C1254,Osterode am Harz,POINT (10.22731049145361 51.71805205863071)
C1255,Rosdorf,POINT (9.85462669335349 51.47212819374034)
C1256,Staufenberg,POINT (9.656191043069175 51.342679104631955)
C1257,Walkenried,POINT (10.61307523660262 51.60186911894259)
C1258,Bühren,POINT (9.673653459793247 51.483700022970936)
C1259,Dransfeld,POINT (9.772579137754635 51.503789669933774)
C1260,Jühnde,POINT (9.806432529475686 51.45467081915816)
C1261,Niemetal,POINT (9.689726793675883 51.515867227648755)
C1262,Scheden,POINT (9.736600021339543 51.457775426065815)
C1263,Bilshausen,POINT (10.155255410886683 51.62813132695375)
C1264,Bodensee,POINT (10.13442913759131 51.60629039096463)
C1265,Gieboldehausen,POINT (10.204263819898904 51.60598249983664)
C1266,Krebeck,POINT (10.108015244058537 51.59903561257808)
C1267,Obernfeld,POINT (10.242178868840476 51.55597343135941)
C1268,Rhumspringe,POINT (10.292405429986514 51.59085071437954)
C1269,Rollshausen,POINT (10.208051375424613 51.56790818504339)
C1270,Rüdershausen,POINT (10.267258823958581 51.57645457489089)
C1271,Wollbrandshausen,POINT (10.16694278192191 51.59165711796142)
C1272,Wollershausen,POINT (10.255419203867474 51.60904923222062)
C1273,Elbingerode,POINT (10.283824127704463 51.65461651992576)
C1274,Hattorf am Harz,POINT (10.238680741636097 51.644304312417084)
C1275,Hörden am Harz,POINT (10.286836280642605 51.67287206157864)
C1276,Wulften am Harz,POINT (10.180662875707846 51.65861986326538)
C1277,Ebergötzen,POINT (10.089258716931665 51.57916808777535)
C1278,Landolfshausen,POINT (10.092707012046777 51.53536457106246)
C1279,Seeburg,POINT (10.15228531174082 51.563903991318256)
C1280,Seulingen,POINT (10.153722085960657 51.53738529275839)
C1281,Waake,POINT (10.061098444611867 51.55738759710602)
C1282,Harz (Landkreis Göttingen),POINT (10.436852943880865 51.69522014091408)
C1283,Hannover,POINT (9.77015323161697 52.37905617259114)
C1284,Barsinghausen,POINT (9.480441160779465 52.325817403581006)
C1285,Burgdorf,POINT (10.017478066552677 52.471085086263756)
C1286,Burgwedel,POINT (9.888946038181455 52.53608092813662)
C1287,Garbsen,POINT (9.572340816584122 52.451377682476995)
C1288,Gehrden,POINT (9.587449814153926 52.323151215825455)
C1289,Hemmingen,POINT (9.727686768414092 52.29762849933835)
C1290,Isernhagen,POINT (9.850342174887981 52.456720171760345)
C1291,Laatzen,POINT (9.839595634868106 52.28930677418517)
C1292,Langenhagen,POINT (9.704499157360663 52.46547221072299)
C1293,Lehrte,POINT (10.018553692595887 52.38138179543352)
C1294,Neustadt am Rübenberge,POINT (9.465145134572136 52.55518886693301)
C1295,Pattensen,POINT (9.762685926025156 52.23833101181475)
C1296,Ronnenberg,POINT (9.655537182188246 52.30942791847363)
C1297,Seelze,POINT (9.574764990009749 52.38595717186402)
C1298,Sehnde,POINT (9.967624150004584 52.32208334368901)
C1299,Springe,POINT (9.616367709150888 52.196162982113854)
C1300,Uetze,POINT (10.169584966040635 52.460395501816215)
C1301,Wedemark,POINT (9.708751821262283 52.558193749271716)
C1302,Wennigsen (Deister),POINT (9.577889720251058 52.260857269366625)
C1303,Wunstorf,POINT (9.392916153407679 52.43723067270696)
C1304,Bassum,POINT (8.736872314553656 52.85453741320603)
C1305,Diepholz,POINT (8.363876032747125 52.60976902996757)
C1306,Stuhr,POINT (8.726370005069594 52.99794290935519)
C1307,Sulingen,POINT (8.785624960004814 52.67451559734841)
C1308,Syke,POINT (8.846264134805987 52.91004745791438)
C1309,Twistringen,POINT (8.587550930410561 52.793554849120724)
C1310,Wagenfeld,POINT (8.624395911412652 52.545599228663185)
C1311,Weyhe,POINT (8.850862759740307 52.98873330118305)
C1312,Brockum,POINT (8.445772206831775 52.48990788132089)
C1313,Hüde,POINT (8.368519942200841 52.50353363896057)
C1314,Lembruch,POINT (8.365328828115175 52.5280904817791)
C1315,Lemförde,POINT (8.370470249155147 52.46327078319185)
C1316,Marl,POINT (8.373615615177709 52.48526702377372)
C1317,Quernheim,POINT (8.406348864441435 52.47879890485748)
C1318,Stemshorn,POINT (8.331572999028616 52.46076573749707)
C1319,Barnstorf,POINT (8.47979424108088 52.71234527897661)
C1320,Drebber,POINT (8.412351325083199 52.6743282430644)
C1321,Drentwede,POINT (8.566969899665953 52.74046512694949)
C1322,Eydelstedt,POINT (8.576645401855421 52.67931553577077)
C1323,Asendorf,POINT (9.000374907646576 52.75870160124218)
C1324,Martfeld,POINT (9.05973961189732 52.872919310520494)
C1325,Schwarme,POINT (9.022761085547739 52.90133612359502)
C1326,Bruchhausen-Vilsen,POINT (8.95490033186037 52.822237321478696)
C1327,Bahrenborstel,POINT (8.79134015602293 52.55674820636025)
C1328,Barenburg,POINT (8.794810638020774 52.61755667646679)
C1329,Freistatt,POINT (8.638925786804734 52.65406297974499)
C1330,Kirchdorf,POINT (8.83959574335027 52.5861637754272)
C1331,Varrel,POINT (8.715850782274046 52.600721098558125)
C1332,Wehrbleck,POINT (8.672931869082854 52.6348733200818)
C1333,Barver,POINT (8.591121757849029 52.61440603755443)
C1334,Dickel,POINT (8.489532414163273 52.64084827692309)
C1335,Hemsloh,POINT (8.52230055362926 52.57919767294914)
C1336,Rehden,POINT (8.483553812879753 52.5868919002646)
C1337,Wetschen,POINT (8.44600490091178 52.58799240741851)
C1338,Affinghausen,POINT (8.872105708229064 52.77734585068174)
C1339,Ehrenburg,POINT (8.684356935965384 52.73471562582086)
C1340,Neuenkirchen,POINT (8.7358421272792 52.77137825314184)
C1341,Scholen,POINT (8.770400087432886 52.74151532542268)
C1342,Schwaförden,POINT (8.84063090569207 52.73916335881973)
C1343,Sudwalde,POINT (8.83817907530255 52.79499363366704)
C1344,Borstel,POINT (8.960812954384076 52.66497451503086)
C1345,Maasen,POINT (8.891233980088632 52.66973612210182)
C1346,Mellinghausen,POINT (8.901874320396018 52.71714906599322)
C1347,Siedenburg,POINT (8.952548855870152 52.6984897047351)
C1348,Staffhorst,POINT (8.991037683440457 52.71396029433353)
C1349,Aerzen,POINT (9.24451598096405 52.05641657162142)
C1350,Bad Münder am Deister,POINT (9.434888670548235 52.20223933573627)
C1351,Bad Pyrmont,POINT (9.279786867374746 51.971265815276546)
C1352,Coppenbrügge,POINT (9.516953146564605 52.10702049887282)
C1353,Emmerthal,POINT (9.409340161513883 52.02452295455617)
C1354,Hameln,POINT (9.368764712173482 52.108127229256304)
C1355,Hessisch Oldendorf,POINT (9.266552338379075 52.16444706193784)
C1356,Salzhemmendorf,POINT (9.608090897047102 52.06745863278679)
C1357,Alfeld (Leine),POINT (9.825149518133403 51.98570355998334)
C1358,Algermissen,POINT (9.970993562531103 52.263190099389526)
C1359,Bad Salzdetfurth,POINT (10.024504566571283 52.07232728158501)
C1360,Bockenem,POINT (10.120270821741565 52.007259634748365)
C1361,Diekholzen,POINT (9.945002681928452 52.09229933059943)
C1362,Elze,POINT (9.704917803048401 52.118627254016104)
C1363,Giesen,POINT (9.890994864041252 52.19863915146669)
C1364,Harsum,POINT (10.000589698165063 52.2096715648838)
C1365,Hildesheim,POINT (9.943774593471668 52.14465560369042)
C1366,Holle,POINT (10.138268253320318 52.08561489848908)
C1367,Nordstemmen,POINT (9.793459748364526 52.16611919028739)
C1368,Sarstedt,POINT (9.85522639204433 52.24030869789441)
C1369,Schellerten,POINT (10.09560594808681 52.16995501760045)
C1370,Söhlde,POINT (10.18687578703234 52.18678966565699)
C1371,Freden (Leine),POINT (9.927731210161227 51.93173139484022)
C1372,Lamspringe,POINT (9.998323111514665 51.97388045301519)
C1373,Sibbesse,POINT (9.904867044644549 52.03570346428318)
C1374,Eime,POINT (9.700375194189366 52.06443552638545)
C1375,Duingen,POINT (9.697285992345805 52.00656303610975)
C1376,Gronau (Leine),POINT (9.80060688962065 52.079266516641276)
C1377,Delligsen,POINT (9.794534836574448 51.93465008694118)
C1378,Holzminden,POINT (9.495851285342084 51.78424201700244)
C1379,Bevern,POINT (9.497271146557527 51.880383425537225)
C1380,Golmbach,POINT (9.533874153894349 51.896126645472684)
C1381,Holenberg,POINT (9.584625283789423 51.91236378584839)
C1382,Negenborn,POINT (9.580192616757678 51.89061700812579)
C1383,Boffzen,POINT (9.403382226639186 51.749829854859485)
C1384,Derental,POINT (9.44599296423444 51.704843886570046)
C1385,Fürstenberg,POINT (9.402864862901923 51.72744495393188)
C1386,Lauenförde,POINT (9.407952810370897 51.670331289966185)
C1387,Bodenwerder,POINT (9.516968127992211 51.95799587975337)
C1388,Brevörde,POINT (9.427142696354773 51.913915031986)
C1389,Halle,POINT (9.568219835057459 52.005111156214305)
C1390,Hehlen,POINT (9.459055241645894 51.97038402048793)
C1391,Heinsen,POINT (9.421859352357899 51.87206546478361)
C1392,Heyen,POINT (9.511218711558314 52.00724521330536)
C1393,Kirchbrak,POINT (9.560889324794475 51.949781716547264)
C1394,Ottenstein,POINT (9.397502325910922 51.94979810468356)
C1395,Pegestorf,POINT (9.486959164306468 51.93730403718361)
C1396,Polle,POINT (9.391955676208404 51.888003507069584)
C1397,Vahlbruch,POINT (9.35161816559078 51.916091621998724)
C1398,Arholzen,POINT (9.562762159366658 51.86265526833565)
C1399,Deensen,POINT (9.592350800636119 51.8529562512063)
C1400,Dielmissen,POINT (9.607959878672103 51.9688375544172)
C1401,Eimen,POINT (9.750052448591127 51.88334633584953)
C1402,Eschershausen,POINT (9.636284134814773 51.92837421207509)
C1403,Heinade,POINT (9.626487128632938 51.830343772435725)
C1404,Holzen,POINT (9.667188112097655 51.942932244632935)
C1405,Lenne,POINT (9.680303864659491 51.89508266104927)
C1406,Lüerdissen,POINT (9.622088932992316 51.95584741333815)
C1407,Stadtoldendorf,POINT (9.632128105869038 51.883044821365615)
C1408,Wangelnstedt,POINT (9.671588683660312 51.85972658294111)
C1409,Boffzen,POINT (9.436855514979934 51.73576858722829)
C1410,Eimen,POINT (9.736607680819889 51.90527709255151)
C1411,Eschershausen,POINT (9.685198918870519 51.94439190001783)
C1412,Grünenplan,POINT (9.73097229331408 51.94791764358378)
C1413,Holzminden,POINT (9.519550738280705 51.8213349218228)
C1414,Merxhausen,POINT (9.575883886004776 51.82126776411722)
C1415,Wenzen,POINT (9.8056114299023 51.90408802947058)
C1416,Nienburg (Weser),POINT (9.232698783874417 52.639214033039465)
C1417,Rehburg-Loccum,POINT (9.192595374804615 52.46613312549377)
C1418,Steyerberg,POINT (8.982271071714395 52.58701573167629)
C1419,Drakenburg,POINT (9.217317087759225 52.69073547132969)
C1420,Haßbergen,POINT (9.251308364003235 52.73906625384754)
C1421,Heemsen,POINT (9.308688654799049 52.713394520224625)
C1422,Rohrsen,POINT (9.237851920097905 52.71395013189076)
C1423,Linsburg,POINT (9.319349606698259 52.586689513214864)
C1424,Rodewald,POINT (9.471251887719715 52.67783303287754)
C1425,Steimbke,POINT (9.378895318784526 52.67586409316484)
C1426,Stöckse,POINT (9.34257117361748 52.63195067913983)
C1427,Diepenau,POINT (8.746422248641935 52.454792734331896)
C1428,Raddestorf,POINT (8.94798515335223 52.45067383868135)
C1429,Uchte,POINT (8.878357714709141 52.51840804937779)
C1430,Warmsen,POINT (8.841402761044144 52.43932677276667)
C1431,Bücken,POINT (9.117375679000292 52.7806114632482)
C1432,Eystrup,POINT (9.237116240271332 52.77449025798106)
C1433,Gandesbergen,POINT (9.24515940304955 52.75730685070564)
C1434,Hämelhausen,POINT (9.277169598308328 52.78220010444461)
C1435,Hassel (Weser),POINT (9.241801460687272 52.801608164911336)
C1436,Hilgermissen,POINT (9.152615755439697 52.85589181869202)
C1437,Hoya,POINT (9.150371650067074 52.80618888721935)
C1438,Hoyerhagen,POINT (9.081973962859584 52.824530554510204)
C1439,Schweringen,POINT (9.170084486958805 52.749312482468525)
C1440,Warpe,POINT (9.08603736640786 52.74519964297532)
C1441,Estorf,POINT (9.154305665505493 52.58927319993775)
C1442,Husum,POINT (9.255156440493385 52.572271728900816)
C1443,Landesbergen,POINT (9.162612759000835 52.550766803020856)
C1444,Leese,POINT (9.135647412958132 52.50564523778749)
C1445,Stolzenau,POINT (9.022900845991892 52.51334914899602)
C1446,Balge,POINT (9.160233922434166 52.70549642084107)
C1447,Binnen,POINT (9.099979637033163 52.630600259412766)
C1448,Liebenau,POINT (9.09098904572 52.60945178893738)
C1449,Marklohe,POINT (9.137078594520403 52.662280021106014)
C1450,Pennigsehl,POINT (9.016810287613733 52.63562780774301)
C1451,Wietzen,POINT (9.068496886120736 52.69864457631997)
C1452,Auetal,POINT (9.242723014650709 52.23907079366041)
C1453,Bückeburg,POINT (9.039457509533726 52.29213762722578)
C1454,Obernkirchen,POINT (9.145211286966454 52.263519315675275)
C1455,Rinteln,POINT (9.110974074129269 52.17488073013469)
C1456,Stadthagen,POINT (9.21755636500039 52.30712247212053)
C1457,Ahnsen,POINT (9.096945727118747 52.257289803604436)
C1458,Bad Eilsen,POINT (9.097067202235305 52.24319560949718)
C1459,Buchholz,POINT (9.127153088117698 52.22533415099384)
C1460,Heeßen,POINT (9.107882793208915 52.230368962044054)
C1461,Luhden,POINT (9.086297905723061 52.22729829452746)
C1462,Beckedorf,POINT (9.308855893320972 52.34327123286728)
C1463,Heuerßen,POINT (9.279419739239652 52.33659917160398)
C1464,Lindhorst,POINT (9.287655828202146 52.36061301386199)
C1465,Lüdersfeld,POINT (9.251348127548063 52.35582115975778)
C1466,Bad Nenndorf,POINT (9.372999826467728 52.34158615426665)
C1467,Haste,POINT (9.397101052990044 52.38570751189238)
C1468,Hohnhorst,POINT (9.356704838881596 52.36814434640807)
C1469,Suthfeld,POINT (9.399440809364005 52.36177027163608)
C1470,Lauenhagen,POINT (9.21434295679067 52.365567352102524)
C1471,Meerbeck,POINT (9.120949135129836 52.347271884705705)
C1472,Niedernwöhren,POINT (9.145587256424047 52.36098099552661)
C1473,Nordsehl,POINT (9.178527088332674 52.35970163092721)
C1474,Pollhagen,POINT (9.181256781006724 52.388143025500995)
C1475,Wiedensahl,POINT (9.127614229436253 52.39043702526757)
C1476,Helpsen,POINT (9.130403937329806 52.30518384071515)
C1477,Hespe,POINT (9.104538583180775 52.32796806197138)
C1478,Nienstädt,POINT (9.1614490324579 52.29404586265127)
C1479,Seggebruch,POINT (9.093686680204398 52.30544766226905)
C1480,Apelern,POINT (9.310147188966393 52.296457647584866)
C1481,Hülsede,POINT (9.351105711724955 52.238826974428214)
C1482,Lauenau,POINT (9.395856777014053 52.27706519718817)
C1483,Messenkamp,POINT (9.395418638219605 52.259528753130965)
C1484,Pohle,POINT (9.332968432917765 52.26332301937666)
C1485,Rodenberg,POINT (9.365661388509862 52.310191725649574)
C1486,Auhagen,POINT (9.299243001881615 52.39366442915644)
C1487,Hagenburg,POINT (9.32455014098719 52.429553027573405)
C1488,Sachsenhagen,POINT (9.25081660067047 52.39683529272173)
C1489,Wölpinghausen,POINT (9.233963759972571 52.419103106992296)
C1490,Bergen,POINT (9.998954121830167 52.787706287421386)
C1491,Celle,POINT (10.094343163875232 52.64496833033943)
C1492,Faßberg,POINT (10.181614831772523 52.88500014592629)
C1493,Hambühren,POINT (9.941653660226823 52.62182623724428)
C1494,Wietze,POINT (9.820266892359724 52.64279391714628)
C1495,Winsen (Aller),POINT (9.884636491101954 52.699632870301116)
C1496,Eschede,POINT (10.271152492730838 52.74376701910098)
C1497,Südheide,POINT (10.166459460960889 52.82146430859762)
C1498,Bröckel,POINT (10.219969868524599 52.5157740815704)
C1499,Eicklingen,POINT (10.198711705395992 52.546177254365915)
C1500,Langlingen,POINT (10.295642834690444 52.544734337533946)
C1501,Wienhausen,POINT (10.20427196146572 52.578442293689655)
C1502,Ahnsbeck,POINT (10.294268386253508 52.60817031791931)
C1503,Beedenbostel,POINT (10.256721920772046 52.65343073322126)
C1504,Eldingen,POINT (10.344573767655534 52.67154644977394)
C1505,Hohne,POINT (10.361341785927278 52.592083105772204)
C1506,Lachendorf,POINT (10.24795415986176 52.62697296986023)
C1507,Adelheidsdorf,POINT (10.030660757267764 52.5605663970688)
C1508,Nienhagen,POINT (10.099831608664031 52.542772956924495)
C1509,Wathlingen,POINT (10.144127755664863 52.52549467887382)
C1510,Lohheide,POINT (9.876951912065381 52.8112111587634)
C1511,Cuxhaven,POINT (8.695458143464858 53.822677137073065)
C1512,Loxstedt,POINT (8.614608994901928 53.45557582037967)
C1513,Schiffdorf,POINT (8.73218717172535 53.54041876487549)
C1514,Beverstedt,POINT (8.826886278691482 53.44053007516176)
C1515,Hagen im Bremischen,POINT (8.62493919727845 53.3489884214506)
C1516,Wurster Nordseeküste,POINT (8.581413084558699 53.72086168266563)
C1517,Geestland,POINT (8.777879706670081 53.61889394169129)
C1518,Armstorf,POINT (9.026295394058819 53.59108192415586)
C1519,Hollnseth,POINT (9.103826090087031 53.584323677332804)
C1520,Lamstedt,POINT (9.104856187945462 53.63693220442697)
C1521,Mittelstenahe,POINT (9.032362492622681 53.66113297271433)
C1522,Stinstedt,POINT (8.971631892829263 53.655130106277625)
C1523,Hechthausen,POINT (9.220879779694785 53.644425381019865)
C1524,Hemmoor,POINT (9.145384512142257 53.68579802183524)
C1525,Osten,POINT (9.222061987458458 53.726437305900085)
C1526,Belum,POINT (8.987325497684797 53.8098229701933)
C1527,Bülkau,POINT (8.983317828673872 53.73790905873373)
C1528,Ihlienworth,POINT (8.892434880512512 53.729590908752876)
C1529,Neuenkirchen,POINT (8.894243574227024 53.772946147270865)
C1530,Neuhaus (Oste),POINT (9.026586224355011 53.796282951010845)
C1531,Nordleda,POINT (8.812438697272842 53.76707487029595)
C1532,Oberndorf,POINT (9.153568428224675 53.75091192932842)
C1533,Odisheim,POINT (8.938022436734709 53.69438669829474)
C1534,Osterbruch,POINT (8.945911510138359 53.77275894886315)
C1535,Otterndorf,POINT (8.899175137776211 53.8117941199235)
C1536,Steinau,POINT (8.881303204487725 53.67653281424991)
C1537,Wanna,POINT (8.779298671448093 53.72411571235071)
C1538,Wingst,POINT (9.0509088949642 53.73297849627717)
C1539,Cadenberge,POINT (9.077741412226557 53.784450644556635)
C1540,Buchholz in der Nordheide,POINT (9.858533181792891 53.32027292549187)
C1541,Neu Wulmstorf,POINT (9.795928701410892 53.431307300402466)
C1542,Rosengarten,POINT (9.89200494833809 53.39568942540461)
C1543,Seevetal,POINT (10.0260678306899 53.38822954425604)
C1544,Stelle,POINT (10.109897590920362 53.38107782824782)
C1545,Winsen (Luhe),POINT (10.203382500970463 53.34977066418934)
C1546,Drage,POINT (10.296208410413547 53.3952509642153)
C1547,Marschacht,POINT (10.35165195464797 53.39381362525382)
C1548,Tespe,POINT (10.414906799435665 53.38177987329231)
C1549,Asendorf,POINT (9.973490401112844 53.28020726536334)
C1550,Brackel,POINT (10.057456861777316 53.30153614976878)
C1551,Egestorf,POINT (10.04977358995378 53.17978466169108)
C1552,Hanstedt,POINT (9.988974954700494 53.25045412031413)
C1553,Marxen,POINT (10.009025257789494 53.31090510736085)
C1554,Undeloh,POINT (9.925095768337156 53.206389885428266)
C1555,Appel,POINT (9.751265239666015 53.39057480759538)
C1556,Drestedt,POINT (9.769282329227448 53.33015633341593)
C1557,Halvesbostel,POINT (9.612373668537632 53.350781120500095)
C1558,Hollenstedt,POINT (9.698985914528802 53.36479051107172)
C1559,Moisburg,POINT (9.710662134133855 53.40373263135502)
C1560,Regesbostel,POINT (9.65497285164256 53.378935525858594)
C1561,Wenzendorf,POINT (9.77381706365069 53.35170862387422)
C1562,Bendestorf,POINT (9.974132777571697 53.33506007341733)
C1563,Harmstorf,POINT (9.98308710835592 53.34884938671723)
C1564,Jesteburg,POINT (9.935193310112238 53.30586574140051)
C1565,Eyendorf,POINT (10.148629193790617 53.19609493440694)
C1566,Garlstorf,POINT (10.088118416423244 53.233937066619944)
C1567,Garstedt,POINT (10.16919536290133 53.28127840016135)
C1568,Gödenstorf,POINT (10.109169083446881 53.202839715473246)
C1569,Salzhausen,POINT (10.180046023352295 53.222491282090196)
C1570,Toppenstedt,POINT (10.101869845371114 53.272277282347794)
C1571,Vierhöfen,POINT (10.222724802220753 53.26635403207498)
C1572,Wulfsen,POINT (10.136780597929167 53.30245057345641)
C1573,Dohren,POINT (9.698432373726144 53.30975850895242)
C1574,Handeloh,POINT (9.842427454951965 53.247266928718936)
C1575,Heidenau,POINT (9.630779711395551 53.31041601144252)
C1576,Kakenstorf,POINT (9.755979833455033 53.31390615421066)
C1577,Königsmoor,POINT (9.65783391837535 53.23048891137323)
C1578,Otter,POINT (9.747597538753455 53.226243869467694)
C1579,Tostedt,POINT (9.735724158350525 53.277933257266916)
C1580,Welle,POINT (9.797028693054719 53.2333516031518)
C1581,Wistedt,POINT (9.6549415964064 53.26331687107872)
C1582,Gartow,POINT (11.474380030268046 53.021158357786845)
C1583,Gorleben,POINT (11.37074146411402 53.03812363308054)
C1584,Höhbeck,POINT (11.433842172886875 53.05839483673275)
C1585,Prezelle,POINT (11.390959705866448 52.955716841775356)
C1586,Schnackenburg,POINT (11.539154079147755 53.028029644454215)
C1587,Damnatz,POINT (11.165888999143974 53.142086595764425)
C1588,Dannenberg (Elbe),POINT (11.104628614145025 53.09369959907352)
C1589,Göhrde,POINT (10.941999841031123 53.124763655656025)
C1590,Gusborn,POINT (11.197641470151867 53.0770798008981)
C1591,Hitzacker (Elbe),POINT (10.990839761108859 53.15855254511406)
C1592,Jameln,POINT (11.05629161489363 53.043410696418796)
C1593,Karwitz,POINT (10.990586218015276 53.085597877707414)
C1594,Langendorf,POINT (11.263762633548469 53.08392712438765)
C1595,Neu Darchau,POINT (10.903973876848893 53.21149466047812)
C1596,Zernien,POINT (10.904597028821843 53.058750586643285)
C1597,Bergen an der Dumme,POINT (10.945332418335946 52.889431809966254)
C1598,Clenze,POINT (10.93096936892902 52.9498912111089)
C1599,Küsten,POINT (11.04990886687405 52.99485616569033)
C1600,Lemgow,POINT (11.322452464404755 52.91276377511735)
C1601,Luckau (Wendland),POINT (11.035455530765235 52.93530499359436)
C1602,Lübbow,POINT (11.20712324452397 52.91475201712921)
C1603,Lüchow (Wendland),POINT (11.15935594818826 52.9851113615227)
C1604,Schnega,POINT (10.867570004639884 52.88916395077865)
C1605,Trebel,POINT (11.289176472316692 53.0057072938567)
C1606,Waddeweitz,POINT (10.958092367323493 53.00075578306257)
C1607,Woltersdorf,POINT (11.244778974912292 52.95368603883996)
C1608,Wustrow (Wendland),POINT (11.113296498774378 52.925523348140274)
C1609,Gartow,POINT (11.425133971571105 52.9902142941625)
C1610,Göhrde,POINT (10.833813010483858 53.11405747649024)
C1611,Adendorf,POINT (10.454754046213175 53.286519768455804)
C1612,Bleckede,POINT (10.732528434386657 53.293493542022)
C1613,Lüneburg,POINT (10.416738898422862 53.24112696935943)
C1614,Amt Neuhaus,POINT (10.979337486557355 53.246195202101795)
C1615,Amelinghausen,POINT (10.20919442612759 53.12495977822201)
C1616,Betzendorf,POINT (10.302430800272749 53.1319772266721)
C1617,Oldendorf (Luhe),POINT (10.228244428702435 53.16423576760509)
C1618,Rehlingen,POINT (10.156287305773832 53.081663959010605)
C1619,Soderstorf,POINT (10.135557822635375 53.146508773586)
C1620,Bardowick,POINT (10.379712654325676 53.30340201425373)
C1621,Barum,POINT (10.401030477710805 53.347927176092576)
C1622,Handorf,POINT (10.338855028620747 53.342023798337074)
C1623,Mechtersen,POINT (10.299815976084123 53.28013775251122)
C1624,Radbruch,POINT (10.268917027232439 53.309041008400875)
C1625,Vögelsen,POINT (10.339449166398206 53.28253466347579)
C1626,Wittorf,POINT (10.368872372320059 53.333436468632726)
C1627,Boitze,POINT (10.743261955170492 53.15145404796865)
C1628,Dahlem,POINT (10.7498336565948 53.21643624518279)
C1629,Dahlenburg,POINT (10.700193222722113 53.19601217764826)
C1630,Nahrendorf,POINT (10.837948550813223 53.16880683523336)
C1631,Tosterglope,POINT (10.824164489051157 53.20721085730536)
C1632,Kirchgellersen,POINT (10.284447850133969 53.24425882956138)
C1633,Reppenstedt,POINT (10.329589113559644 53.25479526370922)
C1634,Südergellersen,POINT (10.305594622050805 53.20707494704065)
C1635,Westergellersen,POINT (10.238578559777839 53.22648964634798)
C1636,Barnstedt,POINT (10.37108168600885 53.13994214196453)
C1637,Deutsch Evern,POINT (10.441886397081664 53.19132768844459)
C1638,Embsen,POINT (10.329936549224456 53.17742503298493)
C1639,Melbeck,POINT (10.403504262162496 53.175890190516576)
C1640,Barendorf,POINT (10.525918702187912 53.225572723285886)
C1641,Neetze,POINT (10.63557471002241 53.27478966609307)
C1642,Reinstorf,POINT (10.572103132980795 53.240089359512126)
C1643,Thomasburg,POINT (10.64202186191426 53.22080476614976)
C1644,Vastorf,POINT (10.561773187959753 53.195579261936224)
C1645,Wendisch Evern,POINT (10.475766926778508 53.21027569263808)
C1646,Artlenburg,POINT (10.486509795749013 53.364431220340656)
C1647,Brietlingen,POINT (10.44848054697725 53.336475150495254)
C1648,Echem,POINT (10.526506136491005 53.33721928132907)
C1649,Hittbergen,POINT (10.605498100530024 53.349867382689446)
C1650,Hohnstorf (Elbe),POINT (10.549303811202002 53.35665770839383)
C1651,Lüdersburg,POINT (10.585596663507786 53.31603427662124)
C1652,Rullstorf,POINT (10.558958666572515 53.28629140033914)
C1653,Scharnebeck,POINT (10.499186795587653 53.29901498566295)
C1654,Grasberg,POINT (9.010666512500208 53.18090403335755)
C1655,Lilienthal,POINT (8.896399050509624 53.16870130556836)
C1656,Osterholz-Scharmbeck,POINT (8.792445034206045 53.25569496461886)
C1657,Ritterhude,POINT (8.729051781557926 53.192448742104744)
C1658,Schwanewede,POINT (8.586003816311639 53.250378885426684)
C1659,Worpswede,POINT (8.943324683991031 53.24972689840503)
C1660,Axstedt,POINT (8.77369215718744 53.35526154270919)
C1661,Hambergen,POINT (8.830754144420233 53.29880381119733)
C1662,Holste,POINT (8.849874992287962 53.36920548789872)
C1663,Lübberstedt,POINT (8.802107062755953 53.334756748508)
C1664,Vollersode,POINT (8.907179402577594 53.32509040954438)
C1665,Bremervörde,POINT (9.168035862568134 53.491188931730484)
C1666,Gnarrenburg,POINT (9.022727922452141 53.379599424708594)
C1667,Rotenburg (Wümme),POINT (9.368139488779324 53.11461952314966)
C1668,Scheeßel,POINT (9.490630752120845 53.16359383336295)
C1669,Visselhövede,POINT (9.555331881686678 52.99289992133062)
C1670,Bothel,POINT (9.513627074959379 53.064899625805694)
C1671,Brockel,POINT (9.534470939675675 53.09211337751504)
C1672,Hemsbünde,POINT (9.460763458026902 53.07511427460751)
C1673,Hemslingen,POINT (9.601987946111663 53.088030748591116)
C1674,Kirchwalsede,POINT (9.422652514711965 53.030051342185004)
C1675,Westerwalsede,POINT (9.36196118216489 53.01390848511877)
C1676,Fintel,POINT (9.67714866969728 53.17581730384406)
C1677,Helvesiek,POINT (9.497312414617426 53.217938970344456)
C1678,Lauenbrück,POINT (9.578191519247067 53.20106279429671)
C1679,Stemmen,POINT (9.574803292483308 53.2335016441051)
C1680,Vahlde,POINT (9.620613978965707 53.19225296302433)
C1681,Alfstedt,POINT (9.062885197774776 53.55144003120743)
C1682,Basdahl,POINT (8.98509337266562 53.44033394432588)
C1683,Ebersdorf,POINT (9.027940263369743 53.52691715837827)
C1684,Hipstedt,POINT (8.969871024385213 53.503128326799335)
C1685,Oerel,POINT (9.049469669493654 53.47807981987986)
C1686,Anderlingen,POINT (9.307986869942937 53.3897587600839)
C1687,Deinstedt,POINT (9.24285934679783 53.414827601651)
C1688,Farven,POINT (9.298458530680747 53.44151779826322)
C1689,Ostereistedt,POINT (9.166446995553601 53.31741313049274)
C1690,Rhade,POINT (9.121357734240345 53.31568394471927)
C1691,Sandbostel,POINT (9.132952658004776 53.40046633617971)
C1692,Seedorf,POINT (9.234322075052193 53.33516413419726)
C1693,Selsingen,POINT (9.200936682706395 53.367902692348004)
C1694,Groß Meckelsen,POINT (9.451127967020913 53.281101045367585)
C1695,Hamersen,POINT (9.473310097164514 53.25060971268126)
C1696,Kalbe,POINT (9.564497271829062 53.30606943730481)
C1697,Klein Meckelsen,POINT (9.44747583342192 53.31129321138589)
C1698,Lengenbostel,POINT (9.518276579340904 53.30957329982366)
C1699,Sittensen,POINT (9.512871583875931 53.27755014211607)
C1700,Tiste,POINT (9.559731050784896 53.28476095758318)
C1701,Vierden,POINT (9.487755718861614 53.331694788873136)
C1702,Wohnste,POINT (9.526239098078452 53.3595893355606)
C1703,Ahausen,POINT (9.306298245355347 53.05261694433709)
C1704,Bötersen,POINT (9.308914815525647 53.1432326391999)
C1705,Hassendorf,POINT (9.271158724667925 53.108659963476384)
C1706,Hellwege,POINT (9.226540607200787 53.05974078594767)
C1707,Horstedt,POINT (9.223856385203893 53.18187051308325)
C1708,Reeßum,POINT (9.221407998319272 53.144019361942554)
C1709,Sottrum,POINT (9.214281894790362 53.10010216432354)
C1710,Breddorf,POINT (9.058771008791906 53.30033182563751)
C1711,Bülstedt,POINT (9.175831085093712 53.216071715380295)
C1712,Hepstedt,POINT (9.063285144600387 53.264087246170085)
C1713,Kirchtimke,POINT (9.170890312698624 53.25415046404917)
C1714,Tarmstedt,POINT (9.06945080420747 53.22406078839589)
C1715,Vorwerk,POINT (9.123114840615258 53.171884858185955)
C1716,Westertimke,POINT (9.135637546953197 53.23720249405136)
C1717,Wilstedt,POINT (9.079040983612956 53.189617790057596)
C1718,Elsdorf,POINT (9.380327946006632 53.25249318210011)
C1719,Gyhum,POINT (9.290459604440688 53.20957607567101)
C1720,Heeslingen,POINT (9.357573632843065 53.33119636412276)
C1721,Zeven,POINT (9.263392925535978 53.277937129083185)
C1722,Bispingen,POINT (9.993803410118664 53.11712232497844)
C1723,Bad Fallingbostel,POINT (9.738734209524285 52.90403924655231)
C1724,Munster,POINT (10.11608235960422 52.99251541677186)
C1725,Neuenkirchen,POINT (9.697766026199872 53.05100775529408)
C1726,Schneverdingen,POINT (9.802907600203943 53.125860757298064)
C1727,Soltau,POINT (9.856539369433618 52.995852649663775)
C1728,Wietzendorf,POINT (9.985270808645918 52.92790205104784)
C1729,Walsrode,POINT (9.570674608340143 52.86076716345977)
C1730,Ahlden (Aller),POINT (9.509434418838325 52.755137163006886)
C1731,Eickeloh,POINT (9.620349588225773 52.73289857275658)
C1732,Grethem,POINT (9.553089364220792 52.732673800671336)
C1733,Hademstorf,POINT (9.641392788780928 52.715416376811945)
C1734,Hodenhagen,POINT (9.596529579654826 52.76544576873463)
C1735,Böhme,POINT (9.484266338565186 52.78973166348068)
C1736,Frankenfeld,POINT (9.434452882065871 52.75180240081441)
C1737,Häuslingen,POINT (9.37643997337139 52.81259427048166)
C1738,Rethem (Aller),POINT (9.366158740105023 52.76110487021051)
C1739,Buchholz (Aller),POINT (9.7005143532448 52.660605323938725)
C1740,Essel,POINT (9.693264740586486 52.70473025026128)
C1741,Gilten,POINT (9.537813122182884 52.69877438326651)
C1742,Lindwedel,POINT (9.676089216614244 52.61873714312842)
C1743,Schwarmstedt,POINT (9.624579989694887 52.66796425472274)
C1744,Osterheide,POINT (9.784401554637062 52.83021342734336)
C1745,Buxtehude,POINT (9.692124700358175 53.46297432035597)
C1746,Drochtersen,POINT (9.377590166650803 53.71380608834275)
C1747,Jork,POINT (9.703069517632215 53.53047406373494)
C1748,Stade,POINT (9.464934764672153 53.61176076589793)
C1749,Apensen,POINT (9.602673751128146 53.43856926424961)
C1750,Beckdorf,POINT (9.621913687060038 53.41125212450011)
C1751,Sauensiek,POINT (9.563385608440612 53.387182111112786)
C1752,Deinste,POINT (9.4690964772385 53.52125885738748)
C1753,Fredenbeck,POINT (9.390459415125894 53.5277831043103)
C1754,Kutenholz,POINT (9.315207071425162 53.48984590657457)
C1755,Ahlerstedt,POINT (9.440181408156308 53.39191530928284)
C1756,Bargstedt,POINT (9.45355971385624 53.471592589193584)
C1757,Brest,POINT (9.378374052576183 53.43365896757012)
C1758,Harsefeld,POINT (9.510225269489137 53.44969315131058)
C1759,Agathenburg,POINT (9.53834613818175 53.55963495525121)
C1760,Bliedersdorf,POINT (9.564113968729432 53.47773468446156)
C1761,Dollern,POINT (9.538221355853569 53.53816416393706)
C1762,Horneburg,POINT (9.559059178058359 53.50950590665143)
C1763,Nottensdorf,POINT (9.604403432283343 53.489735071122944)
C1764,Grünendeich,POINT (9.616818826074544 53.57753251814529)
C1765,Guderhandviertel,POINT (9.593663169132064 53.539431802609016)
C1766,Hollern-Twielenfleth,POINT (9.542181296471457 53.59578886141558)
C1767,Mittelnkirchen,POINT (9.629500066005182 53.5503253495963)
C1768,Neuenkirchen,POINT (9.621671517349759 53.523577627307624)
C1769,Steinkirchen,POINT (9.591185083003504 53.57410340949845)
C1770,Balje,POINT (9.11062812850597 53.832365095695714)
C1771,Freiburg (Elbe),POINT (9.287282345701392 53.83107583712254)
C1772,Krummendeich,POINT (9.207280118321545 53.836356997417305)
C1773,Oederquart,POINT (9.230529604004097 53.78662292151106)
C1774,Wischhafen,POINT (9.317667223509375 53.77606107310386)
C1775,Burweg,POINT (9.258181623103777 53.620736678481826)
C1776,Düdenbüttel,POINT (9.350312508531086 53.58735468277216)
C1777,Engelschoff,POINT (9.31699202602616 53.66041591553399)
C1778,Estorf,POINT (9.201097913161155 53.56172729730061)
C1779,Großenwörden,POINT (9.269190241182741 53.68192603941231)
C1780,Hammah,POINT (9.373328043175679 53.624920135762764)
C1781,Heinbockel,POINT (9.311316341894102 53.554612732565325)
C1782,Himmelpforten,POINT (9.303945583814567 53.620851639651576)
C1783,Kranenburg,POINT (9.193021472729964 53.60121443198335)
C1784,Oldendorf,POINT (9.26451830197533 53.57859398272981)
C1785,Bienenbüttel,POINT (10.48413396548341 53.139436219014826)
C1786,Uelzen,POINT (10.567879906875115 52.97030482876342)
C1787,Oetzen,POINT (10.696866981790789 53.01470640121987)
C1788,Rätzlingen,POINT (10.673191409805005 52.9769073153116)
C1789,Rosche,POINT (10.79873476146761 52.998708720660396)
C1790,Stoetze,POINT (10.799038483248482 53.05523127103567)
C1791,Suhlendorf,POINT (10.776906442179214 52.939213316067196)
C1792,Eimke,POINT (10.313559092213623 52.93068591464608)
C1793,Gerdau,POINT (10.41967224495723 52.96102118329339)
C1794,Suderburg,POINT (10.424344965851112 52.876540151240505)
C1795,Altenmedingen,POINT (10.620504196742385 53.14624346310115)
C1796,Bad Bevensen,POINT (10.589493785500014 53.073145537044354)
C1797,Barum,POINT (10.526717333349216 53.044597053356014)
C1798,Ebstorf,POINT (10.416442049508339 53.02555586179359)
C1799,Emmendorf,POINT (10.572074220047536 53.02903205920558)
C1800,Hanstedt,POINT (10.3616953144877 53.066982461923075)
C1801,Himbergen,POINT (10.719345763098223 53.10436131529069)
C1802,Jelmstorf,POINT (10.532035665556569 53.10392681852089)
C1803,Natendorf,POINT (10.459206406174525 53.062047461591575)
C1804,Römstedt,POINT (10.65483222871668 53.09944846610387)
C1805,Schwienau,POINT (10.39890939210299 52.993545319038915)
C1806,Weste,POINT (10.697867790319046 53.05299368954194)
C1807,Wriedel,POINT (10.259860667482162 53.02559498810111)
C1808,Bad Bodenteich,POINT (10.695270620390387 52.843686751338566)
C1809,Lüder,POINT (10.657166002100515 52.804225118116236)
C1810,Soltendieck,POINT (10.776696879617786 52.86911433515604)
C1811,Wrestedt,POINT (10.611313868070528 52.88741223614918)
C1812,Achim,POINT (9.039919164890687 53.020458334143946)
C1813,Dörverden,POINT (9.26803983845819 52.84268547417123)
C1814,Kirchlinteln,POINT (9.360967138677633 52.92916086270261)
C1815,Langwedel,POINT (9.182985634942906 52.99968719012618)
C1816,Ottersberg,POINT (9.109413144154184 53.10904531485518)
C1817,Oyten,POINT (9.049832889569052 53.07252793532052)
C1818,Verden (Aller),POINT (9.23614500081818 52.93741502280918)
C1819,Blender,POINT (9.136597275865935 52.92865100456651)
C1820,Emtinghausen,POINT (8.96822090372367 52.919506007741006)
C1821,Riede,POINT (8.939717431918258 52.96668238350566)
C1822,Thedinghausen,POINT (9.03813214650003 52.959970085410276)
C1823,Delmenhorst,POINT (8.645824796097408 53.04956302098577)
C1824,Emden,POINT (7.180937420338536 53.360662504205486)
C1825,Oldenburg (Oldb),POINT (8.224405123645864 53.14472426478605)
C1826,Osnabrück,POINT (8.047509833865368 52.2773355523176)
C1827,Wilhelmshaven,POINT (8.087652028119258 53.56658803699728)
C1828,Apen,POINT (7.785856956449368 53.20853168945051)
C1829,Bad Zwischenahn,POINT (8.028234438890271 53.182315575798214)
C1830,Edewecht,POINT (7.9933588105847235 53.11768007208501)
C1831,Rastede,POINT (8.210889939026028 53.26089578561921)
C1832,Westerstede,POINT (7.922442955677544 53.261668302428546)
C1833,Wiefelstede,POINT (8.105613016448833 53.25402064559841)
C1834,Aurich,POINT (7.541481381002098 53.494541010783415)
C1835,Baltrum,POINT (7.399031165278214 53.727412949069254)
C1836,Großefehn,POINT (7.604897076252618 53.39510753155384)
C1837,Großheide,POINT (7.378430893309716 53.578107470519)
C1838,Hinte,POINT (7.209997026767225 53.4198870322935)
C1839,Ihlow,POINT (7.405237519174243 53.400417126175576)
C1840,Juist,POINT (6.98366083791535 53.67649389561151)
C1841,Krummhörn,POINT (7.093113975060132 53.44723451898619)
C1842,Norden,POINT (7.175768511260218 53.577751634381315)
C1843,Norderney,POINT (7.238963096380207 53.71368653923887)
C1844,Südbrookmerland,POINT (7.332918978492268 53.472323587391564)
C1845,Wiesmoor,POINT (7.728006000249645 53.41015979641876)
C1846,Dornum,POINT (7.417929362689993 53.65605376697239)
C1847,Leezdorf,POINT (7.307859451728249 53.547371055143046)
C1848,Marienhafe,POINT (7.26805036096594 53.52564552847951)
C1849,Osteel,POINT (7.238909205753038 53.53730995358545)
C1850,Rechtsupweg,POINT (7.330053742689538 53.530508079726715)
C1851,Upgant-Schott,POINT (7.265134079075741 53.50239730625243)
C1852,Wirdum,POINT (7.2160854933823035 53.47745340108899)
C1853,Berumbur,POINT (7.314861238527724 53.59122738261566)
C1854,Hage,POINT (7.298665398143504 53.60766360754606)
C1855,Hagermarsch,POINT (7.288455032069934 53.65265747834596)
C1856,Halbemond,POINT (7.287474912663466 53.56761571182433)
C1857,Lütetsburg,POINT (7.252497577377851 53.59873251976062)
C1858,Nordseeinsel Memmert,POINT (6.88436112686895 53.638349718831826)
C1859,Barßel,POINT (7.783249296997704 53.138042756250755)
C1860,Bösel,POINT (7.990737374116115 53.025369691869976)
C1861,Cappeln (Oldenburg),POINT (8.087724868060175 52.789714593020264)
C1862,Cloppenburg,POINT (8.036632629636145 52.85634706067353)
C1863,Emstek,POINT (8.166457442931277 52.85437690720588)
C1864,Essen (Oldenburg),POINT (7.962362935771732 52.726608848360364)
C1865,Friesoythe,POINT (7.843659112694253 53.00752080868292)
C1866,Garrel,POINT (8.041493809380226 52.948592259115664)
C1867,Lastrup,POINT (7.90146337343668 52.79244524165574)
C1868,Lindern (Oldenburg),POINT (7.778275837746218 52.83351501302515)
C1869,Löningen,POINT (7.755588428189421 52.7379542712328)
C1870,Molbergen,POINT (7.9042057947814515 52.87503708521618)
C1871,Saterland,POINT (7.694057874828143 53.087208841520145)
C1872,Emsbüren,POINT (7.311673336699573 52.40046143871063)
C1873,Geeste,POINT (7.2415535338419845 52.60999632474529)
C1874,Haren (Ems),POINT (7.202201185108724 52.79583401187364)
C1875,Haselünne,POINT (7.470921249718168 52.67627051390647)
C1876,Lingen (Ems),POINT (7.343213366140669 52.52034434213801)
C1877,Meppen,POINT (7.285921412054696 52.702970092316754)
C1878,Papenburg,POINT (7.401997171395932 53.056381309778565)
C1879,Rhede (Ems),POINT (7.254016672448725 53.066767093995104)
C1880,Salzbergen,POINT (7.352768762616054 52.32020673737564)
C1881,Twist,POINT (7.096617862819475 52.6652286308835)
C1882,Dersum,POINT (7.240304509075378 52.961554531259225)
C1883,Dörpen,POINT (7.364923267290319 52.96736894365395)
C1884,Heede,POINT (7.269329905876518 52.99894105630178)
C1885,Kluse,POINT (7.34286449177382 52.93100170533781)
C1886,Lehe,POINT (7.352343851461324 53.00052794639856)
C1887,Neubörger,POINT (7.446072153499586 52.95998592749086)
C1888,Neulehe,POINT (7.419613762661884 53.00115510951476)
C1889,Walchum,POINT (7.2314868132456835 52.92890937071029)
C1890,Wippingen,POINT (7.414231340557989 52.92183206398377)
C1891,Andervenne,POINT (7.58371686347795 52.51515037791888)
C1892,Beesten,POINT (7.498688612469683 52.427544440082954)
C1893,Freren,POINT (7.5469099363423995 52.474622205067654)
C1894,Messingen,POINT (7.4508480465143165 52.46774267068709)
C1895,Thuine,POINT (7.484429824184959 52.495459033804806)
C1896,Dohren,POINT (7.5895387106140335 52.635397241289816)
C1897,Herzlake,POINT (7.625288320631334 52.679127042254244)
C1898,Lähden,POINT (7.608815501168678 52.75265949604537)
C1899,Fresenburg,POINT (7.328526414345903 52.888855943692676)
C1900,Lathen,POINT (7.346327822695988 52.84937411253963)
C1901,Niederlangen,POINT (7.239267612602958 52.86969122389642)
C1902,Oberlangen,POINT (7.21712852933159 52.84623078533937)
C1903,Renkenberge,POINT (7.3868952992846 52.891093484210245)
C1904,Sustrum,POINT (7.212630467746156 52.89996643108638)
C1905,Bawinkel,POINT (7.420097549764719 52.590172707028515)
C1906,Gersten,POINT (7.493477907730192 52.59002681338261)
C1907,Handrup,POINT (7.5885147648811 52.562515595678676)
C1908,Langen,POINT (7.461877325898021 52.543311722656135)
C1909,Lengerich,POINT (7.540187403076166 52.55704229372173)
C1910,Wettrup,POINT (7.592342250075024 52.594936710162386)
C1911,Bockhorst,POINT (7.583043980358882 53.03210922698402)
C1912,Breddenberg,POINT (7.5909118681786945 52.960354243568034)
C1913,Esterwegen,POINT (7.633415359698391 53.003659011712536)
C1914,Hilkenbrook,POINT (7.698468736559878 52.98938795292511)
C1915,Surwold,POINT (7.516813521208101 52.99139687752696)
C1916,Börger,POINT (7.523383102035282 52.92723302720828)
C1917,Groß Berßen,POINT (7.495495257379434 52.77737432940947)
C1918,Hüven,POINT (7.554315126178109 52.783560336474)
C1919,Klein Berßen,POINT (7.452858186051529 52.76227623252993)
C1920,Sögel,POINT (7.50425948099578 52.83488601066625)
C1921,Spahnharrenstätte,POINT (7.597156265411614 52.878021033941685)
C1922,Stavern,POINT (7.408212182608634 52.79662123440047)
C1923,Werpeloh,POINT (7.484732882619006 52.884931154417444)
C1924,Lünne,POINT (7.437444135540165 52.409029451175385)
C1925,Schapen,POINT (7.5530068127658465 52.39943648077748)
C1926,Spelle,POINT (7.46116592703224 52.36971033511688)
C1927,Lahn,POINT (7.609673181899844 52.813665997651896)
C1928,Lorup,POINT (7.650309509932576 52.93725228426996)
C1929,Rastdorf,POINT (7.706724421920081 52.920970808175696)
C1930,Vrees,POINT (7.774418865117933 52.90528259422865)
C1931,Werlte,POINT (7.67143466935261 52.84951076636898)
C1932,Jever,POINT (7.880454256097307 53.55687648226308)
C1933,Sande,POINT (7.999876194523952 53.49209249937117)
C1934,Schortens,POINT (7.963893459625687 53.545659378739195)
C1935,Wangerland,POINT (7.931981959796385 53.6548293656761)
C1936,Wangerooge,POINT (7.906520931240034 53.78624145776113)
C1937,Bockhorn,POINT (8.011741876551357 53.37850751295392)
C1938,Varel,POINT (8.116835725146867 53.38791588397314)
C1939,Zetel,POINT (7.9467610640260355 53.40418996449685)
C1940,Bad Bentheim,POINT (7.108665970223993 52.29587379964563)
C1941,Nordhorn,POINT (7.093112116509898 52.44348616461584)
C1942,Wietmarschen,POINT (7.179973450593404 52.515089121668886)
C1943,Emlichheim,POINT (6.852663034658182 52.61649166051402)
C1944,Hoogstede,POINT (6.958131569692431 52.57921649526854)
C1945,Laar,POINT (6.769475081742483 52.60773821923823)
C1946,Ringe,POINT (6.946171830546202 52.616473405267186)
C1947,Esche,POINT (6.969855285091968 52.5379929090508)
C1948,Georgsdorf,POINT (7.071350607125865 52.57940384198024)
C1949,Lage,POINT (6.960848866848409 52.46182414077387)
C1950,Neuenhaus,POINT (6.976591481709363 52.4981247936634)
C1951,Osterwald,POINT (7.038542262395791 52.544021518237585)
C1952,Engden,POINT (7.202431322415058 52.39411003010248)
C1953,Isterberg,POINT (7.146965028416526 52.35415799306901)
C1954,Ohne,POINT (7.279380267865919 52.27352096224577)
C1955,Quendorf,POINT (7.183653433795984 52.34023430428353)
C1956,Samern,POINT (7.2580223986300645 52.29777386002598)
C1957,Schüttorf,POINT (7.221637811560591 52.313668391276146)
C1958,Getelo,POINT (6.817261942066353 52.472671285539334)
C1959,Gölenkamp,POINT (6.917327603407217 52.52858782372678)
C1960,Halle,POINT (6.915324193833706 52.459369946787945)
C1961,Itterbeck,POINT (6.770959745528385 52.502175816546426)
C1962,Uelsen,POINT (6.885579758737556 52.49040507985366)
C1963,Wielen,POINT (6.72649087871858 52.53150698773191)
C1964,Wilsum,POINT (6.833184125509011 52.54221256662441)
C1965,Borkum,POINT (6.7186961421760625 53.592942942251405)
C1966,Jemgum,POINT (7.326424760114809 53.27633688425654)
C1967,Leer (Ostfriesland),POINT (7.4614526716483685 53.24364923935322)
C1968,Moormerland,POINT (7.436712567705898 53.32214672231106)
C1969,Ostrhauderfehn,POINT (7.613636507180124 53.14684129890683)
C1970,Rhauderfehn,POINT (7.547621182656817 53.12283226558488)
C1971,Uplengen,POINT (7.769249971444477 53.309020581029515)
C1972,Weener,POINT (7.333323026225679 53.16333720214994)
C1973,Westoverledingen,POINT (7.444486184335306 53.14798997638763)
C1974,Bunde,POINT (7.244588487622118 53.21032352853368)
C1975,Brinkum,POINT (7.557607712203788 53.268395180137794)
C1976,Firrel,POINT (7.667306712105639 53.33044622964073)
C1977,Hesel,POINT (7.608531175670366 53.307926800504525)
C1978,Holtland,POINT (7.588325929404392 53.27621305073538)
C1979,Neukamperfehn,POINT (7.546212537420645 53.34142145385414)
C1980,Schwerinsdorf,POINT (7.669729212682389 53.310952448364354)
C1981,Detern,POINT (7.637968084609831 53.211412582891015)
C1982,Filsum,POINT (7.6434690327206996 53.249576985309126)
C1983,Nortmoor,POINT (7.562621128568101 53.242755360947314)
C1984,Insel Lütje Hörn,POINT (6.866811729550485 53.59005357816093)
C1985,Dötlingen,POINT (8.419516118596176 52.965635169327335)
C1986,Ganderkesee,POINT (8.535221575119454 53.04878767829848)
C1987,Großenkneten,POINT (8.23278072834269 52.94456457789563)
C1988,Hatten,POINT (8.32270449703489 53.04245012361063)
C1989,Hude (Oldb),POINT (8.39170200763911 53.1068772440131)
C1990,Wardenburg,POINT (8.155435938025752 53.05284530828143)
C1991,Wildeshausen,POINT (8.40353137286357 52.87971324360921)
C1992,Beckeln,POINT (8.594037445045503 52.869516111267515)
C1993,Colnrade,POINT (8.503697459179607 52.822048092966035)
C1994,Dünsen,POINT (8.630343153784064 52.91805338977892)
C1995,Groß Ippener,POINT (8.622927650987556 52.97341554776256)
C1996,Harpstedt,POINT (8.570718441204592 52.91152131698401)
C1997,Kirchseelte,POINT (8.667947321746242 52.93992146965354)
C1998,Prinzhöfte,POINT (8.535852400175207 52.944407061868304)
C1999,Winkelsett,POINT (8.51224377117553 52.873995098706736)
C2000,Bad Essen,POINT (8.381668991231948 52.32103620943812)
C2001,Bad Iburg,POINT (8.053375335013385 52.14780891411706)
C2002,Bad Laer,POINT (8.083550491266799 52.09870264758656)
C2003,Bad Rothenfelde,POINT (8.15557491264588 52.09792366625981)
C2004,Belm,POINT (8.141481461120009 52.326940527872125)
C2005,Bissendorf,POINT (8.220009160244835 52.261334265389976)
C2006,Bohmte,POINT (8.278641610633338 52.41367769995213)
C2007,Bramsche,POINT (7.996516447425693 52.41647927425968)
C2008,Dissen am Teutoburger Wald,POINT (8.206364731450362 52.121154358758844)
C2009,Georgsmarienhütte,POINT (8.075025613660696 52.20463058041839)
C2010,Hagen am Teutoburger Wald,POINT (7.963291749474676 52.19588846509692)
C2011,Hasbergen,POINT (7.959959919820985 52.23843492947416)
C2012,Hilter am Teutoburger Wald,POINT (8.165402986793419 52.16995716137409)
C2013,Melle,POINT (8.353368466311874 52.19627545247547)
C2014,Ostercappeln,POINT (8.203722113534749 52.376182148057275)
C2015,Wallenhorst,POINT (8.023895932533444 52.34463187357045)
C2016,Glandorf,POINT (7.972847786237401 52.07784060644959)
C2017,Badbergen,POINT (7.982032181789635 52.63734832680461)
C2018,Menslage,POINT (7.815631172890167 52.67187225815516)
C2019,Nortrup,POINT (7.875781713128356 52.61811927042902)
C2020,Quakenbrück,POINT (7.968104900525231 52.677845958365886)
C2021,Alfhausen,POINT (7.9531900918192955 52.49537988569797)
C2022,Ankum,POINT (7.874909143205609 52.53625103983518)
C2023,Bersenbrück,POINT (7.9440122786200655 52.563127171958385)
C2024,Eggermühlen,POINT (7.801259658313961 52.57012122037439)
C2025,Gehrde,POINT (8.01330491328788 52.57709980336778)
C2026,Kettenkamp,POINT (7.831965913808275 52.60017989397861)
C2027,Rieste,POINT (8.02161222936979 52.48704353516639)
C2028,Berge,POINT (7.722573523320958 52.62687745661006)
C2029,Bippen,POINT (7.6923918706022585 52.57277352195281)
C2030,Fürstenau,POINT (7.682774114417499 52.50580528868344)
C2031,Merzen,POINT (7.796642948459576 52.48218129904633)
C2032,Neuenkirchen,POINT (7.82696670896768 52.40673269505484)
C2033,Voltlage,POINT (7.7390215545035295 52.437747044810266)
C2034,Bakum,POINT (8.145308524732933 52.73409994760252)
C2035,Damme,POINT (8.23957532644046 52.52629435555024)
C2036,Dinklage,POINT (8.100284331194834 52.660777144530265)
C2037,Goldenstedt,POINT (8.401848314449175 52.77072389085302)
C2038,Holdorf,POINT (8.124348214683769 52.57215375123326)
C2039,Lohne (Oldenburg),POINT (8.231565311176249 52.66147656072548)
C2040,Neuenkirchen-Vörden,POINT (8.100160705765841 52.49745413523366)
C2041,Steinfeld (Oldenburg),POINT (8.222938250918695 52.594842049991115)
C2042,Vechta,POINT (8.285439960391521 52.74142437816207)
C2043,Visbek,POINT (8.313094962060411 52.83164483120428)
C2044,Berne,POINT (8.476790918502713 53.16629718513643)
C2045,Brake (Unterweser),POINT (8.463753601933371 53.333221157399265)
C2046,Butjadingen,POINT (8.337664595937293 53.55131771585411)
C2047,Elsfleth,POINT (8.388701085693231 53.22308141372178)
C2048,Jade,POINT (8.25340743029288 53.355953471871985)
C2049,Lemwerder,POINT (8.596617699175713 53.13688732311091)
C2050,Nordenham,POINT (8.45621890612783 53.494385392964276)
C2051,Ovelgönne,POINT (8.361462179209092 53.31327162041857)
C2052,Stadland,POINT (8.392331884919953 53.419874384870056)
C2053,Friedeburg,POINT (7.839651108108695 53.45543393538404)
C2054,Langeoog,POINT (7.531667950881545 53.74609642657785)
C2055,Spiekeroog,POINT (7.734627622841179 53.771107539277224)
C2056,Wittmund,POINT (7.758617233799943 53.58503168180656)
C2057,Dunum,POINT (7.633544873208927 53.58588019809122)
C2058,Esens,POINT (7.598048366964901 53.65880383264909)
C2059,Holtgast,POINT (7.5472416531949635 53.64079741980365)
C2060,Moorweg,POINT (7.576712110985004 53.603297091659066)
C2061,Neuharlingersiel,POINT (7.678493889653674 53.68337461684666)
C2062,Stedesdorf,POINT (7.664226650631855 53.636409630295596)
C2063,Werdum,POINT (7.72352746032371 53.66528293008249)
C2064,Blomberg,POINT (7.558628195572274 53.569706064828104)
C2065,Eversmeer,POINT (7.438550159704678 53.55437997854519)
C2066,Nenndorf,POINT (7.429011405584599 53.594803664478505)
C2067,Neuschoo,POINT (7.507966492065285 53.571092095268156)
C2068,Ochtersum,POINT (7.52487818471174 53.61027910466989)
C2069,Schweindorf,POINT (7.471131459143817 53.599846674758766)
C2070,Utarp,POINT (7.4874717715332775 53.60934926332793)
C2071,Westerholt,POINT (7.458036705292409 53.58242533113988)
C2072,Bremen,POINT (8.780218782977064 53.11972161059221)
C2073,Bremerhaven,POINT (8.58126443269211 53.54026388071593)
C2074,Düsseldorf,POINT (6.810211931837829 51.235569426987105)
C2075,Duisburg,POINT (6.734681052980137 51.43977172627063)
C2076,Essen,POINT (7.017112980406685 51.43381248441659)
C2077,Krefeld,POINT (6.579744086206585 51.34496961823306)
C2078,Mönchengladbach,POINT (6.412026003593232 51.167300452499)
C2079,Mülheim an der Ruhr,POINT (6.878315260468312 51.41373838508852)
C2080,Oberhausen,POINT (6.847088221477709 51.51309143381443)
C2081,Remscheid,POINT (7.2238580008058 51.18269044105463)
C2082,Solingen,POINT (7.066391535510631 51.16248987916435)
C2083,Wuppertal,POINT (7.168961347852074 51.250852746218705)
C2084,Bedburg-Hau,POINT (6.206888931138238 51.758118639190634)
C2085,Emmerich am Rhein,POINT (6.248469509532057 51.85014315766583)
C2086,Geldern,POINT (6.310502905404195 51.518485003718276)
C2087,Goch,POINT (6.123624033348312 51.695453372323634)
C2088,Issum,POINT (6.433863266151548 51.521816290050154)
C2089,Kalkar,POINT (6.311351177437249 51.75023342913902)
C2090,Kerken,POINT (6.388893937783884 51.447376102486444)
C2091,Kevelaer,POINT (6.26923836972734 51.581620816447455)
C2092,Kleve,POINT (6.124910354847618 51.80303063247876)
C2093,Kranenburg,POINT (6.0178383168899225 51.788733598191484)
C2094,Rees,POINT (6.4203919665455365 51.773429400402776)
C2095,Rheurdt,POINT (6.474058332937456 51.451127506257826)
C2096,Straelen,POINT (6.2594007664342595 51.42893160713611)
C2097,Uedem,POINT (6.293543490067525 51.67618546384855)
C2098,Wachtendonk,POINT (6.326197708660989 51.39944927607695)
C2099,Weeze,POINT (6.18231726773044 51.62114485315659)
C2100,Erkrath,POINT (6.927657044983006 51.217352120436466)
C2101,Haan,POINT (7.010106877479932 51.20822713654923)
C2102,Heiligenhaus,POINT (6.9662136105556005 51.329308993305645)
C2103,Hilden,POINT (6.938191833754986 51.170734940990656)
C2104,Langenfeld (Rhld.),POINT (6.956959639658509 51.11095191868535)
C2105,Mettmann,POINT (6.977905778727523 51.2570186870057)
C2106,Monheim am Rhein,POINT (6.892085908891336 51.09616263909377)
C2107,Ratingen,POINT (6.8760004477992 51.314688747738764)
C2108,Velbert,POINT (7.088193656050758 51.33744628525876)
C2109,Wülfrath,POINT (7.036043462803993 51.29117711483948)
C2110,Dormagen,POINT (6.795319169080303 51.10447924535322)
C2111,Grevenbroich,POINT (6.608193627277777 51.08819114939842)
C2112,Jüchen,POINT (6.5063999280687295 51.10260177465213)
C2113,Kaarst,POINT (6.6110647522443236 51.219425456837335)
C2114,Korschenbroich,POINT (6.549299454759268 51.18570950063142)
C2115,Meerbusch,POINT (6.669965375499923 51.282168692411524)
C2116,Neuss,POINT (6.7017064920693326 51.17348812553733)
C2117,Rommerskirchen,POINT (6.690837098385448 51.056909428335636)
C2118,Brüggen,POINT (6.164357573282324 51.26319740167662)
C2119,Grefrath,POINT (6.350320193735079 51.34070148550358)
C2120,Kempen,POINT (6.437585598528682 51.37847810410015)
C2121,Nettetal,POINT (6.250279386044059 51.31644034864106)
C2122,Niederkrüchten,POINT (6.1543578513431685 51.204907222661085)
C2123,Schwalmtal,POINT (6.271505812913523 51.21834578592316)
C2124,Tönisvorst,POINT (6.452457178634735 51.316447075682945)
C2125,Viersen,POINT (6.361542375997625 51.2628995184132)
C2126,Willich,POINT (6.518842856810619 51.262415159376324)
C2127,Alpen,POINT (6.488733279859301 51.59654864296059)
C2128,Dinslaken,POINT (6.7755339503068726 51.57204489578277)
C2129,Hamminkeln,POINT (6.617402969814615 51.74951212201735)
C2130,Hünxe,POINT (6.765440954929641 51.64235926125572)
C2131,Kamp-Lintfort,POINT (6.520217022053746 51.515794531654365)
C2132,Moers,POINT (6.620248513127138 51.45296412350133)
C2133,Neukirchen-Vluyn,POINT (6.550250918517649 51.44290090614028)
C2134,Rheinberg,POINT (6.610000455615436 51.55601612145331)
C2135,Schermbeck,POINT (6.83499080903753 51.69987391783424)
C2136,Sonsbeck,POINT (6.375073729157 51.615415032774145)
C2137,Voerde (Niederrhein),POINT (6.651961607759607 51.60099256859396)
C2138,Wesel,POINT (6.581204740890231 51.669727956815876)
C2139,Xanten,POINT (6.4337684658912515 51.67310977490962)
C2140,Bonn,POINT (7.109838181080088 50.705767226710435)
C2141,Köln,POINT (6.973700634759826 50.94562078851907)
C2142,Leverkusen,POINT (7.015245166167052 51.05305275441664)
C2143,Aachen,POINT (6.10889030470827 50.76006335883423)
C2144,Alsdorf,POINT (6.175563384281824 50.86843714326538)
C2145,Baesweiler,POINT (6.18515002820703 50.91787001565938)
C2146,Eschweiler,POINT (6.269414128800445 50.82831781885016)
C2147,Herzogenrath,POINT (6.0983587438725255 50.863936457542515)
C2148,Monschau,POINT (6.266536049034521 50.54190067718839)
C2149,Roetgen,POINT (6.2228819971950236 50.6634918661515)
C2150,Simmerath,POINT (6.328119958807804 50.61410472424503)
C2151,Stolberg (Rhld.),POINT (6.263076771196186 50.74653822180409)
C2152,Würselen,POINT (6.15063710213567 50.827160244104284)
C2153,Aldenhoven,POINT (6.261915029337402 50.89821020554586)
C2154,Düren,POINT (6.461125852228601 50.80331382108425)
C2155,Heimbach,POINT (6.489683329391216 50.63181290198708)
C2156,Hürtgenwald,POINT (6.372818431194625 50.71138645445752)
C2157,Inden,POINT (6.370852228581427 50.86214880148403)
C2158,Jülich,POINT (6.3686824058699605 50.9283257879104)
C2159,Kreuzau,POINT (6.490860918613969 50.73247783650639)
C2160,Langerwehe,POINT (6.36433855711825 50.79878177414488)
C2161,Linnich,POINT (6.282120344606309 50.97596950479888)
C2162,Merzenich,POINT (6.550095942340139 50.84276913693381)
C2163,Nideggen,POINT (6.48558458915889 50.67620645760677)
C2164,Niederzier,POINT (6.474941434771659 50.89305899361033)
C2165,Nörvenich,POINT (6.62904125622502 50.80171776614433)
C2166,Titz,POINT (6.421979630388986 50.99534662249226)
C2167,Vettweiß,POINT (6.6056402266164245 50.74220572020255)
C2168,Bedburg,POINT (6.545372634134955 51.009779325647656)
C2169,Bergheim,POINT (6.674054370593703 50.96783918311366)
C2170,Brühl,POINT (6.886755953762829 50.820782216453296)
C2171,Elsdorf,POINT (6.562203781834653 50.93177105861584)
C2172,Erftstadt,POINT (6.7668883093839 50.79303216033492)
C2173,Frechen,POINT (6.784098076376159 50.91361987395235)
C2174,Hürth,POINT (6.858815564608411 50.87379407870961)
C2175,Kerpen,POINT (6.669809237957691 50.87460707890073)
C2176,Pulheim,POINT (6.784367365718618 51.00014195023749)
C2177,Wesseling,POINT (6.977045005110605 50.81715203130568)
C2178,Bad Münstereifel,POINT (6.815755585108577 50.53208670281932)
C2179,Blankenheim,POINT (6.688279867048839 50.40835873572077)
C2180,Dahlem,POINT (6.51093164949699 50.395963938744316)
C2181,Euskirchen,POINT (6.815503981933953 50.63674657544768)
C2182,Hellenthal,POINT (6.425655467862925 50.44891921282494)
C2183,Kall,POINT (6.552617184715561 50.516427193769296)
C2184,Mechernich,POINT (6.64765697774938 50.591245752504456)
C2185,Nettersheim,POINT (6.663206783308546 50.492106330076844)
C2186,Schleiden,POINT (6.451431044115203 50.55684777250519)
C2187,Weilerswist,POINT (6.83852520022747 50.73183806146329)
C2188,Zülpich,POINT (6.668061591252534 50.68662904317732)
C2189,Erkelenz,POINT (6.339092861901675 51.06774536621951)
C2190,Gangelt,POINT (6.0150254900306255 51.00302264826554)
C2191,Geilenkirchen,POINT (6.131059753336349 50.97331126579917)
C2192,Heinsberg,POINT (6.111899591626937 51.050537805320396)
C2193,Hückelhoven,POINT (6.2308256445807615 51.04317499363122)
C2194,Selfkant,POINT (5.92157273407429 51.02061317326547)
C2195,Übach-Palenberg,POINT (6.104209623767298 50.92691881050483)
C2196,Waldfeucht,POINT (6.017968094324604 51.06457284245062)
C2197,Wassenberg,POINT (6.145069350771768 51.11320321246408)
C2198,Wegberg,POINT (6.249521295297874 51.14276620456521)
C2199,Bergneustadt,POINT (7.6797559077022175 51.02850547890371)
C2200,Engelskirchen,POINT (7.423913585465799 50.98516215973663)
C2201,Gummersbach,POINT (7.568226926059294 51.02944423382489)
C2202,Hückeswagen,POINT (7.331402464811891 51.147692706844374)
C2203,Lindlar,POINT (7.362802731435267 51.024689017244846)
C2204,Marienheide,POINT (7.536866489840311 51.07596843806597)
C2205,Morsbach,POINT (7.70589641407249 50.868516130553445)
C2206,Nümbrecht,POINT (7.535543274420416 50.9022060598722)
C2207,Radevormwald,POINT (7.360141396045209 51.21185140708198)
C2208,Reichshof,POINT (7.6874561873404454 50.95726790676128)
C2209,Waldbröl,POINT (7.610473007390809 50.86769491996374)
C2210,Wiehl,POINT (7.530109880956703 50.957664053976615)
C2211,Wipperfürth,POINT (7.402106404005862 51.111973324187694)
C2212,Bergisch Gladbach,POINT (7.154630009352947 50.97899572876972)
C2213,Burscheid,POINT (7.116202882950761 51.087353462254804)
C2214,Kürten,POINT (7.255812551276755 51.04007513191727)
C2215,Leichlingen (Rhld.),POINT (7.058206440714523 51.11193201580729)
C2216,Odenthal,POINT (7.149069812129469 51.04008391572217)
C2217,Overath,POINT (7.294911492690328 50.944957792551904)
C2218,Rösrath,POINT (7.183513439858621 50.905991221533704)
C2219,Wermelskirchen,POINT (7.217811770389542 51.11181225351766)
C2220,Alfter,POINT (7.006638547687452 50.70957513163576)
C2221,Bad Honnef,POINT (7.278438044756105 50.65337669460299)
C2222,Bornheim,POINT (6.955072937281477 50.76822601418787)
C2223,Eitorf,POINT (7.45219675521137 50.76469002003727)
C2224,Hennef (Sieg),POINT (7.3294658490104085 50.75579777566135)
C2225,Königswinter,POINT (7.258778588792044 50.70089975282834)
C2226,Lohmar,POINT (7.248307147884965 50.865599107122215)
C2227,Meckenheim,POINT (7.01510971602316 50.61311726537481)
C2228,Much,POINT (7.40693433991864 50.900470277144464)
C2229,Neunkirchen-Seelscheid,POINT (7.33083788043833 50.85418028898311)
C2230,Niederkassel,POINT (7.050252789104451 50.81362813896059)
C2231,Rheinbach,POINT (6.9501561398121385 50.6155312908777)
C2232,Ruppichteroth,POINT (7.435494505771492 50.83274178003816)
C2233,Sankt Augustin,POINT (7.189798272872546 50.77140381506657)
C2234,Siegburg,POINT (7.237715879760739 50.80528694413968)
C2235,Swisttal,POINT (6.921196801231938 50.68545450950112)
C2236,Troisdorf,POINT (7.142195024400165 50.82191232541854)
C2237,Wachtberg,POINT (7.117558050126667 50.62533771110645)
C2238,Windeck,POINT (7.572567391014467 50.79319536927954)
C2239,Bottrop,POINT (6.920181141240099 51.57173307128315)
C2240,Gelsenkirchen,POINT (7.070917555743798 51.5540424946794)
C2241,Münster,POINT (7.623679370186271 51.95429775447303)
C2242,Ahaus,POINT (6.962973805641106 52.09787502670377)
C2243,Bocholt,POINT (6.600716820291818 51.85358281146739)
C2244,Borken,POINT (6.831556215337222 51.85234504315764)
C2245,Gescher,POINT (7.021730115922793 51.9471221094136)
C2246,Gronau (Westf.),POINT (7.034157919414431 52.189923696082566)
C2247,Heek,POINT (7.093313419810297 52.12918132077628)
C2248,Heiden,POINT (6.955255013640856 51.825427272883594)
C2249,Isselburg,POINT (6.455287186599427 51.834517809094066)
C2250,Legden,POINT (7.100463746473614 52.04597027610508)
C2251,Raesfeld,POINT (6.833227200118486 51.766311311729076)
C2252,Reken,POINT (7.065086722660892 51.82360620330087)
C2253,Rhede,POINT (6.707115678876388 51.83045371780786)
C2254,Schöppingen,POINT (7.199091867820032 52.08531257813963)
C2255,Stadtlohn,POINT (6.935230020392655 52.00222402692598)
C2256,Südlohn,POINT (6.847881580410372 51.94566807949813)
C2257,Velen,POINT (6.9537299118590745 51.897279429814745)
C2258,Vreden,POINT (6.810790634391116 52.06226915078035)
C2259,Ascheberg,POINT (7.6397295025346414 51.77308312015756)
C2260,Billerbeck,POINT (7.31448802838026 51.98960369413525)
C2261,Coesfeld,POINT (7.152604499998073 51.91742765122693)
C2262,Dülmen,POINT (7.289146299597332 51.84721517952279)
C2263,Havixbeck,POINT (7.44287032979362 51.97435626299794)
C2264,Lüdinghausen,POINT (7.4159244057393945 51.774153227095375)
C2265,Nordkirchen,POINT (7.5551398516609884 51.73032251311333)
C2266,Nottuln,POINT (7.361754838520822 51.92204377430435)
C2267,Olfen,POINT (7.379934423939528 51.70530533919706)
C2268,Rosendahl,POINT (7.19485361329461 52.014241925260784)
C2269,Senden,POINT (7.500560238011167 51.86122370621395)
C2270,Castrop-Rauxel,POINT (7.314320775211203 51.57009577943033)
C2271,Datteln,POINT (7.321558878404969 51.666406662062336)
C2272,Dorsten,POINT (6.989977752610518 51.713323329801554)
C2273,Gladbeck,POINT (6.979171393578197 51.5724114934157)
C2274,Haltern am See,POINT (7.186016424603857 51.75266359507651)
C2275,Herten,POINT (7.129558496962032 51.59761541487571)
C2276,Marl,POINT (7.110511699255655 51.667298289643156)
C2277,Oer-Erkenschwick,POINT (7.2393877740425365 51.66099372535394)
C2278,Recklinghausen,POINT (7.213279255606585 51.60473242802136)
C2279,Waltrop,POINT (7.3993866888702415 51.62320276990919)
C2280,Altenberge,POINT (7.478006354490052 52.0385601623224)
C2281,Emsdetten,POINT (7.522831582244005 52.17347601357507)
C2282,Greven,POINT (7.63360802219971 52.09511750094482)
C2283,Hörstel,POINT (7.584749511207023 52.28961067465448)
C2284,Hopsten,POINT (7.627484459778517 52.405832799496125)
C2285,Horstmar,POINT (7.297484580179892 52.09949253128433)
C2286,Ibbenbüren,POINT (7.708091148633692 52.277846864406115)
C2287,Ladbergen,POINT (7.762454913235879 52.130875508580985)
C2288,Laer,POINT (7.365077075705912 52.058742586398054)
C2289,Lengerich,POINT (7.831324632453852 52.17221827519147)
C2290,Lienen,POINT (7.932981190647634 52.13222559793633)
C2291,Lotte,POINT (7.928838844885842 52.30037784509697)
C2292,Metelen,POINT (7.207309499834568 52.14807370074345)
C2293,Mettingen,POINT (7.779609615369418 52.32513125429751)
C2294,Neuenkirchen,POINT (7.376158588189224 52.23597203089419)
C2295,Nordwalde,POINT (7.485499130873653 52.10033588495658)
C2296,Ochtrup,POINT (7.182522465230725 52.21326321494516)
C2297,Recke,POINT (7.707354876513637 52.36275299998759)
C2298,Rheine,POINT (7.474587307290627 52.2634853790859)
C2299,Saerbeck,POINT (7.638147577557234 52.17942482818866)
C2300,Steinfurt,POINT (7.369320923170818 52.14477853453818)
C2301,Tecklenburg,POINT (7.806120452429413 52.22323116330816)
C2302,Westerkappeln,POINT (7.861970199147464 52.31977512697709)
C2303,Wettringen,POINT (7.295200671943938 52.23117625717318)
C2304,Ahlen,POINT (7.89819245634763 51.768109181233086)
C2305,Beckum,POINT (8.046866572974855 51.76061818851731)
C2306,Beelen,POINT (8.121017378914338 51.92434523982467)
C2307,Drensteinfurt,POINT (7.727105026394445 51.80115777125739)
C2308,Ennigerloh,POINT (8.02547472387925 51.85895920059435)
C2309,Everswinkel,POINT (7.8424365978659605 51.91865945742831)
C2310,Oelde,POINT (8.166836620498305 51.818208796302606)
C2311,Ostbevern,POINT (7.832747234168782 52.05391085048508)
C2312,Sassenberg,POINT (8.046054244942091 52.011242189113915)
C2313,Sendenhorst,POINT (7.790585914426111 51.85345302647645)
C2314,Telgte,POINT (7.786919876804951 51.99395986211549)
C2315,Wadersloh,POINT (8.226103321322855 51.72298354845485)
C2316,Warendorf,POINT (7.958388215098629 51.94747610200515)
C2317,Bielefeld,POINT (8.540863519972836 52.010912971840995)
C2318,Borgholzhausen,POINT (8.286324501000692 52.09458920153411)
C2319,Gütersloh,POINT (8.393085927039882 51.91740032245394)
C2320,Halle (Westf.),POINT (8.330318034169082 52.04219783629389)
C2321,Harsewinkel,POINT (8.214876717009918 51.971080952633834)
C2322,Herzebrock-Clarholz,POINT (8.231997917665451 51.900208328961966)
C2323,Langenberg,POINT (8.31914512886312 51.767125984433186)
C2324,Rheda-Wiedenbrück,POINT (8.305783458597626 51.83884918318862)
C2325,Rietberg,POINT (8.422933710358796 51.80209919144393)
C2326,Schloß Holte-Stukenbrock,POINT (8.64824562620964 51.88992822696334)
C2327,Steinhagen,POINT (8.380710303977885 51.99954872723729)
C2328,Verl,POINT (8.524438025551014 51.8772085734115)
C2329,Versmold,POINT (8.171608172309341 52.03975338027885)
C2330,Werther (Westf.),POINT (8.41762804463749 52.08366258660967)
C2331,Bünde,POINT (8.565331324122186 52.206763460271034)
C2332,Enger,POINT (8.553768719148774 52.13869925682412)
C2333,Herford,POINT (8.662756316563916 52.11405097791325)
C2334,Hiddenhausen,POINT (8.635662967918105 52.15578218914587)
C2335,Kirchlengern,POINT (8.640337050406755 52.22134737724236)
C2336,Löhne,POINT (8.722442115753744 52.19917930755762)
C2337,Rödinghausen,POINT (8.497290379133261 52.235838247826266)
C2338,Spenge,POINT (8.470501660028383 52.13673957963606)
C2339,Vlotho,POINT (8.837780708591728 52.14701085877839)
C2340,Bad Driburg,POINT (9.03822058044636 51.721793685285235)
C2341,Beverungen,POINT (9.338958067413017 51.667739716332264)
C2342,Borgentreich,POINT (9.255862546676234 51.57648989436172)
C2343,Brakel,POINT (9.179816702786411 51.70961805750847)
C2344,Höxter,POINT (9.344656310867144 51.786554939959444)
C2345,Marienmünster,POINT (9.232346629664685 51.82347869400162)
C2346,Nieheim,POINT (9.10319335742094 51.80661728816494)
C2347,Steinheim,POINT (9.055006769481563 51.84863729006619)
C2348,Warburg,POINT (9.09224143532985 51.513514500818296)
C2349,Willebadessen,POINT (9.09393354261216 51.60461433783277)
C2350,Augustdorf,POINT (8.755987131241227 51.901280172533006)
C2351,Bad Salzuflen,POINT (8.760574643418591 52.071743983209046)
C2352,Barntrup,POINT (9.126903562926362 52.00583333550779)
C2353,Blomberg,POINT (9.05822203334517 51.95298015031526)
C2354,Detmold,POINT (8.882002174602288 51.93273069782054)
C2355,Dörentrup,POINT (9.032450533437391 52.033833242833396)
C2356,Extertal,POINT (9.09835975883664 52.091448867634085)
C2357,Horn-Bad Meinberg,POINT (8.96905606138482 51.87021494116888)
C2358,Kalletal,POINT (8.959037319181142 52.12181533320315)
C2359,Lage,POINT (8.777524441237322 51.98231035058971)
C2360,Lemgo,POINT (8.90191194345203 52.03366885811493)
C2361,Leopoldshöhe,POINT (8.687330665392482 52.008804266597316)
C2362,Lügde,POINT (9.265430628791425 51.91140324950356)
C2363,Oerlinghausen,POINT (8.675701258544215 51.94794317438949)
C2364,Schieder-Schwalenberg,POINT (9.168418601834311 51.90201901331961)
C2365,Schlangen,POINT (8.829798453372883 51.83659404262645)
C2366,Bad Oeynhausen,POINT (8.799213483263577 52.22326117643619)
C2367,Espelkamp,POINT (8.624743741920517 52.37138072420469)
C2368,Hille,POINT (8.769619984422075 52.33201878473782)
C2369,Hüllhorst,POINT (8.666572509365592 52.26897201516764)
C2370,Lübbecke,POINT (8.62141081249776 52.309718512233225)
C2371,Minden,POINT (8.898211453256666 52.30066369107906)
C2372,Petershagen,POINT (8.996873414810546 52.39990840227326)
C2373,Porta Westfalica,POINT (8.952004908928533 52.223748625334174)
C2374,Preußisch Oldendorf,POINT (8.504798039745268 52.31125175916141)
C2375,Rahden,POINT (8.62646125834496 52.45680378343775)
C2376,Stemwede,POINT (8.45334897293963 52.42731622801217)
C2377,Altenbeken,POINT (8.93740018672773 51.73858634350005)
C2378,Bad Lippspringe,POINT (8.823600223252651 51.78683824237608)
C2379,Borchen,POINT (8.769973912310695 51.65164246862145)
C2380,Büren,POINT (8.58448176568648 51.5550392093628)
C2381,Delbrück,POINT (8.540871956093955 51.76546011002902)
C2382,Hövelhof,POINT (8.668407751944839 51.83193246218752)
C2383,Lichtenau,POINT (8.894290083312669 51.609136270175924)
C2384,Paderborn,POINT (8.754344439156059 51.73026668089438)
C2385,Salzkotten,POINT (8.602070866540348 51.674507395391984)
C2386,Bad Wünnenberg,POINT (8.732905705764985 51.52374778811929)
C2387,Bochum,POINT (7.224642335679075 51.46986605526436)
C2388,Dortmund,POINT (7.47532736794551 51.515888822095256)
C2389,Hagen,POINT (7.4971781252302465 51.34827164884516)
C2390,Hamm,POINT (7.824057652225346 51.66539100920909)
C2391,Herne,POINT (7.208453695444728 51.5375051839599)
C2392,Breckerfeld,POINT (7.453020831238596 51.26692419935793)
C2393,Ennepetal,POINT (7.365573138533155 51.28274899806432)
C2394,Gevelsberg,POINT (7.3402276408144855 51.33356147587277)
C2395,Hattingen,POINT (7.185476005331054 51.37577844701006)
C2396,Herdecke,POINT (7.417464800568419 51.41306414945128)
C2397,Schwelm,POINT (7.289505163849321 51.283762691705384)
C2398,Sprockhövel,POINT (7.254086597509157 51.3380071704989)
C2399,Wetter (Ruhr),POINT (7.3536523852146285 51.37774102688337)
C2400,Witten,POINT (7.330967433422468 51.427223559791564)
C2401,Arnsberg,POINT (8.0221585560636 51.418268294778066)
C2402,Bestwig,POINT (8.401024696241544 51.3406022733838)
C2403,Brilon,POINT (8.603999826556336 51.40808878815736)
C2404,Eslohe (Sauerland),POINT (8.175344974863185 51.248743895506564)
C2405,Hallenberg,POINT (8.618147358857286 51.128725070932965)
C2406,Marsberg,POINT (8.839925826826665 51.44700334799414)
C2407,Medebach,POINT (8.675283178732158 51.207965482513515)
C2408,Meschede,POINT (8.247669669936753 51.33812696080117)
C2409,Olsberg,POINT (8.488405749890367 51.32964623223642)
C2410,Schmallenberg,POINT (8.315828918807696 51.18310270551716)
C2411,Sundern (Sauerland),POINT (8.005766116515193 51.31057483949413)
C2412,Winterberg,POINT (8.518213317640463 51.20580937825209)
C2413,Altena,POINT (7.688384235279162 51.28468118326597)
C2414,Balve,POINT (7.86101259778795 51.3352881397418)
C2415,Halver,POINT (7.495451411284197 51.18866701703218)
C2416,Hemer,POINT (7.777173671698841 51.36795791044179)
C2417,Herscheid,POINT (7.751450217745626 51.18193970921204)
C2418,Iserlohn,POINT (7.669630354913655 51.38693681182099)
C2419,Kierspe,POINT (7.579674700529146 51.14179087366703)
C2420,Lüdenscheid,POINT (7.639037236796409 51.21297975993884)
C2421,Meinerzhagen,POINT (7.718382215720945 51.11003508191959)
C2422,Menden (Sauerland),POINT (7.802959662022536 51.43715274512865)
C2423,Nachrodt-Wiblingwerde,POINT (7.6175742889244615 51.31234430953077)
C2424,Neuenrade,POINT (7.8306345462759746 51.278264648604406)
C2425,Plettenberg,POINT (7.860769951790769 51.21015088068449)
C2426,Schalksmühle,POINT (7.558756657394988 51.256917215253814)
C2427,Werdohl,POINT (7.745535215427123 51.253155454692305)
C2428,Attendorn,POINT (7.8977493868115936 51.12104937937241)
C2429,Drolshagen,POINT (7.770769703662182 51.03190874623456)
C2430,Finnentrop,POINT (8.00965366879639 51.199642213736134)
C2431,Kirchhundem,POINT (8.112251145893605 51.05677830962251)
C2432,Lennestadt,POINT (8.07892425412815 51.12784463622111)
C2433,Olpe,POINT (7.886244547427765 51.039483325504705)
C2434,Wenden,POINT (7.863364571023411 50.963036031715546)
C2435,Bad Berleburg,POINT (8.403959129372353 51.05505377853879)
C2436,Burbach,POINT (8.094455494801455 50.74056401878895)
C2437,Erndtebrück,POINT (8.258939521040132 50.99535329970354)
C2438,Freudenberg,POINT (7.897614566392979 50.89502606700148)
C2439,Hilchenbach,POINT (8.127529414033821 50.986780742635595)
C2440,Kreuztal,POINT (7.985896252174036 50.98144062792716)
C2441,Bad Laasphe,POINT (8.347627756176058 50.92710357013566)
C2442,Netphen,POINT (8.160616407207664 50.90867958074084)
C2443,Neunkirchen,POINT (8.01630657505956 50.78667745893993)
C2444,Siegen,POINT (8.011532215372684 50.881025320098146)
C2445,Wilnsdorf,POINT (8.115259009015896 50.83066460906234)
C2446,Anröchte,POINT (8.309140105309895 51.54897028593449)
C2447,Bad Sassendorf,POINT (8.186584918698172 51.580864209479884)
C2448,Ense,POINT (7.9703728679560815 51.50179894878276)
C2449,Erwitte,POINT (8.311022252626149 51.6111419384859)
C2450,Geseke,POINT (8.49217684925911 51.63469273619416)
C2451,Lippetal,POINT (8.088860042412117 51.674747651685436)
C2452,Lippstadt,POINT (8.351930641474935 51.67720673123778)
C2453,Möhnesee,POINT (8.123393221988565 51.48492076708155)
C2454,Rüthen,POINT (8.439913694680412 51.5047630714029)
C2455,Soest,POINT (8.085973075782366 51.56563004384686)
C2456,Warstein,POINT (8.29876847207974 51.45352224705518)
C2457,Welver,POINT (7.993463179703973 51.61649823600353)
C2458,Werl,POINT (7.908905889060935 51.55614854698506)
C2459,Wickede (Ruhr),POINT (7.86923667061628 51.496112588469565)
C2460,Bergkamen,POINT (7.63072684389436 51.62306474205469)
C2461,Bönen,POINT (7.769638259111941 51.59572353041675)
C2462,Fröndenberg/Ruhr,POINT (7.760432551822385 51.49299277794255)
C2463,Holzwickede,POINT (7.631399978781082 51.48889180416627)
C2464,Kamen,POINT (7.665718626482178 51.582166901797926)
C2465,Lünen,POINT (7.507892433978184 51.61102959308152)
C2466,Schwerte,POINT (7.576672089481407 51.430218198856274)
C2467,Selm,POINT (7.485691961629662 51.68379709250751)
C2468,Unna,POINT (7.7288129787737985 51.538589223322994)
C2469,Werne,POINT (7.626183070050279 51.67838201186633)
C2470,Darmstadt,POINT (8.665106438220427 49.88174388028663)
C2471,Frankfurt am Main,POINT (8.644430100890292 50.11731834619922)
C2472,Offenbach am Main,POINT (8.781464716109651 50.09125321981246)
C2473,Wiesbaden,POINT (8.260494984197749 50.07929334602375)
C2474,Abtsteinach,POINT (8.787175004359668 49.53963620064036)
C2475,Bensheim,POINT (8.623418731714862 49.69292410091141)
C2476,Biblis,POINT (8.425720375487142 49.68791561801782)
C2477,Birkenau,POINT (8.723646186209745 49.565405755203415)
C2478,Bürstadt,POINT (8.471638259856896 49.64235339598707)
C2479,Einhausen,POINT (8.528815290183815 49.68042880907514)
C2480,Fürth,POINT (8.790557198352898 49.655673837305166)
C2481,Gorxheimertal,POINT (8.740600261975155 49.53231223801241)
C2482,Grasellenbach,POINT (8.843069152148988 49.62594795207495)
C2483,Groß-Rohrheim,POINT (8.477918944033902 49.71451548655695)
C2484,Heppenheim (Bergstraße),POINT (8.662301293680457 49.64396204867182)
C2485,Hirschhorn (Neckar),POINT (8.888730619973357 49.459132226448126)
C2486,Lampertheim,POINT (8.468984462344125 49.61673562738781)
C2487,Lautertal (Odenwald),POINT (8.70936928244334 49.71640874259048)
C2488,Lindenfels,POINT (8.767529317315745 49.697295052961884)
C2489,Lorsch,POINT (8.563012939195337 49.64148276267416)
C2490,Mörlenbach,POINT (8.740745839146086 49.594358686181316)
C2491,Neckarsteinach,POINT (8.841543138832153 49.419678676998394)
C2492,Rimbach,POINT (8.76583113156867 49.619653146408766)
C2493,Viernheim,POINT (8.564158602548465 49.558494227542646)
C2494,Wald-Michelbach,POINT (8.846133273052347 49.55341806787455)
C2495,Zwingenberg,POINT (8.594563089012885 49.72297523666829)
C2496,Michelbuch,POINT (8.86955853814959 49.430389711846644)
C2497,Alsbach-Hähnlein,POINT (8.591178275548518 49.74156750682156)
C2498,Babenhausen,POINT (8.949884069025504 49.95709935224949)
C2499,Bickenbach,POINT (8.598786176429593 49.7608176910033)
C2500,Dieburg,POINT (8.821146682550536 49.90596010504104)
C2501,Eppertshausen,POINT (8.82853968227561 49.948257704629015)
C2502,Erzhausen,POINT (8.631873499246547 49.95341680993396)
C2503,Fischbachtal,POINT (8.806745052988317 49.758374919168304)
C2504,Griesheim,POINT (8.559217783240864 49.860257508537515)
C2505,Groß-Bieberau,POINT (8.819074273310449 49.78813994456508)
C2506,Groß-Umstadt,POINT (8.94406163224831 49.86876750754163)
C2507,Groß-Zimmern,POINT (8.811697126580542 49.87503912329484)
C2508,Messel,POINT (8.75598073459056 49.929918979358085)
C2509,Modautal,POINT (8.745489796608036 49.7552119148096)
C2510,Mühltal,POINT (8.691985562492485 49.808617330416546)
C2511,Münster (Hessen),POINT (8.844929724416849 49.92667386524179)
C2512,Ober-Ramstadt,POINT (8.749507925882986 49.8171922938802)
C2513,Otzberg,POINT (8.900250756470165 49.823188147003094)
C2514,Pfungstadt,POINT (8.58852703067803 49.80000986452045)
C2515,Reinheim,POINT (8.825378167870069 49.828390816416075)
C2516,Roßdorf,POINT (8.762057799717892 49.868608392712396)
C2517,Schaafheim,POINT (9.0047801163968 49.91045466024322)
C2518,Seeheim-Jugenheim,POINT (8.660027515285442 49.75865877855298)
C2519,Weiterstadt,POINT (8.593329819129181 49.916066494218974)
C2520,Biebesheim am Rhein,POINT (8.455219527602653 49.78321732226452)
C2521,Bischofsheim,POINT (8.362706583057237 49.984813421824185)
C2522,Büttelborn,POINT (8.534601384993914 49.910989559229854)
C2523,Gernsheim,POINT (8.512578772632411 49.7514047133825)
C2524,Ginsheim-Gustavsburg,POINT (8.334679481200872 49.97545433407157)
C2525,Groß-Gerau,POINT (8.477265428700749 49.91102446321725)
C2526,Kelsterbach,POINT (8.51774931618451 50.049288225331736)
C2527,Mörfelden-Walldorf,POINT (8.569980738475156 49.98453592103073)
C2528,Nauheim,POINT (8.468442048829424 49.95123213708966)
C2529,Raunheim,POINT (8.471584564335783 50.014356288679195)
C2530,Riedstadt,POINT (8.467291405189554 49.83767634406659)
C2531,Rüsselsheim am Main,POINT (8.449838897152723 49.982762052070555)
C2532,Stockstadt am Rhein,POINT (8.445472201237482 49.808665685042676)
C2533,Trebur,POINT (8.385702440887245 49.90980040618069)
C2534,Bad Homburg v.d.Höhe,POINT (8.599561118177341 50.235951551842966)
C2535,Friedrichsdorf,POINT (8.633133905203595 50.26320206096718)
C2536,Glashütten,POINT (8.402638869841127 50.21299508274032)
C2537,Grävenwiesbach,POINT (8.45280029245434 50.382174835125895)
C2538,Königstein im Taunus,POINT (8.461844166859771 50.192594959566286)
C2539,Kronberg im Taunus,POINT (8.516261610069192 50.18866126454097)
C2540,Neu-Anspach,POINT (8.505524204526745 50.293496195419934)
C2541,Oberursel (Taunus),POINT (8.554809832130202 50.20921219465402)
C2542,Schmitten im Taunus,POINT (8.44740583809905 50.26622739314638)
C2543,Steinbach (Taunus),POINT (8.570759642941209 50.170839694508764)
C2544,Usingen,POINT (8.531200618618188 50.34772686669859)
C2545,Wehrheim,POINT (8.584457817268007 50.30647229337631)
C2546,Weilrod,POINT (8.392821150043785 50.331125683789196)
C2547,Bad Orb,POINT (9.37055917326858 50.21337790012388)
C2548,Bad Soden-Salmünster,POINT (9.390226660748585 50.29040037083263)
C2549,Biebergemünd,POINT (9.313746424211738 50.17510123332482)
C2550,Birstein,POINT (9.312533888350883 50.38580721531637)
C2551,Brachttal,POINT (9.294621487463703 50.30770582251599)
C2552,Bruchköbel,POINT (8.92855456542163 50.1873680576164)
C2553,Erlensee,POINT (8.982750540713642 50.163681125611404)
C2554,Flörsbachtal,POINT (9.455105899418905 50.11799049264188)
C2555,Freigericht,POINT (9.136680313572997 50.13377510609654)
C2556,Gelnhausen,POINT (9.192891744490286 50.20482416069657)
C2557,Großkrotzenburg,POINT (8.976258718917075 50.085335915187656)
C2558,Gründau,POINT (9.15365249859917 50.236481099471284)
C2559,Hammersbach,POINT (8.98253521930638 50.228908105897524)
C2560,Hanau,POINT (8.934700076320109 50.126570147349696)
C2561,Hasselroth,POINT (9.10413860406367 50.164277139647226)
C2562,Jossgrund,POINT (9.452934252880626 50.16927110806424)
C2563,Langenselbold,POINT (9.046560128961824 50.182987814158636)
C2564,Linsengericht,POINT (9.217013415494618 50.16823802359603)
C2565,Maintal,POINT (8.8355544393958 50.15342777528114)
C2566,Neuberg,POINT (8.98830001502913 50.20003636458782)
C2567,Nidderau,POINT (8.895467284514648 50.244512676777155)
C2568,Niederdorfelden,POINT (8.808397021301065 50.18376224411586)
C2569,Rodenbach,POINT (9.04094680657553 50.13691832778836)
C2570,Ronneburg,POINT (9.047262651627673 50.22464143705031)
C2571,Schlüchtern,POINT (9.554602665309764 50.356093826352215)
C2572,Schöneck,POINT (8.843726190129074 50.207040175258975)
C2573,Sinntal,POINT (9.652796673060958 50.30126891146917)
C2574,Steinau an der Straße,POINT (9.448498459453473 50.34330493579629)
C2575,Wächtersbach,POINT (9.27092942785258 50.27251492158196)
C2576,Gutsbezirk Spessart,POINT (9.483855958945743 50.24937469084191)
C2577,Bad Soden am Taunus,POINT (8.485861464660767 50.152293507692995)
C2578,Eppstein,POINT (8.366843582561668 50.15505732956423)
C2579,Eschborn,POINT (8.567074462057601 50.15071310791224)
C2580,Flörsheim am Main,POINT (8.421381310276342 50.028265959911316)
C2581,Hattersheim am Main,POINT (8.480987603748963 50.05554705267077)
C2582,Hochheim am Main,POINT (8.368483995608894 50.02368573540504)
C2583,Hofheim am Taunus,POINT (8.408875608403195 50.09460312330102)
C2584,Kelkheim (Taunus),POINT (8.433145031224752 50.150936925127546)
C2585,Kriftel,POINT (8.466812660938615 50.08000937333737)
C2586,Liederbach am Taunus,POINT (8.492142714242316 50.1203792908644)
C2587,Schwalbach am Taunus,POINT (8.532825875749884 50.15098636140122)
C2588,Sulzbach (Taunus),POINT (8.53071468374487 50.1308865814964)
C2589,Bad König,POINT (9.011215934618996 49.74140960307974)
C2590,Brensbach,POINT (8.887575921653893 49.76892346829484)
C2591,Breuberg,POINT (9.041822169962398 49.82096493728933)
C2592,Brombachtal,POINT (8.94572683471308 49.73339238302826)
C2593,Erbach,POINT (9.009498119555872 49.63660279353637)
C2594,Fränkisch-Crumbach,POINT (8.842720123034471 49.74389781923358)
C2595,Höchst i.Odw.,POINT (8.976168787226843 49.787110761313144)
C2596,Lützelbach,POINT (9.077845593081063 49.77344225523301)
C2597,Michelstadt,POINT (9.0445061380134 49.69361381008319)
C2598,Mossautal,POINT (8.915745232561196 49.644786339296196)
C2599,Reichelsheim (Odenwald),POINT (8.85692441984121 49.70189919751519)
C2600,Oberzent,POINT (8.98539047515588 49.551343305240835)
C2601,Dietzenbach,POINT (8.784464454602055 50.01116556165628)
C2602,Dreieich,POINT (8.716373777027878 50.01024572400161)
C2603,Egelsbach,POINT (8.655278064881339 49.969844525063834)
C2604,Hainburg,POINT (8.944351047880302 50.06922270877388)
C2605,Heusenstamm,POINT (8.809169558572375 50.0473799834758)
C2606,Langen (Hessen),POINT (8.661755438316689 49.99221140648335)
C2607,Mainhausen,POINT (9.008761466817877 50.010080455528)
C2608,Mühlheim am Main,POINT (8.846835931830608 50.10894828383287)
C2609,Neu-Isenburg,POINT (8.663116711106353 50.04463864511288)
C2610,Obertshausen,POINT (8.861821333053268 50.07207548779089)
C2611,Rodgau,POINT (8.881649921289132 50.012710434763164)
C2612,Rödermark,POINT (8.806385978096523 49.97362590920043)
C2613,Seligenstadt,POINT (8.959741669266458 50.0329356574462)
C2614,Aarbergen,POINT (8.083506716065113 50.24960540361642)
C2615,Bad Schwalbach,POINT (8.045629433776192 50.13457947099475)
C2616,Eltville am Rhein,POINT (8.08170321083438 50.04756392147472)
C2617,Geisenheim,POINT (7.93926983216845 50.032461638497054)
C2618,Heidenrod,POINT (7.9676885677491205 50.171165630884325)
C2619,Hohenstein,POINT (8.100543810318689 50.19614994885192)
C2620,Hünstetten,POINT (8.189943920105547 50.248310788773246)
C2621,Idstein,POINT (8.28803719518775 50.2232046505114)
C2622,Kiedrich,POINT (8.070274949949292 50.05695420003561)
C2623,Lorch,POINT (7.84581693822185 50.07469319115074)
C2624,Niedernhausen,POINT (8.296929391013174 50.16947883991314)
C2625,Oestrich-Winkel,POINT (7.986854481261521 50.046916122412455)
C2626,Rüdesheim am Rhein,POINT (7.891308313272096 50.01923514927987)
C2627,Schlangenbad,POINT (8.04874132021059 50.09785634594077)
C2628,Taunusstein,POINT (8.17190508813972 50.15507836116021)
C2629,Waldems,POINT (8.350138648424439 50.259186676573314)
C2630,Walluf,POINT (8.149905496488643 50.04634750312761)
C2631,Altenstadt,POINT (8.954018217720007 50.288356996027446)
C2632,Bad Nauheim,POINT (8.748999158360109 50.375491191980124)
C2633,Bad Vilbel,POINT (8.748226503576102 50.19138342120346)
C2634,Büdingen,POINT (9.108756800073111 50.29165367206845)
C2635,Butzbach,POINT (8.631144366959116 50.41907617836816)
C2636,Echzell,POINT (8.89614172124828 50.3906274250045)
C2637,Florstadt,POINT (8.902977269534304 50.32285774735914)
C2638,Friedberg (Hessen),POINT (8.750285745756855 50.3272009416939)
C2639,Gedern,POINT (9.213708979991946 50.412393755206274)
C2640,Glauburg,POINT (9.003056836469725 50.321661265156564)
C2641,Hirzenhain,POINT (9.137031988338682 50.40942866880218)
C2642,Karben,POINT (8.767806592934381 50.235582666162934)
C2643,Kefenrod,POINT (9.205653977714725 50.350352969012505)
C2644,Limeshain,POINT (8.991141454338543 50.264155295445335)
C2645,Münzenberg,POINT (8.743511406041561 50.459415407120325)
C2646,Nidda,POINT (9.023443197958763 50.43123648587276)
C2647,Niddatal,POINT (8.835199379250458 50.282661316456746)
C2648,Ober-Mörlen,POINT (8.668306546195582 50.36188310976517)
C2649,Ortenberg,POINT (9.083293235890752 50.35683240736185)
C2650,Ranstadt,POINT (8.985088017674341 50.36415291147255)
C2651,Reichelsheim (Wetterau),POINT (8.860749935645131 50.35359907339281)
C2652,Rockenberg,POINT (8.746477790687702 50.422625537421425)
C2653,Rosbach v.d.Höhe,POINT (8.685709548770635 50.2867413057529)
C2654,Wölfersheim,POINT (8.825279623704992 50.4076980794881)
C2655,Wöllstadt,POINT (8.758125905545105 50.28315017459316)
C2656,Allendorf (Lumda),POINT (8.8229638947878 50.68035759318531)
C2657,Biebertal,POINT (8.575807576499564 50.645914834499514)
C2658,Buseck,POINT (8.790248896118449 50.6174762600061)
C2659,Fernwald,POINT (8.777441206374656 50.5625928907671)
C2660,Gießen,POINT (8.682984458413557 50.57919488491408)
C2661,Grünberg,POINT (8.953877839842514 50.607156610411764)
C2662,Heuchelheim a.d.Lahn,POINT (8.618190955206831 50.58777985653257)
C2663,Hungen,POINT (8.907393453113336 50.47027941853753)
C2664,Langgöns,POINT (8.601757115740073 50.47102191267879)
C2665,Laubach,POINT (9.017386632611217 50.53874574688437)
C2666,Lich,POINT (8.830880106291175 50.51070681869122)
C2667,Linden,POINT (8.668734078263983 50.5326570505541)
C2668,Lollar,POINT (8.694440210387162 50.66622881496137)
C2669,Pohlheim,POINT (8.733859976341437 50.51557239687434)
C2670,Rabenau,POINT (8.889329425902183 50.66811198712602)
C2671,Reiskirchen,POINT (8.858431998979526 50.586376478161526)
C2672,Staufenberg,POINT (8.761836080009095 50.66258650757624)
C2673,Wettenberg,POINT (8.647102601341809 50.645242142934904)
C2674,Aßlar,POINT (8.443036547031562 50.6132733116958)
C2675,Bischoffen,POINT (8.50101426104798 50.71222817478004)
C2676,Braunfels,POINT (8.388088802369046 50.501726212708896)
C2677,Breitscheid,POINT (8.188454502922463 50.68557058264508)
C2678,Dietzhölztal,POINT (8.296478735525037 50.84851531627381)
C2679,Dillenburg,POINT (8.306644377833377 50.74954789053258)
C2680,Driedorf,POINT (8.174257557391929 50.6362958354024)
C2681,Ehringshausen,POINT (8.37713129010827 50.62148530953871)
C2682,Eschenburg,POINT (8.362669897338604 50.81041220812904)
C2683,Greifenstein,POINT (8.257280718825173 50.59497797804155)
C2684,Haiger,POINT (8.208751914679016 50.77775206552527)
C2685,Herborn,POINT (8.285841468899628 50.67903501464337)
C2686,Hohenahr,POINT (8.492424497925935 50.669044692976314)
C2687,Hüttenberg,POINT (8.56465291159948 50.50906903338078)
C2688,Lahnau,POINT (8.566318359012472 50.59045361058406)
C2689,Leun,POINT (8.32988893018424 50.55354493159894)
C2690,Mittenaar,POINT (8.389532370522206 50.686688473537416)
C2691,Schöffengrund,POINT (8.481380743616478 50.48784496394258)
C2692,Siegbach,POINT (8.415899665866416 50.75064722082976)
C2693,Sinn,POINT (8.325251547055593 50.64404380859151)
C2694,Solms,POINT (8.414472519991225 50.55019166326051)
C2695,Waldsolms,POINT (8.491218319476518 50.43499168898442)
C2696,Wetzlar,POINT (8.513837869642163 50.566005980144126)
C2697,Beselich,POINT (8.151021459106019 50.46022779941941)
C2698,Brechen,POINT (8.176794661747316 50.36005459293937)
C2699,Bad Camberg,POINT (8.28738027484458 50.30331494747506)
C2700,Dornburg,POINT (8.022884045027956 50.511492055217964)
C2701,Elbtal,POINT (8.06191195717409 50.504444690369574)
C2702,Elz,POINT (8.010800271336967 50.41807317457373)
C2703,Hadamar,POINT (8.05844333682501 50.45988318573066)
C2704,Hünfelden,POINT (8.151995880152258 50.31833152743563)
C2705,Limburg a.d.Lahn,POINT (8.08059702454134 50.39493465002773)
C2706,Löhnberg,POINT (8.255442736100493 50.538195970984454)
C2707,Mengerskirchen,POINT (8.172595898729538 50.55241609384038)
C2708,Merenberg,POINT (8.190530041867811 50.514047706252214)
C2709,Runkel,POINT (8.160614738731997 50.42036966027814)
C2710,Selters (Taunus),POINT (8.277848749301121 50.35375065933403)
C2711,Villmar,POINT (8.230078219349746 50.39695414441928)
C2712,Waldbrunn (Westerwald),POINT (8.113582970891462 50.51132173711875)
C2713,Weilburg,POINT (8.270614065328465 50.48473232817252)
C2714,Weilmünster,POINT (8.370496320266936 50.423988983524964)
C2715,Weinbach,POINT (8.291953890437561 50.43648427488156)
C2716,Amöneburg,POINT (8.92535479275548 50.773549011397265)
C2717,Angelburg,POINT (8.434297691113375 50.81167517179382)
C2718,Bad Endbach,POINT (8.478602905455075 50.766509683763935)
C2719,Biedenkopf,POINT (8.530506433500369 50.92133836027606)
C2720,Breidenbach,POINT (8.433648663483318 50.876309268584926)
C2721,Cölbe,POINT (8.818333978999668 50.87600947424774)
C2722,Dautphetal,POINT (8.557235318641347 50.84616793667743)
C2723,Ebsdorfergrund,POINT (8.83935522810873 50.7303837386381)
C2724,Fronhausen,POINT (8.711570642774133 50.70392365315472)
C2725,Gladenbach,POINT (8.57852782601654 50.777570552377426)
C2726,Kirchhain,POINT (8.908743833226453 50.83964824222065)
C2727,Lahntal,POINT (8.691485029365683 50.862453209613456)
C2728,Lohra,POINT (8.610803330431718 50.71963349976102)
C2729,Marburg,POINT (8.753573425017377 50.80547861462726)
C2730,Münchhausen,POINT (8.677352395972353 50.956876630461814)
C2731,Neustadt (Hessen),POINT (9.090563534525261 50.872355393069334)
C2732,Rauschenberg,POINT (8.89828375645691 50.91109964274705)
C2733,Stadtallendorf,POINT (9.018631395271326 50.83202602552555)
C2734,Steffenberg,POINT (8.452964837605066 50.83508344533838)
C2735,Weimar (Lahn),POINT (8.697620909471308 50.754289667297385)
C2736,Wetter (Hessen),POINT (8.724119854489723 50.91505693105516)
C2737,Wohratal,POINT (8.928229985389063 50.93359048798671)
C2738,Alsfeld,POINT (9.297967156470529 50.76411799649635)
C2739,Antrifttal,POINT (9.189254706461178 50.795133297014125)
C2740,Feldatal,POINT (9.182024791312983 50.6391824485635)
C2741,Freiensteinau,POINT (9.399059154763123 50.438036687422596)
C2742,Gemünden (Felda),POINT (9.088924257231207 50.685737606426876)
C2743,Grebenau,POINT (9.436162721820807 50.73020501084866)
C2744,Grebenhain,POINT (9.3390286519747 50.49500816609078)
C2745,Herbstein,POINT (9.379963713890351 50.55301039345012)
C2746,Homberg (Ohm),POINT (9.010033531586734 50.72800423225327)
C2747,Kirtorf,POINT (9.114392988408445 50.7774659203772)
C2748,Lauterbach (Hessen),POINT (9.37570003136829 50.64332413372943)
C2749,Lautertal (Vogelsberg),POINT (9.281416119832443 50.590135413014444)
C2750,Mücke,POINT (9.048292419917457 50.62781897739652)
C2751,Romrod,POINT (9.202053857273103 50.700290856688156)
C2752,Schlitz,POINT (9.556004083962426 50.68454049513991)
C2753,Schotten,POINT (9.160251500620284 50.491351277700694)
C2754,Schwalmtal,POINT (9.30381614348366 50.68676133988163)
C2755,Ulrichstein,POINT (9.183290833265549 50.576187195158546)
C2756,Wartenberg,POINT (9.45485737033897 50.621880117208406)
C2757,Kassel,POINT (9.460735686171613 51.311021863227765)
C2758,Bad Salzschlirf,POINT (9.503762018237598 50.63196766766174)
C2759,Burghaun,POINT (9.692065446480058 50.70902759166338)
C2760,Dipperz,POINT (9.813705419680087 50.5339159822317)
C2761,Ebersburg,POINT (9.793299914138391 50.45980068863093)
C2762,Ehrenberg (Rhön),POINT (10.000234723072321 50.506190463683495)
C2763,Eichenzell,POINT (9.717683430974908 50.4697333061592)
C2764,Eiterfeld,POINT (9.815908484045895 50.764417730624785)
C2765,Flieden,POINT (9.550629681110822 50.417113883793036)
C2766,Fulda,POINT (9.652466650482992 50.56321451040959)
C2767,Gersfeld (Rhön),POINT (9.899366783668794 50.445087975420655)
C2768,Großenlüder,POINT (9.546997837384446 50.5740303778275)
C2769,Hilders,POINT (9.978952477270735 50.562344213186485)
C2770,Hofbieber,POINT (9.864987727044134 50.58382685277935)
C2771,Hosenfeld,POINT (9.491358119215382 50.50988053441252)
C2772,Hünfeld,POINT (9.752225357388982 50.66556024848749)
C2773,Kalbach,POINT (9.683206406612168 50.404430713627626)
C2774,Künzell,POINT (9.754639506989465 50.52123117766815)
C2775,Neuhof,POINT (9.57938341811339 50.470567688523296)
C2776,Nüsttal,POINT (9.855608391642257 50.6479244615454)
C2777,Petersberg,POINT (9.738302916713726 50.58256628960755)
C2778,Poppenhausen (Wasserkuppe),POINT (9.886199418379752 50.498862130794194)
C2779,Rasdorf,POINT (9.89716941806869 50.71722421252472)
C2780,Tann (Rhön),POINT (10.009785825880975 50.636645217948384)
C2781,Alheim,POINT (9.65955017558336 51.028757399965215)
C2782,Bad Hersfeld,POINT (9.701261236532154 50.86500956973419)
C2783,Bebra,POINT (9.815202218152562 50.97788818396839)
C2784,Breitenbach a.Herzberg,POINT (9.500626198769117 50.77669279563354)
C2785,Cornberg,POINT (9.832463908627119 51.05387271889161)
C2786,Friedewald,POINT (9.864140403776815 50.8775520057325)
C2787,Hauneck,POINT (9.729304727049364 50.82396607694716)
C2788,Haunetal,POINT (9.672114452775963 50.764073401571935)
C2789,Heringen (Werra),POINT (9.973459627086504 50.89085152780652)
C2790,Hohenroda,POINT (9.924487817578147 50.81244275211628)
C2791,Kirchheim,POINT (9.55306630911896 50.85300163437267)
C2792,Ludwigsau,POINT (9.684182432952696 50.9344497987874)
C2793,Nentershausen,POINT (9.941225957488872 51.008902166639345)
C2794,Neuenstein,POINT (9.568535553434884 50.90772657396555)
C2795,Niederaula,POINT (9.60416052786972 50.80201573606799)
C2796,Philippsthal (Werra),POINT (9.976658361105299 50.84945291436081)
C2797,Ronshausen,POINT (9.875320265889027 50.93897689177997)
C2798,Rotenburg a.d.Fulda,POINT (9.73965644455377 51.01176389348879)
C2799,Schenklengsfeld,POINT (9.823086907399222 50.82630303968546)
C2800,Wildeck,POINT (9.979202382861766 50.95401066940224)
C2801,Ahnatal,POINT (9.398985338713345 51.364716330657)
C2802,Bad Karlshafen,POINT (9.446598054372284 51.62909755658335)
C2803,Baunatal,POINT (9.4096523719069 51.24925891605717)
C2804,Breuna,POINT (9.204980616601484 51.43726658225781)
C2805,Calden,POINT (9.356441119235274 51.410344349189124)
C2806,Bad Emstal,POINT (9.25302513545221 51.24968003196067)
C2807,Espenau,POINT (9.47003035606194 51.393440274288324)
C2808,Fuldabrück,POINT (9.49314382608172 51.24460145922832)
C2809,Fuldatal,POINT (9.53383937689799 51.37839166425956)
C2810,Grebenstein,POINT (9.418651655108826 51.44556645036885)
C2811,Habichtswald,POINT (9.33337402777801 51.32772682935099)
C2812,Helsa,POINT (9.684401664985737 51.245969339396204)
C2813,Hofgeismar,POINT (9.415043131628355 51.50746606863835)
C2814,Immenhausen,POINT (9.495468752227065 51.429665787646904)
C2815,Kaufungen,POINT (9.620545322977904 51.27785065488038)
C2816,Liebenau,POINT (9.291799266643482 51.486310275392526)
C2817,Lohfelden,POINT (9.553368233480235 51.26864673870051)
C2818,Naumburg,POINT (9.185523558062046 51.23076665625363)
C2819,Nieste,POINT (9.664451927136678 51.30862274241033)
C2820,Niestetal,POINT (9.58655353726867 51.315467295144195)
C2821,Reinhardshagen,POINT (9.605107243900624 51.49428151436315)
C2822,Schauenburg,POINT (9.32873947232076 51.28139503199336)
C2823,Söhrewald,POINT (9.582475342911609 51.22282979254554)
C2824,Trendelburg,POINT (9.406400371002384 51.577149071495704)
C2825,Vellmar,POINT (9.466078862848487 51.362819334217214)
C2826,Wolfhagen,POINT (9.17616092020973 51.32508855173939)
C2827,Zierenberg,POINT (9.271662650649366 51.37513657540502)
C2828,Wesertal,POINT (9.604587720464828 51.597098896043676)
C2829,Gutsbezirk Reinhardswald,POINT (9.53634073969356 51.51805403801629)
C2830,Borken (Hessen),POINT (9.276680417523202 51.0488142817757)
C2831,Edermünde,POINT (9.401706770133714 51.21705741215748)
C2832,Felsberg,POINT (9.44837798591371 51.13588273674481)
C2833,Frielendorf,POINT (9.332624341844014 50.95432285361337)
C2834,Fritzlar,POINT (9.261367697654514 51.14343697581452)
C2835,Gilserberg,POINT (9.066105684641311 50.94768162664246)
C2836,Gudensberg,POINT (9.36295461358344 51.181478102975504)
C2837,Guxhagen,POINT (9.504019603163092 51.199900320414834)
C2838,Homberg (Efze),POINT (9.413088174095005 51.010568390549)
C2839,Jesberg,POINT (9.13006466597425 50.99186837049716)
C2840,Knüllwald,POINT (9.512728481066448 50.99569187380627)
C2841,Körle,POINT (9.533606829601982 51.17605936623173)
C2842,Malsfeld,POINT (9.503391466126642 51.081174648954054)
C2843,Melsungen,POINT (9.584570933940611 51.14174718710527)
C2844,Morschen,POINT (9.61136633634684 51.062856468549626)
C2845,Neuental,POINT (9.22080469594909 50.99577203730694)
C2846,Neukirchen,POINT (9.361076758405837 50.87690605950182)
C2847,Niedenstein,POINT (9.307120136620902 51.219321018616505)
C2848,Oberaula,POINT (9.464340029957716 50.85270956909003)
C2849,Ottrau,POINT (9.393001947700657 50.812549690736454)
C2850,Schrecksbach,POINT (9.285962417060519 50.8366872515613)
C2851,Schwalmstadt,POINT (9.198758765364053 50.9223276726168)
C2852,Schwarzenborn,POINT (9.445589892276825 50.90879899365983)
C2853,Spangenberg,POINT (9.693677666539514 51.11768749759092)
C2854,Wabern,POINT (9.355851212215512 51.09372347202014)
C2855,Willingshausen,POINT (9.213878252504779 50.86460219558108)
C2856,Bad Zwesten,POINT (9.165032604400185 51.0487601790437)
C2857,Allendorf (Eder),POINT (8.63112434499254 51.061848174921906)
C2858,Bad Arolsen,POINT (9.025768054520897 51.37026968055918)
C2859,Bad Wildungen,POINT (9.09418203668845 51.095972641027096)
C2860,Battenberg (Eder),POINT (8.60395703213785 51.02035231236958)
C2861,Burgwald,POINT (8.7750321726306 51.01147773466422)
C2862,Diemelsee,POINT (8.782263741283574 51.34785168928905)
C2863,Diemelstadt,POINT (8.994932120703591 51.47480999636335)
C2864,Edertal,POINT (9.075379836862961 51.16331960768519)
C2865,Frankenau,POINT (8.919528680928222 51.10129362561727)
C2866,Frankenberg (Eder),POINT (8.784752670352201 51.07299665680162)
C2867,Gemünden (Wohra),POINT (8.963183889323313 50.97967160030646)
C2868,Haina (Kloster),POINT (8.985682686087841 51.035800597334195)
C2869,Hatzfeld (Eder),POINT (8.55425799078089 50.98624397807417)
C2870,Korbach,POINT (8.842655572558904 51.26620666690561)
C2871,Lichtenfels,POINT (8.791072788667307 51.17002236068372)
C2872,Rosenthal,POINT (8.831987597519957 50.979818487544165)
C2873,Twistetal,POINT (8.948030299918555 51.32740256267843)
C2874,Vöhl,POINT (8.906683645774175 51.17799370035079)
C2875,Volkmarsen,POINT (9.103744066680186 51.410046565896)
C2876,Waldeck,POINT (9.033938711490254 51.246827674850955)
C2877,Willingen (Upland),POINT (8.655887135769994 51.291348883592136)
C2878,Bad Sooden-Allendorf,POINT (9.950035394650275 51.2708360830638)
C2879,Berkatal,POINT (9.914761103867596 51.23687771149405)
C2880,Eschwege,POINT (10.039982570428998 51.179269081144454)
C2881,Großalmerode,POINT (9.801848617808663 51.24592012484225)
C2882,Herleshausen,POINT (10.12742530972334 51.028205541402706)
C2883,Hessisch Lichtenau,POINT (9.745865377428668 51.1951665837014)
C2884,Meinhard,POINT (10.071015239114736 51.21644474813857)
C2885,Meißner,POINT (9.915136666215226 51.20210192464263)
C2886,Neu-Eichenberg,POINT (9.894249297944528 51.38588111743669)
C2887,Ringgau,POINT (10.073393038990282 51.089326866374044)
C2888,Sontra,POINT (9.952336417961114 51.0684931111821)
C2889,Waldkappel,POINT (9.85832313893529 51.134461475612966)
C2890,Wanfried,POINT (10.170460420096786 51.16994386948442)
C2891,Wehretal,POINT (9.995226535681239 51.14644808916982)
C2892,Weißenborn,POINT (10.12672165995986 51.11812413348376)
C2893,Witzenhausen,POINT (9.827722217584391 51.33951108630145)
C2894,Gutsbezirk Kaufunger Wald,POINT (9.737757831379739 51.28577277951383)
C2895,Koblenz,POINT (7.579433948007149 50.34815197457117)
C2896,Bad Neuenahr-Ahrweiler,POINT (7.125221102049225 50.52967324039379)
C2897,Remagen,POINT (7.205248293419806 50.59377072356135)
C2898,Sinzig,POINT (7.225694346963483 50.527756871652834)
C2899,Grafschaft,POINT (7.0826686517754345 50.57300064484287)
C2900,Adenau,POINT (6.954411588957949 50.38047475845312)
C2901,Antweiler,POINT (6.828127013301469 50.405600286005345)
C2902,Aremberg,POINT (6.79726585534991 50.41481071055334)
C2903,Barweiler,POINT (6.870553342035732 50.35741768043284)
C2904,Bauler,POINT (6.870220748420877 50.327176112694865)
C2905,Dankerath,POINT (6.820718934596357 50.33783842055574)
C2906,Dorsel,POINT (6.792592917699996 50.38753467596829)
C2907,Eichenbach,POINT (6.819129136596462 50.428206646980094)
C2908,Fuchshofen,POINT (6.855843005130126 50.42100770543085)
C2909,Harscheid,POINT (6.891700376200242 50.46101402584133)
C2910,Herschbroich,POINT (6.980750975032081 50.36446719913849)
C2911,Hoffeld,POINT (6.8176622568927145 50.370117688188515)
C2912,Honerath,POINT (6.900939578923119 50.38206874126166)
C2913,Hümmel,POINT (6.794391956868448 50.46910162058561)
C2914,Insul,POINT (6.9098584375163 50.43881528226135)
C2915,Kaltenborn,POINT (7.011713205159284 50.4144322726129)
C2916,Kottenborn,POINT (6.904262862936478 50.35108471037396)
C2917,Leimbach,POINT (6.948649447828093 50.40633503041757)
C2918,Meuspath,POINT (6.9684874303872295 50.34071445032993)
C2919,Müllenbach,POINT (6.922212395609443 50.320040084465084)
C2920,Müsch,POINT (6.83086470972866 50.38708981680026)
C2921,Nürburg,POINT (6.948078347022811 50.33972090204441)
C2922,Ohlenhard,POINT (6.767494997121926 50.44351685593004)
C2923,Pomster,POINT (6.848700233805217 50.34712248821171)
C2924,Quiddelbach,POINT (6.936384422633264 50.34893213397577)
C2925,Reifferscheid,POINT (6.887281061731018 50.40749008789868)
C2926,Rodder,POINT (6.860822563002847 50.39185440671726)
C2927,Schuld,POINT (6.882920591962567 50.44732784706467)
C2928,Senscheid,POINT (6.832103029641803 50.328948673201225)
C2929,Sierscheid,POINT (6.9176190426067246 50.45950741795114)
C2930,Trierscheid,POINT (6.815922731753873 50.35064121756834)
C2931,Wershofen,POINT (6.8231701959321835 50.44408657796335)
C2932,Wiesemscheid,POINT (6.8970330233857595 50.33431723473546)
C2933,Wimbach,POINT (6.904669480636524 50.36682564491643)
C2934,Winnerath,POINT (6.8769277274206715 50.42976396283515)
C2935,Wirft,POINT (6.850989551247225 50.37313775784681)
C2936,Dümpelfeld,POINT (6.945601738078268 50.435835717584204)
C2937,Ahrbrück,POINT (6.977498135603744 50.48390101647179)
C2938,Altenahr,POINT (6.9842462500797 50.5187325212187)
C2939,Berg,POINT (6.949625804867379 50.53687139825032)
C2940,Dernau,POINT (7.045565090309868 50.52785845507127)
C2941,Heckenbach,POINT (7.068182262896226 50.4501915813203)
C2942,Hönningen,POINT (6.947470540776255 50.46423191092229)
C2943,Kalenborn,POINT (6.989102575584809 50.55434805845778)
C2944,Kesseling,POINT (7.019289912046657 50.46859661143334)
C2945,Kirchsahr,POINT (6.905139694366809 50.51692351129272)
C2946,Lind,POINT (6.925044753529365 50.49030438925607)
C2947,Mayschoß,POINT (7.018005634875401 50.51980563697358)
C2948,Rech,POINT (7.037452098375737 50.507232833526714)
C2949,Bad Breisig,POINT (7.282189973707779 50.507058718009915)
C2950,Brohl-Lützing,POINT (7.312755363196894 50.47541822757056)
C2951,Gönnersdorf,POINT (7.261632416818912 50.478687245464684)
C2952,Waldorf,POINT (7.226253999004718 50.48168548141483)
C2953,Dedenbach,POINT (7.16015012002716 50.477320697588794)
C2954,Königsfeld,POINT (7.17296390980434 50.49890455462447)
C2955,Niederdürenbach,POINT (7.168185720391901 50.44874992619138)
C2956,Niederzissen,POINT (7.215586703767372 50.45712507530239)
C2957,Oberdürenbach,POINT (7.149401936695312 50.461749975162746)
C2958,Oberzissen,POINT (7.194258586436337 50.45186293065363)
C2959,Schalkenbach,POINT (7.132262954117041 50.48690175550455)
C2960,Brenk,POINT (7.169902135420599 50.43085767344921)
C2961,Burgbrohl,POINT (7.265221941150253 50.457553489251644)
C2962,Galenberg,POINT (7.191577720411306 50.43769048765246)
C2963,Glees,POINT (7.254872197843054 50.41622379105573)
C2964,Hohenleimbach,POINT (7.067017763614361 50.41309850089865)
C2965,Spessart,POINT (7.121212582848109 50.44280087338914)
C2966,Wassenach,POINT (7.2719247739579895 50.43699987254768)
C2967,Wehr,POINT (7.208565579488572 50.42053165268916)
C2968,Weibern,POINT (7.141315866883865 50.40588067101029)
C2969,Kempenich,POINT (7.11737117647127 50.41994335429396)
C2970,Daaden,POINT (7.9735564061601885 50.74190528777312)
C2971,Derschen,POINT (7.999015241890941 50.70552140257971)
C2972,Emmerzhausen,POINT (8.02711414105247 50.71637095417961)
C2973,Friedewald,POINT (7.968275572120163 50.70824016933387)
C2974,Herdorf,POINT (7.948723072109286 50.77726932632321)
C2975,Mauden,POINT (8.005454959100238 50.71592272583014)
C2976,Niederdreisbach,POINT (7.919939215015689 50.74620106388571)
C2977,Nisterberg,POINT (7.9841144197556755 50.68463383142951)
C2978,Schutzbach,POINT (7.904216713416607 50.755223639715574)
C2979,Weitefeld,POINT (7.928790733372741 50.72512527036965)
C2980,Birkenbeul,POINT (7.6253125513043285 50.74430008146058)
C2981,Bitzen,POINT (7.694701735506078 50.79013661914079)
C2982,Breitscheidt,POINT (7.658472401258214 50.7501897837586)
C2983,Bruchertseifen,POINT (7.712060868562517 50.746420816267786)
C2984,Etzbach,POINT (7.694127861531917 50.77454607317767)
C2985,Forst,POINT (7.684684240529318 50.81124599694413)
C2986,Fürthen,POINT (7.672290398508208 50.78161863057678)
C2987,Hamm (Sieg),POINT (7.675361262433867 50.76539656467027)
C2988,Niederirsen,POINT (7.60313646075671 50.7569816322961)
C2989,Pracht,POINT (7.635023723435316 50.76171003471571)
C2990,Roth,POINT (7.707052703487394 50.760724827547264)
C2991,Seelbach bei Hamm (Sieg),POINT (7.683965252949747 50.747257978801656)
C2992,Brachbach,POINT (7.942967945427148 50.8139287264702)
C2993,Friesenhagen,POINT (7.791832228456014 50.893935470484344)
C2994,Harbach,POINT (7.838027695354218 50.86973856949892)
C2995,Kirchen (Sieg),POINT (7.8770040484525525 50.821326094196976)
C2996,Mudersbach,POINT (7.949764651442283 50.83364956037007)
C2997,Niederfischbach,POINT (7.876003179231884 50.852583533800754)
C2998,Birken-Honigsessen,POINT (7.744224751897567 50.82675248611444)
C2999,Mittelhof,POINT (7.795775804801029 50.78532063656515)
C3000,Hövels,POINT (7.7799318736348795 50.79828637835988)
C3001,Katzwinkel (Sieg),POINT (7.8008453840685705 50.8225376306216)
C3002,Selbach (Sieg),POINT (7.771725352213297 50.74667170418064)
C3003,Wissen,POINT (7.748153336862559 50.7776368761108)
C3004,Alsdorf,POINT (7.886357610116335 50.76741355950261)
C3005,Betzdorf,POINT (7.861012915280141 50.78341950828028)
C3006,Dickendorf,POINT (7.853791607181297 50.7347432211663)
C3007,Elben,POINT (7.834100971754469 50.75560972673243)
C3008,Elkenroth,POINT (7.884742514135479 50.728119570287916)
C3009,Fensdorf,POINT (7.784415243518795 50.74079787185787)
C3010,Gebhardshain,POINT (7.8117247032295625 50.744706869408176)
C3011,Grünebach,POINT (7.906922075193513 50.77721303156139)
C3012,Kausen,POINT (7.876572224475138 50.744183297333436)
C3013,Malberg,POINT (7.820452697208246 50.71717457121142)
C3014,Molzhain,POINT (7.859173302010007 50.75072032180135)
C3015,Nauroth,POINT (7.871304053329012 50.696919870471504)
C3016,Rosenheim (Landkreis Altenkirchen),POINT (7.851791122534987 50.71590452214276)
C3017,Scheuerfeld,POINT (7.844609441681047 50.7834671230678)
C3018,Steinebach/Sieg,POINT (7.830633279566011 50.73346910400048)
C3019,Steineroth,POINT (7.85714843658108 50.759492643346626)
C3020,Wallmenroth,POINT (7.837082924321536 50.79943841548633)
C3021,Almersbach,POINT (7.627210151943397 50.6747510518891)
C3022,Bachenberg,POINT (7.647204674338026 50.718732546000645)
C3023,Berzhausen,POINT (7.569491439001919 50.65584493694207)
C3024,Birnbach,POINT (7.582069671343839 50.70641615599825)
C3025,Bürdenbach,POINT (7.5276498823074 50.611910884155925)
C3026,Burglahr,POINT (7.4991167845170965 50.61365218698788)
C3027,Busenhausen,POINT (7.634795691470842 50.722147333307035)
C3028,Eichelhardt,POINT (7.6977637084455175 50.71745834360186)
C3029,Eichen,POINT (7.5354265667611084 50.63254184389648)
C3030,Ersfeld,POINT (7.514920450914038 50.6955538606867)
C3031,Eulenberg,POINT (7.474133588353778 50.602110590280205)
C3032,Fiersbach,POINT (7.4916903978203555 50.69906208063847)
C3033,Flammersfeld,POINT (7.5248608496763065 50.65007946076787)
C3034,Fluterschen,POINT (7.632268928159937 50.6644295304892)
C3035,Forstmehren,POINT (7.533712961235208 50.701750675012484)
C3036,Gieleroth,POINT (7.672598158787138 50.66618897812584)
C3037,Giershausen,POINT (7.5453828365617825 50.68112256732703)
C3038,Güllesheim,POINT (7.530319611195778 50.60227243290117)
C3039,Hasselbach,POINT (7.514301030929435 50.717480891288716)
C3040,Helmenzen,POINT (7.612455866094432 50.69694744082383)
C3041,Helmeroth,POINT (7.73098767071389 50.73813604281566)
C3042,Hemmelzen,POINT (7.580358268586274 50.69177943727881)
C3043,Heupelzen,POINT (7.618210156053442 50.72348837770309)
C3044,Hilgenroth,POINT (7.656056758139204 50.735607902238975)
C3045,Hirz-Maulsbach,POINT (7.479654427406306 50.684530562713476)
C3046,Horhausen (Westerwald),POINT (7.5231148443575595 50.58726981297171)
C3047,Idelberg,POINT (7.722477686166826 50.720411555896064)
C3048,Ingelbach,POINT (7.709712279901428 50.68440423611469)
C3049,Isert,POINT (7.70754070782543 50.72860152803245)
C3050,Kescheid,POINT (7.496175240877234 50.66134906728793)
C3051,Kettenhausen,POINT (7.62409907560306 50.70806368115527)
C3052,Kircheib,POINT (7.460863565521968 50.70596441959421)
C3053,Kraam,POINT (7.539512827528514 50.69210223923426)
C3054,Krunkel,POINT (7.500775175147709 50.57842382128594)
C3055,Mammelzen,POINT (7.673537674318597 50.70405068597461)
C3056,Mehren,POINT (7.511305670762306 50.682569640199496)
C3057,Michelbach (Westerwald),POINT (7.6783609840360185 50.68120888332916)
C3058,Niedersteinebach,POINT (7.5047866983817135 50.599264349237714)
C3059,Obererbach (Westerwald),POINT (7.663021475940363 50.71886370536126)
C3060,Oberirsen,POINT (7.574410545916809 50.72834938584942)
C3061,Oberlahr,POINT (7.513646281388991 50.61959700136297)
C3062,Obersteinebach,POINT (7.487625739391063 50.59051909221664)
C3063,Oberwambach,POINT (7.655505982745331 50.65591056994034)
C3064,Ölsen,POINT (7.603605823223588 50.737497895307534)
C3065,Orfgen,POINT (7.526940564569442 50.667273642468984)
C3066,Peterslahr,POINT (7.482582061115049 50.60805256375365)
C3067,Pleckhausen,POINT (7.54589051449629 50.59713695273417)
C3068,Racksen,POINT (7.694746169726487 50.73558516215094)
C3069,Reiferscheid,POINT (7.545091645373055 50.65442650655161)
C3070,Rettersen,POINT (7.5015317183139025 50.70869954523579)
C3071,Rott,POINT (7.491705317574847 50.632223307686196)
C3072,Schöneberg,POINT (7.605667499749717 50.66182194963177)
C3073,Schürdt,POINT (7.552109739014029 50.66852873918743)
C3074,Seelbach (Westerwald),POINT (7.564248335088617 50.64387390801299)
C3075,Seifen,POINT (7.5655023329096425 50.62689892877856)
C3076,Sörth,POINT (7.687883269502352 50.69810629009464)
C3077,Stürzelbach,POINT (7.614107538012033 50.652027286993814)
C3078,Volkerzen,POINT (7.680198625945899 50.72608763979416)
C3079,Walterschen,POINT (7.564903672132572 50.68288872582603)
C3080,Werkhausen,POINT (7.537182821077631 50.72888293006834)
C3081,Weyerbusch,POINT (7.5570632945286205 50.706443976876834)
C3082,Willroth,POINT (7.528026283594555 50.57193612462108)
C3083,Wölmersen,POINT (7.601405365081965 50.7135029368038)
C3084,Ziegenhain,POINT (7.529812246883239 50.67835088258389)
C3085,Berod bei Hachenburg,POINT (7.692714698363699 50.64378072259275)
C3086,Altenkirchen (Westerwald),POINT (7.635774722915686 50.68766981023965)
C3087,Neitersen,POINT (7.583635847463782 50.67126556671639)
C3088,Bad Kreuznach,POINT (7.868384928919865 49.837409601004644)
C3089,Altenbamberg,POINT (7.840261511003561 49.78196323634242)
C3090,Biebelsheim,POINT (7.943047725121498 49.870538920861904)
C3091,Feilbingert,POINT (7.789785262728675 49.777506000741255)
C3092,Frei-Laubersheim,POINT (7.895569902359259 49.80101259920114)
C3093,Fürfeld,POINT (7.890596829158248 49.77248814076249)
C3094,Hackenheim,POINT (7.901284893403261 49.82665895007344)
C3095,Hallgarten,POINT (7.781467457635595 49.76113966436298)
C3096,Hochstätten,POINT (7.828337024809407 49.763424617025265)
C3097,Neu-Bamberg,POINT (7.919785160694457 49.787055976819175)
C3098,Pfaffen-Schwabenheim,POINT (7.948295515086023 49.85146581325033)
C3099,Pleitersheim,POINT (7.950510483661914 49.83309369201944)
C3100,Tiefenthal,POINT (7.906780116496055 49.75892769835533)
C3101,Volxheim,POINT (7.9270009991393895 49.8223727387096)
C3102,Allenfeld,POINT (7.674227654579055 49.868062574539806)
C3103,Argenschwang,POINT (7.699298843344476 49.88193055726298)
C3104,Bockenau,POINT (7.67218771645717 49.84215685781383)
C3105,Boos,POINT (7.718222683833004 49.79344987587584)
C3106,Braunweiler,POINT (7.733891196171921 49.870289240852074)
C3107,Burgsponheim,POINT (7.70836690232386 49.83280239499273)
C3108,Dalberg,POINT (7.7295413298839994 49.89236672031327)
C3109,Duchroth,POINT (7.742036541070748 49.77375710574586)
C3110,Gebroth,POINT (7.658379177174433 49.878652106329916)
C3111,Gutenberg,POINT (7.8056531172755825 49.8801719295809)
C3112,Hargesheim,POINT (7.829995528706399 49.86538403571945)
C3113,Hergenfeld,POINT (7.742562568852972 49.912768889272144)
C3114,Hüffelsheim,POINT (7.789100637898092 49.82258643091721)
C3115,Mandel,POINT (7.768971717515511 49.854294926475795)
C3116,Münchwald,POINT (7.678146509176956 49.89723997943027)
C3117,Niederhausen,POINT (7.779851352941302 49.798084172788556)
C3118,Norheim,POINT (7.806605070893763 49.8095432613026)
C3119,Oberhausen an der Nahe,POINT (7.752055930843242 49.78644528465105)
C3120,Oberstreit,POINT (7.698388351340873 49.79864565836054)
C3121,Roxheim,POINT (7.7993132812587165 49.86319269550348)
C3122,Sankt Katharinen,POINT (7.767645888330271 49.868713135239965)
C3123,Schloßböckelheim,POINT (7.74842482907429 49.80989787043966)
C3124,Sommerloch,POINT (7.753412033721583 49.87853167078301)
C3125,Spabrücken,POINT (7.695879541248051 49.91222548363103)
C3126,Spall,POINT (7.650519175110464 49.90552521155207)
C3127,Sponheim,POINT (7.713051076827711 49.85235191494372)
C3128,Traisen,POINT (7.820073157432465 49.82130221949324)
C3129,Waldböckelheim,POINT (7.701078775985519 49.81700410199607)
C3130,Wallhausen,POINT (7.759905901059822 49.88981223080854)
C3131,Weinsheim,POINT (7.764903620440601 49.83448188634006)
C3132,Winterbach,POINT (7.618226197213892 49.89726624323166)
C3133,Rüdesheim,POINT (7.806383751315995 49.84573423011775)
C3134,Bärenbach,POINT (7.44436798364536 49.75078609195986)
C3135,Becherbach bei Kirn,POINT (7.500659632580242 49.732958069873426)
C3136,Brauweiler,POINT (7.49653246394248 49.82821078384058)
C3137,Hahnenbach,POINT (7.415351163499776 49.808936181740734)
C3138,Heimweiler,POINT (7.49228248355416 49.75433253710974)
C3139,Heinzenberg,POINT (7.475762570198194 49.82326543406036)
C3140,Hennweiler,POINT (7.439577236500835 49.829511154062075)
C3141,Hochstetten-Dhaun,POINT (7.498891356168932 49.80055190373424)
C3142,Horbach,POINT (7.515102295523558 49.82614983201329)
C3143,Kirn,POINT (7.454867679425286 49.778852209771905)
C3144,Limbach,POINT (7.538017003163711 49.736055484155685)
C3145,Meckenbach,POINT (7.505491615050025 49.76995715248877)
C3146,Oberhausen bei Kirn,POINT (7.45027425630883 49.80867455699437)
C3147,Otzweiler,POINT (7.5098367636743415 49.71234010637857)
C3148,Simmertal,POINT (7.5246003056371435 49.82300606393044)
C3149,Weitersborn,POINT (7.528122364852643 49.85403071761447)
C3150,Bruschied,POINT (7.406168369810827 49.834943281728656)
C3151,Kellenbach,POINT (7.480503342096649 49.84701257469526)
C3152,Königsau,POINT (7.477533187475476 49.85886459024519)
C3153,Schneppenbach,POINT (7.406262388227375 49.84841933455635)
C3154,Schwarzerden,POINT (7.521747531293032 49.86877266163396)
C3155,Abtweiler,POINT (7.656943332787175 49.74599276304232)
C3156,Auen,POINT (7.59729326991471 49.83024800015457)
C3157,Bärweiler,POINT (7.5935787164054025 49.74001991420218)
C3158,Becherbach,POINT (7.679205869097268 49.65787907914834)
C3159,Breitenheim,POINT (7.6305063410565115 49.69584347160183)
C3160,Callbach,POINT (7.712915993850709 49.70165206922079)
C3161,Daubach,POINT (7.634584275046231 49.8437603334045)
C3162,Desloch,POINT (7.625688195129579 49.72063876048967)
C3163,Hundsbach,POINT (7.562555884639772 49.72027923608887)
C3164,Ippenschied,POINT (7.622043206520702 49.8670462703643)
C3165,Jeckenbach,POINT (7.600470741309402 49.71429106064038)
C3166,Kirschroth,POINT (7.5751833164427325 49.755942397984334)
C3167,Langenthal,POINT (7.573428907416687 49.83012682756068)
C3168,Lauschied,POINT (7.622993935257766 49.746465161834735)
C3169,Lettweiler,POINT (7.734914401863744 49.73700390976356)
C3170,Löllbach,POINT (7.593676662932211 49.691667595918275)
C3171,Martinstein,POINT (7.541701622282073 49.8027612922909)
C3172,Meddersheim,POINT (7.607137668040491 49.77215447979675)
C3173,Meisenheim,POINT (7.671429327234142 49.71018168836916)
C3174,Merxheim,POINT (7.549451597154472 49.77996419388027)
C3175,Monzingen,POINT (7.593269592105751 49.80966003645615)
C3176,Nußbaum,POINT (7.622847565518658 49.80891535700477)
C3177,Odernheim am Glan,POINT (7.713005228879532 49.759208966481665)
C3178,Raumbach,POINT (7.650695746630907 49.72910968545031)
C3179,Rehbach,POINT (7.637986005885004 49.855477709911185)
C3180,Rehborn,POINT (7.698271657329365 49.729324351299994)
C3181,Reiffelbach,POINT (7.68628846297178 49.68433579550639)
C3182,Schmittweiler,POINT (7.70844013066683 49.68227765373919)
C3183,Schweinschied,POINT (7.564499909350883 49.702168650500234)
C3184,Seesbach,POINT (7.550915307553454 49.84435733528621)
C3185,Staudernheim,POINT (7.682603005120918 49.77370928305389)
C3186,Weiler bei Monzingen,POINT (7.553448782514045 49.815561055946354)
C3187,Winterburg,POINT (7.64948165740613 49.86448680560159)
C3188,Bad Sobernheim,POINT (7.609135676998107 49.83967945812427)
C3189,Bretzenheim,POINT (7.887077437939248 49.8793644782955)
C3190,Daxweiler,POINT (7.734301276580729 49.982086595980846)
C3191,Dörrebach,POINT (7.701642633313583 49.94133884783214)
C3192,Dorsheim,POINT (7.874320902143278 49.92804714276264)
C3193,Eckenroth,POINT (7.7833057635606036 49.92657965421806)
C3194,Guldental,POINT (7.84389910479104 49.89017347606743)
C3195,Langenlonsheim,POINT (7.881946350613893 49.90355728795809)
C3196,Laubenheim,POINT (7.8879464386407205 49.91939978565926)
C3197,Roth,POINT (7.800136890536753 49.94423169247605)
C3198,Rümmelsheim,POINT (7.853720381283024 49.93387625303118)
C3199,Schöneberg,POINT (7.740034556215035 49.928072487688766)
C3200,Schweppenhausen,POINT (7.7942448985493735 49.92244520692505)
C3201,Seibersbach,POINT (7.699500732051726 49.96167324639827)
C3202,Stromberg,POINT (7.769320137036177 49.94282629636388)
C3203,Waldlaubersheim,POINT (7.8253605518115155 49.926422790057096)
C3204,Warmsroth,POINT (7.789801411077032 49.95964467372567)
C3205,Windesheim,POINT (7.798729200212483 49.904593764912065)
C3206,Idar-Oberstein,POINT (7.353125472305824 49.701882320612796)
C3207,Baumholder,POINT (7.368201909581555 49.62446079978542)
C3208,Berglangenbach,POINT (7.261209635021594 49.5993930204506)
C3209,Berschweiler bei Baumholder,POINT (7.294813680819355 49.57222131598683)
C3210,Eckersweiler,POINT (7.292940529229661 49.55952288517177)
C3211,Fohren-Linden,POINT (7.288456311333306 49.59019825123326)
C3212,Frauenberg,POINT (7.291560982397782 49.66700082813506)
C3213,Hahnweiler,POINT (7.222352045384328 49.57172110468697)
C3214,Heimbach,POINT (7.2466777529067885 49.616463410446904)
C3215,Leitzweiler,POINT (7.221562138995535 49.59159696625289)
C3216,Mettweiler,POINT (7.32305225095142 49.578275054841306)
C3217,Reichenbach,POINT (7.278952622501674 49.64328194999796)
C3218,Rohrbach,POINT (7.258430964283659 49.58557116391873)
C3219,Rückweiler,POINT (7.235489278570917 49.58073317086961)
C3220,Ruschberg,POINT (7.290373763291738 49.61886914826587)
C3221,Abentheuer,POINT (7.084643638006825 49.66090817963547)
C3222,Achtelsbach,POINT (7.066204059089381 49.6344676464023)
C3223,Birkenfeld,POINT (7.163406160476491 49.64730288291279)
C3224,Börfink,POINT (7.071389766287882 49.69445496009082)
C3225,Brücken,POINT (7.091835409085886 49.64292434276016)
C3226,Buhlenberg,POINT (7.108285650000678 49.66252993298567)
C3227,Dambach,POINT (7.130233855925858 49.62252382031565)
C3228,Dienstweiler,POINT (7.1908980649385486 49.63716668603955)
C3229,Elchweiler,POINT (7.193815965615495 49.671363097603255)
C3230,Ellenberg,POINT (7.143478866014792 49.661765527930754)
C3231,Ellweiler,POINT (7.13648840945955 49.60824367847137)
C3232,Gimbweiler,POINT (7.19187533577301 49.5879497218869)
C3233,Gollenberg,POINT (7.160695255815679 49.67185723737584)
C3234,Hattgenstein,POINT (7.144435376756281 49.70382403699868)
C3235,Hoppstädten-Weiersbach,POINT (7.198871394263802 49.614037497019694)
C3236,Kronweiler,POINT (7.259356407967753 49.660344664198135)
C3237,Leisel,POINT (7.192736852086075 49.72532703970794)
C3238,Meckenbach,POINT (7.09601352056169 49.61133665109708)
C3239,Niederbrombach,POINT (7.242991055760946 49.67915607432555)
C3240,Niederhambach,POINT (7.2041304994934565 49.68253766398216)
C3241,Nohen,POINT (7.236438366360283 49.64324403458045)
C3242,Oberbrombach,POINT (7.269572253660606 49.69567767747995)
C3243,Oberhambach,POINT (7.1486230455537845 49.690105281534535)
C3244,Rimsberg,POINT (7.221283013368946 49.65727746694456)
C3245,Rinzenberg,POINT (7.118268951572371 49.68191479265101)
C3246,Rötsweiler-Nockenthal,POINT (7.253399353727465 49.71072720703905)
C3247,Schmißberg,POINT (7.203147573349285 49.66361261784092)
C3248,Schwollen,POINT (7.16900370368148 49.713049889387925)
C3249,Siesbach,POINT (7.221112911577505 49.730636537559974)
C3250,Sonnenberg-Winnenberg,POINT (7.275142409989026 49.677339223459896)
C3251,Wilzenberg-Hußweiler,POINT (7.222837420075455 49.70257785783282)
C3252,Allenbach,POINT (7.132523576021944 49.73519165474568)
C3253,Asbach,POINT (7.271739039222237 49.81005880150855)
C3254,Bergen,POINT (7.417621961129987 49.779755380924456)
C3255,Berschweiler bei Kirn,POINT (7.38871311882287 49.76690422676196)
C3256,Bollenbach,POINT (7.355136562960553 49.837912151118054)
C3257,Breitenthal,POINT (7.329823664822494 49.80055141258278)
C3258,Bruchweiler,POINT (7.205442608993516 49.79664789188224)
C3259,Bundenbach,POINT (7.378487876521644 49.84575687327563)
C3260,Dickesbach,POINT (7.415911134310895 49.70951108374247)
C3261,Fischbach,POINT (7.388633395487865 49.749699431861316)
C3262,Gerach,POINT (7.34468533809708 49.75023496540633)
C3263,Gösenroth,POINT (7.328578464942624 49.88704694074219)
C3264,Griebelschied,POINT (7.39759040808056 49.79935412697974)
C3265,Hausen,POINT (7.377334325256643 49.8708891769127)
C3266,Hellertshausen,POINT (7.246376796346684 49.821672058512846)
C3267,Herborn,POINT (7.2871352180812075 49.771138465083254)
C3268,Herrstein,POINT (7.343200141457583 49.78242415071236)
C3269,Hettenrodt,POINT (7.238675897063196 49.74624719348854)
C3270,Hintertiefenbach,POINT (7.353962564001275 49.73802650020544)
C3271,Horbruch,POINT (7.243976316210803 49.8799172459762)
C3272,Hottenbach,POINT (7.282281100547776 49.82908583645721)
C3273,Kempfeld,POINT (7.241637686726942 49.78225431680311)
C3274,Kirschweiler,POINT (7.247705597336806 49.757064093177576)
C3275,Krummenau,POINT (7.271094498963478 49.88622211687109)
C3276,Mackenrodt,POINT (7.253130455780044 49.72729022075717)
C3277,Mittelreidenbach,POINT (7.4332092154994065 49.721820979456254)
C3278,Mörschied,POINT (7.2899472526273295 49.789419836052275)
C3279,Niederhosenbach,POINT (7.36696568784194 49.791639028280755)
C3280,Niederwörresbach,POINT (7.335653281932833 49.76372526294883)
C3281,Oberhosenbach,POINT (7.328933562050323 49.812731938107305)
C3282,Oberkirn,POINT (7.371370725701226 49.885009763379536)
C3283,Oberreidenbach,POINT (7.447851663671852 49.69763495131261)
C3284,Oberwörresbach,POINT (7.3156786540967635 49.77683412616952)
C3285,Rhaunen,POINT (7.334437382017666 49.860098728826195)
C3286,Schauren,POINT (7.222511735393249 49.810453374293466)
C3287,Schmidthachenbach,POINT (7.468314988116484 49.72671775589648)
C3288,Schwerbach,POINT (7.3551105203669715 49.89282139589505)
C3289,Sensweiler,POINT (7.204993339972831 49.76843220373243)
C3290,Sien,POINT (7.504253931253584 49.690909255252855)
C3291,Sienhachenbach,POINT (7.467117234887698 49.68691257035838)
C3292,Sonnschied,POINT (7.388939468949314 49.818891779772365)
C3293,Stipshausen,POINT (7.280527470233005 49.85036203694623)
C3294,Sulzbach,POINT (7.331345377641999 49.83509047426448)
C3295,Veitsrodt,POINT (7.28461704957578 49.76000726661791)
C3296,Vollmersbach,POINT (7.302154828710055 49.74297270016284)
C3297,Weiden,POINT (7.301024678451909 49.804320883442344)
C3298,Weitersbach,POINT (7.291089428852284 49.87185832732224)
C3299,Wickenrodt,POINT (7.3621181406106775 49.81537525451704)
C3300,Wirschweiler,POINT (7.160918953047262 49.77070054297382)
C3301,Langweiler,POINT (7.173253869875228 49.789658923519625)
C3302,Beilstein,POINT (7.240717516443807 50.09932899019219)
C3303,Bremm,POINT (7.1044666531709755 50.09967823090457)
C3304,Briedern,POINT (7.216759263966639 50.10572526424108)
C3305,Bruttig-Fankel,POINT (7.253312446217928 50.1315113505398)
C3306,Cochem,POINT (7.161778148633048 50.14498941142175)
C3307,Dohr,POINT (7.119480506262991 50.12514528078808)
C3308,Ediger-Eller,POINT (7.157331253860912 50.10454266313726)
C3309,Ellenz-Poltersdorf,POINT (7.231426284920204 50.1135414656975)
C3310,Ernst,POINT (7.214207247699416 50.135210380092076)
C3311,Faid,POINT (7.113998204595578 50.15088173803097)
C3312,Greimersburg,POINT (7.1292043654987625 50.18578390477897)
C3313,Klotten,POINT (7.187553915529827 50.17121612721816)
C3314,Lieg,POINT (7.339652036443131 50.13929533619776)
C3315,Lütz,POINT (7.360491046737585 50.159198320441234)
C3316,Mesenich,POINT (7.205751286677562 50.09758074745838)
C3317,Moselkern,POINT (7.363837163295145 50.20225800918023)
C3318,Müden (Mosel),POINT (7.342903851816079 50.18574743531704)
C3319,Nehren,POINT (7.190601752731666 50.08454626918358)
C3320,Pommern,POINT (7.266718627358386 50.17402428382457)
C3321,Senheim,POINT (7.206576414217319 50.078727562548394)
C3322,Treis-Karden,POINT (7.300296668798319 50.16167510208902)
C3323,Valwig,POINT (7.224619867731988 50.152977537555586)
C3324,Wirfus,POINT (7.20532849401903 50.20147225612588)
C3325,Binningen,POINT (7.250157773803585 50.20467066726896)
C3326,Brachtendorf,POINT (7.224967312533177 50.22956688902854)
C3327,Brieden,POINT (7.262990145752493 50.18657276702343)
C3328,Brohl,POINT (7.280787003689522 50.21417974369847)
C3329,Dünfus,POINT (7.2252675753013955 50.21683340119967)
C3330,Düngenheim,POINT (7.1676730030913856 50.26284421599306)
C3331,Eppenberg,POINT (7.069270603109047 50.2458506423888)
C3332,Eulgem,POINT (7.170163913124291 50.24234276470253)
C3333,Forst (Eifel),POINT (7.252968734915501 50.22287211154932)
C3334,Gamlen,POINT (7.198453684556391 50.24652803159119)
C3335,Hambuch,POINT (7.1739711493003355 50.22359549526212)
C3336,Hauroth,POINT (7.101882256241908 50.255942335655554)
C3337,Illerich,POINT (7.173240798301276 50.20266127609998)
C3338,Kaifenheim,POINT (7.22694345822494 50.24909473291528)
C3339,Kail,POINT (7.23476795527571 50.18563082783935)
C3340,Kaisersesch,POINT (7.141659787759369 50.23196857492428)
C3341,Kalenborn,POINT (7.081721181919278 50.26491386702041)
C3342,Landkern,POINT (7.136702938663352 50.20253508404511)
C3343,Laubach,POINT (7.069440866144671 50.23044366147542)
C3344,Masburg,POINT (7.10746382494674 50.23541861137542)
C3345,Möntenich,POINT (7.2978482814680445 50.222488540116174)
C3346,Müllenbach,POINT (7.065294103332 50.21718283843205)
C3347,Roes,POINT (7.26130351956519 50.241707540074216)
C3348,Urmersbach,POINT (7.130263565941578 50.26007117300845)
C3349,Zettingen,POINT (7.200343838627848 50.22343111310518)
C3350,Leienkaul,POINT (7.0894927416456675 50.21225608237448)
C3351,Alflen,POINT (7.042493997643624 50.18124016384596)
C3352,Auderath,POINT (7.00572476381715 50.186999144712985)
C3353,Beuren,POINT (7.066098735034986 50.0849965443012)
C3354,Büchel,POINT (7.083112585345361 50.180049061347894)
C3355,Filz,POINT (6.982156687530932 50.172279980649925)
C3356,Gevenich,POINT (7.072057512009361 50.153545415656396)
C3357,Gillenbeuren,POINT (7.01428195496219 50.15239963027083)
C3358,Kliding,POINT (7.048776344002645 50.10391660476336)
C3359,Lutzerath,POINT (7.011722503357761 50.12033312595141)
C3360,Schmitt,POINT (7.013042025635564 50.16506629226806)
C3361,Ulmen,POINT (7.001561869746884 50.21095822055671)
C3362,Urschmitt,POINT (7.070143328520221 50.120137300789274)
C3363,Wagenhausen,POINT (6.9842585101941586 50.143820217285175)
C3364,Weiler,POINT (7.076300016409747 50.13656000381955)
C3365,Wollmerath,POINT (6.980609916138446 50.15670486033259)
C3366,Bad Bertrich,POINT (7.025304176150564 50.08459878086278)
C3367,Alf,POINT (7.109047114222098 50.06174678861417)
C3368,Altlay,POINT (7.271057289108242 49.9835678551868)
C3369,Altstrimmig,POINT (7.298275918209873 50.09627615167998)
C3370,Blankenrath,POINT (7.303659132773287 50.039625820091715)
C3371,Briedel,POINT (7.190554292261146 49.99386923676241)
C3372,Bullay,POINT (7.145821030979198 50.06037716575125)
C3373,Forst (Hunsrück),POINT (7.321536755479596 50.08333950918055)
C3374,Grenderich,POINT (7.232159341493346 50.05920137813373)
C3375,Haserich,POINT (7.327843475435862 50.035692737374106)
C3376,Hesweiler,POINT (7.279455321847871 50.042531518452975)
C3377,Liesenich,POINT (7.262344642406241 50.078360373351686)
C3378,Mittelstrimmig,POINT (7.285817418372466 50.071305485156735)
C3379,Moritzheim,POINT (7.2512775351530925 50.05615195165987)
C3380,Neef,POINT (7.149164614571351 50.07875509578315)
C3381,Panzweiler,POINT (7.306301181592177 50.0218639695662)
C3382,Peterswald-Löffelscheid,POINT (7.301140998560682 50.006940448422654)
C3383,Pünderich,POINT (7.122113433007026 50.03805591201976)
C3384,Reidenhausen,POINT (7.316443324992939 50.05469028492391)
C3385,Sankt Aldegund,POINT (7.1116260010328185 50.07867401484625)
C3386,Schauren,POINT (7.265925796032059 50.026748722710174)
C3387,Sosberg,POINT (7.334273704201191 50.07530261151449)
C3388,Tellig,POINT (7.252055548180171 50.02740583372344)
C3389,Walhausen,POINT (7.27996295147508 50.023356083643904)
C3390,Zell (Mosel),POINT (7.201928266303561 50.026694243863716)
C3391,Andernach,POINT (7.372099218118769 50.43230183416822)
C3392,Mayen,POINT (7.195719080535418 50.325667045478866)
C3393,Bendorf,POINT (7.594586019269099 50.43654361691763)
C3394,Kretz,POINT (7.365121597144187 50.396642821876135)
C3395,Kruft,POINT (7.325341649055465 50.381325816912224)
C3396,Nickenich,POINT (7.323116601787611 50.41266529964773)
C3397,Plaidt,POINT (7.38355883869578 50.38562905120725)
C3398,Saffig,POINT (7.420120473775945 50.37715973042283)
C3399,Einig,POINT (7.271122365914252 50.28328901967191)
C3400,Gappenach,POINT (7.345927657642401 50.27936123283638)
C3401,Gering,POINT (7.251189052437834 50.27157954882257)
C3402,Gierschnach,POINT (7.34321881276936 50.264620768958665)
C3403,Kalt,POINT (7.393823824085935 50.27044184743564)
C3404,Kerben,POINT (7.368781705154206 50.311614385080325)
C3405,Kollig,POINT (7.267592271703387 50.26330541215046)
C3406,Lonnig,POINT (7.401286144242392 50.31255688853413)
C3407,Mertloch,POINT (7.302006789665457 50.270839912695294)
C3408,Naunheim,POINT (7.311427702856617 50.25271304122075)
C3409,Ochtendung,POINT (7.384858949071265 50.34795718689595)
C3410,Pillig,POINT (7.314128234700106 50.23656340604411)
C3411,Polch,POINT (7.310294111307365 50.30454478534066)
C3412,Rüber,POINT (7.3784765715361464 50.29445881027447)
C3413,Trimbs,POINT (7.2974415365899565 50.33311209616045)
C3414,Welling,POINT (7.3288550835065545 50.3328646592297)
C3415,Wierschem,POINT (7.344807625617797 50.217315327879334)
C3416,Münstermaifeld,POINT (7.3662460584498515 50.24151260497556)
C3417,Acht,POINT (7.070320839138348 50.37337965540812)
C3418,Anschau,POINT (7.089089420401094 50.298460139683094)
C3419,Arft,POINT (7.0734787512965545 50.38948211927353)
C3420,Baar,POINT (7.047809124873269 50.35034258136656)
C3421,Bermel,POINT (7.105067384512017 50.28184128131305)
C3422,Boos,POINT (7.008454181949553 50.30812626526849)
C3423,Ditscheid,POINT (7.063957394312371 50.291349581844614)
C3424,Ettringen,POINT (7.20733168672875 50.36306566424705)
C3425,Hausten,POINT (7.116097981137768 50.39552000199688)
C3426,Herresbach,POINT (7.012502939041111 50.36200374270321)
C3427,Hirten,POINT (7.1122768428684635 50.32827909978911)
C3428,Kehrig,POINT (7.214156066804695 50.273416759936296)
C3429,Kirchwald,POINT (7.145182020041251 50.36993931807765)
C3430,Kottenheim,POINT (7.252286131284385 50.34746515607535)
C3431,Langenfeld,POINT (7.100076903801565 50.36900146171598)
C3432,Langscheid,POINT (7.105701154967168 50.3836439336898)
C3433,Lind,POINT (7.035904529043209 50.326782046096994)
C3434,Luxem,POINT (7.097234871373857 50.32031017678979)
C3435,Monreal,POINT (7.1597578762561 50.28801360088861)
C3436,Münk,POINT (7.038953173593484 50.301764469701496)
C3437,Nachtsheim,POINT (7.065304024354914 50.319033223619044)
C3438,Reudelsterz,POINT (7.1587524734847685 50.3148852001573)
C3439,Sankt Johann,POINT (7.188051676581158 50.35472703503367)
C3440,Siebenbach,POINT (7.037879867283064 50.379019557019916)
C3441,Virneburg,POINT (7.08416538751883 50.34114276664414)
C3442,Weiler,POINT (7.125453960611905 50.3051750996174)
C3443,Welschenbach,POINT (7.071619145494535 50.36267544849187)
C3444,Bell,POINT (7.223139086917238 50.396245175548486)
C3445,Mendig,POINT (7.265868783480023 50.375489163437486)
C3446,Rieden,POINT (7.177209453201884 50.39185637200661)
C3447,Thür,POINT (7.29524094855162 50.351498747598086)
C3448,Volkesfeld,POINT (7.140982284727585 50.38661795668729)
C3449,Niederwerth,POINT (7.599064586547283 50.39774956595688)
C3450,Urbar,POINT (7.633854032949557 50.38037507337263)
C3451,Vallendar,POINT (7.64216004996223 50.40590640292467)
C3452,Weitersburg,POINT (7.622293349594566 50.41875251986145)
C3453,Bassenheim,POINT (7.454453985608538 50.35668739698471)
C3454,Kaltenengers,POINT (7.540935029118056 50.4103085648786)
C3455,Kettig,POINT (7.4557272942045625 50.39338949294114)
C3456,Mülheim-Kärlich,POINT (7.497799535059127 50.38961628949159)
C3457,Sankt Sebastian,POINT (7.556479176696049 50.40573974808368)
C3458,Urmitz,POINT (7.522254809516785 50.40908555837362)
C3459,Weißenthurm,POINT (7.455218729674027 50.41568208335705)
C3460,Alken,POINT (7.467688442483471 50.239768168596974)
C3461,Brey,POINT (7.615918926323664 50.26344039896275)
C3462,Brodenbach,POINT (7.442892510935708 50.2143384988435)
C3463,Burgen,POINT (7.39177919095507 50.198682746439566)
C3464,Dieblich,POINT (7.500861178596614 50.28970736003656)
C3465,Hatzenport,POINT (7.409336509304578 50.228386145874396)
C3466,Kobern-Gondorf,POINT (7.441664985756558 50.31340751309878)
C3467,Löf,POINT (7.4322062139198115 50.242490386567646)
C3468,Macken,POINT (7.401863641145126 50.17598038374656)
C3469,Niederfell,POINT (7.480488732496365 50.27451711346688)
C3470,Nörtershausen,POINT (7.488306399269447 50.22997208906523)
C3471,Oberfell,POINT (7.46676542569855 50.256584017304455)
C3472,Rhens,POINT (7.580206820178933 50.2757166045427)
C3473,Spay,POINT (7.642095275595786 50.25864818709568)
C3474,Waldesch,POINT (7.539960703840746 50.279168199695874)
C3475,Winningen,POINT (7.512787623142013 50.321891220723835)
C3476,Wolken,POINT (7.4738726721895485 50.33738909085063)
C3477,Lehmen,POINT (7.432991855367825 50.271232073512635)
C3478,Neuwied,POINT (7.487497648607078 50.45822490636594)
C3479,Asbach,POINT (7.435379555834267 50.65858637230501)
C3480,Neustadt (Wied),POINT (7.418907494939142 50.610882886906474)
C3481,Windhagen,POINT (7.358186644635664 50.63999523736959)
C3482,Buchholz (Westerwald),POINT (7.398956443911268 50.69604879712518)
C3483,Bad Hönningen,POINT (7.338818513927659 50.5324531382357)
C3484,Hammerstein,POINT (7.365053770139383 50.48429702865728)
C3485,Leutesdorf,POINT (7.386316920561609 50.46683698458479)
C3486,Rheinbrohl,POINT (7.356973007169565 50.50773041874235)
C3487,Dierdorf,POINT (7.653541494495474 50.549275722623086)
C3488,Großmaischeid,POINT (7.633923688005654 50.50058278901609)
C3489,Isenburg,POINT (7.585819246081166 50.47637049905948)
C3490,Kleinmaischeid,POINT (7.606226186147569 50.512624216354)
C3491,Stebach,POINT (7.6614757342076985 50.51245470599799)
C3492,Marienhausen,POINT (7.692159559030104 50.57064845698635)
C3493,Dattenberg,POINT (7.339312690688322 50.56552363445909)
C3494,Leubsdorf,POINT (7.323692138778783 50.55066325561463)
C3495,Linz am Rhein,POINT (7.30396829167934 50.58681304341514)
C3496,Ockenfels,POINT (7.280997771501347 50.580500163277385)
C3497,Sankt Katharinen (Landkreis Neuwied),POINT (7.357010057538072 50.591633799255845)
C3498,Vettelschoß,POINT (7.3365651575347846 50.61628732228701)
C3499,Kasbach-Ohlenberg,POINT (7.271371134117597 50.58822032218185)
C3500,Dernbach,POINT (7.599048667027376 50.54624161506583)
C3501,Döttesfeld,POINT (7.560452462342784 50.61220885626987)
C3502,Dürrholz,POINT (7.5706574014099735 50.58859614786285)
C3503,Hanroth,POINT (7.640960536547429 50.58750519048412)
C3504,Harschbach,POINT (7.595617725269501 50.57447937339817)
C3505,Linkenbach,POINT (7.5496047117129335 50.568668670733544)
C3506,Niederhofen,POINT (7.605044020661172 50.56261686854291)
C3507,Niederwambach,POINT (7.589768279200145 50.63112263484743)
C3508,Oberdreis,POINT (7.670968880156224 50.6284956644326)
C3509,Puderbach,POINT (7.6071559897981835 50.60158607578905)
C3510,Ratzert,POINT (7.609667784093162 50.640359616235386)
C3511,Raubach,POINT (7.627466160244201 50.57412622562873)
C3512,Rodenbach bei Puderbach,POINT (7.638140921277018 50.63884646054719)
C3513,Steimel,POINT (7.62776068575473 50.61974459989673)
C3514,Urbach,POINT (7.569932569038344 50.55257723688607)
C3515,Woldert,POINT (7.6536881112653115 50.604373672864256)
C3516,Bruchhausen,POINT (7.261818636940447 50.6040727266466)
C3517,Erpel,POINT (7.272973702384521 50.606776648041716)
C3518,Rheinbreitbach,POINT (7.247828401979457 50.62231698467583)
C3519,Unkel,POINT (7.2420134291284395 50.607383652074375)
C3520,Anhausen,POINT (7.54239774174441 50.502128132364554)
C3521,Bonefeld,POINT (7.491259201075354 50.527504879942775)
C3522,Breitscheid,POINT (7.447814225376065 50.56959886013724)
C3523,Hausen (Wied),POINT (7.394600757621209 50.53945184268422)
C3524,Datzeroth,POINT (7.424032644854547 50.50292189136657)
C3525,Ehlscheid,POINT (7.458269616563999 50.51239251397108)
C3526,Hardert,POINT (7.523429374450326 50.51661403677626)
C3527,Hümmerich,POINT (7.488171010764863 50.56719377524994)
C3528,Kurtscheid,POINT (7.461378306130492 50.53509937375709)
C3529,Meinborn,POINT (7.564406557244977 50.4900659311781)
C3530,Melsbach,POINT (7.479814970038156 50.49036468542132)
C3531,Niederbreitbach,POINT (7.426857949845293 50.52990054699995)
C3532,Oberhonnefeld-Gierend,POINT (7.514322213473892 50.559529520301524)
C3533,Oberraden,POINT (7.5391892424158105 50.545426002894764)
C3534,Rengsdorf,POINT (7.496169498498441 50.50592397527076)
C3535,Roßbach,POINT (7.407105329824828 50.572733162879416)
C3536,Rüscheid,POINT (7.568265596885308 50.52462692069447)
C3537,Straßenhaus,POINT (7.504390006746524 50.541727767682104)
C3538,Thalhausen,POINT (7.582060491493748 50.507528480134326)
C3539,Waldbreitbach,POINT (7.42144290436133 50.551721202953814)
C3540,Boppard,POINT (7.565918088105349 50.213417880830995)
C3541,Alterkülz,POINT (7.464430871266184 50.03030756171244)
C3542,Bell (Hunsrück),POINT (7.396371727624696 50.041904895499044)
C3543,Beltheim,POINT (7.472672026916666 50.11313132933512)
C3544,Braunshorn,POINT (7.5257725695658815 50.08546793261957)
C3545,Buch,POINT (7.391162762896139 50.07959668144544)
C3546,Gödenroth,POINT (7.49350669888751 50.086061346255505)
C3547,Hasselbach,POINT (7.4387730535834 50.04085186525165)
C3548,Hollnich,POINT (7.485991801488885 50.07162754697277)
C3549,Kastellaun,POINT (7.452719038833063 50.066691740898506)
C3550,Korweiler,POINT (7.415183495284808 50.106991322422395)
C3551,Michelbach,POINT (7.456273272833396 50.016755228020266)
C3552,Roth,POINT (7.461973539675682 50.08195011469393)
C3553,Spesenroth,POINT (7.467241508362832 50.04961026327683)
C3554,Uhler,POINT (7.425245680955536 50.08973620869008)
C3555,Dommershausen,POINT (7.41015411852069 50.140166146149035)
C3556,Mastershausen,POINT (7.350685954752458 50.05650359253335)
C3557,Lahr,POINT (7.35836124693778 50.12207841851608)
C3558,Mörsdorf,POINT (7.336253114818516 50.10760873380531)
C3559,Zilshausen,POINT (7.383919782812288 50.11533701972472)
C3560,Bärenbach,POINT (7.295125061276911 49.952670818801984)
C3561,Belg,POINT (7.311769827227981 49.983675290265275)
C3562,Büchenbeuren,POINT (7.264199937691393 49.92306331565107)
C3563,Dickenschied,POINT (7.422400472439571 49.902844827241985)
C3564,Dill,POINT (7.338222945019544 49.913991888007345)
C3565,Dillendorf,POINT (7.373362074901568 49.92561526451957)
C3566,Gehlweiler,POINT (7.474508527175442 49.88110747800515)
C3567,Gemünden,POINT (7.477718265366892 49.89741136717275)
C3568,Hahn,POINT (7.265811529155277 49.96139228449441)
C3569,Hecken,POINT (7.4000910931665445 49.91435845607398)
C3570,Heinzenbach,POINT (7.412433355740063 49.974445196440435)
C3571,Henau,POINT (7.503220399636014 49.87565450880368)
C3572,Hirschfeld (Hunsrück),POINT (7.230721416920103 49.8990490334721)
C3573,Kappel,POINT (7.359511617809568 50.00236476656525)
C3574,Kirchberg (Hunsrück),POINT (7.405782182130291 49.948202869661394)
C3575,Kludenbach,POINT (7.370594389661947 49.985539207870424)
C3576,Laufersweiler,POINT (7.302398594860104 49.89451447255794)
C3577,Lautzenhausen,POINT (7.271602793917018 49.93946355634707)
C3578,Lindenschied,POINT (7.392056143767337 49.90036806561178)
C3579,Maitzborn,POINT (7.438632248171454 49.93439995494922)
C3580,Metzenhausen,POINT (7.367913228607066 49.96977632958525)
C3581,Nieder Kostenz,POINT (7.362976988796124 49.94423047075934)
C3582,Niedersohren,POINT (7.334069724997286 49.928510968911645)
C3583,Niederweiler,POINT (7.283648169706478 49.90864725723791)
C3584,Ober Kostenz,POINT (7.348572067296984 49.95513040475318)
C3585,Raversbeuren,POINT (7.232804626731609 49.95446814602328)
C3586,Reckershausen,POINT (7.399395307321411 49.994405334457085)
C3587,Rödelhausen,POINT (7.329627437546464 49.988581419304644)
C3588,Rödern,POINT (7.44742075172112 49.94598100461817)
C3589,Rohrbach,POINT (7.4262476498964896 49.88769962298427)
C3590,Schlierschied,POINT (7.445583375355593 49.87031086344261)
C3591,Schwarzen,POINT (7.327843827073411 49.96478551505188)
C3592,Sohren,POINT (7.309223613541504 49.93348682336212)
C3593,Sohrschied,POINT (7.35706641389922 49.904641717647)
C3594,Todenroth,POINT (7.354240430283254 49.977397936256395)
C3595,Unzenberg,POINT (7.441066418991032 49.970105759514524)
C3596,Wahlenau,POINT (7.251083689134885 49.906503986674025)
C3597,Womrath,POINT (7.453477740025307 49.91997014540354)
C3598,Woppenroth,POINT (7.413417799541408 49.86550385213269)
C3599,Würrich,POINT (7.29865948510055 49.97236181273748)
C3600,Altweidelbach,POINT (7.565318547925417 49.99805126006152)
C3601,Argenthal,POINT (7.616615589096386 49.95911195941604)
C3602,Belgweiler,POINT (7.4988423458453175 49.94581485689845)
C3603,Benzweiler,POINT (7.606744549423668 50.02489583183405)
C3604,Bergenhausen,POINT (7.5695026625066735 50.02733482105086)
C3605,Biebern,POINT (7.441853355202213 49.99440689192365)
C3606,Bubach,POINT (7.555376150336608 50.0731787446019)
C3607,Budenbach,POINT (7.566347628326643 50.037987349401696)
C3608,Dichtelbach,POINT (7.700106094570714 50.007070107426216)
C3609,Ellern (Hunsrück),POINT (7.647739547280198 49.98093054783343)
C3610,Erbach,POINT (7.6804470258226285 50.02561756522238)
C3611,Fronhofen,POINT (7.4638615064388905 49.99091185967369)
C3612,Holzbach,POINT (7.529221457179799 49.95354173245966)
C3613,Horn,POINT (7.547726806841819 50.04963441851195)
C3614,Keidelheim,POINT (7.493111126903744 49.98909198149125)
C3615,Kisselbach,POINT (7.6119939861060875 50.05566453368086)
C3616,Klosterkumbd,POINT (7.522510698130823 50.03216431215276)
C3617,Külz (Hunsrück),POINT (7.490323319724671 50.00537733481919)
C3618,Kümbdchen,POINT (7.51755984458875 49.997352229999514)
C3619,Laubach,POINT (7.507971955680857 50.055241484980904)
C3620,Liebshausen,POINT (7.634980774834795 50.03529367114713)
C3621,Mengerschied,POINT (7.516633794203686 49.90715500156382)
C3622,Mörschbach,POINT (7.623086607277755 50.01048362436616)
C3623,Mutterschied,POINT (7.565676420891545 49.98077151333482)
C3624,Nannhausen,POINT (7.473572460292633 49.97398701589455)
C3625,Neuerkirch,POINT (7.495021395793506 50.019694992003025)
C3626,Niederkumbd,POINT (7.533227829730406 50.01437392497719)
C3627,Ohlweiler,POINT (7.501235775832774 49.96332878415231)
C3628,Oppertshausen,POINT (7.474054970682649 49.94711519212004)
C3629,Pleizenhausen,POINT (7.559399077201544 50.014783400066705)
C3630,Ravengiersburg,POINT (7.4846507366414095 49.92900119076188)
C3631,Rayerschied,POINT (7.588011836518906 50.02353879221238)
C3632,Reich,POINT (7.4270558515083005 50.001500808942076)
C3633,Rheinböllen,POINT (7.665795435853237 50.00260770686922)
C3634,Riegenroth,POINT (7.580530661130533 50.06069080634025)
C3635,Riesweiler,POINT (7.576240169434826 49.9407527264809)
C3636,Sargenroth,POINT (7.54269113230396 49.917344363956126)
C3637,Schnorbach,POINT (7.598998397722918 49.991348554629084)
C3638,Schönborn,POINT (7.474636031586697 49.95668525401192)
C3639,Simmern/Hunsrück,POINT (7.532344800251921 49.982707054268374)
C3640,Steinbach,POINT (7.590889082171443 50.04221140715009)
C3641,Tiefenbach,POINT (7.546844307638043 49.93611505447479)
C3642,Wahlbach,POINT (7.59232169070713 50.00451160957537)
C3643,Wüschheim,POINT (7.415509693089039 50.01514699985315)
C3644,Badenhard,POINT (7.623841112734567 50.12147861427269)
C3645,Bickenbach,POINT (7.5225225833461895 50.11842436747802)
C3646,Birkheim,POINT (7.616549942893821 50.114073409374626)
C3647,Damscheid,POINT (7.650215156551348 50.10066459644575)
C3648,Dörth,POINT (7.585245892425454 50.15882152777379)
C3649,Emmelshausen,POINT (7.535193564669672 50.15518662124982)
C3650,Gondershausen,POINT (7.493421670468122 50.15321526185159)
C3651,Halsenbach,POINT (7.563643891341782 50.17547444315996)
C3652,Hausbay,POINT (7.5569980084920045 50.1076015193754)
C3653,Hungenroth,POINT (7.6212053898989005 50.145527795198845)
C3654,Karbach,POINT (7.62110274319445 50.15736245623131)
C3655,Kratzenburg,POINT (7.555922699853187 50.19573130750303)
C3656,Laudert,POINT (7.603213503720908 50.08113564194049)
C3657,Leiningen,POINT (7.569820511375276 50.1374184503246)
C3658,Lingerhahn,POINT (7.568280150242829 50.093514377793504)
C3659,Maisborn,POINT (7.580786386746322 50.08202175626782)
C3660,Mermuth,POINT (7.484264295344069 50.17831860427769)
C3661,Mühlpfad,POINT (7.554034342392756 50.119542145583736)
C3662,Ney,POINT (7.524490898866802 50.185272093864306)
C3663,Niederburg,POINT (7.682590429267452 50.11600767597108)
C3664,Niedert,POINT (7.542660295750584 50.12658229310726)
C3665,Norath,POINT (7.5849727248667165 50.12600907330505)
C3666,Oberwesel,POINT (7.7201017700904675 50.09130950068126)
C3667,Perscheid,POINT (7.671341428555642 50.062023452132586)
C3668,Pfalzfeld,POINT (7.585625973752031 50.11100306660349)
C3669,Sankt Goar,POINT (7.679716370194699 50.14480163256656)
C3670,Schwall,POINT (7.551802442264858 50.14362565262118)
C3671,Thörlingen,POINT (7.525661442121369 50.135503862381796)
C3672,Urbar,POINT (7.717378292042613 50.12859633383186)
C3673,Utzenhain,POINT (7.623051773292146 50.13333441884561)
C3674,Wiebelsheim,POINT (7.641212931831259 50.07790347872709)
C3675,Beulich,POINT (7.451861919482494 50.164576475105655)
C3676,Morshausen,POINT (7.43829029009541 50.19537066389404)
C3677,Lahnstein,POINT (7.66653717051202 50.30574621543938)
C3678,Altendiez,POINT (7.962643816644099 50.3708510484495)
C3679,Aull,POINT (7.994287425688271 50.38750339826593)
C3680,Birlenbach,POINT (8.000080617512074 50.35602223167484)
C3681,Charlottenberg,POINT (7.876885859037964 50.34192191773538)
C3682,Cramberg,POINT (7.946319373660269 50.34004160693429)
C3683,Diez,POINT (8.025609641639315 50.36711995823402)
C3684,Dörnberg,POINT (7.888960916549974 50.32867283440079)
C3685,Eppenrod,POINT (7.922609344603908 50.40080224154101)
C3686,Geilnau,POINT (7.9194164159281035 50.3530545348913)
C3687,Gückingen,POINT (8.00834323853709 50.394579073366195)
C3688,Hambach,POINT (7.976842731140014 50.398954575845835)
C3689,Heistenbach,POINT (7.971466144865069 50.385171189509414)
C3690,Hirschberg,POINT (7.930419679455172 50.3840445804452)
C3691,Holzappel,POINT (7.892723245216956 50.352695570029994)
C3692,Holzheim,POINT (8.037936526612958 50.35076410228089)
C3693,Horhausen,POINT (7.880733112370816 50.35768201514177)
C3694,Isselbach,POINT (7.888801416410229 50.38532957408306)
C3695,Langenscheid,POINT (7.933066685148405 50.3618909650096)
C3696,Laurenburg,POINT (7.912906396362404 50.336244881562514)
C3697,Scheidt,POINT (7.9230148253504 50.33812211176222)
C3698,Steinsberg,POINT (7.950563778481266 50.323906085074704)
C3699,Wasenbach,POINT (7.970231445840324 50.319241967669214)
C3700,Balduinstein,POINT (7.979081316944676 50.34307778276383)
C3701,Berg,POINT (7.8155199365273385 50.257491817017254)
C3702,Bettendorf,POINT (7.8726635976802655 50.23225663107177)
C3703,Bogel,POINT (7.79722080067502 50.1844135208922)
C3704,Buch,POINT (7.88424788889449 50.20699074483613)
C3705,Ehr,POINT (7.78148029123375 50.237958198821026)
C3706,Endlichhofen,POINT (7.821606633323984 50.204864471301065)
C3707,Eschbach,POINT (7.7201542567156825 50.21067288760702)
C3708,Gemmerich,POINT (7.747192396087458 50.22393700386101)
C3709,Himmighofen,POINT (7.76251286956696 50.20858054816319)
C3710,Holzhausen an der Haide,POINT (7.913820081954309 50.217995318079495)
C3711,Hunzel,POINT (7.839744469794732 50.2514370172335)
C3712,Kasdorf,POINT (7.776068425713196 50.20023483752887)
C3713,Kehlbach,POINT (7.754407474331428 50.26158362164845)
C3714,Lautert,POINT (7.850133333165823 50.16589889976535)
C3715,Lipporn,POINT (7.860977169843683 50.13702593143647)
C3716,Marienfels,POINT (7.8039874373531015 50.24203778569651)
C3717,Miehlen,POINT (7.836911174044583 50.22531234655332)
C3718,Nastätten,POINT (7.86927023346167 50.1937957364466)
C3719,Niederbachheim,POINT (7.763949153502209 50.24541660990835)
C3720,Niederwallmenach,POINT (7.812871931516291 50.16493805874712)
C3721,Oberbachheim,POINT (7.743064505725393 50.246261058977844)
C3722,Obertiefenbach,POINT (7.897666917439443 50.24286169206232)
C3723,Oberwallmenach,POINT (7.83856293634031 50.16089164525264)
C3724,Oelsberg,POINT (7.834546554514895 50.19131403246264)
C3725,Hainau,POINT (7.786147395418692 50.22411567713054)
C3726,Rettershain,POINT (7.832998311431418 50.146189886729125)
C3727,Ruppertshofen,POINT (7.803257093621577 50.201637883850786)
C3728,Strüth,POINT (7.88976873592949 50.143820195599005)
C3729,Weidenbach,POINT (7.889051707606479 50.153638448017446)
C3730,Welterod,POINT (7.904486106227156 50.12816042549559)
C3731,Winterwerb,POINT (7.733660677230541 50.23778559848851)
C3732,Diethardt,POINT (7.875523408841709 50.166912233903574)
C3733,Auel,POINT (7.769411337069785 50.16986658605076)
C3734,Bornich,POINT (7.764094729681823 50.13087602216186)
C3735,Dachsenhausen,POINT (7.718172934688429 50.258035839781435)
C3736,Dahlheim,POINT (7.697920711504196 50.21318195649819)
C3737,Dörscheid,POINT (7.780733792802422 50.11119091152566)
C3738,Filsen,POINT (7.5907446191322405 50.24055411295005)
C3739,Kamp-Bornhofen,POINT (7.640855716925132 50.224418878579755)
C3740,Kaub,POINT (7.786462410728559 50.09300731249105)
C3741,Kestert,POINT (7.659805630648596 50.19196437339712)
C3742,Lierschied,POINT (7.750469585845306 50.173509052064055)
C3743,Lykershausen,POINT (7.663198012930368 50.20891280297277)
C3744,Nochern,POINT (7.72861297983854 50.17799198737149)
C3745,Osterspai,POINT (7.664742444446931 50.237507569626786)
C3746,Patersberg,POINT (7.74359593696791 50.155187145145455)
C3747,Prath,POINT (7.685936866643269 50.19030372302103)
C3748,Reichenberg,POINT (7.763018911679308 50.14940404193002)
C3749,Reitzenhain,POINT (7.787555808103318 50.15729201734911)
C3750,Sankt Goarshausen,POINT (7.7070278905871845 50.16424832265514)
C3751,Sauerthal,POINT (7.819872911534082 50.08899661957149)
C3752,Weisel,POINT (7.808516032300272 50.122465533541266)
C3753,Weyer,POINT (7.727613849098804 50.19605462530905)
C3754,Braubach,POINT (7.673727825692609 50.268782020371475)
C3755,Attenhausen,POINT (7.874215549185416 50.29245887667036)
C3756,Bad Ems,POINT (7.724905196695278 50.343935466636204)
C3757,Becheln,POINT (7.712725637256877 50.289077164541546)
C3758,Dausenau,POINT (7.7620119504110106 50.33095739745739)
C3759,Dessighofen,POINT (7.76893453871183 50.263926284830134)
C3760,Dienethal,POINT (7.773937876477789 50.301153044212164)
C3761,Dornholzhausen,POINT (7.78924313928318 50.27667186378687)
C3762,Fachbach,POINT (7.681440337889012 50.338619617484326)
C3763,Frücht,POINT (7.68549859920695 50.31538735807401)
C3764,Geisig,POINT (7.790942447990464 50.25618405111519)
C3765,Hömberg,POINT (7.787910886030449 50.33844652352088)
C3766,Kemmenau,POINT (7.757786986343874 50.354079774284465)
C3767,Lollschied,POINT (7.870498937847995 50.265953169198376)
C3768,Miellen,POINT (7.6587569210550335 50.32241715325954)
C3769,Misselberg,POINT (7.770637968366113 50.30696103288592)
C3770,Nassau,POINT (7.803449735109744 50.31583117685513)
C3771,Nievern,POINT (7.6896146410721915 50.32797275429419)
C3772,Obernhof,POINT (7.853537832589322 50.320619594489855)
C3773,Oberwies,POINT (7.775179863072481 50.28333980874021)
C3774,Pohl,POINT (7.872950359972097 50.25653007049512)
C3775,Schweighausen,POINT (7.757151955225214 50.28425293156371)
C3776,Seelbach,POINT (7.8622768859707675 50.30766305917403)
C3777,Singhofen,POINT (7.833202016398226 50.279995884923125)
C3778,Sulzbach,POINT (7.748894300170687 50.29948455045208)
C3779,Weinähr,POINT (7.845364855352444 50.32890104383721)
C3780,Winden,POINT (7.833009654774898 50.34381524865308)
C3781,Zimmerschied,POINT (7.793366291367383 50.35488735180506)
C3782,Arzbach,POINT (7.76070043116444 50.38135823729151)
C3783,Allendorf,POINT (8.005706803149616 50.27152214418738)
C3784,Berghausen,POINT (8.004108147693866 50.2582478050359)
C3785,Berndroth,POINT (7.969174302986136 50.23356058175722)
C3786,Biebrich,POINT (7.954819963215215 50.30663174623137)
C3787,Bremberg,POINT (7.914208248621723 50.307444256867036)
C3788,Burgschwalbach,POINT (8.086744556448517 50.2778738258522)
C3789,Dörsdorf,POINT (8.00755840372536 50.245800654810516)
C3790,Ebertshausen,POINT (7.984585448307329 50.286449284260826)
C3791,Eisighofen,POINT (8.030531088612886 50.2372397466588)
C3792,Ergeshausen,POINT (7.941061808743472 50.26878346240695)
C3793,Flacht,POINT (8.031312005462919 50.339717973687044)
C3794,Gutenacker,POINT (7.917768428838878 50.32250046128802)
C3795,Hahnstätten,POINT (8.056109422079931 50.301125674232225)
C3796,Herold,POINT (7.937191500179523 50.28079191284385)
C3797,Kaltenholzhausen,POINT (8.106688950859995 50.292151046631346)
C3798,Katzenelnbogen,POINT (7.986594001911181 50.27227599587061)
C3799,Klingelbach,POINT (7.960931077497654 50.278065573103945)
C3800,Kördorf,POINT (7.919999988945864 50.29026500341505)
C3801,Lohrheim,POINT (8.0401138083056 50.31434055855927)
C3802,Mittelfischbach,POINT (7.96009398812908 50.252905604098856)
C3803,Mudershausen,POINT (8.034767448434886 50.28052694239884)
C3804,Netzbach,POINT (8.094040668756621 50.317538478914926)
C3805,Niederneisen,POINT (8.047889525265722 50.334670404766804)
C3806,Niedertiefenbach,POINT (7.907289530695344 50.26033715780964)
C3807,Oberfischbach,POINT (7.936930570053281 50.24860684051177)
C3808,Oberneisen,POINT (8.058767494154358 50.32205720053248)
C3809,Reckenroth,POINT (8.023242913004198 50.224373485647654)
C3810,Rettert,POINT (7.934148971531599 50.23099382212439)
C3811,Roth,POINT (7.893178062113221 50.27028702797694)
C3812,Schiesheim,POINT (8.054861062021844 50.27897409536183)
C3813,Schönborn,POINT (7.992885709207356 50.309652119977564)
C3814,Bad Marienberg (Westerwald),POINT (7.951800863044016 50.6494905428293)
C3815,Bölsberg,POINT (7.918770681297584 50.666713038267666)
C3816,Dreisbach,POINT (7.930525942955887 50.615584726344636)
C3817,Fehl-Ritzhausen,POINT (8.007052025281922 50.64665462149582)
C3818,Großseifen,POINT (7.9691729259061646 50.63421966414695)
C3819,Hahn bei Marienberg,POINT (7.937117713784947 50.62923169406934)
C3820,Hardt,POINT (7.919898996952282 50.634287876608234)
C3821,Hof,POINT (8.012428389940123 50.67384528798314)
C3822,Kirburg,POINT (7.931599323745604 50.67295654868852)
C3823,Langenbach bei Kirburg,POINT (7.945025434454745 50.69829952814934)
C3824,Lautzenbrücken,POINT (7.955173894661939 50.67576685552719)
C3825,Mörlen,POINT (7.893452892768491 50.69119964444105)
C3826,Neunkhausen,POINT (7.910549369552644 50.70297916000896)
C3827,Nisterau,POINT (7.985520839202696 50.66325319854716)
C3828,Nistertal,POINT (7.900372191848694 50.628611804076215)
C3829,Norken,POINT (7.902936647527474 50.67625939419914)
C3830,Stockhausen-Illfurth,POINT (7.983661026016395 50.64524165510159)
C3831,Unnau,POINT (7.904940978108737 50.653722127317685)
C3832,Alpenrod,POINT (7.867199105056548 50.63594054707439)
C3833,Astert,POINT (7.778989013742444 50.69185571467953)
C3834,Atzelgift,POINT (7.833476576461582 50.694055944416036)
C3835,Borod,POINT (7.708157901635518 50.666093207229466)
C3836,Dreifelden,POINT (7.83625456995739 50.59060022423058)
C3837,Gehlert,POINT (7.829776910578341 50.63290808551118)
C3838,Giesenhausen,POINT (7.715137431370405 50.70392857568165)
C3839,Hachenburg,POINT (7.82277249283874 50.65176916021327)
C3840,Hattert,POINT (7.772148970553089 50.658008975048475)
C3841,Heimborn,POINT (7.764823794379388 50.71082260734038)
C3842,Heuzert,POINT (7.76204114108395 50.699336698579835)
C3843,Höchstenbach,POINT (7.749710433716205 50.62667340653079)
C3844,Kroppach,POINT (7.738284562689586 50.69643898152901)
C3845,Kundert,POINT (7.7941336213198795 50.719319602941496)
C3846,Limbach,POINT (7.798207215555526 50.70127441136288)
C3847,Linden,POINT (7.849770876529729 50.6000296274348)
C3848,Lochum,POINT (7.85317439145236 50.611514915717414)
C3849,Luckenbach,POINT (7.838636628104434 50.70125918092993)
C3850,Marzhausen,POINT (7.755058839028258 50.68461209425393)
C3851,Merkelbach,POINT (7.774505510963699 50.641456296732585)
C3852,Mörsbach,POINT (7.767217439995254 50.727220903750585)
C3853,Mudenbach,POINT (7.736094504886841 50.6696103808939)
C3854,Mündersbach,POINT (7.732989040814846 50.60463806159451)
C3855,Müschenbach,POINT (7.7897651177135545 50.679756633524136)
C3856,Nister,POINT (7.851899058483255 50.67739591782981)
C3857,Roßbach,POINT (7.694097709741117 50.609152445882415)
C3858,Steinebach an der Wied,POINT (7.80957436845543 50.60537282802378)
C3859,Stein-Wingert,POINT (7.735204623290292 50.72103667654399)
C3860,Streithausen,POINT (7.81504698353433 50.68609336975863)
C3861,Wahlrod,POINT (7.716098516889013 50.645908157673155)
C3862,Welkenbach,POINT (7.722286559529858 50.62817608162885)
C3863,Wied,POINT (7.764941304732229 50.63437493520803)
C3864,Winkelbach,POINT (7.7290236660678415 50.64153786158181)
C3865,Hilgert,POINT (7.693500339699789 50.456822385114314)
C3866,Hillscheid,POINT (7.705434584686652 50.412817398784625)
C3867,Höhr-Grenzhausen,POINT (7.680317448063485 50.438648630940676)
C3868,Kammerforst,POINT (7.674073336592907 50.4574228610716)
C3869,Boden,POINT (7.856440577792734 50.473855331126664)
C3870,Daubach,POINT (7.840082592804038 50.388060423769275)
C3871,Eitelborn,POINT (7.71520671559143 50.37440500030992)
C3872,Gackenbach,POINT (7.8611816890602935 50.36376975520989)
C3873,Girod,POINT (7.908570815202571 50.44545734948668)
C3874,Görgeshausen,POINT (7.954959800591797 50.40770707701756)
C3875,Großholbach,POINT (7.885202753527456 50.44514013727639)
C3876,Heilberscheid,POINT (7.889644920386547 50.41159388798984)
C3877,Heiligenroth,POINT (7.859588163394264 50.44781464393052)
C3878,Holler,POINT (7.837101891130918 50.414291756046794)
C3879,Horbach,POINT (7.845548089509852 50.374311076565846)
C3880,Hübingen,POINT (7.833893316879079 50.359321586969436)
C3881,Kadenbach,POINT (7.732695116946835 50.39450228291109)
C3882,Montabaur,POINT (7.8054392924775495 50.42759343729923)
C3883,Nentershausen,POINT (7.93635678879699 50.4252034149861)
C3884,Neuhäusel,POINT (7.709869683513624 50.38622647308198)
C3885,Niederelbert,POINT (7.792617065984267 50.402407049928286)
C3886,Niedererbach,POINT (7.9709335921875075 50.426485723580704)
C3887,Nomborn,POINT (7.903343699514941 50.42765064642239)
C3888,Oberelbert,POINT (7.812809032878806 50.38762463409828)
C3889,Ruppach-Goldhausen,POINT (7.883111776144878 50.46344210552038)
C3890,Simmern,POINT (7.676830834917626 50.387418706408795)
C3891,Stahlhofen,POINT (7.862662418352651 50.39463311478656)
C3892,Untershausen,POINT (7.838567896076707 50.40188455790496)
C3893,Welschneudorf,POINT (7.799283699862438 50.37237467134767)
C3894,Alsbach,POINT (7.6795620251935075 50.47118930548015)
C3895,Breitenau,POINT (7.681776082555444 50.49254368222271)
C3896,Caan,POINT (7.61157203348881 50.47624653590832)
C3897,Deesen,POINT (7.698528244454713 50.508237537237314)
C3898,Hundsdorf,POINT (7.706428115327107 50.47233181918088)
C3899,Nauort,POINT (7.628026269845307 50.46280691574549)
C3900,Oberhaid,POINT (7.721405742619113 50.50573844962552)
C3901,Ransbach-Baumbach,POINT (7.7291090775383084 50.46351945404487)
C3902,Sessenbach,POINT (7.643936849551785 50.47756095796155)
C3903,Wirscheid,POINT (7.661809389731349 50.477726951882026)
C3904,Wittgert,POINT (7.713052530897354 50.49276047428704)
C3905,Bretthausen,POINT (8.071284013827844 50.67382689192713)
C3906,Elsoff (Westerwald),POINT (8.116907016704841 50.56785119903681)
C3907,Hellenhahn-Schellenberg,POINT (8.02608078768613 50.60915313878409)
C3908,Homberg,POINT (8.106250935741716 50.64091284368141)
C3909,Hüblingen,POINT (8.080847307087591 50.56870851140875)
C3910,Irmtraut,POINT (8.061671432901566 50.55789155486825)
C3911,Liebenscheid,POINT (8.093018226267468 50.6891083451063)
C3912,Neunkirchen,POINT (8.09616409410211 50.54621555583983)
C3913,Neustadt/Westerwald,POINT (8.037522773028762 50.62555237893578)
C3914,Niederroßbach,POINT (8.033256072101512 50.63983845248884)
C3915,Nister-Möhrendorf,POINT (8.079079349061082 50.65707457328952)
C3916,Oberrod,POINT (8.132615680202905 50.59194855074016)
C3917,Oberroßbach,POINT (8.033362216840706 50.655524259628784)
C3918,Rehe,POINT (8.120997749049705 50.6271492323882)
C3919,Rennerod,POINT (8.072145328691033 50.61531810886473)
C3920,Salzburg,POINT (8.044723266696312 50.66394599915521)
C3921,Seck,POINT (8.037623648352373 50.578071706486156)
C3922,Stein-Neukirch,POINT (8.045035887476732 50.68425253873521)
C3923,Waigandshain,POINT (8.091034741938705 50.644051420808246)
C3924,Waldmühlen,POINT (8.066151400346339 50.583881133878144)
C3925,Westernohe,POINT (8.101049412822105 50.594828085363)
C3926,Willingen,POINT (8.096899063994135 50.665296690306164)
C3927,Zehnhausen bei Rennerod,POINT (8.058570321955651 50.648714124751045)
C3928,Ellenhausen,POINT (7.722091772584487 50.51547076197515)
C3929,Freilingen,POINT (7.834204919322222 50.56576469671843)
C3930,Freirachdorf,POINT (7.71188863640531 50.57770521235567)
C3931,Goddert,POINT (7.743141145772866 50.546630214099345)
C3932,Hartenfels,POINT (7.788326708354294 50.57845507315858)
C3933,Herschbach,POINT (7.749919837951959 50.582194773201664)
C3934,Krümmel,POINT (7.726754600473571 50.536601336925514)
C3935,Marienrachdorf,POINT (7.711790752458203 50.5496503003634)
C3936,Maroth,POINT (7.689350715337303 50.58160036433786)
C3937,Maxsain,POINT (7.795670672631392 50.54488413028519)
C3938,Nordhofen,POINT (7.751777607228757 50.510679068295566)
C3939,Quirnbach,POINT (7.792463702756662 50.51797504339001)
C3940,Rückeroth,POINT (7.750054500572619 50.55761976836758)
C3941,Schenkelberg,POINT (7.781159192903037 50.58923956294952)
C3942,Selters (Westerwald),POINT (7.752060262741462 50.52675223820351)
C3943,Sessenhausen,POINT (7.699430225646746 50.52431351913204)
C3944,Steinen,POINT (7.813938545114573 50.57052760084042)
C3945,Vielbach,POINT (7.775570646435296 50.5054215800132)
C3946,Wölferlingen,POINT (7.860631601793399 50.57080999774343)
C3947,Ewighausen,POINT (7.824286020268073 50.533107921792535)
C3948,Weidenhahn,POINT (7.846186738383129 50.54733184574609)
C3949,Dreikirchen,POINT (7.956082423170777 50.45010266468384)
C3950,Hundsangen,POINT (7.985705219353404 50.45961734991335)
C3951,Obererbach,POINT (7.9711308459068135 50.44257713925265)
C3952,Steinefrenz,POINT (7.9270205859177665 50.45710544279921)
C3953,Weroth,POINT (7.9512759239211155 50.46486523497522)
C3954,Arnshöfen,POINT (7.868796717395837 50.54079512154634)
C3955,Berod bei Wallmerod,POINT (7.934264565864924 50.482201662466494)
C3956,Bilkheim,POINT (7.952463530107146 50.49833388159431)
C3957,Ettinghausen,POINT (7.872676271017709 50.518234717798464)
C3958,Hahn am See,POINT (7.89101604021841 50.52829677031889)
C3959,Herschbach (Oberwesterwald),POINT (7.9276227281530804 50.509401583728106)
C3960,Kuhnhöfen,POINT (7.859420425319462 50.532095135427)
C3961,Meudt,POINT (7.8960038405727655 50.49097257939705)
C3962,Molsberg,POINT (7.972771732150199 50.483038906650194)
C3963,Niederahr,POINT (7.860056895002239 50.49359355193289)
C3964,Oberahr,POINT (7.868887635829689 50.50620187640784)
C3965,Salz,POINT (7.968696137136369 50.507342511397056)
C3966,Wallmerod,POINT (7.950589945118468 50.48562463620511)
C3967,Zehnhausen bei Wallmerod,POINT (7.9185599442500845 50.4767445697647)
C3968,Elbingen,POINT (7.908168315413911 50.531003117733526)
C3969,Mähren,POINT (7.923141650869242 50.52185312801862)
C3970,Ailertchen,POINT (7.946208775380238 50.60065097336119)
C3971,Bellingen,POINT (7.891858428243994 50.58776942690148)
C3972,Berzhahn,POINT (8.004848705421301 50.53687684606838)
C3973,Brandscheid,POINT (7.917638108142289 50.56340266674204)
C3974,Enspel,POINT (7.887089648332386 50.61671054887062)
C3975,Gemünden,POINT (8.01802448207597 50.55629666702939)
C3976,Girkenroth,POINT (7.978408507713143 50.519930199848304)
C3977,Guckheim,POINT (7.94379274039477 50.52980377997525)
C3978,Härtlingen,POINT (7.914956315141674 50.53891035399175)
C3979,Halbs,POINT (7.961823981808852 50.59102228310753)
C3980,Hergenroth,POINT (7.966209426227241 50.58131440437529)
C3981,Höhn,POINT (7.981963637049776 50.61984714830164)
C3982,Kaden,POINT (7.905602339010569 50.550357724519124)
C3983,Kölbingen,POINT (7.935523206586743 50.55265585525979)
C3984,Langenhahn,POINT (7.916547401888305 50.58462707494847)
C3985,Pottum,POINT (8.001965321909132 50.597423947681456)
C3986,Rotenhain,POINT (7.87846928230179 50.601092511014095)
C3987,Rothenbach,POINT (7.889959703654029 50.56021688403971)
C3988,Stahlhofen am Wiesensee,POINT (7.985594649380452 50.588097988380426)
C3989,Stockum-Püschen,POINT (7.9064173825781445 50.606092818336414)
C3990,Weltersburg,POINT (7.965562007029505 50.52635247680811)
C3991,Westerburg,POINT (7.967184108554395 50.5625832252495)
C3992,Willmenrod,POINT (7.9812486906315625 50.54036314040719)
C3993,Winnen,POINT (8.00810890483648 50.57728930126935)
C3994,Bannberscheid,POINT (7.839804884260209 50.46994155499398)
C3995,Dernbach (Westerwald),POINT (7.77515606997462 50.44954204164722)
C3996,Ebernhahn,POINT (7.762080833622845 50.466325514663914)
C3997,Helferskirchen,POINT (7.81119191069685 50.51345143301145)
C3998,Leuterod,POINT (7.806805458834717 50.492820414921674)
C3999,Mogendorf,POINT (7.749770868639404 50.49075216643643)
C4000,Moschheim,POINT (7.838836659346085 50.48382587221798)
C4001,Ötzingen,POINT (7.83797078918117 50.50896100963459)
C4002,Siershahn,POINT (7.7737284233078014 50.48467361611553)
C4003,Staudt,POINT (7.8306500786019235 50.4613557716228)
C4004,Wirges,POINT (7.789897234369623 50.467520466448605)
C4005,Niedersayn,POINT (7.839424678627832 50.52846668104421)
C4006,Trier,POINT (6.6556040148229165 49.76275056545584)
C4007,Wittlich,POINT (6.910368331264308 49.989284265471206)
C4008,Morbach,POINT (7.110977345277737 49.815022753551744)
C4009,Bernkastel-Kues,POINT (7.051144221942398 49.92290827883383)
C4010,Brauneberg,POINT (6.995904482171524 49.88268401702478)
C4011,Burgen,POINT (7.007461226920066 49.87159094890232)
C4012,Erden,POINT (7.026309420027895 49.977113905006384)
C4013,Gornhausen,POINT (7.045429462446341 49.85163431180059)
C4014,Graach an der Mosel,POINT (7.08012787668634 49.93463993780554)
C4015,Hochscheid,POINT (7.225382602248684 49.860088394697684)
C4016,Kesten,POINT (6.946826076965828 49.89924097211365)
C4017,Kleinich,POINT (7.1768386792211665 49.89060933302661)
C4018,Kommen,POINT (7.138337527160348 49.873702502581324)
C4019,Lieser,POINT (7.022318528545216 49.925949520974726)
C4020,Lösnich,POINT (7.0454379557170475 49.96764152333184)
C4021,Longkamp,POINT (7.122274829167409 49.88904864113598)
C4022,Maring-Noviand,POINT (6.981878203212961 49.93277905235674)
C4023,Minheim,POINT (6.925709605842945 49.88536053718384)
C4024,Monzelfeld,POINT (7.083051454828664 49.88165789846223)
C4025,Mülheim an der Mosel,POINT (7.023640239265994 49.9037226433819)
C4026,Neumagen-Dhron,POINT (6.909771123414173 49.84895965842059)
C4027,Piesport,POINT (6.932084503029048 49.86421546571627)
C4028,Ürzig,POINT (7.002899422575728 49.98885071127578)
C4029,Veldenz,POINT (7.042970832519976 49.874898543392945)
C4030,Wintrich,POINT (6.980665326669557 49.86115251564357)
C4031,Zeltingen-Rachtig,POINT (6.997767592912886 49.969345895756604)
C4032,Berglicht,POINT (6.9616390353654864 49.78670456002082)
C4033,Burtscheid,POINT (6.961759225031451 49.73353440746635)
C4034,Deuselbach,POINT (7.0526264165176045 49.75542538003977)
C4035,Dhronecken,POINT (6.978572289365813 49.72984174785898)
C4036,Etgert,POINT (7.019399513607379 49.78328021892048)
C4037,Gielert,POINT (6.997777223101469 49.77795584557023)
C4038,Gräfendhron,POINT (6.9863129863185955 49.795385911654876)
C4039,Hilscheid,POINT (7.045177678020204 49.72741781907266)
C4040,Horath,POINT (6.977521134097129 49.81976106771352)
C4041,Immert,POINT (7.025657105561884 49.767494725808405)
C4042,Lückenburg,POINT (6.966747342018762 49.74637044534811)
C4043,Malborn,POINT (7.007023210446717 49.70134254640767)
C4044,Merschbach,POINT (7.008020479337314 49.80769041067979)
C4045,Neunkirchen,POINT (6.939441726005738 49.74533093359938)
C4046,Rorodt,POINT (7.048300095602586 49.77136418029958)
C4047,Schönberg,POINT (6.926636543066781 49.759739895675914)
C4048,Talling,POINT (6.956804890243024 49.760973943377174)
C4049,Thalfang,POINT (7.016663440732408 49.75122082443644)
C4050,Breit,POINT (6.9145180269314315 49.77134300674029)
C4051,Büdlich,POINT (6.903888576584011 49.78111050133393)
C4052,Heidenburg,POINT (6.929547307334021 49.79570920724582)
C4053,Altrich,POINT (6.898791336564449 49.94816509915841)
C4054,Arenrath,POINT (6.747795703715771 49.95529536770386)
C4055,Bergweiler,POINT (6.8185527608652645 49.973277063344234)
C4056,Bettenfeld,POINT (6.765769481677829 50.07414382993895)
C4057,Binsfeld,POINT (6.71185041468093 49.96240593764232)
C4058,Bruch,POINT (6.783070416898681 49.96123191444199)
C4059,Dierfeld,POINT (6.894288322978457 50.08315460239765)
C4060,Dierscheid,POINT (6.761835261209948 49.89938515822152)
C4061,Dodenburg,POINT (6.778954978001516 49.920418652193504)
C4062,Dreis,POINT (6.825243800925723 49.945666278500454)
C4063,Eckfeld,POINT (6.841830835266488 50.11304159467604)
C4064,Eisenschmitt,POINT (6.728174065193256 50.05270563885827)
C4065,Esch,POINT (6.851062849005587 49.89849497269404)
C4066,Gipperath,POINT (6.859787761607053 50.04419584277993)
C4067,Gladbach,POINT (6.780118018136426 49.93557390165662)
C4068,Greimerath,POINT (6.904960159312924 50.036411490086365)
C4069,Großlittgen,POINT (6.789829513920336 50.029005564085864)
C4070,Hasborn,POINT (6.914510794832293 50.05486968419571)
C4071,Heckenmünster,POINT (6.789834915885958 49.90477237645093)
C4072,Heidweiler,POINT (6.737501351048905 49.90338497840834)
C4073,Hetzerath,POINT (6.800756293188713 49.87745152215104)
C4074,Hupperath,POINT (6.827039053183615 49.99521017757862)
C4075,Karl,POINT (6.792055897183736 50.05149776585148)
C4076,Klausen,POINT (6.881416349491928 49.905536155346134)
C4077,Laufeld,POINT (6.853856885318194 50.07882009349596)
C4078,Manderscheid,POINT (6.8052058814656835 50.09390230346641)
C4079,Meerfeld,POINT (6.7428301480133 50.09334129980953)
C4080,Minderlittgen,POINT (6.838983829422527 50.01050426226687)
C4081,Musweiler,POINT (6.803570395004011 50.00772000557145)
C4082,Niederöfflingen,POINT (6.886507604013415 50.060976546468126)
C4083,Niederscheidweiler,POINT (6.950054537291172 50.058184067693354)
C4084,Oberöfflingen,POINT (6.844537401968994 50.06188854868153)
C4085,Oberscheidweiler,POINT (6.932036800317627 50.07388592459622)
C4086,Osann-Monzel,POINT (6.934563869677618 49.91808003730722)
C4087,Pantenburg,POINT (6.835881579778927 50.08884832166579)
C4088,Platten,POINT (6.947793156980272 49.95050810987285)
C4089,Plein,POINT (6.871373425699071 50.02473960726797)
C4090,Rivenich,POINT (6.852191116297937 49.87842751041019)
C4091,Salmtal,POINT (6.844193152986218 49.92855441954378)
C4092,Schladt,POINT (6.834116965257814 50.03991152019935)
C4093,Schwarzenborn,POINT (6.7204602024980735 50.03263335274523)
C4094,Sehlem,POINT (6.8295948645009 49.903715951233245)
C4095,Wallscheid,POINT (6.879500174212093 50.09609782409863)
C4096,Landscheid,POINT (6.750355497716698 49.998876975614756)
C4097,Niersbach,POINT (6.735305767480961 49.93184606713725)
C4098,Bausendorf,POINT (6.983209717672752 50.02243639547364)
C4099,Bengel,POINT (7.051476768785991 50.037541166971)
C4100,Burg (Mosel),POINT (7.12696314667951 50.00480280441139)
C4101,Diefenbach,POINT (6.949943905912564 50.03615588583775)
C4102,Enkirch,POINT (7.165228541570013 49.97005194950474)
C4103,Flußbach,POINT (6.928308246476391 50.02008368381731)
C4104,Hontheim,POINT (6.9960675126586205 50.06382776855854)
C4105,Kinderbeuern,POINT (7.027870936320982 50.01039392067626)
C4106,Kinheim,POINT (7.047824225807806 49.984561850386015)
C4107,Kröv,POINT (7.084205076712336 49.9915712303149)
C4108,Reil,POINT (7.098386792802255 50.02558245203848)
C4109,Starkenburg,POINT (7.143493019459664 49.951007386519365)
C4110,Traben-Trarbach,POINT (7.1164355804481465 49.94592266355944)
C4111,Willwerscheid,POINT (6.932931786832296 50.03710321921509)
C4112,Lötzbeuren,POINT (7.223179984297242 49.93495543570289)
C4113,Irmenach,POINT (7.185246578382621 49.92183804516441)
C4114,Bitburg,POINT (6.533576579251509 49.974086872074366)
C4115,Arzfeld,POINT (6.272119733993314 50.08665409795754)
C4116,Dackscheid,POINT (6.394352214801309 50.11833330405808)
C4117,Dahnen,POINT (6.1454116641767955 50.087202185805)
C4118,Daleiden,POINT (6.183299328573947 50.054706454154726)
C4119,Dasburg,POINT (6.139778205569126 50.053937801453706)
C4120,Eilscheid,POINT (6.3905945348834745 50.13193722353887)
C4121,Eschfeld,POINT (6.195032758624868 50.10781786909547)
C4122,Euscheid,POINT (6.3009765403967295 50.13693817818457)
C4123,Großkampenberg,POINT (6.2047531884962375 50.16297449150629)
C4124,Hargarten,POINT (6.4093097392102525 50.09995658327862)
C4125,Harspelt,POINT (6.1694565186757675 50.137847512928985)
C4126,Herzfeld,POINT (6.206402828931882 50.13082540605276)
C4127,Irrhausen,POINT (6.222526871757339 50.081302449703145)
C4128,Jucken,POINT (6.229677016371707 50.047933939487756)
C4129,Kesfeld,POINT (6.237053577398476 50.15487789429977)
C4130,Kickeshausen,POINT (6.244445335478707 50.06717894668383)
C4131,Kinzenburg,POINT (6.336232192161071 50.11896386416804)
C4132,Krautscheid,POINT (6.339670679683617 50.06664114368636)
C4133,Lambertsberg,POINT (6.395165302664148 50.08796639219221)
C4134,Lascheid,POINT (6.407830197271878 50.10910392164995)
C4135,Lauperath,POINT (6.334311469787594 50.08550592905269)
C4136,Leidenborn,POINT (6.2223520372791015 50.13887367147111)
C4137,Lichtenborn,POINT (6.302339268765122 50.111529986499676)
C4138,Lierfeld,POINT (6.371483459764935 50.13639495512031)
C4139,Lünebach,POINT (6.337493185688992 50.13737646914789)
C4140,Lützkampen,POINT (6.169123453389639 50.157541395993434)
C4141,Manderscheid,POINT (6.330999222231221 50.09888929662801)
C4142,Mauel,POINT (6.394729074559585 50.06347229467307)
C4143,Merlscheid,POINT (6.361807777704334 50.12361782582575)
C4144,Niederpierscheid,POINT (6.373979151817117 50.07566316335054)
C4145,Oberpierscheid,POINT (6.384113961487962 50.04930303444488)
C4146,Olmscheid,POINT (6.215885889008026 50.06100794372138)
C4147,Pintesfeld,POINT (6.368941173348509 50.10968388647691)
C4148,Plütscheid,POINT (6.42534441204359 50.07725204659783)
C4149,Preischeid,POINT (6.1519293565020305 50.034005077258485)
C4150,Reiff,POINT (6.2187312818558205 50.101991629570136)
C4151,Reipeldingen,POINT (6.179784761388335 50.08715406050991)
C4152,Roscheid,POINT (6.178179889374203 50.11982656902799)
C4153,Sengerich,POINT (6.226292770682402 50.12121165741199)
C4154,Sevenig (Our),POINT (6.151464357068727 50.123212550680634)
C4155,Strickscheid,POINT (6.315527442209362 50.138283764257444)
C4156,Waxweiler,POINT (6.365468672431379 50.09788040386152)
C4157,Üttfeld,POINT (6.258056233016359 50.12985121282583)
C4158,Affler,POINT (6.152888829940318 50.017978143164505)
C4159,Alsdorf,POINT (6.465659763565806 49.887955238732935)
C4160,Altscheid,POINT (6.389141923684651 50.023262030151216)
C4161,Ammeldingen an der Our,POINT (6.260349788364397 49.894851715141755)
C4162,Ammeldingen bei Neuerburg,POINT (6.27244462573821 50.04432879853715)
C4163,Bauler,POINT (6.214419778457821 49.96687201862677)
C4164,Berkoth,POINT (6.347863675681527 50.039637742494776)
C4165,Berscheid,POINT (6.234714741342929 49.97647260025775)
C4166,Biesdorf,POINT (6.314093499659902 49.88321550600598)
C4167,Bollendorf,POINT (6.362762705884509 49.85413232632434)
C4168,Burg,POINT (6.347939235802797 49.96114235779375)
C4169,Dauwelshausen,POINT (6.18546916492539 50.004231909118815)
C4170,Echternacherbrück,POINT (6.429635799321629 49.820420712341885)
C4171,Emmelbaum,POINT (6.261892627518787 50.05605326552035)
C4172,Ernzen,POINT (6.418266487629453 49.838296519363)
C4173,Ferschweiler,POINT (6.402354678658635 49.8639289560071)
C4174,Fischbach-Oberraden,POINT (6.33576202244086 50.01039770937723)
C4175,Geichlingen,POINT (6.263102292359714 49.9528689021885)
C4176,Gemünd,POINT (6.167376870041171 49.9927709883634)
C4177,Gentingen,POINT (6.24603902227409 49.90812572875469)
C4178,Heilbach,POINT (6.296878215021266 50.06091372386481)
C4179,Herbstmühle,POINT (6.226356144753783 50.005923842814475)
C4180,Holsthum,POINT (6.4175012216403395 49.8873252387472)
C4181,Hommerdingen,POINT (6.31394082503722 49.91146767089915)
C4182,Hütten,POINT (6.2519797129256265 50.01357958066714)
C4183,Hüttingen bei Lahr,POINT (6.296874734707731 49.92803725238793)
C4184,Irrel,POINT (6.45268583503894 49.84715112135087)
C4185,Karlshausen,POINT (6.2224959332432705 50.02556384704189)
C4186,Kaschenbach,POINT (6.492020857320153 49.87452877747693)
C4187,Keppeshausen,POINT (6.175129720542888 49.97273806401151)
C4188,Körperich,POINT (6.263233832954286 49.92340408986215)
C4189,Koxhausen,POINT (6.242207998143947 49.997754936532736)
C4190,Kruchten,POINT (6.320248737029887 49.89715012703893)
C4191,Lahr,POINT (6.284774773858465 49.95383394751549)
C4192,Leimbach,POINT (6.258516909339347 50.02619239658224)
C4193,Menningen,POINT (6.477443225911339 49.83905430521955)
C4194,Mettendorf,POINT (6.330545944298304 49.94867724016561)
C4195,Minden,POINT (6.468364141107293 49.82652561793264)
C4196,Muxerath,POINT (6.266937379250359 49.99273879123731)
C4197,Nasingen,POINT (6.260999077604413 49.977866366476206)
C4198,Neuerburg,POINT (6.2938153853314 50.00657850771862)
C4199,Niedergeckler,POINT (6.307093039199206 49.971918767100036)
C4200,Niederraden,POINT (6.32784714797975 49.98516214638034)
C4201,Niederweis,POINT (6.473403429305445 49.86347289480266)
C4202,Niehl,POINT (6.365603668081514 49.95227535150808)
C4203,Nusbaum,POINT (6.347710464743848 49.90312286757755)
C4204,Obergeckler,POINT (6.290514712297409 49.979549396875356)
C4205,Utscheid,POINT (6.352991252898591 49.99260127068731)
C4206,Peffingen,POINT (6.408547649768999 49.910050590322506)
C4207,Plascheid,POINT (6.290018282496889 50.03501387470533)
C4208,Prümzurlay,POINT (6.4357349408633455 49.86948588665881)
C4209,Rodershausen,POINT (6.195290618049136 49.989605439818746)
C4210,Roth an der Our,POINT (6.233154662611561 49.923533632362286)
C4211,Schankweiler,POINT (6.380924184738257 49.89662240636549)
C4212,Scheitenkorb,POINT (6.206617147385459 50.00789160760703)
C4213,Scheuern,POINT (6.314756822370374 50.02494042205689)
C4214,Sevenig bei Neuerburg,POINT (6.181756475460831 50.01716175010007)
C4215,Sinspelt,POINT (6.320557111487445 49.976539324766705)
C4216,Übereisenbach,POINT (6.151629345682926 50.00486513521703)
C4217,Uppershausen,POINT (6.3176303996874275 50.046672623736285)
C4218,Waldhof-Falkenstein,POINT (6.1937331434147795 49.96455159274589)
C4219,Wallendorf,POINT (6.308030262861023 49.87318296508305)
C4220,Weidingen,POINT (6.3695968892997925 50.01360692402288)
C4221,Zweifelscheid,POINT (6.24988541923132 50.037378734508444)
C4222,Eisenach,POINT (6.511893316270984 49.84908678384194)
C4223,Gilzem,POINT (6.528863813292525 49.86954055078715)
C4224,Auw bei Prüm,POINT (6.333270439404199 50.2946382896781)
C4225,Bleialf,POINT (6.283938524218985 50.24226385868737)
C4226,Brandscheid,POINT (6.3071289685324885 50.214618684266405)
C4227,Buchet,POINT (6.331145211434023 50.254975934700155)
C4228,Büdesheim,POINT (6.566155734400627 50.21131121146508)
C4229,Dingdorf,POINT (6.432930355110758 50.148192010376555)
C4230,Feuerscheid,POINT (6.450068414820133 50.099301617460966)
C4231,Fleringen,POINT (6.49862145611365 50.20383577721805)
C4232,Giesdorf,POINT (6.452907059538554 50.17818637374633)
C4233,Weinsheim,POINT (6.476913330012437 50.23990382863947)
C4234,Gondenbrett,POINT (6.401566892708946 50.24544255358329)
C4235,Großlangenfeld,POINT (6.261840768523079 50.21393229699655)
C4236,Habscheid,POINT (6.270205818959281 50.17765735995752)
C4237,Heckhuscheid,POINT (6.211607293793142 50.17881319990411)
C4238,Heisdorf,POINT (6.426838499097101 50.12970323125771)
C4239,Kleinlangenfeld,POINT (6.492157499919935 50.27321032299833)
C4240,Lasel,POINT (6.453802823529344 50.11532836956038)
C4241,Masthorn,POINT (6.2933541300967155 50.1541949088312)
C4242,Matzerath,POINT (6.391525993658538 50.14463212889166)
C4243,Mützenich,POINT (6.256107675621298 50.254795217745055)
C4244,Neuendorf,POINT (6.46347494704139 50.29524307615889)
C4245,Niederlauch,POINT (6.428653737468924 50.15966363887055)
C4246,Nimshuscheid,POINT (6.488855872980194 50.0984619809207)
C4247,Nimsreuland,POINT (6.451040595545414 50.13101831601405)
C4248,Oberlascheid,POINT (6.306956031130969 50.27056299252602)
C4249,Oberlauch,POINT (6.428211646246458 50.16649340967567)
C4250,Olzheim,POINT (6.436373869964655 50.276154325834916)
C4251,Orlenbach,POINT (6.390954779807104 50.164426246533516)
C4252,Pittenbach,POINT (6.347895603957937 50.17607880192623)
C4253,Pronsfeld,POINT (6.330990427782462 50.16940248327676)
C4254,Prüm,POINT (6.401866106195291 50.20456563566808)
C4255,Rommersheim,POINT (6.449136807993907 50.19331374344232)
C4256,Roth bei Prüm,POINT (6.395102448411455 50.30293051084082)
C4257,Schönecken,POINT (6.471220240281933 50.153056783915005)
C4258,Schwirzheim,POINT (6.532007387530902 50.23962111957129)
C4259,Seiwerath,POINT (6.514630671974114 50.14261848646745)
C4260,Sellerich,POINT (6.356179922859578 50.227636628670496)
C4261,Wallersheim,POINT (6.537686624547306 50.18844346893264)
C4262,Watzerath,POINT (6.352805535030209 50.18534082558246)
C4263,Wawern,POINT (6.495330387528869 50.1217686999858)
C4264,Winringen,POINT (6.413444213857022 50.15053693509049)
C4265,Winterscheid,POINT (6.237766770445189 50.23722640802462)
C4266,Winterspelt,POINT (6.210744750051455 50.2139147725705)
C4267,Hersdorf,POINT (6.516378921329039 50.16669871916154)
C4268,Auw an der Kyll,POINT (6.616811945456911 49.89767290128801)
C4269,Beilingen,POINT (6.662156445347635 49.95346299606995)
C4270,Herforst,POINT (6.693364208077755 49.94277222911942)
C4271,Hosten,POINT (6.61575311750444 49.88661076418747)
C4272,Philippsheim,POINT (6.631769322033921 49.95541087914552)
C4273,Preist,POINT (6.6327881228724745 49.91119738551037)
C4274,Speicher,POINT (6.654798711096949 49.932917173071054)
C4275,Orenhofen,POINT (6.666603868476141 49.90432315227704)
C4276,Spangdahlem,POINT (6.692923486419344 49.98954190254552)
C4277,Badem,POINT (6.607883520085439 50.00511015359693)
C4278,Baustert,POINT (6.387383427573282 49.98233186791078)
C4279,Bettingen,POINT (6.4180759500099755 49.944433161311196)
C4280,Bickendorf,POINT (6.500512732692387 50.03867820826779)
C4281,Biersdorf am See,POINT (6.4511915856837625 50.019484480785664)
C4282,Birtlingen,POINT (6.48265712737863 49.9529829050702)
C4283,Brecht,POINT (6.436179149655697 49.982945058108314)
C4284,Dahlem,POINT (6.60272831646116 49.91098349334743)
C4285,Dockendorf,POINT (6.448924115680477 49.92024355235739)
C4286,Dudeldorf,POINT (6.645205027552589 49.97260314594039)
C4287,Echtershausen,POINT (6.409329073836242 50.025904193556855)
C4288,Ehlenz,POINT (6.467608529500434 50.04413139310906)
C4289,Enzen,POINT (6.368946347039083 49.92039052437419)
C4290,Eßlingen,POINT (6.526535931946315 49.91310018098104)
C4291,Etteldorf,POINT (6.572079240501512 50.03098691701757)
C4292,Feilsdorf,POINT (6.404902597260268 49.995840566155145)
C4293,Fließem,POINT (6.546140053983976 50.0236885156758)
C4294,Gindorf,POINT (6.645671898939538 50.01441010958594)
C4295,Gondorf,POINT (6.612490933282276 49.965372193109786)
C4296,Halsdorf,POINT (6.3730147208268235 49.93554537899922)
C4297,Hamm,POINT (6.423554642922232 50.01478211891951)
C4298,Heilenbach,POINT (6.461848438598154 50.07241121592355)
C4299,Hütterscheid,POINT (6.385809398930406 49.997669443928594)
C4300,Hüttingen an der Kyll,POINT (6.588659424678246 49.965957231892745)
C4301,Idenheim,POINT (6.564342028257118 49.89774468147074)
C4302,Idesheim,POINT (6.56434647766852 49.87668238188036)
C4303,Ingendorf,POINT (6.449915120896044 49.934760943766236)
C4304,Kyllburg,POINT (6.600448228739808 50.039703223788166)
C4305,Kyllburgweiler,POINT (6.616813550916266 50.0598753592643)
C4306,Ließem,POINT (6.479655126578716 50.02282014352987)
C4307,Malberg,POINT (6.576944834838126 50.0519274767636)
C4308,Malbergweich,POINT (6.555032907998152 50.06338960133787)
C4309,Meckel,POINT (6.5186895848339 49.89053464424868)
C4310,Messerich,POINT (6.4735166295976745 49.94262331461108)
C4311,Metterich,POINT (6.594636463568935 49.982837057801746)
C4312,Mülbach,POINT (6.4008086945323495 49.96872186341619)
C4313,Nattenheim,POINT (6.516264109784784 50.01997395985082)
C4314,Neidenbach,POINT (6.561850799171097 50.09499201305581)
C4315,Niederstedem,POINT (6.493378758711172 49.92543495204428)
C4316,Niederweiler,POINT (6.438699352541405 50.03109812978934)
C4317,Oberstedem,POINT (6.518442547827811 49.93057121147279)
C4318,Oberweiler,POINT (6.43269474976234 50.0469118818981)
C4319,Oberweis,POINT (6.42743543044318 49.96506390245904)
C4320,Olsdorf,POINT (6.3879624842155875 49.95346261306014)
C4321,Orsfeld,POINT (6.6278467613275565 50.03107972602783)
C4322,Pickließem,POINT (6.65191664679927 49.991154128263396)
C4323,Rittersdorf,POINT (6.490991317065496 49.99693499170979)
C4324,Röhl,POINT (6.596545765937999 49.943435405491094)
C4325,Sankt Thomas,POINT (6.597097628299355 50.08140363295379)
C4326,Scharfbillig,POINT (6.549644986664023 49.92977278362603)
C4327,Schleid,POINT (6.4838700495151596 50.06937956882308)
C4328,Seffern,POINT (6.503235359831328 50.07617848470345)
C4329,Sefferweich,POINT (6.524337086679237 50.068287932776684)
C4330,Stockem,POINT (6.390953282482168 49.92487322663987)
C4331,Sülm,POINT (6.58226348511612 49.92285536781972)
C4332,Trimport,POINT (6.585398713420073 49.90491308306592)
C4333,Usch,POINT (6.59784140572449 50.10509186344473)
C4334,Wettlingen,POINT (6.417237194034349 49.929250469321815)
C4335,Wiersdorf,POINT (6.454722913870748 50.00915643860709)
C4336,Wilsecker,POINT (6.582252993064614 50.02758838988511)
C4337,Wolsfeld,POINT (6.467865251350364 49.905420465735965)
C4338,Balesfeld,POINT (6.5362354626692865 50.104023904992495)
C4339,Burbach,POINT (6.54434680887802 50.11970781870979)
C4340,Gransdorf,POINT (6.6846392202774 50.01457280959537)
C4341,Neuheilenbach,POINT (6.557247385929507 50.110397848004155)
C4342,Oberkail,POINT (6.678111345959292 50.054431736339225)
C4343,Seinsfeld,POINT (6.651840950683823 50.06719156177897)
C4344,Steinborn,POINT (6.637301699447639 50.08741127126649)
C4345,Zendscheid,POINT (6.6186267655892115 50.102646398122445)
C4346,Wißmannsdorf,POINT (6.443706884912339 49.99671808133835)
C4347,Brimingen,POINT (6.367965027097086 49.96999636461291)
C4348,Betteldorf,POINT (6.754771190386638 50.25523144424159)
C4349,Bleckhausen,POINT (6.78229102752655 50.122275945184846)
C4350,Brockscheid,POINT (6.8360709783341544 50.13000342928)
C4351,Darscheid,POINT (6.89461376404198 50.21116772330241)
C4352,Demerath,POINT (6.948747325834389 50.17486845988117)
C4353,Deudesfeld,POINT (6.724090557785513 50.10460841013094)
C4354,Dockweiler,POINT (6.791238622793571 50.24674434592011)
C4355,Dreis-Brück,POINT (6.81285567740505 50.26627184893823)
C4356,Ellscheid,POINT (6.914758894491983 50.15353412329564)
C4357,Gefell,POINT (6.906598921072093 50.23601607363505)
C4358,Gillenfeld,POINT (6.9097862168495405 50.123526380653615)
C4359,Hinterweiler,POINT (6.760804815171109 50.23605517432562)
C4360,Hörscheid,POINT (6.879400625548702 50.22052954689146)
C4361,Immerath,POINT (6.966560954187307 50.12853242105775)
C4362,Kirchweiler,POINT (6.7452356923335195 50.223584671466014)
C4363,Kradenbach,POINT (6.854028314976919 50.2534583345935)
C4364,Mehren,POINT (6.886573658428418 50.174851904411206)
C4365,Meisburg,POINT (6.684031285088477 50.10454563946888)
C4366,Mückeln,POINT (6.922368462651857 50.08681764505738)
C4367,Nerdlen,POINT (6.856088687870016 50.23828001733294)
C4368,Niederstadtfeld,POINT (6.759672101311277 50.15669461223198)
C4369,Oberstadtfeld,POINT (6.7551646114851875 50.178184955330785)
C4370,Sarmersbach,POINT (6.883135395218962 50.2449010472716)
C4371,Saxler,POINT (6.89199952398697 50.142669425029645)
C4372,Schalkenmehren,POINT (6.852761267444024 50.164462643842114)
C4373,Schönbach,POINT (6.9443601479673776 50.21336451524812)
C4374,Schutz,POINT (6.739628123896117 50.12639186740706)
C4375,Steineberg,POINT (6.92296731760686 50.17919928943264)
C4376,Steiningen,POINT (6.917558278911532 50.19562170424543)
C4377,Strohn,POINT (6.926186600442916 50.1057588682411)
C4378,Strotzbüsch,POINT (6.963539407583482 50.102159159765705)
C4379,Udler,POINT (6.868065277578269 50.13819825987154)
C4380,Üdersdorf,POINT (6.80941622802267 50.14630482937653)
C4381,Utzerath,POINT (6.925354589994147 50.22338125456843)
C4382,Wallenborn,POINT (6.71674791208308 50.16256165849788)
C4383,Weidenbach,POINT (6.704346186117396 50.1306474750202)
C4384,Winkel (Eifel),POINT (6.949252995551058 50.14556387471814)
C4385,Daun,POINT (6.814966347224312 50.20545356549481)
C4386,Beinhausen,POINT (6.890399701124831 50.26420358761335)
C4387,Boxberg,POINT (6.866753391348648 50.275273561811076)
C4388,Hörschhausen,POINT (6.934207826428764 50.24220639207209)
C4389,Katzwinkel,POINT (6.912299794559694 50.25235235392904)
C4390,Neichen,POINT (6.867975155866634 50.259982169463775)
C4391,Arbach,POINT (7.03062856969113 50.28414111394973)
C4392,Bereborn,POINT (6.963725286786342 50.28263080219068)
C4393,Berenbach,POINT (6.96060528259523 50.234545606380635)
C4394,Bodenbach,POINT (6.853863283176431 50.312249666841716)
C4395,Bongard,POINT (6.835052161918292 50.29299463953018)
C4396,Borler,POINT (6.82212075087565 50.31176783675525)
C4397,Brücktal,POINT (6.979766573144116 50.317755836134566)
C4398,Drees,POINT (6.9964684062820055 50.34000318368987)
C4399,Gelenberg,POINT (6.86900633459197 50.29313228848957)
C4400,Gunderath,POINT (6.976016267019016 50.252586785830715)
C4401,Höchstberg,POINT (7.00930494910928 50.2355900131858)
C4402,Horperath,POINT (6.9532484867148225 50.246881806346714)
C4403,Kaperich,POINT (7.027723288933837 50.23982417011277)
C4404,Kelberg,POINT (6.912916005914568 50.29318254640136)
C4405,Kirsbach,POINT (6.995715145249915 50.327374970058344)
C4406,Kötterichen,POINT (6.983944187817676 50.240564163946495)
C4407,Kolverath,POINT (6.97233176068976 50.27164910345543)
C4408,Lirstal,POINT (7.036751521605052 50.253103705855885)
C4409,Mannebach,POINT (6.980352561482174 50.2905967305337)
C4410,Mosbruch,POINT (6.936227239037529 50.26346374276726)
C4411,Nitz,POINT (7.021539336887619 50.335315134098046)
C4412,Oberelz,POINT (7.051760745892167 50.26921809064483)
C4413,Reimerath,POINT (6.956866635866984 50.30931602202985)
C4414,Retterath,POINT (7.010149496838035 50.27002807100156)
C4415,Sassen,POINT (6.965623766093124 50.260770881573144)
C4416,Uersfeld,POINT (6.998748015588741 50.253092475349156)
C4417,Ueß,POINT (6.927282232817796 50.25705458903576)
C4418,Welcherath,POINT (6.961954845131295 50.323276554676724)
C4419,Basberg,POINT (6.60804425587315 50.29810060821209)
C4420,Berlingen,POINT (6.718382189549727 50.237373590308756)
C4421,Berndorf,POINT (6.690663087765694 50.31039069762)
C4422,Birgel,POINT (6.631076145104235 50.32272652086239)
C4423,Dohm-Lammersdorf,POINT (6.669923131722468 50.26426679220773)
C4424,Esch,POINT (6.601294146435532 50.36574998474925)
C4425,Feusdorf,POINT (6.6152411498642705 50.34394162845796)
C4426,Gerolstein,POINT (6.6465912173997985 50.217207074351315)
C4427,Gönnersdorf,POINT (6.587522357497517 50.32647810394202)
C4428,Hillesheim,POINT (6.659816495123695 50.28783305324206)
C4429,Hohenfels-Essingen,POINT (6.72816734397481 50.25490394526058)
C4430,Jünkerath,POINT (6.568678734850513 50.35569767436338)
C4431,Kalenborn-Scheuern,POINT (6.597448062120552 50.26307925899672)
C4432,Kerpen (Eifel),POINT (6.723671142249182 50.310392482085824)
C4433,Lissendorf,POINT (6.58562002845517 50.31206844643552)
C4434,Neroth,POINT (6.73628796156942 50.19751798417617)
C4435,Oberbettingen,POINT (6.620604146159977 50.28577368956831)
C4436,Oberehe-Stroheich,POINT (6.765689772465294 50.28102920980412)
C4437,Pelm,POINT (6.69190501624328 50.22139684889119)
C4438,Rockeskyll,POINT (6.694108877564401 50.25489887154437)
C4439,Salm,POINT (6.681571929448566 50.141576020307184)
C4440,Üxheim,POINT (6.755926524399751 50.32637039302708)
C4441,Walsdorf,POINT (6.719446587034928 50.2778641735139)
C4442,Wiesbaum,POINT (6.667211958706746 50.343199883302574)
C4443,Birresborn,POINT (6.629677449185848 50.174774388398134)
C4444,Densborn,POINT (6.619491161406178 50.120286426799275)
C4445,Duppach,POINT (6.550222786678404 50.26284571528129)
C4446,Hallschlag,POINT (6.430083886070209 50.355196559066975)
C4447,Kerschenbach,POINT (6.491589818565307 50.33159589224951)
C4448,Kopp,POINT (6.575522607234832 50.17597223965809)
C4449,Mürlenbach,POINT (6.615283732044046 50.14709072562174)
C4450,Nohn,POINT (6.792393690033916 50.32933261943533)
C4451,Ormont,POINT (6.4496399572857905 50.32238077032867)
C4452,Reuth,POINT (6.492747255020843 50.29788059057749)
C4453,Scheid,POINT (6.406784330462743 50.367276701298415)
C4454,Schüller,POINT (6.565046726565854 50.33328579857612)
C4455,Stadtkyll,POINT (6.524335128932487 50.33378459548244)
C4456,Steffeln,POINT (6.557370028730282 50.28966937520389)
C4457,Bescheid,POINT (6.889571289659232 49.744110631223926)
C4458,Beuren (Hochwald),POINT (6.897594321547078 49.721553123599236)
C4459,Damflos,POINT (6.995232248690403 49.66772484117762)
C4460,Geisfeld,POINT (6.952662849389125 49.70090356041817)
C4461,Grimburg,POINT (6.887149046653188 49.62513636674338)
C4462,Gusenburg,POINT (6.909059997108699 49.63575304878126)
C4463,Hermeskeil,POINT (6.947314081213873 49.657274467181445)
C4464,Hinzert-Pölert,POINT (6.904877310624515 49.70137481535271)
C4465,Naurath (Wald),POINT (6.8806995275952545 49.76498614964793)
C4466,Neuhütten,POINT (7.033229350475467 49.66105059040869)
C4467,Rascheid,POINT (6.931796809435407 49.70317947473508)
C4468,Reinsfeld,POINT (6.877627665973059 49.672935250213634)
C4469,Züsch,POINT (7.007845525390947 49.650575254435665)
C4470,Kanzem,POINT (6.573961022419779 49.65961646129523)
C4471,Konz,POINT (6.606649321960592 49.67838651317155)
C4472,Nittel,POINT (6.462768032948939 49.646523445497785)
C4473,Oberbillig,POINT (6.5006583295225076 49.69908852011993)
C4474,Onsdorf,POINT (6.487912498686551 49.64605254582834)
C4475,Pellingen,POINT (6.67239162479537 49.669969779932806)
C4476,Tawern,POINT (6.512918026769338 49.672967736074185)
C4477,Temmels,POINT (6.4744016364675385 49.67956242886824)
C4478,Wasserliesch,POINT (6.535146478670697 49.698958172050126)
C4479,Wawern,POINT (6.540489748231083 49.65061867986062)
C4480,Wellen,POINT (6.447512664004442 49.66976082676038)
C4481,Wiltingen,POINT (6.612485082250821 49.64179456782461)
C4482,Bonerath,POINT (6.771394861918459 49.690740886567205)
C4483,Farschweiler,POINT (6.8398684822638405 49.72109075177357)
C4484,Gusterath,POINT (6.711357745767075 49.706244818523494)
C4485,Gutweiler,POINT (6.728617376368018 49.71511317161885)
C4486,Herl,POINT (6.820752426242517 49.73780396826474)
C4487,Hinzenburg,POINT (6.740930179675157 49.66030667065707)
C4488,Holzerath,POINT (6.779219155920585 49.67628087142512)
C4489,Kasel,POINT (6.734364255785765 49.76162165367222)
C4490,Korlingen,POINT (6.722139244918308 49.72793017879983)
C4491,Lorscheid,POINT (6.850761992023071 49.74066389853674)
C4492,Mertesdorf,POINT (6.724444300149074 49.77032175340846)
C4493,Morscheid,POINT (6.751169093358416 49.71966327021158)
C4494,Ollmuth,POINT (6.704826493913038 49.67267030209425)
C4495,Osburg,POINT (6.813010766676146 49.69649316576969)
C4496,Pluwig,POINT (6.7125903268693845 49.68790415261371)
C4497,Riveris,POINT (6.764731327426062 49.719430376287995)
C4498,Schöndorf,POINT (6.7434101214040165 49.68048552337199)
C4499,Sommerau,POINT (6.739814926060964 49.71835471563106)
C4500,Thomm,POINT (6.8006842607216536 49.743323989931675)
C4501,Waldrach,POINT (6.757637730610873 49.746486061376274)
C4502,Bekond,POINT (6.806315126202336 49.84828144468212)
C4503,Detzem,POINT (6.8579571425289005 49.804002963227354)
C4504,Ensch,POINT (6.8204284833056 49.831130627881954)
C4505,Fell,POINT (6.7953333526738655 49.76862294565834)
C4506,Föhren,POINT (6.769053952685239 49.86354487857344)
C4507,Kenn,POINT (6.725901933258934 49.80116023579892)
C4508,Klüsserath,POINT (6.856066231944072 49.854234999651744)
C4509,Köwerich,POINT (6.870585069585196 49.83696562688355)
C4510,Leiwen,POINT (6.881175071003864 49.809199016203884)
C4511,Longen,POINT (6.787450565938258 49.81047249120414)
C4512,Longuich,POINT (6.7559440594434275 49.79819435991482)
C4513,Mehring,POINT (6.82940987417207 49.787858972847985)
C4514,Naurath (Eifel),POINT (6.745414981440906 49.878121729200416)
C4515,Pölich,POINT (6.847350619149561 49.79963546121426)
C4516,Riol,POINT (6.800043197099797 49.78668905462281)
C4517,Schleich,POINT (6.830176337671104 49.814508322991024)
C4518,Schweich,POINT (6.7421358372758595 49.84075996299473)
C4519,Thörnich,POINT (6.843605792031651 49.83527704032123)
C4520,Trittenheim,POINT (6.915465049921082 49.820054946682866)
C4521,Aach,POINT (6.597521374493586 49.788468878169006)
C4522,Franzenheim,POINT (6.670340646431359 49.69609596807243)
C4523,Hockweiler,POINT (6.687667780931364 49.70177619112884)
C4524,Igel,POINT (6.5447358024488045 49.72231381613826)
C4525,Kordel,POINT (6.643795687883458 49.835573621540725)
C4526,Langsur,POINT (6.520300557842884 49.74004105640219)
C4527,Newel,POINT (6.604241600639788 49.809723333320115)
C4528,Ralingen,POINT (6.529374530791854 49.80919860813066)
C4529,Trierweiler,POINT (6.56543824977382 49.766383865964656)
C4530,Zemmer,POINT (6.682491377345281 49.88214553753491)
C4531,Welschbillig,POINT (6.587329074255058 49.85332306800276)
C4532,Ayl,POINT (6.55346393847046 49.63366531293151)
C4533,Baldringen,POINT (6.680791174417226 49.61486438132549)
C4534,Fisch,POINT (6.4950547543944275 49.61614247205607)
C4535,Freudenburg,POINT (6.540052193165429 49.54711182177297)
C4536,Greimerath,POINT (6.683472054299352 49.55718525984922)
C4537,Heddert,POINT (6.749572151217641 49.64919327928257)
C4538,Hentern,POINT (6.695469565214618 49.62147581849402)
C4539,Irsch,POINT (6.618634119244765 49.59647467836271)
C4540,Kastel-Staadt,POINT (6.557798033511969 49.564542379272744)
C4541,Kell am See,POINT (6.832121082149318 49.63560478801151)
C4542,Kirf,POINT (6.478170698845701 49.55293732950122)
C4543,Lampaden,POINT (6.702098958060399 49.652351951949115)
C4544,Mandern,POINT (6.764841583148846 49.597063355212654)
C4545,Mannebach,POINT (6.508030006919752 49.63405062014003)
C4546,Ockfen,POINT (6.585866379557731 49.62224116804352)
C4547,Palzem,POINT (6.403530236965901 49.57268633778921)
C4548,Paschel,POINT (6.67555005695965 49.63918905894066)
C4549,Saarburg,POINT (6.545730770926488 49.60342058492006)
C4550,Schillingen,POINT (6.754959717265133 49.63180891269893)
C4551,Schoden,POINT (6.5976756132642285 49.631431107503076)
C4552,Schömerich,POINT (6.702111970150624 49.63387946685438)
C4553,Serrig,POINT (6.6045609541101715 49.57086912160444)
C4554,Taben-Rodt,POINT (6.600515783281665 49.54192943041714)
C4555,Trassem,POINT (6.533411098874013 49.58146109470139)
C4556,Vierherrenborn,POINT (6.6530394296081266 49.60904710160938)
C4557,Waldweiler,POINT (6.814125494075226 49.60712755889997)
C4558,Wincheringen,POINT (6.442626012256885 49.60890261343455)
C4559,Zerf,POINT (6.701675416408151 49.58236605487005)
C4560,Merzkirchen,POINT (6.475475183256077 49.581595126121485)
C4561,Frankenthal (Pfalz),POINT (8.357063979516106 49.53304155603859)
C4562,Kaiserslautern,POINT (7.76062576360668 49.43286305211199)
C4563,Landau in der Pfalz,POINT (8.051790230618394 49.22403729128213)
C4564,Ludwigshafen am Rhein,POINT (8.397040773785802 49.48194065324281)
C4565,Mainz,POINT (8.241354758592731 49.97422193452747)
C4566,Neustadt an der Weinstraße,POINT (8.151988135094188 49.34186841878815)
C4567,Pirmasens,POINT (7.594735958291987 49.19742470933624)
C4568,Speyer,POINT (8.435267147586165 49.32977584701135)
C4569,Worms,POINT (8.324448489817437 49.6495604886609)
C4570,Zweibrücken,POINT (7.365577353548836 49.248056160589734)
C4571,Alzey,POINT (8.103307465171943 49.74582397382512)
C4572,Albig,POINT (8.130957785485416 49.77737555112804)
C4573,Bechenheim,POINT (8.005310044503304 49.72845230942566)
C4574,Bechtolsheim,POINT (8.205198214059507 49.80958997799763)
C4575,Bermersheim vor der Höhe,POINT (8.101877987101357 49.781683226454305)
C4576,Biebelnheim,POINT (8.16077226796309 49.80003746297294)
C4577,Bornheim,POINT (8.064079585002073 49.78222110949711)
C4578,Dintesheim,POINT (8.145226072593646 49.71055495041607)
C4579,Eppelsheim,POINT (8.165083825992399 49.71020370183571)
C4580,Erbes-Büdesheim,POINT (8.030778580298739 49.75796335613033)
C4581,Esselborn,POINT (8.120738135235007 49.70949852536489)
C4582,Flomborn,POINT (8.135612555202943 49.69373469809976)
C4583,Flonheim,POINT (8.02998636726206 49.789491951117874)
C4584,Framersheim,POINT (8.181329035933432 49.758275138538814)
C4585,Freimersheim,POINT (8.07838587080146 49.70594811533486)
C4586,Gau-Heppenheim,POINT (8.177684851862905 49.73964602379322)
C4587,Gau-Odernheim,POINT (8.200776790413258 49.77952452759361)
C4588,Kettenheim,POINT (8.12925081040192 49.723467451930674)
C4589,Lonsheim,POINT (8.083385429694475 49.78471038364951)
C4590,Mauchenheim,POINT (8.0481468609663 49.715672636703594)
C4591,Nack,POINT (8.000097395771972 49.744373325468295)
C4592,Nieder-Wiesen,POINT (7.975297125886481 49.731146394129865)
C4593,Ober-Flörsheim,POINT (8.152636943532759 49.67673728583592)
C4594,Offenheim,POINT (8.004071234457438 49.71712618493103)
C4595,Wahlheim,POINT (8.09847507418145 49.71830428465967)
C4596,Alsheim,POINT (8.324331849401716 49.76356681501954)
C4597,Eich,POINT (8.403185242332796 49.74974712918349)
C4598,Gimbsheim,POINT (8.380144136459199 49.77650875799156)
C4599,Hamm am Rhein,POINT (8.449878576946201 49.74810197603725)
C4600,Mettenheim,POINT (8.32517820092909 49.74053318906891)
C4601,Flörsheim-Dalsheim,POINT (8.206385228908893 49.659860806024405)
C4602,Hohen-Sülzen,POINT (8.22573144447764 49.61836884580449)
C4603,Mölsheim,POINT (8.168958744927426 49.65301637799758)
C4604,Mörstadt,POINT (8.254416792216611 49.66020828949091)
C4605,Monsheim,POINT (8.211717661174147 49.63505832892737)
C4606,Offstein,POINT (8.239562315872858 49.60258431010519)
C4607,Wachenheim,POINT (8.167238631165922 49.63318506006868)
C4608,Eckelsheim,POINT (7.994628585278611 49.79675581551774)
C4609,Gau-Bickelheim,POINT (8.01847742932214 49.835226698235246)
C4610,Gumbsheim,POINT (7.998702014249581 49.81300690792964)
C4611,Siefersheim,POINT (7.955926868955143 49.796611211223414)
C4612,Stein-Bockenheim,POINT (7.947866403202499 49.7644397083492)
C4613,Wendelsheim,POINT (7.974654772909804 49.75664314757409)
C4614,Wöllstein,POINT (7.966336426530707 49.818497988539775)
C4615,Wonsheim,POINT (7.949359881825852 49.773854178444644)
C4616,Armsheim,POINT (8.063625785881522 49.81229279906284)
C4617,Ensheim,POINT (8.10404439504517 49.802513132599316)
C4618,Gabsheim,POINT (8.167744089589023 49.82549474566282)
C4619,Gau-Weinheim,POINT (8.04454692756958 49.85069193218554)
C4620,Partenheim,POINT (8.086403889704364 49.88184306569537)
C4621,Saulheim,POINT (8.140782853075141 49.876016972488046)
C4622,Schornsheim,POINT (8.178451207481098 49.84749031389076)
C4623,Spiesheim,POINT (8.13107902111886 49.80884452501719)
C4624,Sulzheim,POINT (8.087630398230884 49.844916810573864)
C4625,Udenheim,POINT (8.177824867062512 49.86716749933851)
C4626,Vendersheim,POINT (8.071597846385123 49.86338548898458)
C4627,Wallertheim,POINT (8.052457039228425 49.83493582604271)
C4628,Wörrstadt,POINT (8.114222348436325 49.83707930881056)
C4629,Bechtheim,POINT (8.29252897479664 49.72748728136413)
C4630,Bermersheim,POINT (8.2204644346267 49.68242210956974)
C4631,Hochborn,POINT (8.202881494377431 49.72607070250697)
C4632,Dittelsheim-Heßloch,POINT (8.24450241191457 49.745139020133706)
C4633,Frettenheim,POINT (8.244080110940123 49.761977860946736)
C4634,Gundersheim,POINT (8.196195987578282 49.69099396840933)
C4635,Gundheim,POINT (8.243018185882331 49.676507471501374)
C4636,Hangen-Weisheim,POINT (8.188024828219241 49.716087536643535)
C4637,Monzernheim,POINT (8.228996183104488 49.72509327715152)
C4638,Osthofen,POINT (8.31599032663771 49.70391921527984)
C4639,Westhofen,POINT (8.245256432749853 49.703318753192036)
C4640,Bad Dürkheim,POINT (8.086010233630473 49.4536737588634)
C4641,Grünstadt,POINT (8.142583112012517 49.55549105732919)
C4642,Haßloch,POINT (8.266341324390288 49.35046541795317)
C4643,Deidesheim,POINT (8.143579272994778 49.40623665744385)
C4644,Forst an der Weinstraße,POINT (8.186306624975037 49.427344289710085)
C4645,Meckenheim,POINT (8.23887701057735 49.397222049966366)
C4646,Niederkirchen bei Deidesheim,POINT (8.221630233018846 49.41663566832614)
C4647,Ruppertsberg,POINT (8.181947743903763 49.395386574211706)
C4648,Bobenheim am Berg,POINT (8.11642890594455 49.50859898744195)
C4649,Dackenheim,POINT (8.155991526832228 49.51089434294682)
C4650,Erpolzheim,POINT (8.221873221187641 49.49058676093154)
C4651,Freinsheim,POINT (8.17508555382994 49.49947167480824)
C4652,Herxheim am Berg,POINT (8.142430953192134 49.49636650283865)
C4653,Kallstadt,POINT (8.142010694415957 49.48220128914531)
C4654,Weisenheim am Berg,POINT (8.129725830121224 49.503654341124125)
C4655,Weisenheim am Sand,POINT (8.211982675869159 49.50351065769283)
C4656,Elmstein,POINT (7.911333544959751 49.35132614243625)
C4657,Esthal,POINT (7.998781159228152 49.36778155567163)
C4658,Frankeneck,POINT (8.026308044435122 49.38006645834846)
C4659,Lambrecht (Pfalz),POINT (8.058544848756915 49.36660131972921)
C4660,Lindenberg,POINT (8.091906345468606 49.37673196851122)
C4661,Neidenfels,POINT (8.040710192812455 49.394718818018454)
C4662,Weidenthal,POINT (7.986026796481077 49.408305511093324)
C4663,Ellerstadt,POINT (8.257145110734397 49.46706108527268)
C4664,Friedelsheim,POINT (8.220869264775647 49.44965046509992)
C4665,Gönnheim,POINT (8.250641289249632 49.45113842870237)
C4666,Wachenheim an der Weinstraße,POINT (8.142570909336639 49.43003766125901)
C4667,Altleiningen,POINT (8.072554929128392 49.497969756889304)
C4668,Battenberg (Pfalz),POINT (8.12267433202723 49.5233935044321)
C4669,Bissersheim,POINT (8.203748854428321 49.53491970370721)
C4670,Bockenheim an der Weinstraße,POINT (8.18702114481336 49.60808154067466)
C4671,Carlsberg,POINT (8.034677845000617 49.4986159667228)
C4672,Dirmstein,POINT (8.25133911992817 49.57266435337669)
C4673,Ebertsheim,POINT (8.10684143049828 49.567322951602705)
C4674,Gerolsheim,POINT (8.265969957874272 49.54769804418793)
C4675,Großkarlbach,POINT (8.222729843023927 49.537635520228676)
C4676,Hettenleidelheim,POINT (8.073152554847882 49.535863247759785)
C4677,Kindenheim,POINT (8.14804686020814 49.609459146484305)
C4678,Kirchheim an der Weinstraße,POINT (8.144807616275243 49.52441206303452)
C4679,Kleinkarlbach,POINT (8.158208194861539 49.53779507574342)
C4680,Laumersheim,POINT (8.235221801105398 49.54924553932303)
C4681,Mertesheim,POINT (8.135740445075287 49.57182712369172)
C4682,Neuleiningen,POINT (8.092752396075047 49.52136955393659)
C4683,Obersülzen,POINT (8.209476252012031 49.5669635634128)
C4684,Obrigheim (Pfalz),POINT (8.196736796747942 49.586747116823474)
C4685,Quirnheim,POINT (8.125506977048277 49.58338755019239)
C4686,Tiefenthal,POINT (8.106668563814527 49.545937472724624)
C4687,Wattenheim,POINT (8.021413337146491 49.50499980724067)
C4688,Eisenberg (Pfalz),POINT (8.045432257139964 49.54734651098826)
C4689,Kerzenheim,POINT (8.03012418751875 49.56681180435166)
C4690,Ramsen,POINT (7.989511211745381 49.52081255808098)
C4691,Albisheim (Pfrimm),POINT (8.083704401590916 49.64512579241302)
C4692,Biedesheim,POINT (8.105385229193775 49.604819360288836)
C4693,Bubenheim,POINT (8.126925305380183 49.62591866103234)
C4694,Dreisen,POINT (8.002488379350766 49.598652233472386)
C4695,Einselthum,POINT (8.128088133930154 49.65869574338268)
C4696,Göllheim,POINT (8.031512095773467 49.58773985288762)
C4697,Immesheim,POINT (8.102967687663286 49.63689033982123)
C4698,Lautersheim,POINT (8.095937938277228 49.586204183154656)
C4699,Ottersheim,POINT (8.109549989623371 49.623244208526856)
C4700,Rüssingen,POINT (8.078581786771034 49.61778836068271)
C4701,Standenbühl,POINT (7.9792763430487 49.595716757222796)
C4702,Weitersweiler,POINT (7.993031303788454 49.614264007361875)
C4703,Zellertal,POINT (8.141276148642786 49.64035818088275)
C4704,Bennhausen,POINT (7.986247676603318 49.622900824242784)
C4705,Bischheim,POINT (8.03618842455611 49.67495827774696)
C4706,Bolanden,POINT (7.990955601610573 49.63947272472428)
C4707,Dannenfels,POINT (7.9289809265937095 49.626843222142)
C4708,Gauersheim,POINT (8.068583500931746 49.65825283798899)
C4709,Ilbesheim,POINT (8.070433471803346 49.69061637025256)
C4710,Jakobsweiler,POINT (7.960731001142292 49.61562163632207)
C4711,Kirchheimbolanden,POINT (7.977192181913891 49.66501155148606)
C4712,Kriegsfeld,POINT (7.927626675874901 49.69927850668171)
C4713,Marnheim,POINT (8.04303789077649 49.6220222273737)
C4714,Mörsfeld,POINT (7.93009794697482 49.739353103825636)
C4715,Morschheim,POINT (8.024270822654799 49.696932019436886)
C4716,Oberwiesen,POINT (7.965705563967098 49.69718053868512)
C4717,Orbis,POINT (7.98867242609739 49.68801633359016)
C4718,Rittersheim,POINT (8.060095982600354 49.67037761446592)
C4719,Stetten,POINT (8.098577082778338 49.67605437572968)
C4720,Börrstadt,POINT (7.933300743717756 49.584460845360276)
C4721,Breunigweiler,POINT (7.960195839234967 49.56696740655624)
C4722,Falkenstein,POINT (7.868080824416331 49.60828234773508)
C4723,Gonbach,POINT (7.903079472999279 49.54363684981605)
C4724,Höringen,POINT (7.794192122261992 49.55377568896381)
C4725,Imsbach,POINT (7.8921149007899585 49.588925080639996)
C4726,Lohnsfeld,POINT (7.849956161093368 49.547710774236535)
C4727,Münchweiler an der Alsenz,POINT (7.880944624498054 49.54214434231769)
C4728,Schweisweiler,POINT (7.830769498903888 49.58961136680577)
C4729,Sippersfeld,POINT (7.93699179073514 49.54751388919973)
C4730,Steinbach am Donnersberg,POINT (7.953725437603348 49.5992915006726)
C4731,Wartenberg-Rohrbach,POINT (7.853579653607145 49.52612301406832)
C4732,Winnweiler,POINT (7.851619932757963 49.565009900054676)
C4733,Alsenz,POINT (7.820927964915228 49.72876458293125)
C4734,Bayerfeld-Steckweiler,POINT (7.814507210859269 49.68338460407963)
C4735,Bisterschied,POINT (7.745755528955784 49.642706336934005)
C4736,Dielkirchen,POINT (7.827551952298482 49.66544621757897)
C4737,Dörrmoschel,POINT (7.754740768605051 49.62050464667717)
C4738,Finkenbach-Gersweiler,POINT (7.743995194030954 49.68454407759953)
C4739,Gaugrehweiler,POINT (7.8736677738016905 49.70572192825217)
C4740,Gehrweiler,POINT (7.778880347106002 49.5721912752793)
C4741,Gerbach,POINT (7.8820776214348625 49.678155649366644)
C4742,Gundersweiler,POINT (7.770415266147817 49.58749188018105)
C4743,Imsweiler,POINT (7.7890133247277 49.60141579076439)
C4744,Kalkofen,POINT (7.839565871609098 49.73420921160888)
C4745,Katzenbach,POINT (7.803086294061951 49.645925720311176)
C4746,Mannweiler-Cölln,POINT (7.802541931065658 49.69208812763864)
C4747,Münsterappel,POINT (7.882549439151079 49.73044156885325)
C4748,Niederhausen an der Appel,POINT (7.8938550280158974 49.747283909378794)
C4749,Niedermoschel,POINT (7.7916043227124 49.740440306295035)
C4750,Oberhausen an der Appel,POINT (7.865983959461151 49.72009579287093)
C4751,Obermoschel,POINT (7.7675680049657 49.73060201016538)
C4752,Oberndorf,POINT (7.815914077471952 49.706124471152535)
C4753,Ransweiler,POINT (7.7659522286316625 49.65828920636876)
C4754,Ruppertsecken,POINT (7.895466374439949 49.65488767239853)
C4755,Sankt Alban,POINT (7.859867306085585 49.68448816743661)
C4756,Schiersfeld,POINT (7.771551566778489 49.69308270540238)
C4757,Schönborn,POINT (7.770934731685611 49.641233351309225)
C4758,Sitters,POINT (7.784582609526169 49.71143516479993)
C4759,Stahlberg,POINT (7.788631116365001 49.66214693511151)
C4760,Teschenmoschel,POINT (7.731003514649034 49.629512002891786)
C4761,Unkenbach,POINT (7.7404385462340946 49.713756844173915)
C4762,Waldgrehweiler,POINT (7.729324167185201 49.66167620566722)
C4763,Winterborn,POINT (7.853733746320253 49.748536987681995)
C4764,Würzweiler,POINT (7.864109187273824 49.65259849868356)
C4765,Rathskirchen,POINT (7.721319538373191 49.61479643475787)
C4766,Reichsthal,POINT (7.731632094712889 49.595456408812666)
C4767,Seelen,POINT (7.712757409565752 49.5990584078729)
C4768,Rockenhausen,POINT (7.835678718331801 49.6255885718483)
C4769,Germersheim,POINT (8.371669407977105 49.21367882761215)
C4770,Wörth am Rhein,POINT (8.188431674633385 49.033988396818756)
C4771,Bellheim,POINT (8.295495143631463 49.193470899597116)
C4772,Knittelsheim,POINT (8.25020856048103 49.191686083544326)
C4773,Ottersheim bei Landau,POINT (8.228697143871543 49.19188509596332)
C4774,Zeiskam,POINT (8.252137645765293 49.22849345749163)
C4775,Berg (Pfalz),POINT (8.20507326747098 48.98190220773598)
C4776,Hagenbach,POINT (8.25264184450609 49.01339615788796)
C4777,Neuburg am Rhein,POINT (8.247396767846064 48.98604224630608)
C4778,Scheibenhardt,POINT (8.119834178321403 48.98680363188557)
C4779,Hatzenbühl,POINT (8.240171917532463 49.11585687674683)
C4780,Jockgrim,POINT (8.28285307107416 49.08649163499915)
C4781,Neupotz,POINT (8.332505916468179 49.10395924538465)
C4782,Rheinzabern,POINT (8.292124079079263 49.11139365258199)
C4783,Erlenbach bei Kandel,POINT (8.18606824184355 49.110646703471666)
C4784,Freckenfeld,POINT (8.114047769184857 49.07047104362172)
C4785,Kandel,POINT (8.197836705347274 49.08790513555793)
C4786,Minfeld,POINT (8.143977551085204 49.076087020019486)
C4787,Steinweiler,POINT (8.144947732346761 49.116491594843595)
C4788,Vollmersweiler,POINT (8.068439669330616 49.068454706553084)
C4789,Winden,POINT (8.117868031679425 49.095211178099554)
C4790,Freisbach,POINT (8.271607866202954 49.27298894490993)
C4791,Lingenfeld,POINT (8.35791309216207 49.244717128160325)
C4792,Lustadt,POINT (8.288845183630139 49.234148821884915)
C4793,Schwegenheim,POINT (8.3350196820373 49.27667082785379)
C4794,Weingarten (Pfalz),POINT (8.295269291414987 49.266115598725435)
C4795,Westheim (Pfalz),POINT (8.323208701020556 49.23933354857029)
C4796,Hördt,POINT (8.340095233511374 49.1658558040342)
C4797,Kuhardt,POINT (8.318168054525062 49.14316092286447)
C4798,Leimersheim,POINT (8.342417076730454 49.126539197247936)
C4799,Rülzheim,POINT (8.281538235124366 49.15246871114504)
C4800,Bruchmühlbach-Miesau,POINT (7.439034356972296 49.392241195384)
C4801,Gerhardsbrunn,POINT (7.526747478441701 49.35612342583186)
C4802,Lambsborn,POINT (7.433948442140918 49.36453477540347)
C4803,Langwieden,POINT (7.508421414900377 49.38046138424138)
C4804,Martinshöhe,POINT (7.475865061351145 49.359318276427146)
C4805,Enkenbach-Alsenborn,POINT (7.908449402685051 49.49196613374494)
C4806,Fischbach,POINT (7.9102290018922385 49.46236931415496)
C4807,Frankenstein,POINT (7.951731444427241 49.440245655734984)
C4808,Hochspeyer,POINT (7.895257637347943 49.42482017990992)
C4809,Mehlingen,POINT (7.84275012177313 49.48702166772253)
C4810,Neuhemsbach,POINT (7.914411566810557 49.522620170579955)
C4811,Waldleiningen,POINT (7.888596133467946 49.39322826302053)
C4812,Sembach,POINT (7.864885025885347 49.514982298118554)
C4813,Hütschenhausen,POINT (7.478102296047868 49.42454800241947)
C4814,Kottweiler-Schwanden,POINT (7.529851796364425 49.48003747892632)
C4815,Niedermohr,POINT (7.475748277843878 49.46140766298162)
C4816,Ramstein-Miesenbach,POINT (7.567648780120091 49.44010131273376)
C4817,Steinwenden,POINT (7.511847494932182 49.460486221796046)
C4818,Erzenhausen,POINT (7.620714185837979 49.50469637447278)
C4819,Eulenbis,POINT (7.649963119607978 49.50240612240427)
C4820,Kollweiler,POINT (7.581476672894749 49.51601068146696)
C4821,Mackenbach,POINT (7.583365969773458 49.47469047922982)
C4822,Rodenbach,POINT (7.667689282508149 49.46782430339154)
C4823,Schwedelbach,POINT (7.587277411779652 49.49516447308514)
C4824,Weilerbach,POINT (7.626308832489085 49.470590137053215)
C4825,Reichenbach-Steegen,POINT (7.532071595907951 49.50170184861709)
C4826,Frankelbach,POINT (7.632892462611282 49.53100381540515)
C4827,Heiligenmoschel,POINT (7.756993005873334 49.55527164261897)
C4828,Hirschhorn/Pfalz,POINT (7.684094538106579 49.52205384777838)
C4829,Katzweiler,POINT (7.695402504220637 49.5037474779796)
C4830,Mehlbach,POINT (7.72094915145674 49.52432654603579)
C4831,Niederkirchen,POINT (7.695047474765363 49.57243087736779)
C4832,Olsbrücken,POINT (7.667173997753921 49.54140999741089)
C4833,Otterbach,POINT (7.735252447485083 49.48806101025667)
C4834,Otterberg,POINT (7.786668019124076 49.51051970599187)
C4835,Schallodenbach,POINT (7.710951870298301 49.54724409026768)
C4836,Schneckenhausen,POINT (7.7441472027344105 49.53783572552906)
C4837,Sulzbachtal,POINT (7.6480477802081595 49.518081201531125)
C4838,Bann,POINT (7.6359262982732155 49.39862051224173)
C4839,Hauptstuhl,POINT (7.496108054133163 49.39735799045763)
C4840,Kindsbach,POINT (7.627848573778869 49.41595017314865)
C4841,Krickenbach,POINT (7.675013066986292 49.367100231018505)
C4842,Landstuhl,POINT (7.55954741085881 49.40348997168332)
C4843,Linden,POINT (7.645059691105525 49.350055033003855)
C4844,Mittelbrunn,POINT (7.553334721255941 49.37519637869859)
C4845,Oberarnbach,POINT (7.5861078986777155 49.383337675021295)
C4846,Queidersbach,POINT (7.645588766996065 49.378819924795444)
C4847,Stelzenberg,POINT (7.722068340798881 49.37931114392138)
C4848,Trippstadt,POINT (7.782837415021467 49.351211039311615)
C4849,Schopp,POINT (7.704208516867524 49.35305496889649)
C4850,Adenbach,POINT (7.653772932507413 49.66454226878183)
C4851,Aschbach,POINT (7.5786397579411 49.59804436937733)
C4852,Buborn,POINT (7.540237036694968 49.638285057125955)
C4853,Cronenberg,POINT (7.6246426926796484 49.650517397821204)
C4854,Deimberg,POINT (7.517316985255438 49.630977902008944)
C4855,Einöllen,POINT (7.640128728285193 49.60579670220504)
C4856,Eßweiler,POINT (7.557518192853024 49.55982261577885)
C4857,Ginsweiler,POINT (7.645036328032498 49.647342569708655)
C4858,Glanbrücken,POINT (7.5269481765686415 49.611860648420745)
C4859,Grumbach,POINT (7.559306854615406 49.65831496748735)
C4860,Hausweiler,POINT (7.560320411672312 49.64654953682989)
C4861,Hefersweiler,POINT (7.686215360556807 49.60628767965558)
C4862,Heinzenhausen,POINT (7.610968908466023 49.62447259558879)
C4863,Herren-Sulzbach,POINT (7.5313140832054275 49.650334774798814)
C4864,Hinzweiler,POINT (7.560268621784939 49.587594602626055)
C4865,Hohenöllen,POINT (7.626996428876594 49.627053905230596)
C4866,Homberg,POINT (7.47293864348902 49.651350202997605)
C4867,Hoppstädten,POINT (7.534223685534948 49.69276707219701)
C4868,Jettenbach,POINT (7.557536359886031 49.53409149176454)
C4869,Kappeln,POINT (7.5653030375468555 49.67764688820915)
C4870,Kirrweiler,POINT (7.491616229648994 49.63640643009848)
C4871,Kreimbach-Kaulbach,POINT (7.632642834725619 49.55240447191655)
C4872,Langweiler,POINT (7.512697878664206 49.66935357138109)
C4873,Lauterecken,POINT (7.592049111616629 49.654262461401174)
C4874,Lohnweiler,POINT (7.595666615356975 49.627527277327914)
C4875,Medard,POINT (7.612114212274191 49.67127667598673)
C4876,Merzweiler,POINT (7.537178154485254 49.667635820966275)
C4877,Nerzweiler,POINT (7.557622985938157 49.60492995358667)
C4878,Nußbach,POINT (7.700950432235376 49.636450064999075)
C4879,Oberweiler im Tal,POINT (7.552063995601933 49.574245067910674)
C4880,Oberweiler-Tiefenbach,POINT (7.619015179382642 49.59875477381498)
C4881,Odenbach,POINT (7.64726709455913 49.68038269813009)
C4882,Offenbach-Hundheim,POINT (7.5555374391248185 49.620645498011555)
C4883,Reipoltskirchen,POINT (7.66301327274914 49.625325283622466)
C4884,Relsberg,POINT (7.663411847622683 49.596058694743725)
C4885,Rothselberg,POINT (7.593298518549936 49.54459313183871)
C4886,Rutsweiler an der Lauter,POINT (7.609324711784685 49.56736197703322)
C4887,Sankt Julian,POINT (7.490220785970862 49.60940118060032)
C4888,Unterjeckenbach,POINT (7.475683352558885 49.665390536338144)
C4889,Wiesweiler,POINT (7.569261073915857 49.636419144081664)
C4890,Wolfstein,POINT (7.613818501877597 49.58728828552702)
C4891,Altenkirchen,POINT (7.311939217098541 49.44262766404845)
C4892,Börsborn,POINT (7.401910987624676 49.442095094713316)
C4893,Breitenbach,POINT (7.27236573675551 49.436600882466756)
C4894,Brücken (Pfalz),POINT (7.362321631543367 49.428373823543495)
C4895,Dittweiler,POINT (7.323577626789831 49.42824351276767)
C4896,Dunzweiler,POINT (7.306039151609818 49.41133679418997)
C4897,Frohnhofen,POINT (7.302066460376002 49.45479968142995)
C4898,Glan-Münchweiler,POINT (7.43862982262003 49.46639862248087)
C4899,Gries,POINT (7.4018913169661325 49.423982399356866)
C4900,Henschtal,POINT (7.401150999978071 49.46592203511494)
C4901,Herschweiler-Pettersheim,POINT (7.350299452997748 49.477302634107886)
C4902,Hüffler,POINT (7.390360679481412 49.49667739777024)
C4903,Krottelbach,POINT (7.324149296401745 49.46652834823824)
C4904,Langenbach,POINT (7.319992066388241 49.48957290562403)
C4905,Nanzdietschweiler,POINT (7.434681563338708 49.4413985745207)
C4906,Ohmbach,POINT (7.346994027616211 49.45053659020711)
C4907,Rehweiler,POINT (7.437771268411577 49.486670385308905)
C4908,Schönenberg-Kübelberg,POINT (7.3709532991408295 49.40262634423682)
C4909,Steinbach am Glan,POINT (7.379719792622036 49.452079812060134)
C4910,Wahnwegen,POINT (7.372958358893802 49.48134785591529)
C4911,Waldmohr,POINT (7.344582903010494 49.38560191265861)
C4912,Matzenbach,POINT (7.462899468087268 49.49851846690678)
C4913,Quirnbach/Pfalz,POINT (7.406869341322969 49.47877669993487)
C4914,Albessen,POINT (7.330557417506798 49.5172276230567)
C4915,Altenglan,POINT (7.463804595946392 49.551014064099576)
C4916,Blaubach,POINT (7.402067378848651 49.55803465698613)
C4917,Bosenbach,POINT (7.514728871307573 49.54312134269156)
C4918,Dennweiler-Frohnbach,POINT (7.379281111884711 49.584966149855)
C4919,Ehweiler,POINT (7.360508226247159 49.523219085088854)
C4920,Elzweiler,POINT (7.514804131909042 49.56781080292289)
C4921,Erdesbach,POINT (7.434167068362769 49.57092082058398)
C4922,Etschberg,POINT (7.420709261919121 49.508120164424014)
C4923,Föckelberg,POINT (7.491268233119442 49.52744737757569)
C4924,Haschbach am Remigiusberg,POINT (7.428816507696754 49.52560524074034)
C4925,Herchweiler,POINT (7.296172596006225 49.51193999868653)
C4926,Horschbach,POINT (7.523442174691404 49.58364229277227)
C4927,Körborn,POINT (7.371813134269206 49.56837410538641)
C4928,Konken,POINT (7.352954370202588 49.505234398760074)
C4929,Kusel,POINT (7.396292905193356 49.537362364756184)
C4930,Neunkirchen am Potzberg,POINT (7.486839242311466 49.50971113578839)
C4931,Niederalben,POINT (7.457130815114758 49.621689224512565)
C4932,Niederstaufenbach,POINT (7.516097513531089 49.52869402111613)
C4933,Oberalben,POINT (7.406464367775242 49.579609158225246)
C4934,Oberstaufenbach,POINT (7.513186392992489 49.515252655749435)
C4935,Pfeffelbach,POINT (7.32503721191132 49.53980902611715)
C4936,Rammelsbach,POINT (7.442125364493321 49.54111148694378)
C4937,Rathsweiler,POINT (7.449383928968104 49.601636871776144)
C4938,Reichweiler,POINT (7.291136935798874 49.54442051228927)
C4939,Ruthweiler,POINT (7.3639828105495555 49.54837559011689)
C4940,Rutsweiler am Glan,POINT (7.462778442081913 49.52591761288039)
C4941,Schellweiler,POINT (7.394254687374365 49.51253485131735)
C4942,Selchenbach,POINT (7.297572991429074 49.49552641661116)
C4943,Thallichtenberg,POINT (7.345062679019801 49.5642559092771)
C4944,Theisbergstegen,POINT (7.444275064752776 49.51199603392686)
C4945,Ulmet,POINT (7.453259091444606 49.585183694820486)
C4946,Welchweiler,POINT (7.500478512272926 49.571973222427765)
C4947,Bedesbach,POINT (7.472480726198244 49.569031804407715)
C4948,Albersweiler,POINT (7.967815041016624 49.24602240195529)
C4949,Dernbach,POINT (8.00529687428236 49.24886484703041)
C4950,Eußerthal,POINT (7.970976619427713 49.245158398442456)
C4951,Gossersweiler-Stein,POINT (7.922039145222452 49.15513831598978)
C4952,Münchweiler am Klingbach,POINT (7.970207336311194 49.14970649039868)
C4953,Ramberg,POINT (8.007198448928625 49.26912571869416)
C4954,Rinnthal,POINT (7.915416515261198 49.23053167932197)
C4955,Silz,POINT (7.938736154868434 49.13788020355507)
C4956,Völkersweiler,POINT (7.939088423888746 49.17345753669799)
C4957,Waldhambach,POINT (7.9906014330296165 49.163225969477644)
C4958,Waldrohrbach,POINT (7.964397506974863 49.17121148193448)
C4959,Wernersberg,POINT (7.923411856568758 49.19072500965461)
C4960,Annweiler am Trifels,POINT (7.932299104254039 49.230585855964975)
C4961,Bad Bergzabern,POINT (7.9791711939119985 49.10853862339877)
C4962,Barbelroth,POINT (8.072506371147357 49.10157383115982)
C4963,Birkenhördt,POINT (7.933983585611322 49.111453225411)
C4964,Böllenborn,POINT (7.913891749446624 49.09103385197621)
C4965,Dierbach,POINT (8.058648791207405 49.080350070437774)
C4966,Dörrenbach,POINT (7.972199446044115 49.08827204422774)
C4967,Gleiszellen-Gleishorbach,POINT (7.996707215778005 49.12884491254654)
C4968,Hergersweiler,POINT (8.09287460380559 49.09283865665417)
C4969,Kapellen-Drusweiler,POINT (8.024998637864948 49.09259434149336)
C4970,Kapsweyer,POINT (8.025393415249779 49.03740063110298)
C4971,Klingenmünster,POINT (8.000761318598821 49.14299605187813)
C4972,Niederhorbach,POINT (8.036590102982508 49.114035725757276)
C4973,Niederotterbach,POINT (8.039917198476056 49.06662889498972)
C4974,Oberhausen,POINT (8.051447644728762 49.095413863539385)
C4975,Oberotterbach,POINT (7.95925803851009 49.074454255913125)
C4976,Oberschlettenbach,POINT (7.867570696867877 49.14183258794103)
C4977,Pleisweiler-Oberhofen,POINT (8.002898926791394 49.11722119055942)
C4978,Schweigen-Rechtenbach,POINT (7.9337691696769275 49.06003626668155)
C4979,Schweighofen,POINT (7.991096267408777 49.041842763372024)
C4980,Steinfeld,POINT (8.054690771398349 49.03778538225914)
C4981,Vorderweidenthal,POINT (7.88815352309996 49.12809875666501)
C4982,Altdorf,POINT (8.172066232287714 49.29228990807841)
C4983,Böbingen,POINT (8.209468363765442 49.28947963516016)
C4984,Burrweiler,POINT (8.04259495695598 49.26180855077628)
C4985,Edenkoben,POINT (8.06172686347525 49.29182712558316)
C4986,Edesheim,POINT (8.073052491649506 49.27599089848944)
C4987,Flemlingen,POINT (8.054290570258713 49.25709965400756)
C4988,Freimersheim (Pfalz),POINT (8.22760895657178 49.26820702152899)
C4989,Gleisweiler,POINT (8.036425554375604 49.24901022558437)
C4990,Gommersheim,POINT (8.246286473124757 49.29563582279901)
C4991,Großfischlingen,POINT (8.181625689116979 49.26815271420588)
C4992,Hainfeld,POINT (8.03523878684947 49.27583910364018)
C4993,Kleinfischlingen,POINT (8.19056122225239 49.26162827898366)
C4994,Rhodt unter Rietburg,POINT (8.048599104824536 49.28636791117086)
C4995,Roschbach,POINT (8.06224817357692 49.265500346391654)
C4996,Venningen,POINT (8.138728319410157 49.289455029962035)
C4997,Weyher in der Pfalz,POINT (8.042133993379137 49.27459210594742)
C4998,Herxheim bei Landau/Pfalz,POINT (8.212217348313386 49.14385297367929)
C4999,Herxheimweyher,POINT (8.252462974421308 49.15383760482309)
C5000,Insheim,POINT (8.15982588902633 49.1547204180539)
C5001,Rohrbach,POINT (8.140424137095582 49.141542891901146)
C5002,Billigheim-Ingenheim,POINT (8.090393745386425 49.127351197498655)
C5003,Birkweiler,POINT (7.9990551800546426 49.21708926540136)
C5004,Böchingen,POINT (8.048993869499618 49.24620525689921)
C5005,Eschbach,POINT (8.012356615754973 49.17267856526613)
C5006,Frankweiler,POINT (8.018582061772184 49.24485947000698)
C5007,Göcklingen,POINT (8.037125962996102 49.161157182359865)
C5008,Heuchelheim-Klingen,POINT (8.052536981698555 49.14109139792241)
C5009,Ilbesheim bei Landau in der Pfalz,POINT (8.036396590072668 49.18210863264647)
C5010,Impflingen,POINT (8.114820545601074 49.1625017248995)
C5011,Knöringen,POINT (8.143782910483324 49.23860445516336)
C5012,Leinsweiler,POINT (8.00734429438733 49.18791192706988)
C5013,Ranschbach,POINT (8.024736370156354 49.19729918138466)
C5014,Siebeldingen,POINT (7.983119506576481 49.24191212394588)
C5015,Walsheim,POINT (8.079971280280056 49.24779572284281)
C5016,Kirrweiler (Pfalz),POINT (8.104163585971483 49.3118443078829)
C5017,Maikammer,POINT (8.081101384738549 49.31055125605125)
C5018,Sankt Martin,POINT (8.071530689222485 49.302878024667436)
C5019,Bornheim,POINT (8.16858982869899 49.21752578189686)
C5020,Essingen,POINT (8.17672408857831 49.23538285407846)
C5021,Hochstadt (Pfalz),POINT (8.21556014419263 49.23697090007917)
C5022,Offenbach an der Queich,POINT (8.195629164541266 49.190378546026906)
C5023,Bobenheim-Roxheim,POINT (8.373576123830455 49.58503046109815)
C5024,Böhl-Iggelheim,POINT (8.321688672395005 49.362485356045006)
C5025,Limburgerhof,POINT (8.393135924541639 49.415239509217244)
C5026,Mutterstadt,POINT (8.347149326664338 49.44188585615287)
C5027,Schifferstadt,POINT (8.372790566708593 49.38135701431097)
C5028,Dannstadt-Schauernheim,POINT (8.31859703546011 49.42031439253802)
C5029,Hochdorf-Assenheim,POINT (8.283599320237645 49.416001682926094)
C5030,Rödersheim-Gronau,POINT (8.259008852704962 49.432416923860195)
C5031,Birkenheide,POINT (8.259956755412597 49.487172504478146)
C5032,Fußgönheim,POINT (8.293043246925796 49.46202643303673)
C5033,Maxdorf,POINT (8.291295328543885 49.48813259435272)
C5034,Beindersheim,POINT (8.32760039205874 49.56449337316321)
C5035,Großniedesheim,POINT (8.306020035978857 49.57697925604892)
C5036,Heßheim,POINT (8.297738417997307 49.54285124617612)
C5037,Heuchelheim bei Frankenthal,POINT (8.292420835764382 49.56616586846518)
C5038,Kleinniedesheim,POINT (8.321477660391235 49.58936770006055)
C5039,Lambsheim,POINT (8.28866002560735 49.51853429856861)
C5040,Dudenhofen,POINT (8.380573027193337 49.32093677220736)
C5041,Hanhofen,POINT (8.34461387685249 49.319136213715886)
C5042,Harthausen,POINT (8.347922866155708 49.298219501902906)
C5043,Römerberg,POINT (8.409738993045774 49.278208075973694)
C5044,Altrip,POINT (8.482310769564657 49.42848332624326)
C5045,Neuhofen,POINT (8.434162133185671 49.417302223810275)
C5046,Otterstadt,POINT (8.46523777289036 49.37165685601925)
C5047,Waldsee,POINT (8.449648661115312 49.39783531104864)
C5048,Bingen am Rhein,POINT (7.936107779965708 49.94765593532174)
C5049,Budenheim,POINT (8.171419578624233 50.01970295526106)
C5050,Ingelheim am Rhein,POINT (8.079874513006171 49.9782123188143)
C5051,Bacharach,POINT (7.7369641601809604 50.051663573602376)
C5052,Breitscheid,POINT (7.693060901093735 50.04625229318363)
C5053,Manubach,POINT (7.735057199893996 50.026789462989264)
C5054,Münster-Sarmsheim,POINT (7.879210394905095 49.9439937111308)
C5055,Niederheimbach,POINT (7.807458548837191 50.01884681170277)
C5056,Oberdiebach,POINT (7.762831081383347 50.026885456058906)
C5057,Oberheimbach,POINT (7.768318179970626 50.01235042971279)
C5058,Trechtingshausen,POINT (7.837088687904052 50.00400933427972)
C5059,Waldalgesheim,POINT (7.8147383547476315 49.96221329740335)
C5060,Weiler bei Bingen,POINT (7.8240955939522445 49.98177865553167)
C5061,Bodenheim,POINT (8.307923374018191 49.929001251939006)
C5062,Gau-Bischofsheim,POINT (8.281702144877356 49.91310621983846)
C5063,Harxheim,POINT (8.266374817031192 49.90763199837012)
C5064,Lörzweiler,POINT (8.298097966284224 49.89475711504103)
C5065,Nackenheim,POINT (8.33327798517504 49.91063873190127)
C5066,Appenheim,POINT (8.023784644175649 49.92559216078484)
C5067,Bubenheim,POINT (8.074797300153907 49.92036908435329)
C5068,Engelstadt,POINT (8.081237623201778 49.90683159913879)
C5069,Gau-Algesheim,POINT (8.009440777018941 49.94986734564799)
C5070,Nieder-Hilbersheim,POINT (8.041454302806066 49.91585765524234)
C5071,Ober-Hilbersheim,POINT (8.023679468681637 49.89895283321531)
C5072,Ockenheim,POINT (7.972383859016616 49.943078982453045)
C5073,Schwabenheim an der Selz,POINT (8.10916392598025 49.93849317902541)
C5074,Essenheim,POINT (8.155240484512683 49.935187045363435)
C5075,Jugenheim in Rheinhessen,POINT (8.08473077138644 49.89535405086258)
C5076,Klein-Winternheim,POINT (8.223402087061823 49.941690683798775)
C5077,Nieder-Olm,POINT (8.20227101082002 49.903643604987515)
C5078,Ober-Olm,POINT (8.190193285930112 49.93912006032445)
C5079,Sörgenloch,POINT (8.20124927937599 49.878493700181465)
C5080,Stadecken-Elsheim,POINT (8.139044191304121 49.9122448203703)
C5081,Zornheim,POINT (8.229000489758562 49.88716392185414)
C5082,Dalheim,POINT (8.286479257685373 49.83153175474284)
C5083,Dexheim,POINT (8.313150478314085 49.8426716375008)
C5084,Dienheim,POINT (8.345991884670266 49.83106657261687)
C5085,Dolgesheim,POINT (8.249210544289362 49.797877229797315)
C5086,Eimsheim,POINT (8.295061505859849 49.79303706701621)
C5087,Friesenheim,POINT (8.257272402070171 49.83352932899968)
C5088,Guntersblum,POINT (8.348043638493742 49.800909621308065)
C5089,Hahnheim,POINT (8.225209006487736 49.86304459190594)
C5090,Hillesheim,POINT (8.25196779864101 49.7798176091937)
C5091,Köngernheim,POINT (8.255869888457156 49.84774257106731)
C5092,Ludwigshöhe,POINT (8.361021001267904 49.81724827323882)
C5093,Mommenheim,POINT (8.270387233041047 49.883243140760165)
C5094,Nierstein,POINT (8.31690568493748 49.86940521214037)
C5095,Oppenheim,POINT (8.363407900458219 49.85024899922586)
C5096,Selzen,POINT (8.255436574639562 49.86637639861269)
C5097,Uelversheim,POINT (8.296281634499646 49.810743582221995)
C5098,Undenheim,POINT (8.217956661177043 49.83603402156083)
C5099,Weinolsheim,POINT (8.255911835866725 49.81668252089871)
C5100,Wintersheim,POINT (8.291288371392314 49.7791437809243)
C5101,Dorn-Dürkheim,POINT (8.278228545012126 49.764627201316394)
C5102,Aspisheim,POINT (7.985678524249161 49.907317140277904)
C5103,Badenheim,POINT (7.974218961339207 49.84150672827612)
C5104,Gensingen,POINT (7.936296623856152 49.895795316975644)
C5105,Grolsheim,POINT (7.922664116123672 49.913931035652794)
C5106,Horrweiler,POINT (7.964508608456784 49.89715697676371)
C5107,Sankt Johann,POINT (8.020168259658393 49.86986484945296)
C5108,Sprendlingen,POINT (7.99438939375769 49.866716335603186)
C5109,Welgesheim,POINT (7.965362132640807 49.882064337651144)
C5110,Zotzenheim,POINT (7.972797463995162 49.87571414091376)
C5111,Wolfsheim,POINT (8.042378045559431 49.873149902786146)
C5112,Bobenthal,POINT (7.862418520059565 49.06220273233444)
C5113,Busenberg,POINT (7.842580884651055 49.13626993829049)
C5114,Dahn,POINT (7.759787484724776 49.14689925228429)
C5115,Erfweiler,POINT (7.821587566533838 49.16253424582899)
C5116,Erlenbach bei Dahn,POINT (7.876556862450418 49.10554958564537)
C5117,Fischbach bei Dahn,POINT (7.697368883196527 49.090604412240864)
C5118,Hirschthal,POINT (7.757463369757647 49.050191633162456)
C5119,Ludwigswinkel,POINT (7.650435988107367 49.08643109283959)
C5120,Niederschlettenbach,POINT (7.845477991546803 49.085863015457846)
C5121,Nothweiler,POINT (7.809227795691846 49.06542111223393)
C5122,Rumbach,POINT (7.769408407643307 49.0898122618519)
C5123,Schindhard,POINT (7.817231065905343 49.13722725696958)
C5124,Schönau (Pfalz),POINT (7.7418163339672805 49.06498783675861)
C5125,Bruchweiler-Bärenbach,POINT (7.788712881450961 49.116054124304085)
C5126,Bundenthal,POINT (7.814580670454922 49.092859980630294)
C5127,Darstein,POINT (7.886598945938963 49.15248247495287)
C5128,Dimbach,POINT (7.899532273847332 49.16459368163339)
C5129,Hauenstein,POINT (7.839160755885811 49.18475981271021)
C5130,Hinterweidenthal,POINT (7.765180456642437 49.1899078759777)
C5131,Lug,POINT (7.900377370648806 49.18267367534345)
C5132,Schwanheim,POINT (7.879030710825853 49.16997052761885)
C5133,Spirkelbach,POINT (7.876554134138506 49.19989256443097)
C5134,Wilgartswiesen,POINT (7.83775198650842 49.24193928563835)
C5135,Eppenbrunn,POINT (7.583641003407598 49.104981833566704)
C5136,Hilst,POINT (7.530452023322131 49.11921623572853)
C5137,Kröppen,POINT (7.510876966140251 49.15679749868559)
C5138,Lemberg,POINT (7.66070933461481 49.151959303311884)
C5139,Obersimten,POINT (7.58245207276198 49.16157509800874)
C5140,Ruppertsweiler,POINT (7.70433068642495 49.193312038682606)
C5141,Schweix,POINT (7.508885458920747 49.13053362650459)
C5142,Trulben,POINT (7.5525222270807 49.137851056500665)
C5143,Vinningen,POINT (7.543545832133672 49.165980912757256)
C5144,Bottenbach,POINT (7.503581703770596 49.18872134449603)
C5145,Clausen,POINT (7.696685326221312 49.25936787821519)
C5146,Donsieders,POINT (7.639481251845245 49.2638412708142)
C5147,Leimen,POINT (7.790348219047638 49.28571939664325)
C5148,Merzalben,POINT (7.7661503759004535 49.24801401598379)
C5149,Münchweiler an der Rodalb,POINT (7.704922878168714 49.21558833442063)
C5150,Rodalben,POINT (7.6332123823563744 49.23821515660552)
C5151,Geiselberg,POINT (7.690096049105159 49.32731305559558)
C5152,Heltersberg,POINT (7.732080647324221 49.30147836671287)
C5153,Hermersberg,POINT (7.63102088624408 49.31252943656073)
C5154,Höheinöd,POINT (7.60517919206398 49.28897823267549)
C5155,Horbach,POINT (7.651973484977752 49.33311005777633)
C5156,Schmalenberg,POINT (7.739748212758087 49.332346824249626)
C5157,Steinalben,POINT (7.665987164262396 49.314860263509225)
C5158,Waldfischbach-Burgalben,POINT (7.6634665016755825 49.28585471369872)
C5159,Althornbach,POINT (7.374674674101886 49.205731474118195)
C5160,Battweiler,POINT (7.458057007196692 49.28117102777293)
C5161,Bechhofen,POINT (7.41459207004281 49.35053384609915)
C5162,Contwig,POINT (7.440072353514064 49.24371150262158)
C5163,Dellfeld,POINT (7.47865549868325 49.23650599044894)
C5164,Dietrichingen,POINT (7.4236613838070635 49.19884463597923)
C5165,Großbundenbach,POINT (7.423923454394813 49.30008122626191)
C5166,Großsteinhausen,POINT (7.452323476865077 49.19231191704011)
C5167,Hornbach,POINT (7.35432437436745 49.1852943870599)
C5168,Käshofen,POINT (7.415294962341537 49.32538045534675)
C5169,Kleinbundenbach,POINT (7.4475574867994405 49.30914830448881)
C5170,Kleinsteinhausen,POINT (7.471284622768901 49.19835003956026)
C5171,Mauschbach,POINT (7.394737838585986 49.18744793042393)
C5172,Riedelberg,POINT (7.460087482668169 49.17329648165918)
C5173,Rosenkopf,POINT (7.43902061392775 49.343281450081996)
C5174,Walshausen,POINT (7.470486578014067 49.21421914394577)
C5175,Wiesbach,POINT (7.45869616006488 49.33886104202183)
C5176,Herschberg,POINT (7.552412622275412 49.29680005375977)
C5177,Hettenhausen,POINT (7.5550016264128566 49.33951806769241)
C5178,Höheischweiler,POINT (7.5463258953071275 49.229623725749505)
C5179,Höhfröschen,POINT (7.554843030635154 49.24597467417871)
C5180,Nünschweiler,POINT (7.509163769723741 49.21818143712939)
C5181,Petersberg,POINT (7.585041748287255 49.23911950951054)
C5182,Saalstadt,POINT (7.554079687653534 49.324458491435614)
C5183,Schauerberg,POINT (7.5777104126812915 49.307056152500664)
C5184,Thaleischweiler-Fröschen,POINT (7.57771317952472 49.26280934800274)
C5185,Weselberg,POINT (7.601433708935444 49.33700777090378)
C5186,Biedershausen,POINT (7.491331091487196 49.317218355518534)
C5187,Knopp-Labach,POINT (7.508161517414558 49.33880571421263)
C5188,Krähenberg,POINT (7.4723969557982315 49.3282364464162)
C5189,Maßweiler,POINT (7.52918331516945 49.27050929415662)
C5190,Obernheim-Kirchenarnbach,POINT (7.583204851090763 49.360062394395456)
C5191,Reifenberg,POINT (7.497781659621172 49.283792341403974)
C5192,Rieschweiler-Mühlbach,POINT (7.508066343753789 49.25028291251538)
C5193,Schmitshausen,POINT (7.514020902808377 49.302185005982984)
C5194,Wallhalben,POINT (7.514355374882834 49.31904800254203)
C5195,Winterbach (Pfalz),POINT (7.467240497415068 49.301255982121596)
C5196,Stuttgart,POINT (9.172060166071283 48.775094522228635)
C5197,Böblingen,POINT (9.019882580561713 48.68201727871623)
C5198,Leonberg,POINT (9.007006171741518 48.79047901075932)
C5199,Magstadt,POINT (8.979654699119818 48.745127715516595)
C5200,Renningen,POINT (8.924515262361483 48.772224201212154)
C5201,Rutesheim,POINT (8.932550484959318 48.81171571554546)
C5202,Schönaich,POINT (9.066749357059871 48.65786312093184)
C5203,Sindelfingen,POINT (9.004203004673569 48.712447178762986)
C5204,Weil der Stadt,POINT (8.864078194608984 48.75996388548827)
C5205,Weil im Schönbuch,POINT (9.061018596405985 48.618056037037526)
C5206,Weissach,POINT (8.92175508707677 48.842366822436595)
C5207,Aidlingen,POINT (8.878895726640879 48.67874594055667)
C5208,Grafenau,POINT (8.904052161853421 48.7129850271673)
C5209,Ehningen,POINT (8.945954696954699 48.656176664059366)
C5210,Gärtringen,POINT (8.897942460798037 48.64000275389781)
C5211,Deckenpfronn,POINT (8.823077162993103 48.64944888830375)
C5212,Herrenberg,POINT (8.869849385515778 48.597480535905724)
C5213,Nufringen,POINT (8.896886821322845 48.621403517597486)
C5214,Altdorf,POINT (9.002166873547829 48.60865665024201)
C5215,Hildrizhausen,POINT (8.96231397473016 48.61790617925444)
C5216,Holzgerlingen,POINT (9.01710400316881 48.63825715211497)
C5217,Bondorf,POINT (8.825950619724903 48.522281273306305)
C5218,Gäufelden,POINT (8.84233375526985 48.554630188573775)
C5219,Mötzingen,POINT (8.781178085713373 48.53672190964604)
C5220,Jettingen,POINT (8.78114627928223 48.576119248303094)
C5221,Steinenbronn,POINT (9.119808561185607 48.66269426553581)
C5222,Waldenbuch,POINT (9.131126976802918 48.62985098394876)
C5223,Denkendorf,POINT (9.32099018582091 48.69376181224984)
C5224,Esslingen am Neckar,POINT (9.326360210501358 48.741267159235946)
C5225,Neuhausen auf den Fildern,POINT (9.276945323951026 48.68117291849353)
C5226,Wernau (Neckar),POINT (9.421486331387548 48.68934879177302)
C5227,Aichwald,POINT (9.387566002302691 48.76287947433563)
C5228,Filderstadt,POINT (9.216285407237104 48.65985392681024)
C5229,Leinfelden-Echterdingen,POINT (9.147469118382011 48.68605824981828)
C5230,Ostfildern,POINT (9.261387812799123 48.71785468648575)
C5231,Aichtal,POINT (9.21864401125227 48.625208298454595)
C5232,Dettingen unter Teck,POINT (9.443740498854188 48.611693301139404)
C5233,Kirchheim unter Teck,POINT (9.45652329013052 48.642716258943395)
C5234,Notzingen,POINT (9.464324408933674 48.67460828850838)
C5235,Erkenbrechtsweiler,POINT (9.427826780624839 48.55103872608204)
C5236,Owen,POINT (9.443325211919461 48.58663803264382)
C5237,Lenningen,POINT (9.502101388934417 48.548341284212825)
C5238,Altdorf,POINT (9.276073304602317 48.592692336945206)
C5239,Altenriet,POINT (9.211381832152153 48.59191714607133)
C5240,Bempflingen,POINT (9.277640271123476 48.57560927848696)
C5241,Neckartailfingen,POINT (9.266898889652733 48.61109729759916)
C5242,Neckartenzlingen,POINT (9.237717046920153 48.58402941820461)
C5243,Schlaitdorf,POINT (9.216544153697686 48.60750251510497)
C5244,Beuren,POINT (9.405004917503051 48.5756273744438)
C5245,Kohlberg,POINT (9.33290169288926 48.56144693828241)
C5246,Neuffen,POINT (9.369087090768133 48.55307674851214)
C5247,Frickenhausen,POINT (9.360736826488287 48.58601258232185)
C5248,Großbettlingen,POINT (9.305606515046469 48.58826535608021)
C5249,Nürtingen,POINT (9.340536341914333 48.619562937421456)
C5250,Oberboihingen,POINT (9.377018550185696 48.645163041273)
C5251,Unterensingen,POINT (9.339863245053662 48.66149522777006)
C5252,Wolfschlugen,POINT (9.288997028891883 48.655020646652574)
C5253,Altbach,POINT (9.380312967826937 48.726012757784254)
C5254,Deizisau,POINT (9.385488977827332 48.70976925082896)
C5255,Plochingen,POINT (9.420969197035813 48.71869049319662)
C5256,Baltmannsweiler,POINT (9.444171997169105 48.7502789192089)
C5257,Hochdorf,POINT (9.467873627056166 48.694518866166234)
C5258,Lichtenwald,POINT (9.48318662904995 48.746253456743204)
C5259,Reichenbach an der Fils,POINT (9.46723407136121 48.71606091965621)
C5260,Bissingen an der Teck,POINT (9.50311419725078 48.587392420143146)
C5261,Holzmaden,POINT (9.527542464070438 48.637355180581)
C5262,Neidlingen,POINT (9.5649026773161 48.57546405824262)
C5263,Ohmden,POINT (9.530808283688772 48.64981949086044)
C5264,Weilheim an der Teck,POINT (9.54749695490778 48.6091090872343)
C5265,Köngen,POINT (9.357120493110553 48.68708175493198)
C5266,Wendlingen am Neckar,POINT (9.390561577381852 48.669709771305705)
C5267,Böhmenkirch,POINT (9.923883377346897 48.68744928853582)
C5268,Bad Ditzenbach,POINT (9.69092009612425 48.58705758957837)
C5269,Deggingen,POINT (9.72082243525857 48.60759763781458)
C5270,Ebersbach an der Fils,POINT (9.519895331237718 48.71241412214856)
C5271,Schlierbach,POINT (9.522499275992816 48.67400162060968)
C5272,Eislingen/Fils,POINT (9.71590099882311 48.70276752831797)
C5273,Ottenbach,POINT (9.754895505512316 48.73415454782915)
C5274,Salach,POINT (9.753547547258657 48.69692103135174)
C5275,Bad Überkingen,POINT (9.767609892248673 48.61691865335716)
C5276,Geislingen an der Steige,POINT (9.836333343049606 48.611278863888934)
C5277,Kuchen,POINT (9.793743519989762 48.63779774715993)
C5278,Göppingen,POINT (9.666365517198138 48.70984083167475)
C5279,Schlat,POINT (9.705954797751282 48.652354841680925)
C5280,Wäschenbeuren,POINT (9.6889172277747 48.76138278614446)
C5281,Wangen,POINT (9.603320435941985 48.73405740710593)
C5282,Donzdorf,POINT (9.81434501393192 48.69221234458668)
C5283,Gingen an der Fils,POINT (9.775613699451235 48.65746291084442)
C5284,Süßen,POINT (9.747479816090129 48.672605606580404)
C5285,Lauterstein,POINT (9.892857574828929 48.71987550239944)
C5286,Drackenstein,POINT (9.686317350018895 48.552684963193045)
C5287,Gruibingen,POINT (9.630237107647874 48.6023541780007)
C5288,Hohenstadt,POINT (9.665611707886201 48.53736161118537)
C5289,Mühlhausen im Täle,POINT (9.65374726761934 48.57467502467424)
C5290,Wiesensteig,POINT (9.607858146759417 48.558728448589655)
C5291,Adelberg,POINT (9.596235556503691 48.76174815252898)
C5292,Birenbach,POINT (9.661760417365388 48.75184627023057)
C5293,Börtlingen,POINT (9.635481995693128 48.75953935482137)
C5294,Rechberghausen,POINT (9.643154091133162 48.73477495757239)
C5295,Aichelberg,POINT (9.564710559305338 48.63185817194599)
C5296,Bad Boll,POINT (9.606900478077563 48.63706013021297)
C5297,Dürnau,POINT (9.6346419050604 48.639985351600316)
C5298,Gammelshausen,POINT (9.651610318967366 48.63956896549262)
C5299,Hattenhofen,POINT (9.567938278474799 48.66648348462245)
C5300,Zell unter Aichelberg,POINT (9.5750763169884 48.64800050640541)
C5301,Albershausen,POINT (9.558712846191714 48.68908659424981)
C5302,Uhingen,POINT (9.566126541200177 48.721558244618976)
C5303,Eschenbach,POINT (9.675666694769342 48.65698436386401)
C5304,Heiningen,POINT (9.656349223592205 48.660622616488965)
C5305,Asperg,POINT (9.142794158437225 48.906049141686495)
C5306,Ditzingen,POINT (9.023488232945077 48.838586615945594)
C5307,Gerlingen,POINT (9.062874053351345 48.78845230918357)
C5308,Großbottwar,POINT (9.285696138805811 49.009098352482276)
C5309,Kornwestheim,POINT (9.186616571310324 48.866576189537504)
C5310,Ludwigsburg,POINT (9.217094446014832 48.90382718899145)
C5311,Markgröningen,POINT (9.068985020619456 48.91050331518933)
C5312,Möglingen,POINT (9.133325300450732 48.87906731728024)
C5313,Oberstenfeld,POINT (9.353732644671467 49.03022633143249)
C5314,Sachsenheim,POINT (9.003537081193587 49.0001294087293)
C5315,Korntal-Münchingen,POINT (9.102310129694384 48.84803451324334)
C5316,Remseck am Neckar,POINT (9.2662591372439 48.87744563109409)
C5317,Besigheim,POINT (9.172292496956192 49.00257704922771)
C5318,Freudental,POINT (9.052261772370715 49.009012923441766)
C5319,Gemmrigheim,POINT (9.167888223883386 49.02572347522713)
C5320,Hessigheim,POINT (9.184673704540295 48.99895723837538)
C5321,Löchgau,POINT (9.097942484530188 48.99608497477066)
C5322,Mundelsheim,POINT (9.222474539238176 49.00301102740235)
C5323,Walheim,POINT (9.1381213004864 49.01425294394763)
C5324,Tamm,POINT (9.124675496475342 48.9245459779683)
C5325,Ingersheim,POINT (9.183764950886484 48.96782772264394)
C5326,Bietigheim-Bissingen,POINT (9.118569203624 48.95531171326737)
C5327,Bönnigheim,POINT (9.087658624559833 49.03372163630198)
C5328,Erligheim,POINT (9.08859895156888 49.01781614155398)
C5329,Kirchheim am Neckar,POINT (9.141627556776827 49.04576521634656)
C5330,Pleidelsheim,POINT (9.227794614444251 48.961352751446555)
C5331,Freiberg am Neckar,POINT (9.18938639647404 48.93339913304667)
C5332,Affalterbach,POINT (9.338051121119943 48.919126616161016)
C5333,Benningen am Neckar,POINT (9.236896087775365 48.941361346821566)
C5334,Erdmannhausen,POINT (9.302088961447687 48.94117035684654)
C5335,Marbach am Neckar,POINT (9.298195786480537 48.94494068212202)
C5336,Hemmingen,POINT (9.023726791815486 48.86713179160427)
C5337,Schwieberdingen,POINT (9.076515368308613 48.87707415883588)
C5338,Murr,POINT (9.263895979684456 48.969005885812955)
C5339,Steinheim an der Murr,POINT (9.282137831812559 48.97705880464703)
C5340,Eberdingen,POINT (8.96178057387191 48.88349199503487)
C5341,Oberriexingen,POINT (9.022477910666229 48.9363947603686)
C5342,Sersheim,POINT (9.015066196425213 48.96294030972243)
C5343,Vaihingen an der Enz,POINT (8.965603091931232 48.94730854111452)
C5344,Alfdorf,POINT (9.703332994677522 48.858902410804106)
C5345,Fellbach,POINT (9.273975095333041 48.821997965233095)
C5346,Korb,POINT (9.367218910745938 48.84373184846786)
C5347,Murrhardt,POINT (9.607908849328323 48.97533844658332)
C5348,Rudersberg,POINT (9.53799803351763 48.880009620459646)
C5349,Waiblingen,POINT (9.330512027582168 48.8517851530509)
C5350,Berglen,POINT (9.470228175091336 48.854696030832244)
C5351,Remshalden,POINT (9.434918313945232 48.81643842499175)
C5352,Weinstadt,POINT (9.3896099108783 48.7981432655649)
C5353,Kernen im Remstal,POINT (9.329463913057632 48.791595913342256)
C5354,Allmersbach im Tal,POINT (9.469907355466965 48.904728659694136)
C5355,Althütte,POINT (9.564563518202371 48.92897483187179)
C5356,Auenwald,POINT (9.519560145309038 48.94573181053311)
C5357,Backnang,POINT (9.438803289460857 48.94522607738036)
C5358,Burgstetten,POINT (9.384557246234744 48.92651064419036)
C5359,Kirchberg an der Murr,POINT (9.346696367103323 48.94756001251852)
C5360,Oppenweiler,POINT (9.459019166697562 48.99372701556428)
C5361,Weissach im Tal,POINT (9.496116036743274 48.92169412741111)
C5362,Aspach,POINT (9.390588672516225 48.989978569620625)
C5363,Plüderhausen,POINT (9.609029371833818 48.80697582694224)
C5364,Urbach,POINT (9.58413223846043 48.823081157039816)
C5365,Schorndorf,POINT (9.529737104657999 48.79890701075264)
C5366,Winterbach,POINT (9.471005047872021 48.791768064775425)
C5367,Großerlach,POINT (9.550819042198043 49.04541355908931)
C5368,Spiegelberg,POINT (9.446860046107746 49.04509343848446)
C5369,Sulzbach an der Murr,POINT (9.51094948733207 49.01212306579239)
C5370,Kaisersbach,POINT (9.644382038857422 48.920002574155276)
C5371,Welzheim,POINT (9.62232266794182 48.880302449266765)
C5372,Leutenbach,POINT (9.3870657317412 48.8995604056217)
C5373,Schwaikheim,POINT (9.352663138111001 48.874895062060425)
C5374,Winnenden,POINT (9.417105121116077 48.87147499406436)
C5375,Heilbronn,POINT (9.182490353187351 49.15246331331208)
C5376,Bad Wimpfen,POINT (9.148273632433344 49.22656602864915)
C5377,Gundelsheim,POINT (9.190198493974444 49.29227725648464)
C5378,Leingarten,POINT (9.112232280997407 49.14584262855181)
C5379,Neudenau,POINT (9.284016034008575 49.29697769224599)
C5380,Wüstenrot,POINT (9.468592566546487 49.09282776017419)
C5381,Bad Friedrichshall,POINT (9.217919703881604 49.2400453845268)
C5382,Oedheim,POINT (9.266543897317653 49.23755220669263)
C5383,Offenau,POINT (9.170441368161287 49.24697864775792)
C5384,Bad Rappenau,POINT (9.064548276825883 49.239276833468494)
C5385,Kirchardt,POINT (8.989521603539416 49.20028633176411)
C5386,Siegelsbach,POINT (9.087969727036306 49.26967054777824)
C5387,Brackenheim,POINT (9.065226160202705 49.08366685327894)
C5388,Cleebronn,POINT (9.027977861486685 49.0418615213888)
C5389,Eppingen,POINT (8.907149770016124 49.137487977276514)
C5390,Gemmingen,POINT (8.978686248279779 49.153472154737976)
C5391,Ittlingen,POINT (8.927792295261172 49.19528778884195)
C5392,Flein,POINT (9.22627163561675 49.09963068257411)
C5393,Talheim,POINT (9.201295515747375 49.085107242685254)
C5394,Lauffen am Neckar,POINT (9.16790175361887 49.075248563720486)
C5395,Neckarwestheim,POINT (9.208440776063409 49.04095623319635)
C5396,Nordheim,POINT (9.112160974959744 49.11183938461845)
C5397,Jagsthausen,POINT (9.466147726048625 49.30986807558778)
C5398,Möckmühl,POINT (9.355229896163365 49.32483581834626)
C5399,Roigheim,POINT (9.337027299640637 49.364518862651536)
C5400,Widdern,POINT (9.425152305968968 49.32900815315664)
C5401,Erlenbach,POINT (9.266821510906563 49.17903399925195)
C5402,Neckarsulm,POINT (9.235223109591994 49.198634746260524)
C5403,Untereisesheim,POINT (9.19459480075901 49.21017143745299)
C5404,Neuenstadt am Kocher,POINT (9.32364768293066 49.23979588559216)
C5405,Hardthausen am Kocher,POINT (9.391432518949584 49.26544333357656)
C5406,Langenbrettach,POINT (9.396630493837616 49.21441570772296)
C5407,Güglingen,POINT (9.001832538159013 49.065319785354845)
C5408,Pfaffenhofen,POINT (8.958664261339065 49.05689388746127)
C5409,Zaberfeld,POINT (8.908355222188176 49.062197416213)
C5410,Löwenstein,POINT (9.391386375840499 49.09499793170549)
C5411,Obersulm,POINT (9.38753093076915 49.131952126733104)
C5412,Abstatt,POINT (9.308606989690793 49.07243052902131)
C5413,Beilstein,POINT (9.35245285935079 49.053808693265715)
C5414,Ilsfeld,POINT (9.25442576124688 49.05774394864061)
C5415,Untergruppenbach,POINT (9.307070973221558 49.09418736046851)
C5416,Massenbachhausen,POINT (9.033726740526383 49.18120694514315)
C5417,Schwaigern,POINT (9.030004244800482 49.13850997444159)
C5418,Eberstadt,POINT (9.325736028019199 49.182948924047565)
C5419,Ellhofen,POINT (9.324150565482057 49.14572036425772)
C5420,Lehrensteinsfeld,POINT (9.324730536553279 49.12313693422346)
C5421,Weinsberg,POINT (9.30124385996099 49.15383807782467)
C5422,Bretzfeld,POINT (9.438537016947617 49.1567384418448)
C5423,Schöntal,POINT (9.531286026057414 49.3488700345145)
C5424,Kupferzell,POINT (9.696675343613913 49.219252514073645)
C5425,Neuenstein,POINT (9.596405280372451 49.218440057883015)
C5426,Waldenburg,POINT (9.640224498054708 49.16970143068687)
C5427,Dörzbach,POINT (9.717271635719309 49.37399432381804)
C5428,Krautheim,POINT (9.63580851270003 49.38791925925698)
C5429,Mulfingen,POINT (9.801620022485816 49.34599248142441)
C5430,Ingelfingen,POINT (9.678969728110346 49.32155427560329)
C5431,Künzelsau,POINT (9.731023001328841 49.27694241491496)
C5432,Forchtenberg,POINT (9.53361692992208 49.283184668804246)
C5433,Niedernhall,POINT (9.613282118241527 49.27838167190783)
C5434,Weißbach,POINT (9.600811686686457 49.31274011414111)
C5435,Öhringen,POINT (9.50160426674741 49.21043917318752)
C5436,Pfedelbach,POINT (9.534070913898866 49.15342911240818)
C5437,Zweiflingen,POINT (9.508583331561674 49.25397745663514)
C5438,Blaufelden,POINT (9.966249934858347 49.30341336003448)
C5439,Mainhardt,POINT (9.57060136779185 49.08665024699669)
C5440,Schrozberg,POINT (10.001683092788571 49.350774600725366)
C5441,Braunsbach,POINT (9.790130415771726 49.206131887298156)
C5442,Untermünkheim,POINT (9.730818162233899 49.16776072933146)
C5443,Crailsheim,POINT (10.055379933624268 49.13112723179802)
C5444,Satteldorf,POINT (10.092562350275728 49.18351225783171)
C5445,Frankenhardt,POINT (9.995717652977229 49.0773307121066)
C5446,Stimpfach,POINT (10.12285069058281 49.06873094191402)
C5447,Kreßberg,POINT (10.191228595582833 49.135879841419325)
C5448,Fichtenau,POINT (10.207047397467585 49.07221821356746)
C5449,Gerabronn,POINT (9.916961369686575 49.24550406407038)
C5450,Langenburg,POINT (9.855831757313455 49.25713099180057)
C5451,Ilshofen,POINT (9.898314383225145 49.174038851028286)
C5452,Vellberg,POINT (9.905128623346139 49.1069811057639)
C5453,Wolpertshausen,POINT (9.852582417570108 49.16467261308768)
C5454,Fichtenberg,POINT (9.712012997640159 48.98542719747362)
C5455,Gaildorf,POINT (9.775183663590685 49.00274809143326)
C5456,Oberrot,POINT (9.654225972480829 49.02160815752893)
C5457,Sulzbach-Laufen,POINT (9.855415652040021 48.95764360106073)
C5458,Bühlertann,POINT (9.930139528489503 49.03260691271158)
C5459,Bühlerzell,POINT (9.930360415426668 48.99544492510245)
C5460,Obersontheim,POINT (9.859690697389762 49.04755339726263)
C5461,Kirchberg an der Jagst,POINT (9.977136869315244 49.20301903278352)
C5462,Rot am See,POINT (10.060502988655767 49.26569904150901)
C5463,Wallhausen,POINT (10.085943662115755 49.224797709405856)
C5464,Michelbach an der Bilz,POINT (9.767455116451814 49.06901684287845)
C5465,Michelfeld,POINT (9.646688897718366 49.11511185401107)
C5466,Schwäbisch Hall,POINT (9.761005797551434 49.110954571699715)
C5467,Rosengarten,POINT (9.70721777008098 49.06064607006338)
C5468,Creglingen,POINT (10.0685078091949 49.45348206339344)
C5469,Freudenberg,POINT (9.364490752156108 49.744403950185465)
C5470,Külsheim,POINT (9.507393306546453 49.67295875022271)
C5471,Niederstetten,POINT (9.937092283059263 49.40281127992199)
C5472,Weikersheim,POINT (9.912109623904163 49.482849569379226)
C5473,Wertheim,POINT (9.5222772230004 49.74316376517681)
C5474,Lauda-Königshofen,POINT (9.714933059490802 49.55540975176128)
C5475,Assamstadt,POINT (9.679763759359183 49.42934255169427)
C5476,Bad Mergentheim,POINT (9.773645078344725 49.45474954651008)
C5477,Igersheim,POINT (9.846452911955195 49.52851289771492)
C5478,Boxberg,POINT (9.635134453816491 49.490203261457715)
C5479,Ahorn,POINT (9.546077913439163 49.492056489450476)
C5480,Grünsfeld,POINT (9.765149549436062 49.61702789516945)
C5481,Wittighausen,POINT (9.829704886496119 49.61307797118039)
C5482,Großrinderfeld,POINT (9.771500044855847 49.67935666405612)
C5483,Königheim,POINT (9.564615641524561 49.59605287767744)
C5484,Tauberbischofsheim,POINT (9.655352387631487 49.622619671261944)
C5485,Werbach,POINT (9.660188990326 49.68855050091671)
C5486,Dischingen,POINT (10.40072278805935 48.703706756930146)
C5487,Gerstetten,POINT (10.04512618021559 48.61905769036467)
C5488,Herbrechtingen,POINT (10.156500830755252 48.613788740342315)
C5489,Königsbronn,POINT (10.103591495411576 48.73904301871495)
C5490,Steinheim am Albuch,POINT (10.037729119942421 48.69005261696681)
C5491,Giengen an der Brenz,POINT (10.241497068772626 48.61822279697271)
C5492,Hermaringen,POINT (10.264961280626926 48.59794700040698)
C5493,Heidenheim an der Brenz,POINT (10.186906948182079 48.708301712305754)
C5494,Nattheim,POINT (10.271854509757091 48.71359175596188)
C5495,Niederstotzingen,POINT (10.22472967106478 48.54669337311553)
C5496,Sontheim an der Brenz,POINT (10.280619981821884 48.55363461642921)
C5497,Abtsgmünd,POINT (9.961548015229134 48.91227729838991)
C5498,Gschwend,POINT (9.754509805022801 48.933389642025)
C5499,Lorch,POINT (9.677709606921848 48.7973888080893)
C5500,Neresheim,POINT (10.328489359131627 48.782143525668765)
C5501,Oberkochen,POINT (10.10048143748168 48.78094154418692)
C5502,Essingen,POINT (10.020622650751283 48.79308736384886)
C5503,Hüttlingen,POINT (10.090682460540169 48.90037689354482)
C5504,Aalen,POINT (10.121352782941862 48.83615064367569)
C5505,Bopfingen,POINT (10.343631664128194 48.859418877132185)
C5506,Kirchheim am Ries,POINT (10.403682974272737 48.881016219762984)
C5507,Riesbürg,POINT (10.42866485636815 48.841598183505845)
C5508,Adelmannsfelden,POINT (9.968340193361158 48.96026172765995)
C5509,Ellenberg,POINT (10.219323276310778 49.014255238026585)
C5510,Ellwangen (Jagst),POINT (10.18121456907043 48.96398480294331)
C5511,Jagstzell,POINT (10.120323515527351 49.028995778528405)
C5512,Neuler,POINT (10.05302336866456 48.93546336058382)
C5513,Rosenberg,POINT (10.030049827904895 49.01025509827279)
C5514,Wört,POINT (10.268864287036468 49.030512005218405)
C5515,Rainau,POINT (10.15098376376909 48.9206716049748)
C5516,Lauchheim,POINT (10.258916106677102 48.868845494218846)
C5517,Westhausen,POINT (10.208600977729576 48.88982886736688)
C5518,Eschach,POINT (9.856973316482614 48.8966451936143)
C5519,Göggingen,POINT (9.89472073055635 48.85923747810895)
C5520,Iggingen,POINT (9.883612779371221 48.83538531105023)
C5521,Leinzell,POINT (9.871042614848154 48.85034115715604)
C5522,Obergröningen,POINT (9.909890962082304 48.90259327951604)
C5523,Schechingen,POINT (9.927268235363194 48.87398420066465)
C5524,Bartholomä,POINT (9.96374907077187 48.744467898209955)
C5525,Böbingen an der Rems,POINT (9.92040441515727 48.817461205771984)
C5526,Heubach,POINT (9.944811186644024 48.786991052164794)
C5527,Heuchlingen,POINT (9.95128030048253 48.84893526376657)
C5528,Mögglingen,POINT (9.962256308860233 48.825578573739314)
C5529,Schwäbisch Gmünd,POINT (9.822501214482935 48.78513883758561)
C5530,Waldstetten,POINT (9.825603894163692 48.74823185980116)
C5531,Durlangen,POINT (9.790773516201234 48.85736535241661)
C5532,Mutlangen,POINT (9.78697027269825 48.83331562651993)
C5533,Ruppertshofen,POINT (9.806774653352097 48.89028159121556)
C5534,Spraitbach,POINT (9.765076450012733 48.88417680714433)
C5535,Täferrot,POINT (9.836716027094171 48.85989997892922)
C5536,Stödtlen,POINT (10.316313106318585 48.99949842917931)
C5537,Tannhausen,POINT (10.360563775306305 48.97623896962269)
C5538,Unterschneidheim,POINT (10.368242525554306 48.93526796855247)
C5539,Baden-Baden,POINT (8.231990067695 48.74840295828571)
C5540,Karlsruhe,POINT (8.412634232386067 49.01160066799132)
C5541,Ettlingen,POINT (8.406136175798324 48.92731496703294)
C5542,Malsch,POINT (8.347645355701632 48.88350581058916)
C5543,Marxzell,POINT (8.448471628204594 48.85268661179652)
C5544,Östringen,POINT (8.752242241149288 49.189842455948515)
C5545,Ubstadt-Weiher,POINT (8.643103826770819 49.17749833757148)
C5546,Walzbachtal,POINT (8.601784706578353 49.02093443985078)
C5547,Weingarten (Baden),POINT (8.53616413383209 49.05528759730331)
C5548,Karlsbad,POINT (8.50342070584705 48.905043096276984)
C5549,Kraichtal,POINT (8.733141644688578 49.13343383455976)
C5550,Pfinztal,POINT (8.5422706471384 48.99175732217163)
C5551,Eggenstein-Leopoldshafen,POINT (8.385998461609775 49.0908666129309)
C5552,Linkenheim-Hochstetten,POINT (8.40766376558641 49.127815206547176)
C5553,Waghäusel,POINT (8.536381373575084 49.230982077601396)
C5554,Rheinstetten,POINT (8.31570011354973 48.96497241579676)
C5555,Stutensee,POINT (8.476196771901668 49.09139163241708)
C5556,Waldbronn,POINT (8.469916925486327 48.923886114720034)
C5557,Kronau,POINT (8.613514557817664 49.226336278937886)
C5558,Bad Schönborn,POINT (8.642573068296649 49.213397291930576)
C5559,Bretten,POINT (8.702899456828549 49.0438663568672)
C5560,Gondelsheim,POINT (8.644409337971933 49.05651888988911)
C5561,Bruchsal,POINT (8.59323689166493 49.11232041922214)
C5562,Forst,POINT (8.587088237675363 49.16077933066921)
C5563,Hambrücken,POINT (8.551279746333208 49.19365107791965)
C5564,Karlsdorf-Neuthard,POINT (8.536494753705284 49.140963660152494)
C5565,Graben-Neudorf,POINT (8.479374872686602 49.155000640123475)
C5566,Dettenheim,POINT (8.421020062202778 49.17206742079033)
C5567,Kürnbach,POINT (8.846272232856249 49.077318211708665)
C5568,Oberderdingen,POINT (8.79208727867384 49.068364945385824)
C5569,Philippsburg,POINT (8.444763346580727 49.221356602975014)
C5570,Oberhausen-Rheinhausen,POINT (8.493582477421883 49.26687457244513)
C5571,Sulzfeld,POINT (8.862235505317143 49.106291837406175)
C5572,Zaisenhausen,POINT (8.811392733338941 49.10778330680097)
C5573,Bühlertal,POINT (8.193292075807074 48.678623282922395)
C5574,Forbach,POINT (8.330287647164768 48.64938355210872)
C5575,Gaggenau,POINT (8.344490026434189 48.81736515395685)
C5576,Bischweier,POINT (8.281408758982986 48.83916934856702)
C5577,Kuppenheim,POINT (8.266995897735898 48.81886456948417)
C5578,Bühl,POINT (8.144588466597307 48.693105266293934)
C5579,Ottersweier,POINT (8.10978430739554 48.672013326483665)
C5580,Au am Rhein,POINT (8.23380619049148 48.955647055926775)
C5581,Bietigheim,POINT (8.262604013149893 48.90382784224151)
C5582,Durmersheim,POINT (8.288934232686211 48.93229693741339)
C5583,Elchesheim-Illingen,POINT (8.206453634647055 48.931809289948724)
C5584,Gernsbach,POINT (8.394825047784632 48.73393338091552)
C5585,Loffenau,POINT (8.403971549919685 48.775826645947)
C5586,Weisenbach,POINT (8.356117504960316 48.719019789958644)
C5587,Iffezheim,POINT (8.143750309212598 48.822402799017226)
C5588,Muggensturm,POINT (8.278940640161544 48.86635322547008)
C5589,Ötigheim,POINT (8.239290725420616 48.88648879264367)
C5590,Rastatt,POINT (8.185018947859419 48.86309690381211)
C5591,Steinmauern,POINT (8.196215856237464 48.909101700958466)
C5592,Lichtenau,POINT (8.002106763063788 48.7162219827274)
C5593,Rheinmünster,POINT (8.047174190979478 48.75776702399149)
C5594,Hügelsheim,POINT (8.115586849120774 48.79485103021795)
C5595,Sinzheim,POINT (8.146935541938861 48.75965829519954)
C5596,Heidelberg,POINT (8.694366924768175 49.40549295668766)
C5597,Mannheim,POINT (8.500235204555484 49.499477401958394)
C5598,Buchen (Odenwald),POINT (9.321910324706556 49.514999663238356)
C5599,Mudau,POINT (9.173837083839208 49.53567778113059)
C5600,Hardheim,POINT (9.479672984300395 49.59520732276245)
C5601,Höpfingen,POINT (9.427189442548965 49.582958848210986)
C5602,Walldürn,POINT (9.36437360200227 49.58623862080287)
C5603,Haßmersheim,POINT (9.119488157397685 49.30212154819785)
C5604,Hüffenhardt,POINT (9.07684958584661 49.30067348775387)
C5605,Aglasterhausen,POINT (8.992672695437992 49.36254274316197)
C5606,Neunkirchen,POINT (9.019390697978654 49.39741093380367)
C5607,Schwarzach,POINT (8.980579442018884 49.38459788484193)
C5608,Fahrenbach,POINT (9.161267635944156 49.43869128103045)
C5609,Limbach,POINT (9.196097013973377 49.46894319239015)
C5610,Mosbach,POINT (9.133988755263587 49.38125249250849)
C5611,Neckarzimmern,POINT (9.152315809624486 49.325072210184345)
C5612,Obrigheim,POINT (9.059781056001192 49.34568797882541)
C5613,Elztal,POINT (9.207246452555305 49.40060552661702)
C5614,Binau,POINT (9.077542162146157 49.37451349408594)
C5615,Neckargerach,POINT (9.069494703336437 49.39857132235997)
C5616,Zwingenberg,POINT (9.03546970940259 49.416474511930026)
C5617,Waldbrunn,POINT (9.079019063246626 49.45553789770397)
C5618,Osterburken,POINT (9.411207643983257 49.44585971004832)
C5619,Rosenberg,POINT (9.474031689310491 49.46808410400095)
C5620,Ravenstein,POINT (9.531059165002839 49.41007815219037)
C5621,Billigheim,POINT (9.247870779604474 49.34459441561545)
C5622,Schefflenz,POINT (9.288284518621907 49.40361096106785)
C5623,Adelsheim,POINT (9.395264554093988 49.390302023333746)
C5624,Seckach,POINT (9.324256332578566 49.43759664686857)
C5625,Brühl,POINT (8.506054128457237 49.39535166784925)
C5626,Dossenheim,POINT (8.679407682225184 49.45159352822821)
C5627,Eppelheim,POINT (8.626065450960825 49.39627296107522)
C5628,Heddesheim,POINT (8.609782645112304 49.51619622547643)
C5629,Ilvesheim,POINT (8.567053085713598 49.47811309198934)
C5630,Ketsch,POINT (8.52619789350359 49.36911989455818)
C5631,Ladenburg,POINT (8.615379081113014 49.47713304520168)
C5632,Leimen,POINT (8.699063059142587 49.341927776308474)
C5633,Nußloch,POINT (8.70209890552066 49.32255750119107)
C5634,Oftersheim,POINT (8.59428100478891 49.35868792810447)
C5635,Plankstadt,POINT (8.5950881656992 49.39616482104915)
C5636,Sandhausen,POINT (8.643614427833901 49.34027580356897)
C5637,Schriesheim,POINT (8.701933594528853 49.47744677624021)
C5638,Schwetzingen,POINT (8.555417678054091 49.37992893658039)
C5639,Walldorf,POINT (8.632667338166245 49.30119946112001)
C5640,Weinheim,POINT (8.676397627811513 49.540576432559384)
C5641,St. Leon-Rot,POINT (8.611482693867748 49.26406903482647)
C5642,Edingen-Neckarhausen,POINT (8.595097852660832 49.44648108769227)
C5643,Hirschberg an der Bergstraße,POINT (8.662989683906936 49.50444131581268)
C5644,Eberbach,POINT (8.98880445884602 49.47543305363031)
C5645,Schönbrunn,POINT (8.93635537664583 49.416345568380876)
C5646,Eschelbronn,POINT (8.862470449904944 49.318900786292396)
C5647,Mauer,POINT (8.795282952116425 49.33805371931325)
C5648,Meckesheim,POINT (8.822473822126138 49.328668908377615)
C5649,Spechbach,POINT (8.887197359877723 49.35096530514341)
C5650,Lobbach,POINT (8.884020130832807 49.374565396033255)
C5651,Hemsbach,POINT (8.646780608698824 49.59505345648236)
C5652,Laudenbach,POINT (8.64622128296516 49.610640610118004)
C5653,Altlußheim,POINT (8.502914189484246 49.29797179505511)
C5654,Hockenheim,POINT (8.530190312943235 49.328038112140995)
C5655,Neulußheim,POINT (8.523381075093333 49.29325973781904)
C5656,Reilingen,POINT (8.572186538202637 49.29770470331736)
C5657,Bammental,POINT (8.775613080301232 49.35787277445577)
C5658,Gaiberg,POINT (8.738981824451074 49.3636376434875)
C5659,Neckargemünd,POINT (8.826260337834887 49.3899078642346)
C5660,Wiesenbach,POINT (8.825741714400497 49.363021838637586)
C5661,Malsch,POINT (8.672119110859724 49.24389249622569)
C5662,Mühlhausen,POINT (8.728646304445217 49.247798120566046)
C5663,Rauenberg,POINT (8.691629658333623 49.26369817385522)
C5664,Heddesbach,POINT (8.831036102418668 49.48469633306726)
C5665,Heiligkreuzsteinach,POINT (8.790167198745547 49.49745242129521)
C5666,Schönau,POINT (8.803030526293448 49.44377411720504)
C5667,Wilhelmsfeld,POINT (8.767338645964603 49.46572419209863)
C5668,Sinsheim,POINT (8.879694065929783 49.2380805831755)
C5669,Zuzenhausen,POINT (8.821660212353196 49.29861936255043)
C5670,Angelbachtal,POINT (8.77311833433702 49.2250792215405)
C5671,Epfenbach,POINT (8.920032245152363 49.34327318102169)
C5672,Neckarbischofsheim,POINT (8.984991324157209 49.286249195116355)
C5673,Neidenstein,POINT (8.89789373041374 49.31896487695427)
C5674,Reichartshausen,POINT (8.94167048319086 49.36344689314707)
C5675,Waibstadt,POINT (8.905161718747788 49.294437456285834)
C5676,Helmstadt-Bargen,POINT (8.995997720174897 49.318908378026734)
C5677,Dielheim,POINT (8.764408301956342 49.282328935104786)
C5678,Wiesloch,POINT (8.71481253800037 49.29909831900447)
C5679,Pforzheim,POINT (8.712030989719507 48.87631671834983)
C5680,Schömberg,POINT (8.647147476041791 48.794529613870765)
C5681,Wildberg,POINT (8.745413697173147 48.634847298755766)
C5682,Altensteig,POINT (8.601809113528278 48.59622737145773)
C5683,Egenhausen,POINT (8.617712292760073 48.564811283821776)
C5684,Simmersfeld,POINT (8.5130078093578 48.62462892107649)
C5685,Althengstett,POINT (8.785520530972711 48.730165981427106)
C5686,Gechingen,POINT (8.826852818418352 48.693047455797426)
C5687,Ostelsheim,POINT (8.846078721561229 48.722509363418794)
C5688,Simmozheim,POINT (8.801876751037057 48.749577234615344)
C5689,Dobel,POINT (8.493765958222951 48.79018488792973)
C5690,Bad Herrenalb,POINT (8.441859234768486 48.7965570455443)
C5691,Bad Liebenzell,POINT (8.734483890451619 48.77292529929843)
C5692,Unterreichenbach,POINT (8.693321946603694 48.81483177889082)
C5693,Neubulach,POINT (8.674307790449658 48.66111331357065)
C5694,Neuweiler,POINT (8.596926190483815 48.671383062425484)
C5695,Bad Teinach-Zavelstein,POINT (8.666033968397354 48.69783185917029)
C5696,Oberreichenbach,POINT (8.632494364529546 48.73929544917497)
C5697,Calw,POINT (8.735797643944334 48.70968788216075)
C5698,Ebhausen,POINT (8.676292838921462 48.6049767796393)
C5699,Haiterbach,POINT (8.645434302958346 48.5300742968395)
C5700,Nagold,POINT (8.72108561214305 48.5404574981172)
C5701,Rohrdorf,POINT (8.686237050755242 48.56819795984386)
C5702,Enzklösterle,POINT (8.454776871835234 48.653319012902536)
C5703,Höfen an der Enz,POINT (8.57755046296523 48.801042210574415)
C5704,Bad Wildbad,POINT (8.528003926549943 48.724727160225065)
C5705,Birkenfeld,POINT (8.608197651573452 48.87059000351359)
C5706,Illingen,POINT (8.90839220939552 48.97739627207692)
C5707,Ispringen,POINT (8.67447535473538 48.923940141119)
C5708,Knittlingen,POINT (8.777188841223154 49.02314612858733)
C5709,Niefern-Öschelbronn,POINT (8.798905404779678 48.90768570997543)
C5710,Keltern,POINT (8.576497270166065 48.896914594387496)
C5711,Remchingen,POINT (8.572324620299048 48.941973244915914)
C5712,Straubenhardt,POINT (8.523818574509262 48.844585795816215)
C5713,Friolzheim,POINT (8.825155402915158 48.83512394129554)
C5714,Heimsheim,POINT (8.866450010158118 48.81329533714549)
C5715,Mönsheim,POINT (8.868200543495421 48.85841852230293)
C5716,Wiernsheim,POINT (8.873405924755097 48.88866635398614)
C5717,Wimsheim,POINT (8.814485282687754 48.852671547422275)
C5718,Wurmberg,POINT (8.813247181390773 48.87392939833315)
C5719,Eisingen,POINT (8.676277103700238 48.94447792603601)
C5720,Kämpfelbach,POINT (8.6276708450705 48.93391248009763)
C5721,Königsbach-Stein,POINT (8.634740014756002 48.972246938488084)
C5722,Maulbronn,POINT (8.818309546735017 48.99909209912296)
C5723,Sternenfels,POINT (8.862598111935052 49.034688724835775)
C5724,Mühlacker,POINT (8.857401478994372 48.94361607770592)
C5725,Ötisheim,POINT (8.800042207790135 48.96328089695135)
C5726,Engelsbrand,POINT (8.655243603769502 48.8293555279835)
C5727,Neuenbürg,POINT (8.572692593634281 48.825982834786764)
C5728,Kieselbronn,POINT (8.752292221230645 48.93485175070617)
C5729,Neulingen,POINT (8.71105339373964 48.96699296962202)
C5730,Ölbronn-Dürrn,POINT (8.754805930620643 48.96906907236566)
C5731,Neuhausen,POINT (8.765473715413789 48.80793476015996)
C5732,Tiefenbronn,POINT (8.810578952889385 48.8158406524409)
C5733,Alpirsbach,POINT (8.405737217539617 48.35891200060201)
C5734,Baiersbronn,POINT (8.325302753424637 48.54169318159739)
C5735,Loßburg,POINT (8.448398419489921 48.39923429346502)
C5736,Dornstetten,POINT (8.502965183806213 48.47970352407666)
C5737,Glatten,POINT (8.51504292268602 48.436211017103645)
C5738,Schopfloch,POINT (8.551288836135946 48.43400149391854)
C5739,Waldachtal,POINT (8.582166267689962 48.487967323110304)
C5740,Freudenstadt,POINT (8.414627229915538 48.47975557081016)
C5741,Seewald,POINT (8.455728314791378 48.58598146693287)
C5742,Bad Rippoldsau-Schapbach,POINT (8.296175023583451 48.414056493201)
C5743,Empfingen,POINT (8.72321429963796 48.39763769035101)
C5744,Eutingen im Gäu,POINT (8.761784838387262 48.4731549696799)
C5745,Horb am Neckar,POINT (8.660851788269818 48.443564963860794)
C5746,Grömbach,POINT (8.529682550783614 48.56647030592824)
C5747,Pfalzgrafenweiler,POINT (8.54504080277652 48.5282356710306)
C5748,Wörnersberg,POINT (8.562959957424942 48.56089236934086)
C5749,Freiburg im Breisgau,POINT (7.818499830312984 47.99267389878413)
C5750,Lenzkirch,POINT (8.20044538715278 47.86699253234236)
C5751,Neuenburg am Rhein,POINT (7.570370698015679 47.83080480762146)
C5752,Vogtsburg im Kaiserstuhl,POINT (7.636126819996943 48.090233839934214)
C5753,Bad Krozingen,POINT (7.680877607411372 47.92087155652057)
C5754,Hartheim am Rhein,POINT (7.61910250674558 47.929461606866234)
C5755,Breisach am Rhein,POINT (7.621630319408896 48.01671809383914)
C5756,Ihringen,POINT (7.657947530459286 48.05437425865892)
C5757,Merdingen,POINT (7.683712660596708 48.02326469570765)
C5758,Buchenbach,POINT (8.027593766270062 47.967974050414156)
C5759,Kirchzarten,POINT (7.9506509029537265 47.96281305199271)
C5760,Oberried,POINT (7.96090990892571 47.90553654006902)
C5761,Stegen,POINT (7.970228224165173 48.00158141062478)
C5762,Bollschweil,POINT (7.819398846206811 47.913886791596404)
C5763,Ehrenkirchen,POINT (7.763829329388319 47.908837037496255)
C5764,Gundelfingen,POINT (7.886726903311817 48.03244561646453)
C5765,Heuweiler,POINT (7.902815704066958 48.04611434174551)
C5766,Ballrechten-Dottingen,POINT (7.699810001556103 47.85690781813229)
C5767,Eschbach,POINT (7.636253214403133 47.894508684645835)
C5768,Heitersheim,POINT (7.654854781258475 47.87683569515528)
C5769,Au,POINT (7.833873123586277 47.95389734766158)
C5770,Horben,POINT (7.857070939756728 47.935112433834306)
C5771,Merzhausen,POINT (7.8254195737753784 47.96507391986987)
C5772,Sölden,POINT (7.810592264687024 47.93100878347513)
C5773,Wittnau,POINT (7.82368327325007 47.93901597530737)
C5774,Breitnau,POINT (8.087467979262453 47.93951964722296)
C5775,Hinterzarten,POINT (8.077931959272455 47.89338728776733)
C5776,Bötzingen,POINT (7.715759195758411 48.07382035545878)
C5777,Eichstetten am Kaiserstuhl,POINT (7.731253150822887 48.09674663302889)
C5778,Gottenheim,POINT (7.72620729098871 48.04864235447941)
C5779,Friedenweiler,POINT (8.276742667415453 47.909839444226876)
C5780,Löffingen,POINT (8.353099956016328 47.884143570551984)
C5781,Umkirch,POINT (7.761847549831318 48.0324495335532)
C5782,March,POINT (7.7772326414917385 48.06380790573708)
C5783,Auggen,POINT (7.589107030959531 47.78877578831082)
C5784,Badenweiler,POINT (7.68274280635198 47.793352178686796)
C5785,Buggingen,POINT (7.63196374797533 47.85412518014108)
C5786,Müllheim im Markgräflerland,POINT (7.654540951022717 47.80856537537203)
C5787,Sulzburg,POINT (7.722076267441037 47.82928429929557)
C5788,Glottertal,POINT (7.962251956930436 48.041867621770635)
C5789,St. Märgen,POINT (8.101055645499168 47.990342725215854)
C5790,St. Peter,POINT (8.047537117407742 48.03090294599871)
C5791,Ebringen,POINT (7.788603675630888 47.952133871387694)
C5792,Pfaffenweiler,POINT (7.759433220801278 47.93820067741384)
C5793,Schallstadt,POINT (7.7354687062419965 47.96076173367015)
C5794,Feldberg (Schwarzwald),POINT (8.067360206432873 47.864843852784745)
C5795,Schluchsee,POINT (8.162249092753045 47.813949387783495)
C5796,Staufen im Breisgau,POINT (7.733536445368983 47.86977957761708)
C5797,Münstertal/Schwarzwald,POINT (7.820749465414031 47.853795765488904)
C5798,Eisenbach (Hochschwarzwald),POINT (8.265738690411773 47.97401336969726)
C5799,Titisee-Neustadt,POINT (8.189975423501716 47.93795873921608)
C5800,Denzlingen,POINT (7.884076702689358 48.07087232470758)
C5801,Reute,POINT (7.819881294948475 48.08725614935244)
C5802,Vörstetten,POINT (7.836169336330351 48.06990639595681)
C5803,Biederbach,POINT (8.031327139407384 48.20140410372194)
C5804,Elzach,POINT (8.104843970466264 48.17910158106907)
C5805,Winden im Elztal,POINT (8.03975075964528 48.14289334435926)
C5806,Emmendingen,POINT (7.865317747881526 48.123322942003334)
C5807,Malterdingen,POINT (7.812243996451394 48.163535489180546)
C5808,Sexau,POINT (7.9182065912557205 48.11582624788165)
C5809,Teningen,POINT (7.807040627729306 48.12415793933006)
C5810,Freiamt,POINT (7.920502510201046 48.175397478363955)
C5811,Herbolzheim,POINT (7.814350554409063 48.21780014164746)
C5812,Kenzingen,POINT (7.800463671463989 48.19224861804032)
C5813,Weisweil,POINT (7.677076516150271 48.20173638322692)
C5814,Rheinhausen,POINT (7.709160385685919 48.231703686039836)
C5815,Bahlingen am Kaiserstuhl,POINT (7.740141016020522 48.12064743968849)
C5816,Endingen am Kaiserstuhl,POINT (7.681989332663069 48.13401258607057)
C5817,Forchheim,POINT (7.706876159580363 48.17369306317546)
C5818,Riegel am Kaiserstuhl,POINT (7.746006997775689 48.157699138485206)
C5819,Sasbach am Kaiserstuhl,POINT (7.614407906711713 48.133548530908904)
C5820,Wyhl am Kaiserstuhl,POINT (7.650027675774692 48.169538108342365)
C5821,Gutach im Breisgau,POINT (7.987291605150129 48.144246128094416)
C5822,Simonswald,POINT (8.08770591269092 48.08654612504091)
C5823,Waldkirch,POINT (7.96964988738467 48.089415097510205)
C5824,Appenweier,POINT (7.979811746444722 48.55319965780597)
C5825,Friesenheim,POINT (7.895130199468052 48.37856352704896)
C5826,Hornberg,POINT (8.250304709233411 48.202264307478096)
C5827,Kehl,POINT (7.8501152195905926 48.572067084676966)
C5828,Willstätt,POINT (7.894594910454207 48.55079208150112)
C5829,Neuried,POINT (7.810082049186044 48.451251333070445)
C5830,Rheinau,POINT (7.935832331808333 48.656898612129304)
C5831,Achern,POINT (8.044832648338124 48.63154377649334)
C5832,Lauf,POINT (8.149325482091285 48.639622223979806)
C5833,Sasbach,POINT (8.137423164607226 48.63336977321059)
C5834,Sasbachwalden,POINT (8.159605201778705 48.614637279022304)
C5835,Ettenheim,POINT (7.853523546986907 48.25146917239089)
C5836,Mahlberg,POINT (7.812910028255683 48.29098364950671)
C5837,Ringsheim,POINT (7.808618764123909 48.24793907762979)
C5838,Rust,POINT (7.726878545995503 48.264058981368315)
C5839,Kappel-Grafenhausen,POINT (7.778774630057514 48.28501424364707)
C5840,Berghaupten,POINT (7.97633037399357 48.402665092245954)
C5841,Gengenbach,POINT (8.032704170335377 48.405958371443496)
C5842,Ohlsbach,POINT (8.002201972295591 48.44214124444746)
C5843,Fischerbach,POINT (8.124559780822498 48.310081558295025)
C5844,Haslach im Kinzigtal,POINT (8.088710227055659 48.28467571465922)
C5845,Hofstetten,POINT (8.053798414807076 48.24541670454747)
C5846,Mühlenbach,POINT (8.122342317672292 48.23819921442712)
C5847,Steinach,POINT (8.028484370744701 48.285691569582504)
C5848,Gutach (Schwarzwaldbahn),POINT (8.203846388276807 48.242626067667736)
C5849,Hausach,POINT (8.166062712555304 48.29456137112567)
C5850,Kappelrodeck,POINT (8.113989178579102 48.58276876225094)
C5851,Ottenhöfen im Schwarzwald,POINT (8.159510872980379 48.5574187440615)
C5852,Seebach,POINT (8.19427085477945 48.581904047398666)
C5853,Kippenheim,POINT (7.839858047683707 48.299534933388436)
C5854,Lahr/Schwarzwald,POINT (7.874320988725961 48.335530460290414)
C5855,Bad Peterstal-Griesbach,POINT (8.228880552961591 48.44056091770286)
C5856,Oppenau,POINT (8.18031822020575 48.48287176078652)
C5857,Lautenbach,POINT (8.130962473503585 48.520305391972755)
C5858,Oberkirch,POINT (8.066228787534499 48.52391535897864)
C5859,Renchen,POINT (8.01924453440833 48.59574024836888)
C5860,Durbach,POINT (8.028708947768338 48.484804202597125)
C5861,Hohberg,POINT (7.908448636009469 48.41621334327788)
C5862,Offenburg,POINT (7.943430402491322 48.47775510507884)
C5863,Ortenberg,POINT (7.972035593605822 48.4494329511551)
C5864,Schutterwald,POINT (7.872730066388562 48.46301312053723)
C5865,Schuttertal,POINT (7.967580763241335 48.24711273967142)
C5866,Seelbach,POINT (7.943199039778333 48.30519482918253)
C5867,Meißenheim,POINT (7.790528044725326 48.40413763924331)
C5868,Schwanau,POINT (7.763937067633606 48.364905661656195)
C5869,Oberwolfach,POINT (8.22313890080543 48.3536382217591)
C5870,Wolfach,POINT (8.265818903099102 48.2972523052187)
C5871,Biberach,POINT (8.011072752015322 48.332284468458916)
C5872,Nordrach,POINT (8.105725713274827 48.41465463812994)
C5873,Oberharmersbach,POINT (8.155479093991358 48.38298626727625)
C5874,Zell am Harmersbach,POINT (8.082847536125012 48.34358571835826)
C5875,Rheinau,POINT (7.7041087819016 48.290022998880346)
C5876,Dornhan,POINT (8.53004770541855 48.35715352864686)
C5877,Dunningen,POINT (8.496343743346328 48.220629041517114)
C5878,Eschbronn,POINT (8.450802395022633 48.1914334452808)
C5879,Epfendorf,POINT (8.618673228710344 48.258381906612684)
C5880,Oberndorf am Neckar,POINT (8.570959925966427 48.295168345951474)
C5881,Fluorn-Winzeln,POINT (8.47497633043119 48.29267425270544)
C5882,Dietingen,POINT (8.659130535309568 48.2278459510833)
C5883,Rottweil,POINT (8.65061380457575 48.16886799309659)
C5884,Wellendingen,POINT (8.711688576687322 48.15379942180666)
C5885,Zimmern ob Rottweil,POINT (8.550309726531761 48.16491683733336)
C5886,Deißlingen,POINT (8.59992077196521 48.10979281080883)
C5887,Schenkenzell,POINT (8.352895331275095 48.331501474233676)
C5888,Schiltach,POINT (8.339494319507306 48.273192572937496)
C5889,Aichhalden,POINT (8.412125131556195 48.27941393216926)
C5890,Hardt,POINT (8.415115374689037 48.18010539313776)
C5891,Lauterbach,POINT (8.322853891136548 48.23593088092154)
C5892,Schramberg,POINT (8.39382560179183 48.21714070935521)
C5893,Sulz am Neckar,POINT (8.639178243197826 48.365222648587675)
C5894,Vöhringen,POINT (8.663161279847115 48.32359755152173)
C5895,Bösingen,POINT (8.5581653469932 48.23385923471946)
C5896,Villingendorf,POINT (8.584165728059372 48.20174894460176)
C5897,Bad Dürrheim,POINT (8.586755593108974 47.99680472087275)
C5898,Blumberg,POINT (8.556441374373183 47.838011680176635)
C5899,Königsfeld im Schwarzwald,POINT (8.421221592330237 48.15113818884217)
C5900,St. Georgen im Schwarzwald,POINT (8.329358707226147 48.12269659416373)
C5901,Vöhrenbach,POINT (8.294756374881082 48.01981315196976)
C5902,Bräunlingen,POINT (8.401166516065913 47.930254112230855)
C5903,Donaueschingen,POINT (8.493561652131188 47.95972670948181)
C5904,Hüfingen,POINT (8.501353549157967 47.89673137568159)
C5905,Furtwangen im Schwarzwald,POINT (8.209182404839066 48.048430946268944)
C5906,Gütenbach,POINT (8.142354155544316 48.04897230802073)
C5907,Schönwald im Schwarzwald,POINT (8.201635894807659 48.10675944067875)
C5908,Schonach im Schwarzwald,POINT (8.180583453360576 48.148682380775135)
C5909,Triberg im Schwarzwald,POINT (8.258264192696855 48.13998897219475)
C5910,Dauchingen,POINT (8.549853116692566 48.09314523961948)
C5911,Mönchweiler,POINT (8.419303658572382 48.10869225622827)
C5912,Niedereschach,POINT (8.504528183744428 48.135451346816275)
C5913,Tuningen,POINT (8.609099991299045 48.02862290570059)
C5914,Unterkirnach,POINT (8.35838582403415 48.08429637097644)
C5915,Villingen-Schwenningen,POINT (8.451781717695395 48.055994519318894)
C5916,Brigachtal,POINT (8.471443064380653 48.00701607071424)
C5917,Bärenthal,POINT (8.923868081806207 48.08669468937437)
C5918,Buchheim,POINT (8.97806108169051 48.00783770709156)
C5919,Fridingen an der Donau,POINT (8.932336334341693 48.0199161247498)
C5920,Irndorf,POINT (8.963274567661225 48.075657261374076)
C5921,Kolbingen,POINT (8.892833853157622 48.06017441995927)
C5922,Mühlheim an der Donau,POINT (8.870505487032 48.033922572729026)
C5923,Renquishausen,POINT (8.891986249232724 48.08476504431343)
C5924,Bubsheim,POINT (8.82029897136062 48.11949109827371)
C5925,Deilingen,POINT (8.787482759991788 48.16974337397342)
C5926,Egesheim,POINT (8.864377220632678 48.11510522794317)
C5927,Gosheim,POINT (8.762928976545762 48.13608398517765)
C5928,Königsheim,POINT (8.864434507636792 48.0981983598229)
C5929,Reichenbach am Heuberg,POINT (8.84373254100573 48.13659429323279)
C5930,Wehingen,POINT (8.804057348446163 48.14790028297715)
C5931,Geisingen,POINT (8.649299325773162 47.90357440559113)
C5932,Immendingen,POINT (8.72304210526469 47.938541749741546)
C5933,Aldingen,POINT (8.682934471401653 48.093958734034466)
C5934,Balgheim,POINT (8.770245432386023 48.07357093801697)
C5935,Böttingen,POINT (8.808381419676914 48.098978614792756)
C5936,Denkingen,POINT (8.741036509595231 48.11007301333404)
C5937,Dürbheim,POINT (8.801858461470479 48.05641546508759)
C5938,Frittlingen,POINT (8.712554566417905 48.12723802828067)
C5939,Hausen ob Verena,POINT (8.731667766657097 48.04704145473925)
C5940,Mahlstetten,POINT (8.834026682500108 48.06994695620795)
C5941,Spaichingen,POINT (8.732919187735641 48.07234274017147)
C5942,Durchhausen,POINT (8.668769603237672 48.03843998008817)
C5943,Gunningen,POINT (8.696745744825886 48.04911168126516)
C5944,Talheim,POINT (8.665751203604692 48.01311120804052)
C5945,Trossingen,POINT (8.639662147650924 48.07456096482457)
C5946,Neuhausen ob Eck,POINT (8.967891927107841 47.96507799353481)
C5947,Tuttlingen,POINT (8.809269255427214 47.977535116467266)
C5948,Wurmlingen,POINT (8.779676084432516 48.005054032825484)
C5949,Seitingen-Oberflacht,POINT (8.724059967254284 48.01778601694915)
C5950,Rietheim-Weilheim,POINT (8.777590446869821 48.03225709658635)
C5951,Emmingen-Liptingen,POINT (8.87588524430836 47.929590416598764)
C5952,Hilzingen,POINT (8.760795928311504 47.780326621007355)
C5953,Radolfzell am Bodensee,POINT (8.98321853127712 47.7644048035848)
C5954,Tengen,POINT (8.672643618433117 47.81686139786492)
C5955,Aach,POINT (8.858194806936185 47.84367263460614)
C5956,Engen,POINT (8.771139275855658 47.86195376855498)
C5957,Mühlhausen-Ehingen,POINT (8.81696250232796 47.822425117450855)
C5958,Büsingen am Hochrhein,POINT (8.689397872035366 47.70020514455062)
C5959,Gailingen am Hochrhein,POINT (8.766963710779585 47.69588904109035)
C5960,Gottmadingen,POINT (8.757087925979326 47.73299555242985)
C5961,Gaienhofen,POINT (8.974335784497338 47.690939772078)
C5962,Moos,POINT (8.939046897513176 47.71160567525486)
C5963,Öhningen,POINT (8.902351774847366 47.67852093639448)
C5964,Allensbach,POINT (9.075438393575855 47.73726104656919)
C5965,Konstanz,POINT (9.1504114982692 47.70672987339744)
C5966,Reichenau,POINT (9.08235867545266 47.703309271792335)
C5967,Singen (Hohentwiel),POINT (8.870371334918728 47.760681380394146)
C5968,Steißlingen,POINT (8.914966196726144 47.79870670919603)
C5969,Volkertshausen,POINT (8.86787112610062 47.82317751012194)
C5970,Rielasingen-Worblingen,POINT (8.843839470682191 47.728014073693984)
C5971,Eigeltingen,POINT (8.910285983172704 47.88620994161179)
C5972,Mühlingen,POINT (9.021886291942474 47.91545753054663)
C5973,Stockach,POINT (9.015691583154293 47.8560488865292)
C5974,Hohenfels,POINT (9.099352581311658 47.8884092894719)
C5975,Bodman-Ludwigshafen,POINT (9.035726006635143 47.81093906282488)
C5976,Orsingen-Nenzingen,POINT (8.933654993114777 47.8398473962186)
C5977,Efringen-Kirchen,POINT (7.567311783136668 47.67171124854298)
C5978,Steinen,POINT (7.742803650016364 47.674992929274325)
C5979,Todtnau,POINT (7.959823114102669 47.82959303813967)
C5980,Weil am Rhein,POINT (7.61095705825312 47.605986584285425)
C5981,Grenzach-Wyhlen,POINT (7.683496863562498 47.55231620814894)
C5982,Kleines Wiesental,POINT (7.7942698320138275 47.75270210982136)
C5983,Kandern,POINT (7.653658564539657 47.703987204214414)
C5984,Malsburg-Marzell,POINT (7.719922681682659 47.75421328200272)
C5985,Inzlingen,POINT (7.700648654911757 47.58856499042666)
C5986,Lörrach,POINT (7.683976761092339 47.62800850087652)
C5987,Rheinfelden (Baden),POINT (7.769228618289607 47.58643052170301)
C5988,Schwörstadt,POINT (7.862925442347867 47.607063687221476)
C5989,Bad Bellingen,POINT (7.564585351729547 47.72097630164019)
C5990,Schliengen,POINT (7.627583883088451 47.75428853775091)
C5991,Aitern,POINT (7.87452732602607 47.818298970558125)
C5992,Böllen,POINT (7.845908758828887 47.79815098986674)
C5993,Fröhnd,POINT (7.88549723878209 47.76330625122617)
C5994,Schönau im Schwarzwald,POINT (7.933641064948841 47.78811169123061)
C5995,Schönenberg,POINT (7.863919299277814 47.80158783280174)
C5996,Tunau,POINT (7.9230987048904575 47.78617407493596)
C5997,Utzenfeld,POINT (7.9110800153276974 47.8132706629113)
C5998,Wembach,POINT (7.876117476740034 47.772653935519635)
C5999,Wieden,POINT (7.889146534464309 47.84370406565788)
C6000,Hasel,POINT (7.895115375272116 47.66369710882666)
C6001,Hausen im Wiesental,POINT (7.832570660334856 47.68395947462588)
C6002,Maulburg,POINT (7.778305089940708 47.64323591311239)
C6003,Schopfheim,POINT (7.872019349323882 47.673060918377175)
C6004,Binzen,POINT (7.621422597645056 47.63441418066215)
C6005,Eimeldingen,POINT (7.594161482397948 47.6325257760588)
C6006,Fischingen,POINT (7.601879362684536 47.65051121619638)
C6007,Rümmingen,POINT (7.650076977990889 47.64621112472428)
C6008,Schallbach,POINT (7.626280010638552 47.65754291128555)
C6009,Wittlingen,POINT (7.660282824002108 47.66044314161975)
C6010,Zell im Wiesental,POINT (7.86409951582115 47.719096771094115)
C6011,Häg-Ehrsberg,POINT (7.9252615711621806 47.73928776383105)
C6012,Albbruck,POINT (8.121646920869312 47.622300205177716)
C6013,Görwihl,POINT (8.05436682193925 47.65902505009069)
C6014,Klettgau,POINT (8.418108997022486 47.63156515735354)
C6015,Laufenburg (Baden),POINT (8.067365889907006 47.585583350816776)
C6016,Stühlingen,POINT (8.429330384551337 47.76966486140463)
C6017,Wehr,POINT (7.915124209064875 47.62554849782868)
C6018,Bonndorf im Schwarzwald,POINT (8.324878757269477 47.81271087234073)
C6019,Wutach,POINT (8.425820379995944 47.82762071587098)
C6020,Dettighofen,POINT (8.49460497655191 47.63257624325653)
C6021,Jestetten,POINT (8.574151917486583 47.65172496416715)
C6022,Lottstetten,POINT (8.579651975252256 47.6212682175981)
C6023,Hohentengen am Hochrhein,POINT (8.418803115750416 47.58443614395913)
C6024,Küssaberg,POINT (8.328090129482646 47.59833736412649)
C6025,Grafenhausen,POINT (8.249969815201874 47.77380411592393)
C6026,Ühlingen-Birkendorf,POINT (8.296166299192702 47.721694681973936)
C6027,Herrischried,POINT (7.992129710840805 47.67335169204721)
C6028,Murg,POINT (8.023274393751636 47.5832732397446)
C6029,Rickenbach,POINT (7.972148890628359 47.61602683360191)
C6030,Bad Säckingen,POINT (7.956607990365577 47.568127369998464)
C6031,Bernau im Schwarzwald,POINT (8.037068289578418 47.79629246403443)
C6032,Dachsberg (Südschwarzwald),POINT (8.098958762376625 47.71160436463884)
C6033,Häusern,POINT (8.171859846063498 47.76173711620737)
C6034,Höchenschwand,POINT (8.175716099788751 47.71961846426189)
C6035,Ibach,POINT (8.058179772904518 47.742597807853436)
C6036,St. Blasien,POINT (8.097098434264579 47.786588218171985)
C6037,Todtmoos,POINT (7.997713528523627 47.737785208970884)
C6038,Dogern,POINT (8.167935663136456 47.61126156574374)
C6039,Lauchringen,POINT (8.329071732319957 47.62367476582495)
C6040,Weilheim,POINT (8.196073230991283 47.67932652165677)
C6041,Waldshut-Tiengen,POINT (8.242942642244586 47.65188022023169)
C6042,Wutöschingen,POINT (8.362606830772965 47.65696476239011)
C6043,Eggingen,POINT (8.388716348303454 47.70163128709491)
C6044,Dettingen an der Erms,POINT (9.35392114030484 48.52659538883708)
C6045,Eningen unter Achalm,POINT (9.277673979060395 48.48348724736394)
C6046,Pfullingen,POINT (9.22090514269791 48.452277306162124)
C6047,Reutlingen,POINT (9.188340192498915 48.494421038303855)
C6048,Trochtelfingen,POINT (9.263410748718577 48.305686112754124)
C6049,Wannweil,POINT (9.15217898317366 48.513491108005795)
C6050,Sonnenbühl,POINT (9.192311207724602 48.38239793160522)
C6051,Lichtenstein,POINT (9.268966195647 48.423102375515796)
C6052,St. Johann,POINT (9.354581244682285 48.45194095730934)
C6053,Engstingen,POINT (9.297847092311612 48.3855297430588)
C6054,Hohenstein,POINT (9.35998396293868 48.3402891208563)
C6055,Grafenberg,POINT (9.306063100467076 48.56901995901107)
C6056,Metzingen,POINT (9.289427875673407 48.52826072127049)
C6057,Riederich,POINT (9.264335391792331 48.55891415172373)
C6058,Gomadingen,POINT (9.400487632565417 48.38747898121282)
C6059,Mehrstetten,POINT (9.562188212378768 48.37483447799995)
C6060,Münsingen,POINT (9.504920942146466 48.38150250710622)
C6061,Pliezhausen,POINT (9.174666489169171 48.566438884751975)
C6062,Walddorfhäslach,POINT (9.165714793808881 48.59067612048585)
C6063,Grabenstetten,POINT (9.454610613494623 48.52555407779129)
C6064,Hülben,POINT (9.405731406285584 48.52176005744742)
C6065,Bad Urach,POINT (9.423648863305527 48.482634718872696)
C6066,Römerstein,POINT (9.537319855666928 48.500227506245906)
C6067,Hayingen,POINT (9.471424057970284 48.29513060277784)
C6068,Pfronstetten,POINT (9.383915247700575 48.26840106689488)
C6069,Zwiefalten,POINT (9.443508638081383 48.22746601273012)
C6070,Gutsbezirk Münsingen,POINT (9.55894412122668 48.44566175424573)
C6071,Dettenhausen,POINT (9.104121285883036 48.5981226623886)
C6072,Kirchentellinsfurt,POINT (9.14680697122443 48.54260626826346)
C6073,Kusterdingen,POINT (9.112691290931576 48.49973803668156)
C6074,Tübingen,POINT (9.048050703691727 48.52776167482135)
C6075,Ammerbuch,POINT (8.956891526320819 48.55681614515473)
C6076,Dußlingen,POINT (9.047856392082021 48.454156155341856)
C6077,Gomaringen,POINT (9.101632343763182 48.45703661714261)
C6078,Nehren,POINT (9.074372211402665 48.432147691841465)
C6079,Bodelshausen,POINT (8.97064700607708 48.39844324900196)
C6080,Mössingen,POINT (9.073975978877243 48.39546996975402)
C6081,Ofterdingen,POINT (9.019441904583815 48.42246647548817)
C6082,Hirrlingen,POINT (8.900131648572998 48.40976656750788)
C6083,Rottenburg am Neckar,POINT (8.907490590250301 48.47370747529552)
C6084,Neustetten,POINT (8.865426379084878 48.483378916833395)
C6085,Starzach,POINT (8.81575134791782 48.430694124893265)
C6086,Burladingen,POINT (9.118485577385023 48.314305330041954)
C6087,Haigerloch,POINT (8.798772060390444 48.36425927349488)
C6088,Rosenfeld,POINT (8.716743542305093 48.28434217109192)
C6089,Bitz,POINT (9.09277176491394 48.23888045274509)
C6090,Albstadt,POINT (8.998487680594845 48.235582738817435)
C6091,Balingen,POINT (8.8624107759421 48.26590821259784)
C6092,Geislingen,POINT (8.781222685380682 48.29718548210014)
C6093,Bisingen,POINT (8.931294751366814 48.30975494945536)
C6094,Grosselfingen,POINT (8.879306184838278 48.34026404244534)
C6095,Hechingen,POINT (8.97659261898347 48.35238304042093)
C6096,Jungingen,POINT (9.040494575204145 48.32709869771565)
C6097,Rangendingen,POINT (8.876193505685183 48.38688889814474)
C6098,Meßstetten,POINT (8.93194925385571 48.17004127542006)
C6099,Nusplingen,POINT (8.906538517659099 48.12521649689699)
C6100,Obernheim,POINT (8.853548703863385 48.163456220061754)
C6101,Dautmergen,POINT (8.747969842671742 48.24186711713325)
C6102,Dormettingen,POINT (8.774246547219787 48.24338342318286)
C6103,Dotternhausen,POINT (8.797345143307778 48.223571255771276)
C6104,Hausen am Tann,POINT (8.835886180737948 48.203752574174324)
C6105,Ratshausen,POINT (8.80806826869128 48.19118981241335)
C6106,Schömberg,POINT (8.755609474852362 48.19870025543262)
C6107,Weilen unter den Rinnen,POINT (8.77426039398183 48.188357790839824)
C6108,Zimmern unter der Burg,POINT (8.721678029613578 48.220863416586795)
C6109,Straßberg,POINT (9.080712992791216 48.17844406930143)
C6110,Winterlingen,POINT (9.138831176546203 48.18896247446368)
C6111,Ulm,POINT (9.949890054067495 48.3908648888212)
C6112,Erbach,POINT (9.863162941735357 48.324263923181455)
C6113,Schelklingen,POINT (9.679547469733814 48.383561560841585)
C6114,Blaustein,POINT (9.866739849409864 48.431735769500975)
C6115,Allmendingen,POINT (9.708525376270277 48.33354322472399)
C6116,Altheim,POINT (9.772453519580129 48.33171647247823)
C6117,Berghülen,POINT (9.772176840510568 48.46426926851737)
C6118,Blaubeuren,POINT (9.78587123289024 48.41003045475413)
C6119,Dietenheim,POINT (10.05126134763149 48.223780857101204)
C6120,Illerrieden,POINT (10.036951450179464 48.27200646298883)
C6121,Balzheim,POINT (10.062954179774474 48.168399949812205)
C6122,Beimerstetten,POINT (9.976356843664664 48.48515542280474)
C6123,Dornstadt,POINT (9.891183941320486 48.48467557386919)
C6124,Westerstetten,POINT (9.949400240376947 48.514684167028456)
C6125,Ehingen (Donau),POINT (9.677402892740037 48.282470787463325)
C6126,Griesingen,POINT (9.786383698163938 48.263151609601366)
C6127,Oberdischingen,POINT (9.829927589076702 48.30707298969914)
C6128,Öpfingen,POINT (9.807241599559676 48.28942076899468)
C6129,Hüttisheim,POINT (9.943873664729827 48.284898682715905)
C6130,Schnürpflingen,POINT (9.993537151196142 48.265467187744676)
C6131,Illerkirchberg,POINT (10.007187266241267 48.32338628197795)
C6132,Staig,POINT (9.986135692627265 48.300736219858045)
C6133,Laichingen,POINT (9.688804932271438 48.48561862310972)
C6134,Merklingen,POINT (9.750120510535496 48.51850415563129)
C6135,Nellingen,POINT (9.787391174678366 48.54018693929864)
C6136,Westerheim,POINT (9.615815774027949 48.51525025472342)
C6137,Heroldstatt,POINT (9.66093045035515 48.442782321855084)
C6138,Altheim (Alb),POINT (10.018446603114255 48.58287064601615)
C6139,Asselfingen,POINT (10.205104149338867 48.52068437497688)
C6140,Ballendorf,POINT (10.079907137365945 48.563429023865815)
C6141,Bernstadt,POINT (10.021697963513214 48.50519944902973)
C6142,Börslingen,POINT (10.058760742838253 48.543610610027415)
C6143,Breitingen,POINT (9.989000574624999 48.51485999177243)
C6144,Holzkirch,POINT (10.00411323070891 48.52772248314778)
C6145,Langenau,POINT (10.101285586987503 48.48819861446452)
C6146,Neenstetten,POINT (10.028332830022558 48.5416072082383)
C6147,Nerenstetten,POINT (10.103048560981899 48.528384439041474)
C6148,Öllingen,POINT (10.14563030652399 48.53111992273463)
C6149,Rammingen,POINT (10.182499494927423 48.516405650055056)
C6150,Setzingen,POINT (10.1203656386962 48.54616385461962)
C6151,Weidenstetten,POINT (9.980626177287933 48.558668622532004)
C6152,Amstetten,POINT (9.899582491852396 48.587921131795326)
C6153,Lonsee,POINT (9.909450598673331 48.54364054850484)
C6154,Emeringen,POINT (9.51556734782837 48.23654467362647)
C6155,Emerkingen,POINT (9.650313011210505 48.20636985937871)
C6156,Grundsheim,POINT (9.665685898332322 48.17455493053757)
C6157,Hausen am Bussen,POINT (9.62188026609599 48.209155619323525)
C6158,Lauterach,POINT (9.572328696966226 48.25924887014507)
C6159,Munderkingen,POINT (9.64662135746669 48.23467923109745)
C6160,Obermarchtal,POINT (9.57028958434173 48.21849918579516)
C6161,Oberstadion,POINT (9.700555946690685 48.187642064366145)
C6162,Rechtenstein,POINT (9.545330061676584 48.244159601347256)
C6163,Rottenacker,POINT (9.68756102881638 48.2342711356946)
C6164,Untermarchtal,POINT (9.611094110284125 48.241709411322816)
C6165,Unterstadion,POINT (9.702465270714823 48.20604486020275)
C6166,Unterwachingen,POINT (9.6375831485791 48.20114069841718)
C6167,Schemmerhofen,POINT (9.777387638817991 48.176330921460476)
C6168,Alleshausen,POINT (9.614891173698489 48.107485827856785)
C6169,Allmannsweiler,POINT (9.596051296122784 48.028895646258356)
C6170,Bad Buchau,POINT (9.607816615395857 48.060043236243594)
C6171,Betzenweiler,POINT (9.578794432380176 48.11930201334777)
C6172,Dürnau,POINT (9.555449623327675 48.05911937749658)
C6173,Kanzach,POINT (9.569267833185785 48.08510822625488)
C6174,Moosburg,POINT (9.5992685986697 48.09201086964076)
C6175,Oggelshausen,POINT (9.659933231760748 48.06702917946966)
C6176,Seekirch,POINT (9.646746095580218 48.1107701248551)
C6177,Tiefenbach,POINT (9.661435248201526 48.095125184163024)
C6178,Bad Schussenried,POINT (9.654421452754617 48.009757477099456)
C6179,Ingoldingen,POINT (9.73173349206581 48.018727895604684)
C6180,Attenweiler,POINT (9.690081667205027 48.14734111207196)
C6181,Biberach an der Riß,POINT (9.788524259233913 48.09118844143455)
C6182,Eberhardzell,POINT (9.833779517030315 47.990508370567596)
C6183,Hochdorf,POINT (9.792021779978153 48.025140662429976)
C6184,Maselheim,POINT (9.873112779413947 48.13576699570191)
C6185,Mittelbiberach,POINT (9.741701346581742 48.07753420295611)
C6186,Ummendorf,POINT (9.8406159894201 48.05510673831726)
C6187,Warthausen,POINT (9.78383770632892 48.13567424266287)
C6188,Berkheim,POINT (10.069542651296505 48.046805672798186)
C6189,Dettingen an der Iller,POINT (10.10840772395674 48.107807394865354)
C6190,Erolzheim,POINT (10.053842726228687 48.09063474580717)
C6191,Kirchberg an der Iller,POINT (10.074878509465117 48.134383329316265)
C6192,Kirchdorf an der Iller,POINT (10.114825084126544 48.06127174748594)
C6193,Achstetten,POINT (9.901951655347116 48.26430316230111)
C6194,Burgrieden,POINT (9.950507400460422 48.23130478595799)
C6195,Laupheim,POINT (9.864412823510165 48.227728686900385)
C6196,Mietingen,POINT (9.895745937244834 48.179547217937255)
C6197,Erlenmoos,POINT (9.993320968331624 48.05325246652868)
C6198,Ochsenhausen,POINT (9.934612012157027 48.075616955030114)
C6199,Steinhausen an der Rottum,POINT (9.936477717542948 48.01716545150319)
C6200,Gutenzell-Hürbel,POINT (9.987928155730078 48.12744458933696)
C6201,Altheim,POINT (9.412338404542735 48.125338428970025)
C6202,Dürmentingen,POINT (9.534298247701912 48.11911590414717)
C6203,Ertingen,POINT (9.468835628451988 48.09724013712756)
C6204,Langenenslingen,POINT (9.350352986916608 48.166669676263965)
C6205,Riedlingen,POINT (9.470632545875231 48.169880242930454)
C6206,Unlingen,POINT (9.541696762008655 48.173982131893744)
C6207,Uttenweiler,POINT (9.610778627251538 48.157821487332924)
C6208,Rot an der Rot,POINT (10.003184147482157 47.991467304145765)
C6209,Tannheim,POINT (10.086821344562116 48.000289032022465)
C6210,Schwendi,POINT (9.97842364457475 48.19066751085211)
C6211,Wain,POINT (10.02258051259471 48.18012091445931)
C6212,Meckenbeuren,POINT (9.564437305765269 47.698883364113186)
C6213,Eriskirch,POINT (9.537411204014953 47.638019167114)
C6214,Kressbronn am Bodensee,POINT (9.601972906121814 47.602963142916735)
C6215,Langenargen,POINT (9.562583415734672 47.61623935239491)
C6216,Friedrichshafen,POINT (9.474616875856706 47.68810308132541)
C6217,Immenstaad am Bodensee,POINT (9.364113234822423 47.67403055041916)
C6218,Bermatingen,POINT (9.341831979044327 47.72806414466661)
C6219,Markdorf,POINT (9.386626492904423 47.71268558843254)
C6220,Oberteuringen,POINT (9.470704825073588 47.733922335072855)
C6221,Deggenhausertal,POINT (9.400699996596435 47.783697070245225)
C6222,Daisendorf,POINT (9.271425336586207 47.71181599051441)
C6223,Hagnau am Bodensee,POINT (9.320028305460042 47.67900384444486)
C6224,Meersburg,POINT (9.279519473083955 47.70880625910873)
C6225,Stetten,POINT (9.30270936864786 47.69399534663174)
C6226,Uhldingen-Mühlhofen,POINT (9.246375059142133 47.73702287309887)
C6227,Frickingen,POINT (9.264147488971211 47.82264657453241)
C6228,Heiligenberg,POINT (9.311085309878973 47.84153757325909)
C6229,Salem,POINT (9.296951731633385 47.77005841730502)
C6230,Neukirch,POINT (9.702413120395313 47.659916079698874)
C6231,Tettnang,POINT (9.624346419453149 47.656496162919105)
C6232,Owingen,POINT (9.174954689077836 47.82641770692963)
C6233,Sipplingen,POINT (9.102685620130792 47.79841944633035)
C6234,Überlingen,POINT (9.161350785963858 47.7969390278452)
C6235,Aulendorf,POINT (9.648927675679461 47.9420813400668)
C6236,Bad Wurzach,POINT (9.90910281806036 47.91011715635246)
C6237,Isny im Allgäu,POINT (10.057166412994253 47.709768865528)
C6238,Kißlegg,POINT (9.881270336606056 47.787712350826574)
C6239,Argenbühl,POINT (9.939323079123092 47.703000282079685)
C6240,Altshausen,POINT (9.555867669363625 47.924589325221135)
C6241,Boms,POINT (9.517449782421657 47.95360856200248)
C6242,Ebenweiler,POINT (9.51433124010939 47.903587239721)
C6243,Eichstegen,POINT (9.504925606922633 47.94373957547659)
C6244,Fleischwangen,POINT (9.479039486417367 47.881051467175574)
C6245,Guggenhausen,POINT (9.469168815774552 47.90333389317528)
C6246,Hoßkirch,POINT (9.459040599593628 47.945699694234506)
C6247,Königseggwald,POINT (9.425052200564195 47.92680973882258)
C6248,Riedhausen,POINT (9.42808391516923 47.908485166428015)
C6249,Unterwaldhausen,POINT (9.469764654993394 47.90389947701818)
C6250,Ebersbach-Musbach,POINT (9.58256983882022 47.970495285867116)
C6251,Bad Waldsee,POINT (9.749442631115 47.91798099529569)
C6252,Bergatreute,POINT (9.747241602321685 47.853945756515174)
C6253,Bodnegg,POINT (9.690380585508441 47.70937947847384)
C6254,Grünkraut,POINT (9.659806087887297 47.74142142674896)
C6255,Schlier,POINT (9.695991459157725 47.79418264221001)
C6256,Waldburg,POINT (9.722623224901115 47.75749000188042)
C6257,Aichstetten,POINT (10.060535628342818 47.89419692022343)
C6258,Aitrach,POINT (10.061077897234748 47.936428702395176)
C6259,Leutkirch im Allgäu,POINT (10.0187379581493 47.812582727692714)
C6260,Baienfurt,POINT (9.666297622473891 47.827890948282416)
C6261,Baindt,POINT (9.664374559071732 47.85492830230805)
C6262,Berg,POINT (9.576993849450256 47.82802226089266)
C6263,Ravensburg,POINT (9.576269870093755 47.763768901463564)
C6264,Weingarten,POINT (9.637809936641279 47.80773899035159)
C6265,Vogt,POINT (9.766861073972441 47.78225867335604)
C6266,Wolfegg,POINT (9.792690784667535 47.826293628604645)
C6267,Achberg,POINT (9.713994354610358 47.62237247828491)
C6268,Amtzell,POINT (9.75965576915603 47.71372544274144)
C6269,Wangen im Allgäu,POINT (9.80615975413965 47.69249802763383)
C6270,Wilhelmsdorf,POINT (9.424783682147297 47.864991841842944)
C6271,Horgenzell,POINT (9.482250084788229 47.80944032509958)
C6272,Wolpertswende,POINT (9.622311686738396 47.89464057491156)
C6273,Fronreute,POINT (9.554731149581867 47.86774842181916)
C6274,Ostrach,POINT (9.360507069483608 47.95127026898217)
C6275,Gammertingen,POINT (9.261229873188741 48.25229234663991)
C6276,Hettingen,POINT (9.264860544755068 48.20054727270974)
C6277,Neufra,POINT (9.160879699441702 48.24193509619456)
C6278,Veringenstadt,POINT (9.211859262108241 48.177705927838424)
C6279,Hohentengen,POINT (9.382073800483338 48.02342871891769)
C6280,Mengen,POINT (9.324050564765267 48.044713629139366)
C6281,Scheer,POINT (9.316986477019215 48.083664158756065)
C6282,Leibertingen,POINT (9.0377880172514 48.03859964014605)
C6283,Meßkirch,POINT (9.11922549744066 48.00253366524331)
C6284,Sauldorf,POINT (9.079058531432906 47.95006337618543)
C6285,Illmensee,POINT (9.369164475547763 47.8602363428734)
C6286,Pfullendorf,POINT (9.25803822549661 47.9185026024298)
C6287,Wald,POINT (9.16685396809245 47.931749798782484)
C6288,Herdwangen-Schönach,POINT (9.190245158366375 47.8681065932316)
C6289,Herbertingen,POINT (9.43540646722236 48.06438518535515)
C6290,Bad Saulgau,POINT (9.504520335687683 48.01214975008571)
C6291,Beuron,POINT (9.021094012144246 48.075367223832984)
C6292,Bingen,POINT (9.273541876313963 48.11999183522229)
C6293,Inzigkofen,POINT (9.151166194871609 48.0543002758697)
C6294,Krauchenwies,POINT (9.232770865956741 48.005765183399745)
C6295,Sigmaringen,POINT (9.189184018367207 48.0931147731705)
C6296,Sigmaringendorf,POINT (9.262603146020735 48.07082010629693)
C6297,Schwenningen,POINT (8.98913720761578 48.11111141105074)
C6298,Stetten am kalten Markt,POINT (9.07272707170258 48.129435193320695)
C6299,Ingolstadt,POINT (11.394904893540016 48.75511825209772)
C6300,München,POINT (11.54738011945987 48.15315635038881)
C6301,Rosenheim,POINT (12.108530381030501 47.84374936429069)
C6302,Altötting,POINT (12.665876122207305 48.228024108907995)
C6303,Burghausen,POINT (12.815411688081367 48.164958430444436)
C6304,Burgkirchen a.d.Alz,POINT (12.722874546815365 48.150211987984484)
C6305,Garching a.d.Alz,POINT (12.58695344140046 48.135164809140555)
C6306,Haiming,POINT (12.869462653788093 48.219550456384134)
C6307,Neuötting,POINT (12.745773427081518 48.2424053971687)
C6308,Pleiskirchen,POINT (12.6287868136464 48.31691082194932)
C6309,Teising,POINT (12.611827349454805 48.22971663917082)
C6310,Töging a.Inn,POINT (12.593313844321173 48.257877667237544)
C6311,Tüßling,POINT (12.614417907008978 48.206193932575516)
C6312,Winhöring,POINT (12.65582841481997 48.26978010329904)
C6313,Emmerting,POINT (12.762500573030035 48.2071912295708)
C6314,Mehring,POINT (12.790910862498093 48.184824606654466)
C6315,Feichten a.d.Alz,POINT (12.599823187159426 48.088821209650455)
C6316,Halsbach,POINT (12.682956541230268 48.118857003413396)
C6317,Kirchweidach,POINT (12.644202711742823 48.098304027098635)
C6318,Tyrlaching,POINT (12.66469901957091 48.06528038407694)
C6319,Marktl,POINT (12.833724306694963 48.25534886478165)
C6320,Stammham,POINT (12.875202410589136 48.25093705651338)
C6321,Erlbach,POINT (12.784592717862953 48.304473239545125)
C6322,Perach,POINT (12.769124137553806 48.27128579455819)
C6323,Reischach,POINT (12.714246320694357 48.294670645636806)
C6324,Kastl,POINT (12.686817757633444 48.187818179979594)
C6325,Unterneukirchen,POINT (12.621539982481767 48.16767582893797)
C6326,Ainring,POINT (12.927229926917349 47.81972485879721)
C6327,Anger,POINT (12.846239631110425 47.79681168631127)
C6328,Bad Reichenhall,POINT (12.861186911884937 47.730163184794776)
C6329,Bayerisch Gmain,POINT (12.902190808051689 47.710044148668594)
C6330,Berchtesgaden,POINT (13.031366904082494 47.64314160124338)
C6331,Bischofswiesen,POINT (12.944111811687762 47.662167904969444)
C6332,Freilassing,POINT (12.975031459813492 47.84520155622789)
C6333,Laufen,POINT (12.900507920328268 47.92549311068703)
C6334,Marktschellenberg,POINT (13.044147844167064 47.683107492738195)
C6335,Piding,POINT (12.897849501048759 47.770700136836105)
C6336,Ramsau b.Berchtesgaden,POINT (12.871492067660775 47.58401279493715)
C6337,Saaldorf-Surheim,POINT (12.927950633069356 47.87965990379681)
C6338,Schneizlreuth,POINT (12.796949596158084 47.68831153478232)
C6339,Schönau a.Königssee,POINT (12.987294963096822 47.543473113516065)
C6340,Teisendorf,POINT (12.80741152338633 47.84978805552556)
C6341,Eck,POINT (13.064394579400428 47.624348884727496)
C6342,Schellenberger Forst,POINT (13.008285756369904 47.69415645321385)
C6343,Bad Heilbrunn,POINT (11.45068761224063 47.7546541109638)
C6344,Bad Tölz,POINT (11.571904014380626 47.78299370107928)
C6345,Dietramszell,POINT (11.575390569261007 47.86909617394657)
C6346,Egling,POINT (11.513851073174608 47.92771428308432)
C6347,Eurasburg,POINT (11.401420922305636 47.8345065844796)
C6348,Gaißach,POINT (11.609695717349117 47.71687287760366)
C6349,Geretsried,POINT (11.45371055387503 47.8709968248974)
C6350,Icking,POINT (11.423648928524521 47.94714711809943)
C6351,Jachenau,POINT (11.42919639689249 47.595935088700834)
C6352,Königsdorf,POINT (11.466887890684532 47.81262898911558)
C6353,Lenggries,POINT (11.53439484897975 47.59632614119357)
C6354,Münsing,POINT (11.362756766284837 47.8743132020025)
C6355,Wackersberg,POINT (11.515467879824122 47.74075053555299)
C6356,Wolfratshausen,POINT (11.427168532582238 47.90920182456691)
C6357,Benediktbeuern,POINT (11.422246988078076 47.68958212467796)
C6358,Bichl,POINT (11.43274150076477 47.71921404635789)
C6359,Kochel a.See,POINT (11.353025641321874 47.628051609417255)
C6360,Schlehdorf,POINT (11.307160212153388 47.64564750740571)
C6361,Greiling,POINT (11.608595403519509 47.75587788581506)
C6362,Reichersbeuern,POINT (11.632274085754824 47.76374178275403)
C6363,Sachsenkam,POINT (11.629515948374117 47.80859773989936)
C6364,Pupplinger Au,POINT (11.45065725937969 47.910581971854974)
C6365,Wolfratshauser Forst,POINT (11.495558625880987 47.86618431108055)
C6366,Altomünster,POINT (11.237929252243248 48.38972894375265)
C6367,Bergkirchen,POINT (11.35998096989218 48.25552263434443)
C6368,Dachau,POINT (11.439854622485383 48.26807088605229)
C6369,Erdweg,POINT (11.283225513278904 48.33272762364942)
C6370,Haimhausen,POINT (11.541854974195452 48.31600669641699)
C6371,Hebertshausen,POINT (11.480483007682563 48.29704596702249)
C6372,Karlsfeld,POINT (11.462717524101748 48.22963436061528)
C6373,Markt Indersdorf,POINT (11.359769583002892 48.36977052065652)
C6374,Odelzhausen,POINT (11.207963097775988 48.31785517005151)
C6375,Petershausen,POINT (11.476800009265583 48.407614205660906)
C6376,Pfaffenhofen a.d.Glonn,POINT (11.144919902444702 48.29909700834623)
C6377,Röhrmoos,POINT (11.458266761771316 48.3317628912049)
C6378,Schwabhausen,POINT (11.342614737688129 48.30768345065269)
C6379,Sulzemoos,POINT (11.256577103952402 48.28756653779017)
C6380,Hilgertshausen-Tandern,POINT (11.327052972673407 48.43207509811477)
C6381,Vierkirchen,POINT (11.466237300690047 48.36535693111076)
C6382,Weichs,POINT (11.415033883027238 48.38696619294031)
C6383,Anzing,POINT (11.854364915730297 48.158124977480576)
C6384,Ebersberg,POINT (11.980544372324662 48.08162635261491)
C6385,Forstinning,POINT (11.90561518905546 48.174761653243934)
C6386,Grafing b.München,POINT (11.974698003799155 48.036584151752734)
C6387,Hohenlinden,POINT (11.998676015024706 48.15014106031829)
C6388,Kirchseeon,POINT (11.87879704400268 48.06734745047973)
C6389,Markt Schwaben,POINT (11.862123407595988 48.19097705698682)
C6390,Vaterstetten,POINT (11.793152733245117 48.12711238768176)
C6391,Pliening,POINT (11.795349344520337 48.19827240879883)
C6392,Poing,POINT (11.80252800699089 48.1682684944634)
C6393,Steinhöring,POINT (12.043045054431689 48.098864325230494)
C6394,Zorneding,POINT (11.819639070816303 48.082426675470685)
C6395,Aßling,POINT (11.993213658311957 47.991338414821726)
C6396,Frauenneuharting,POINT (12.046803424927191 48.03375156101315)
C6397,Emmering,POINT (12.062323947401005 47.99339832571173)
C6398,Baiern,POINT (11.914678454687373 47.96515747280833)
C6399,Bruck,POINT (11.917489287699327 48.023813560137185)
C6400,Egmating,POINT (11.802495919808932 47.99483115439325)
C6401,Glonn,POINT (11.864604384189944 47.98627271101886)
C6402,Moosach,POINT (11.872983832199532 48.03768060092981)
C6403,Oberpframmern,POINT (11.813950422965268 48.032217976139144)
C6404,Anzinger Forst,POINT (11.903097231445875 48.13566761934955)
C6405,Ebersberger Forst,POINT (11.964414746184007 48.13310394083217)
C6406,Eglhartinger Forst,POINT (11.885797854930544 48.09921216065128)
C6407,Altmannstein,POINT (11.617865224711041 48.908402244232825)
C6408,Beilngries,POINT (11.495919487319814 49.013029312789804)
C6409,Buxheim,POINT (11.286466168832037 48.814262907041616)
C6410,Denkendorf,POINT (11.469351731238795 48.927589691530265)
C6411,Dollnstein,POINT (11.090870357419709 48.870667973009766)
C6412,Eichstätt,POINT (11.195371827307822 48.88921943880883)
C6413,Gaimersheim,POINT (11.36397661606691 48.813657147370755)
C6414,Großmehring,POINT (11.543344555105879 48.78045045125022)
C6415,Hepberg,POINT (11.460454185610025 48.82789601779118)
C6416,Hitzhofen,POINT (11.315884266970526 48.874648886736885)
C6417,Kinding,POINT (11.377391900435018 48.99901663446662)
C6418,Kipfenberg,POINT (11.382646488393371 48.93892764557838)
C6419,Kösching,POINT (11.52164761361554 48.840445876272135)
C6420,Lenting,POINT (11.454911465779004 48.8092996848055)
C6421,Mörnsheim,POINT (11.011680764656147 48.85635491672288)
C6422,Stammham,POINT (11.46297506419741 48.867042011527396)
C6423,Titting,POINT (11.217549202415743 49.00086866527287)
C6424,Wellheim,POINT (11.099663359935999 48.818966885089345)
C6425,Wettstetten,POINT (11.411137124807487 48.83383747068033)
C6426,Pollenfeld,POINT (11.211411292441788 48.94451657619264)
C6427,Schernfeld,POINT (11.106836425491213 48.9257652969293)
C6428,Walting,POINT (11.303457528999738 48.920395161258156)
C6429,Böhmfeld,POINT (11.37009251737434 48.8699146310481)
C6430,Eitensheim,POINT (11.314984162469788 48.826299121209075)
C6431,Adelschlag,POINT (11.20377487256815 48.84424825052925)
C6432,Egweil,POINT (11.224667487654264 48.78720802297619)
C6433,Nassenfels,POINT (11.221691228094386 48.805449355890424)
C6434,Mindelstetten,POINT (11.636575268559405 48.85403168921336)
C6435,Oberdolling,POINT (11.597330232146005 48.83620841296895)
C6436,Pförring,POINT (11.687664488039962 48.819730042781444)
C6437,Haunstetter Forst,POINT (11.42950646177529 49.030462159913334)
C6438,Bockhorn,POINT (11.996253539697028 48.307880182579844)
C6439,Dorfen,POINT (12.165732498336666 48.28018535572977)
C6440,Erding,POINT (11.914180020213992 48.30638940276263)
C6441,Finsing,POINT (11.795830185373582 48.23122379890791)
C6442,Forstern,POINT (11.973831621269435 48.179970561084076)
C6443,Fraunberg,POINT (12.001790600905466 48.36043195005196)
C6444,Isen,POINT (12.058584175702816 48.19111530901004)
C6445,Lengdorf,POINT (12.046707079503628 48.260571352663945)
C6446,Moosinning,POINT (11.807919648738354 48.27744622746098)
C6447,Sankt Wolfgang,POINT (12.147013126145094 48.21958579982609)
C6448,Taufkirchen (Vils),POINT (12.14667159844669 48.33912632913962)
C6449,Buch a.Buchrain,POINT (12.00033251611656 48.21667119462335)
C6450,Pastetten,POINT (11.94122000599804 48.20709531821671)
C6451,Walpertskirchen,POINT (11.976684698037037 48.25878114736066)
C6452,Wörth,POINT (11.913718891747305 48.241478823247554)
C6453,Eitting,POINT (11.870721058699171 48.378489642905755)
C6454,Oberding,POINT (11.82400126779244 48.332642340031136)
C6455,Neuching,POINT (11.833671841934107 48.243909715376745)
C6456,Ottenhofen,POINT (11.88491505864664 48.212486949273966)
C6457,Hohenpolding,POINT (12.132268752083391 48.39726943199689)
C6458,Inning a.Holz,POINT (12.075085961285092 48.343032361579205)
C6459,Kirchberg,POINT (12.062352136701046 48.408790736010744)
C6460,Steinkirchen,POINT (12.083499900836514 48.3764868034157)
C6461,Berglern,POINT (11.921086828372463 48.391896200136586)
C6462,Langenpreising,POINT (11.967699149535678 48.42619063396161)
C6463,Wartenberg,POINT (11.984488884524424 48.394755341826226)
C6464,Au i.d.Hallertau,POINT (11.717079745449904 48.55013999139389)
C6465,Eching,POINT (11.625408194576917 48.297005985951444)
C6466,Rudelzhausen,POINT (11.783288470300892 48.58745042152575)
C6467,Fahrenzhausen,POINT (11.56301012029128 48.36311460494493)
C6468,Freising,POINT (11.72665241848626 48.39202243136991)
C6469,Hallbergmoos,POINT (11.732685589234057 48.31405813687584)
C6470,Hohenkammer,POINT (11.533488849327668 48.4258284823704)
C6471,Kirchdorf a.d.Amper,POINT (11.662196724093414 48.4591044526978)
C6472,Kranzberg,POINT (11.626934284813208 48.40485013388364)
C6473,Langenbach,POINT (11.8547740818837 48.434389559659245)
C6474,Marzling,POINT (11.806409026580951 48.4054312119304)
C6475,Moosburg a.d.Isar,POINT (11.939333593513055 48.46190620940072)
C6476,Nandlstadt,POINT (11.811264819349498 48.530799419452855)
C6477,Neufahrn b.Freising,POINT (11.655281017871234 48.334785550010224)
C6478,Allershausen,POINT (11.590364540459312 48.43393830561274)
C6479,Paunzhausen,POINT (11.566898587176139 48.47070061147146)
C6480,Gammelsdorf,POINT (11.936763760596266 48.55547114494893)
C6481,Hörgertshausen,POINT (11.870667336000688 48.55732215911295)
C6482,Mauern,POINT (11.902205105741654 48.52421187359774)
C6483,Wang,POINT (11.918433261555375 48.49749050410034)
C6484,Attenkirchen,POINT (11.753161524627968 48.50516198826089)
C6485,Haag a.d.Amper,POINT (11.835348602847077 48.47017296897418)
C6486,Wolfersdorf,POINT (11.707003310171366 48.49208975742293)
C6487,Zolling,POINT (11.767962596807479 48.46849730233117)
C6488,Alling,POINT (11.278976474113147 48.14309610463113)
C6489,Egenhofen,POINT (11.18513509225745 48.260711266028856)
C6490,Eichenau,POINT (11.31491038695611 48.1652456071016)
C6491,Emmering,POINT (11.294609079473766 48.18157228168189)
C6492,Fürstenfeldbruck,POINT (11.229390742518104 48.17792019978297)
C6493,Germering,POINT (11.360346884756375 48.128982326436066)
C6494,Gröbenzell,POINT (11.375356219486248 48.19357538923829)
C6495,Maisach,POINT (11.254559864921422 48.230321555056385)
C6496,Moorenweis,POINT (11.06424663811434 48.16158466848822)
C6497,Olching,POINT (11.347449387549617 48.209422622393106)
C6498,Puchheim,POINT (11.346243216690473 48.16108989356946)
C6499,Türkenfeld,POINT (11.093784953133975 48.108368311592336)
C6500,Adelshofen,POINT (11.104565955770507 48.192518035769275)
C6501,Althegnenberg,POINT (11.070457634362908 48.22589989347956)
C6502,Hattenhofen,POINT (11.113613538302923 48.22323837678024)
C6503,Jesenwang,POINT (11.133533294913617 48.16309904847959)
C6504,Landsberied,POINT (11.173127650466105 48.16002087395458)
C6505,Mammendorf,POINT (11.161120857254407 48.20755990383697)
C6506,Mittelstetten,POINT (11.0993778383523 48.25477373734541)
C6507,Oberschweinbach,POINT (11.14665735777867 48.24052109524791)
C6508,Grafrath,POINT (11.166987530866917 48.12297628854201)
C6509,Kottgeisering,POINT (11.127794634463227 48.122404875478715)
C6510,Schöngeising,POINT (11.205171388972941 48.13424948678623)
C6511,Bad Kohlgrub,POINT (11.073899619190685 47.664475836149585)
C6512,Farchant,POINT (11.107631362620225 47.53465356426713)
C6513,Garmisch-Partenkirchen,POINT (11.07183211680302 47.474223461693235)
C6514,Grainau,POINT (11.006824536282618 47.45463578337751)
C6515,Krün,POINT (11.223562835637972 47.495551309398664)
C6516,Mittenwald,POINT (11.295485604999945 47.4637278019126)
C6517,Murnau a.Staffelsee,POINT (11.181428954370165 47.663409664957726)
C6518,Oberammergau,POINT (11.071169162724964 47.59626226367999)
C6519,Oberau,POINT (11.144068109399548 47.55997420480493)
C6520,Uffing a.Staffelsee,POINT (11.107775441653311 47.70866318271705)
C6521,Wallgau,POINT (11.275946847670609 47.54173173878408)
C6522,Bad Bayersoien,POINT (11.004856313788556 47.69599865220346)
C6523,Saulgrub,POINT (10.989736238490687 47.63372989229017)
C6524,Ettal,POINT (11.044261100651696 47.572527567915465)
C6525,Unterammergau,POINT (11.020790430698533 47.61466012720827)
C6526,Eschenlohe,POINT (11.197586087242795 47.58575870010388)
C6527,Großweil,POINT (11.303815935135628 47.685665272939374)
C6528,Ohlstadt,POINT (11.239440339089889 47.631759736437935)
C6529,Schwaigen,POINT (11.123409257592476 47.62298843071302)
C6530,Riegsee,POINT (11.254369865416065 47.697265549958104)
C6531,Seehausen a.Staffelsee,POINT (11.168009293837063 47.69104010665138)
C6532,Spatzenhausen,POINT (11.205656696550898 47.71554233923398)
C6533,Ettaler Forst,POINT (10.96817461440961 47.5500765185638)
C6534,Denklingen,POINT (10.840091158584602 47.888451768346876)
C6535,Dießen am Ammersee,POINT (11.049827541149032 47.953191109157736)
C6536,Egling a.d.Paar,POINT (10.989250681588137 48.185561924981386)
C6537,Geltendorf,POINT (11.00671596057203 48.13535421146253)
C6538,Kaufering,POINT (10.872170590959483 48.09887666213085)
C6539,Landsberg am Lech,POINT (10.861030472777117 48.034870107882824)
C6540,Penzing,POINT (10.939765040566684 48.078456149981854)
C6541,Utting am Ammersee,POINT (11.069502114109701 48.01937595607818)
C6542,Weil,POINT (10.947355418598798 48.123473288868595)
C6543,Fuchstal,POINT (10.822735888126411 47.93322618293042)
C6544,Unterdießen,POINT (10.843791127383142 47.97903671205387)
C6545,Hurlach,POINT (10.826616503383582 48.12010370150583)
C6546,Igling,POINT (10.806579966693404 48.06616480292241)
C6547,Obermeitingen,POINT (10.82692117829205 48.145390875033115)
C6548,Prittriching,POINT (10.92547813197921 48.20047949960941)
C6549,Scheuring,POINT (10.889385540863183 48.16022269599761)
C6550,Hofstetten,POINT (10.96749275157984 48.002375540765584)
C6551,Schwifting,POINT (10.939536601885873 48.043603679104194)
C6552,Pürgen,POINT (10.91730617268644 48.006549431851866)
C6553,Apfeldorf,POINT (10.947848368389506 47.888680420394216)
C6554,Kinsau,POINT (10.904942255833776 47.87860685172035)
C6555,Vilgertshofen,POINT (10.916775020218845 47.9585089968245)
C6556,Reichling,POINT (10.937073575532038 47.93043623846177)
C6557,Rott,POINT (10.982359027905481 47.9089165878745)
C6558,Thaining,POINT (10.963268788885959 47.97314763195102)
C6559,Eching am Ammersee,POINT (11.116258041084722 48.08310763567894)
C6560,Greifenberg,POINT (11.07993128274983 48.07722468327597)
C6561,Schondorf am Ammersee,POINT (11.086416429482187 48.052899409378334)
C6562,Eresing,POINT (11.037978229248047 48.09022490321548)
C6563,Finning,POINT (11.013184454618932 48.02117660785289)
C6564,Windach,POINT (11.025017685890063 48.059817985254995)
C6565,Ammersee,POINT (11.124955495919405 48.0021558212976)
C6566,Bad Wiessee,POINT (11.69472486010233 47.70058894943377)
C6567,Bayrischzell,POINT (11.985447534022528 47.65738007461591)
C6568,Fischbachau,POINT (11.947960097264145 47.73677105255435)
C6569,Gmund a.Tegernsee,POINT (11.744836057054888 47.75294219275603)
C6570,Hausham,POINT (11.827859796791858 47.75320451842973)
C6571,Holzkirchen,POINT (11.679367994008818 47.86427554434398)
C6572,Irschenberg,POINT (11.897022505365188 47.82042654519592)
C6573,Kreuth,POINT (11.73023647932675 47.62573960263658)
C6574,Miesbach,POINT (11.835278473133068 47.78756379769784)
C6575,Otterfing,POINT (11.674150838707785 47.91434273117067)
C6576,Rottach-Egern,POINT (11.825361389633937 47.6518805624541)
C6577,Schliersee,POINT (11.875020179369608 47.686946602088895)
C6578,Tegernsee,POINT (11.764021519926402 47.71457191115977)
C6579,Valley,POINT (11.763049043367246 47.88581731370732)
C6580,Waakirchen,POINT (11.675680649944573 47.771499058907466)
C6581,Warngau,POINT (11.737883692791506 47.81756175904128)
C6582,Weyarn,POINT (11.814954750244627 47.85806985201535)
C6583,Ampfing,POINT (12.38727682268867 48.2636753700102)
C6584,Aschau a.Inn,POINT (12.35551012994157 48.1983462536587)
C6585,Buchbach,POINT (12.303060427884095 48.30726227704629)
C6586,Haag i.OB,POINT (12.16270622424127 48.16003180879575)
C6587,Mettenheim,POINT (12.473629226343398 48.272330689998576)
C6588,Mühldorf a.Inn,POINT (12.518345481980612 48.249363786201236)
C6589,Obertaufkirchen,POINT (12.263250114768995 48.23549402696313)
C6590,Schwindegg,POINT (12.268626321565963 48.273848454181035)
C6591,Waldkraiburg,POINT (12.42072531433938 48.201872359491)
C6592,Heldenstein,POINT (12.363854141791869 48.240613785891924)
C6593,Rattenkirchen,POINT (12.317417147792437 48.23593178174517)
C6594,Gars a.Inn,POINT (12.288742098119315 48.15732127719113)
C6595,Unterreit,POINT (12.334704429410019 48.12924223416392)
C6596,Kirchdorf,POINT (12.180915726332294 48.18779689419787)
C6597,Reichertsheim,POINT (12.2562297383393 48.18678950451576)
C6598,Jettenbach,POINT (12.373494279021807 48.16116646358604)
C6599,Kraiburg a.Inn,POINT (12.446633793229115 48.17925329881182)
C6600,Taufkirchen,POINT (12.445786654590448 48.14124536386237)
C6601,Egglkofen,POINT (12.453408665346414 48.392048825032596)
C6602,Neumarkt-Sankt Veit,POINT (12.510851656126768 48.380125953847774)
C6603,Lohkirchen,POINT (12.449686864602072 48.31218366166975)
C6604,Oberbergkirchen,POINT (12.380960154637947 48.31357015856912)
C6605,Schönberg,POINT (12.424362792330987 48.344867872173666)
C6606,Zangberg,POINT (12.429878690609355 48.28123310444582)
C6607,Oberneukirchen,POINT (12.516447954028056 48.169010009791634)
C6608,Polling,POINT (12.539151252037264 48.207890186996366)
C6609,Erharting,POINT (12.568226717359842 48.28017943438727)
C6610,Niederbergkirchen,POINT (12.517954981828167 48.31069535297411)
C6611,Niedertaufkirchen,POINT (12.56400335713095 48.34526707670251)
C6612,Maitenbeth,POINT (12.091700862865913 48.14650514317226)
C6613,Rechtmehring,POINT (12.163383579326196 48.1191680409334)
C6614,Mühldorfer Hart,POINT (12.432644620079998 48.223452374108426)
C6615,Aschheim,POINT (11.715397662462301 48.185342597526784)
C6616,Baierbrunn,POINT (11.480140307857681 48.014693259240175)
C6617,Brunnthal,POINT (11.691841948083317 47.99042956745745)
C6618,Feldkirchen,POINT (11.731319105267417 48.14576108454534)
C6619,Garching b.München,POINT (11.639484835305012 48.24809611639637)
C6620,Gräfelfing,POINT (11.436642371799996 48.12267994654025)
C6621,Grasbrunn,POINT (11.760423606277538 48.0728656177254)
C6622,Grünwald,POINT (11.53540793731714 48.04547730938279)
C6623,Haar,POINT (11.732861009690307 48.11804781346735)
C6624,Höhenkirchen-Siegertsbrunn,POINT (11.738527445492021 48.02026952788104)
C6625,Hohenbrunn,POINT (11.710716609089696 48.050060797695735)
C6626,Ismaning,POINT (11.704705665656123 48.2405757503738)
C6627,Kirchheim b.München,POINT (11.751024501765487 48.182328871139724)
C6628,Neuried,POINT (11.439288875525069 48.08060500072254)
C6629,Oberhaching,POINT (11.580438895822855 48.00297819739432)
C6630,Oberschleißheim,POINT (11.561166461954235 48.24805897507354)
C6631,Ottobrunn,POINT (11.664279469825232 48.06390514744503)
C6632,Aying,POINT (11.77351742337654 47.9570385420973)
C6633,Planegg,POINT (11.429820915906898 48.102725157959725)
C6634,Pullach i.Isartal,POINT (11.518969566038345 48.05672581378705)
C6635,Putzbrunn,POINT (11.70661852787726 48.082767167390074)
C6636,Sauerlach,POINT (11.635610179683496 47.959469498580745)
C6637,Schäftlarn,POINT (11.444584633181393 47.98981072773355)
C6638,Straßlach-Dingharting,POINT (11.51686213965458 47.98178330161598)
C6639,Taufkirchen,POINT (11.632940416453756 48.03295609047144)
C6640,Neubiberg,POINT (11.644338335994105 48.078421910033846)
C6641,Unterföhring,POINT (11.661880543118082 48.19076085664199)
C6642,Unterhaching,POINT (11.619632856469147 48.0666423749876)
C6643,Unterschleißheim,POINT (11.559721532464282 48.27643346044584)
C6644,Forstenrieder Park,POINT (11.45930554386273 48.04826102933875)
C6645,Grünwalder Forst,POINT (11.535407443695782 48.02519671266876)
C6646,Perlacher Forst,POINT (11.576580290267094 48.069246114631405)
C6647,Aresing,POINT (11.294589858491046 48.52351769767714)
C6648,Burgheim,POINT (11.038438479667263 48.69085524652444)
C6649,Ehekirchen,POINT (11.0978248496007 48.63768659175667)
C6650,Karlshuld,POINT (11.290679791596682 48.677151555942686)
C6651,Karlskron,POINT (11.399552993933867 48.66831319689217)
C6652,Neuburg a.d.Donau,POINT (11.194916517861145 48.736387948946316)
C6653,Oberhausen,POINT (11.109803126226025 48.70816273717807)
C6654,Rennertshofen,POINT (11.04780003714824 48.77318445230691)
C6655,Schrobenhausen,POINT (11.233730802116085 48.57183730069624)
C6656,Königsmoos,POINT (11.195342327534693 48.65128514346494)
C6657,Weichering,POINT (11.329059101558684 48.70942326422526)
C6658,Bergheim,POINT (11.232606480794308 48.76397061943719)
C6659,Rohrenfels,POINT (11.164232257428303 48.68865103446008)
C6660,Berg im Gau,POINT (11.249992337034103 48.636742623123666)
C6661,Brunnen,POINT (11.331839648480882 48.634334777242984)
C6662,Gachenbach,POINT (11.249500503610538 48.503989086112945)
C6663,Langenmosen,POINT (11.21033310072393 48.6042705947528)
C6664,Waidhofen,POINT (11.335985591375415 48.578023317042415)
C6665,Baar-Ebenhausen,POINT (11.473224746931642 48.680454082284754)
C6666,Gerolsbach,POINT (11.355712956640632 48.489489877644544)
C6667,Hohenwart,POINT (11.397322586649587 48.594077484919495)
C6668,Jetzendorf,POINT (11.407554879164595 48.43843779186693)
C6669,Manching,POINT (11.501833749694796 48.715837623318286)
C6670,Münchsmünster,POINT (11.676056979547882 48.76515792416788)
C6671,Pfaffenhofen a.d.Ilm,POINT (11.49341245632276 48.552096031209224)
C6672,Reichertshausen,POINT (11.478026269417816 48.45463313683045)
C6673,Rohrbach,POINT (11.54401765167451 48.6144176820672)
C6674,Scheyern,POINT (11.43331824937322 48.501316112615044)
C6675,Schweitenkirchen,POINT (11.613831402863923 48.51468932875736)
C6676,Vohburg a.d.Donau,POINT (11.612486882702463 48.76946830987932)
C6677,Wolnzach,POINT (11.63057029471329 48.60257652206798)
C6678,Ernsgaden,POINT (11.567597407582294 48.724057336032516)
C6679,Geisenfeld,POINT (11.619979798700163 48.68383423737234)
C6680,Hettenshausen,POINT (11.5285290970496 48.50219043838546)
C6681,Ilmmünster,POINT (11.499674250311138 48.48144713774032)
C6682,Pörnbach,POINT (11.471557949356031 48.61364372351941)
C6683,Reichertshofen,POINT (11.500504458566159 48.65629990526139)
C6684,Amerang,POINT (12.310412392977343 48.011522129878145)
C6685,Aschau i.Chiemgau,POINT (12.309939522307605 47.74318898036161)
C6686,Babensham,POINT (12.295529841984944 48.08813570854952)
C6687,Bad Aibling,POINT (12.003177390066375 47.86300830225709)
C6688,Bernau a.Chiemsee,POINT (12.374858956069142 47.81507578158614)
C6689,Brannenburg,POINT (12.069893265329926 47.728935076960404)
C6690,Bruckmühl,POINT (11.933675258254347 47.8895127007529)
C6691,Edling,POINT (12.149064096277396 48.058481502433544)
C6692,Eggstätt,POINT (12.3851149394495 47.93318252300329)
C6693,Eiselfing,POINT (12.246626753894589 48.03249548080646)
C6694,Bad Endorf,POINT (12.301300153038682 47.9040710681745)
C6695,Bad Feilnbach,POINT (11.999525132866426 47.78712649872845)
C6696,Feldkirchen-Westerham,POINT (11.863181819436745 47.9115732348383)
C6697,Flintsbach a.Inn,POINT (12.104714377657377 47.70441843183934)
C6698,Frasdorf,POINT (12.28241830992478 47.79761406186754)
C6699,Griesstätt,POINT (12.189870769775837 47.98999604657433)
C6700,Großkarolinenfeld,POINT (12.067961547958845 47.90025290561506)
C6701,Schechen,POINT (12.119727283845792 47.92621756685018)
C6702,Kiefersfelden,POINT (12.127692666258977 47.62585681719481)
C6703,Kolbermoor,POINT (12.047512640076663 47.843008295311975)
C6704,Neubeuern,POINT (12.15078750049047 47.779147042651076)
C6705,Nußdorf a.Inn,POINT (12.17638533360769 47.728652037195054)
C6706,Oberaudorf,POINT (12.113615731700683 47.663124400783026)
C6707,Prien a.Chiemsee,POINT (12.333757472930344 47.84620075185692)
C6708,Prutting,POINT (12.191683634898729 47.88791902709052)
C6709,Raubling,POINT (12.084754206943181 47.786892775443455)
C6710,Riedering,POINT (12.237490014128612 47.83951364339018)
C6711,Rimsting,POINT (12.327968928585989 47.87490336530416)
C6712,Rohrdorf,POINT (12.187396747200099 47.807217329300286)
C6713,Samerberg,POINT (12.215018371713565 47.76133339834199)
C6714,Söchtenau,POINT (12.230614473631999 47.91945354822986)
C6715,Soyen,POINT (12.214819627277409 48.10452004345336)
C6716,Stephanskirchen,POINT (12.180879317240926 47.86259541228554)
C6717,Tuntenhausen,POINT (12.003417465702496 47.94402453943213)
C6718,Vogtareuth,POINT (12.176429435768288 47.93152779261123)
C6719,Wasserburg a.Inn,POINT (12.200443923957266 48.054212120518145)
C6720,Breitbrunn a.Chiemsee,POINT (12.384437950076693 47.89359128702669)
C6721,Chiemsee,POINT (12.399294313064507 47.86147184948709)
C6722,Gstadt a.Chiemsee,POINT (12.416713758301569 47.904249659563845)
C6723,Halfing,POINT (12.267485422058915 47.95235831312633)
C6724,Höslwang,POINT (12.32021196961237 47.94813831420885)
C6725,Schonstett,POINT (12.253974819472452 47.986974672525115)
C6726,Ramerberg,POINT (12.146925164277663 48.015017372269604)
C6727,Rott a.Inn,POINT (12.126396675150312 47.98819426100274)
C6728,Pfaffing,POINT (12.10361704946826 48.05296157877708)
C6729,Albaching,POINT (12.114305508660781 48.10718541160791)
C6730,Rotter Forst-Nord,POINT (12.092054461287962 47.97368759604253)
C6731,Rotter Forst-Süd,POINT (12.086704079540521 47.94887874880358)
C6732,Berg,POINT (11.37986248508345 47.95900356089519)
C6733,Andechs,POINT (11.20764506377599 47.96880204334269)
C6734,Feldafing,POINT (11.284805849984878 47.945641492612445)
C6735,Gauting,POINT (11.35391092490076 48.06039341879415)
C6736,Gilching,POINT (11.276294528728739 48.11136406579366)
C6737,Herrsching a.Ammersee,POINT (11.166143477487388 48.007971352420114)
C6738,Inning a.Ammersee,POINT (11.156545637768003 48.07246148146817)
C6739,Krailling,POINT (11.361992097180519 48.094431864877784)
C6740,Seefeld,POINT (11.223895748862184 48.03642607819825)
C6741,Pöcking,POINT (11.283399770102339 47.972763296082064)
C6742,Starnberg,POINT (11.332739124701963 48.010346392779425)
C6743,Tutzing,POINT (11.244923456798338 47.910422082658236)
C6744,Weßling,POINT (11.262543940330222 48.07382745075955)
C6745,Wörthsee,POINT (11.20187494427679 48.080342139119146)
C6746,Starnberger See,POINT (11.316709639130652 47.90010278759103)
C6747,Altenmarkt a.d.Alz,POINT (12.505745959353408 48.00207034523694)
C6748,Chieming,POINT (12.539397288215687 47.91406401384264)
C6749,Engelsberg,POINT (12.522001809886953 48.12582110833937)
C6750,Fridolfing,POINT (12.82273647815488 47.994394583827265)
C6751,Grabenstätt,POINT (12.550433555971665 47.84541299888385)
C6752,Grassau,POINT (12.42549178557586 47.78597248394226)
C6753,Inzell,POINT (12.768242783551553 47.76818835773655)
C6754,Kirchanschöring,POINT (12.821334397904561 47.94941732412997)
C6755,Nußdorf,POINT (12.594464523636814 47.91070363131055)
C6756,Palling,POINT (12.649065416914581 48.006054445179515)
C6757,Petting,POINT (12.822046221031131 47.90385022749919)
C6758,Reit im Winkl,POINT (12.521574416325496 47.66734292579097)
C6759,Ruhpolding,POINT (12.627340029575555 47.730167264873394)
C6760,Schleching,POINT (12.383065731974549 47.72184624151993)
C6761,Schnaitsee,POINT (12.39390774439134 48.07871936073756)
C6762,Seeon-Seebruck,POINT (12.470335077487993 47.9607645912969)
C6763,Siegsdorf,POINT (12.677941103762725 47.810826352896875)
C6764,Surberg,POINT (12.702213072791627 47.86985235174243)
C6765,Tacherting,POINT (12.508162912286652 48.082268786580784)
C6766,Tittmoning,POINT (12.740150476957512 48.04671070549948)
C6767,Traunreut,POINT (12.592080032327397 47.95783198356509)
C6768,Traunstein,POINT (12.643975438442457 47.8796610936661)
C6769,Trostberg,POINT (12.565538069452836 48.031241801872206)
C6770,Übersee,POINT (12.477454447187416 47.826764127885504)
C6771,Unterwössen,POINT (12.471524315501618 47.71974013848371)
C6772,Bergen,POINT (12.572741643529032 47.79399955366101)
C6773,Vachendorf,POINT (12.597277924911749 47.842223346500944)
C6774,Marquartstein,POINT (12.451313188632568 47.75774964123765)
C6775,Staudach-Egerndach,POINT (12.508252698005782 47.779139107844806)
C6776,Kienberg,POINT (12.46749248222757 48.040237079394906)
C6777,Obing,POINT (12.400592228989558 48.01418919674621)
C6778,Pittenhart,POINT (12.376812746748532 47.974504291697954)
C6779,Taching a.See,POINT (12.718141036437762 47.980251831770055)
C6780,Waging a.See,POINT (12.72306449029889 47.93569059130002)
C6781,Wonneberg,POINT (12.717848652972743 47.90179568123335)
C6782,Chiemsee (See),POINT (12.453134656171123 47.87761022176354)
C6783,Waginger See,POINT (12.767966759084759 47.946290779377875)
C6784,Bernried am Starnberger See,POINT (11.27262951359174 47.86355776910293)
C6785,Hohenpeißenberg,POINT (11.006611178518472 47.80153080908468)
C6786,Pähl,POINT (11.172508655729048 47.9204568387148)
C6787,Peißenberg,POINT (11.06771184832063 47.79941088472104)
C6788,Peiting,POINT (10.935157035252402 47.80106545213713)
C6789,Penzberg,POINT (11.381239242261357 47.76100743658928)
C6790,Polling,POINT (11.130492209781536 47.81162125295115)
C6791,Raisting,POINT (11.105936925192252 47.90448638868267)
C6792,Schongau,POINT (10.896475844026416 47.81269569023887)
C6793,Weilheim i.OB,POINT (11.145522644315237 47.84423698088833)
C6794,Wessobrunn,POINT (11.023759612901154 47.86281305874047)
C6795,Wielenbach,POINT (11.184959464299414 47.87071023651462)
C6796,Altenstadt,POINT (10.85943351206976 47.82272333390963)
C6797,Hohenfurch,POINT (10.896961790957874 47.85398695694912)
C6798,Ingenried,POINT (10.784681423458945 47.807850392381894)
C6799,Schwabbruck,POINT (10.828058945577865 47.821523294586825)
C6800,Schwabsoien,POINT (10.81050900809065 47.83974645751631)
C6801,Bernbeuren,POINT (10.767824394276687 47.72971167439741)
C6802,Burggen,POINT (10.81212047021849 47.774509070169486)
C6803,Antdorf,POINT (11.299878329572168 47.75665588318982)
C6804,Habach,POINT (11.28711726950967 47.727738504146984)
C6805,Obersöchering,POINT (11.231534037108014 47.74609027056126)
C6806,Sindelsdorf,POINT (11.343146921276293 47.71913389941578)
C6807,Eberfing,POINT (11.221937246020673 47.787356785954564)
C6808,Eglfing,POINT (11.157036935952993 47.73798698094798)
C6809,Huglfing,POINT (11.131199557347813 47.75717875462901)
C6810,Oberhausen,POINT (11.114771284019021 47.774887982812345)
C6811,Böbing,POINT (11.015580369119983 47.750026434321576)
C6812,Rottenbuch,POINT (10.963898508603052 47.72789993375435)
C6813,Iffeldorf,POINT (11.32299429933864 47.78690198485429)
C6814,Seeshaupt,POINT (11.262834594825891 47.824701163689724)
C6815,Prem,POINT (10.813070770792246 47.67574692658293)
C6816,Steingaden,POINT (10.86738292615569 47.70819063746383)
C6817,Wildsteig,POINT (10.943818170255877 47.668343219274696)
C6818,Landshut,POINT (12.159230609346364 48.54443541051525)
C6819,Passau,POINT (13.415589053294765 48.58210897141422)
C6820,Straubing,POINT (12.57355373054405 48.88086794652087)
C6821,Aholming,POINT (12.896235220958332 48.736514246714236)
C6822,Auerbach,POINT (13.096310887548329 48.80909273013791)
C6823,Bernried,POINT (12.907518011083539 48.913373006441354)
C6824,Deggendorf,POINT (12.975507795483079 48.83735332447887)
C6825,Grafling,POINT (12.986442272433141 48.90900201825858)
C6826,Hengersberg,POINT (13.075325283076078 48.77220071635776)
C6827,Iggensbach,POINT (13.160908014920555 48.72216759884515)
C6828,Künzing,POINT (13.060078532776442 48.6527920575777)
C6829,Metten,POINT (12.911759556718891 48.85622332780778)
C6830,Niederalteich,POINT (13.026596624937449 48.76695813759286)
C6831,Offenberg,POINT (12.871488653914003 48.87204533719744)
C6832,Osterhofen,POINT (12.998267159466463 48.68258011738505)
C6833,Plattling,POINT (12.900849565235076 48.78330018633969)
C6834,Stephansposching,POINT (12.823036373075245 48.81110021538678)
C6835,Winzer,POINT (13.096655621230484 48.71683091778971)
C6836,Grattersdorf,POINT (13.159668461579672 48.80515080174166)
C6837,Hunding,POINT (13.173210652132422 48.845148983794815)
C6838,Lalling,POINT (13.126234799853227 48.85824921433444)
C6839,Schaufling,POINT (13.056952679150678 48.8489215669967)
C6840,Oberpöring,POINT (12.834446016072983 48.708892494277606)
C6841,Otzing,POINT (12.816518977634166 48.757405936063456)
C6842,Wallerfing,POINT (12.877513853203027 48.686844934589)
C6843,Buchhofen,POINT (12.930919869920647 48.70165384588739)
C6844,Moos,POINT (12.9664495415236 48.7598988146823)
C6845,Außernzell,POINT (13.221463936233915 48.73322053996549)
C6846,Schöllnach,POINT (13.190681829540553 48.772754289088404)
C6847,Freyung,POINT (13.551130923892934 48.82033946140241)
C6848,Grafenau,POINT (13.400482809540419 48.846610253509716)
C6849,Grainet,POINT (13.661498695676196 48.79508263374049)
C6850,Haidmühle,POINT (13.742765098793662 48.83726946019246)
C6851,Hohenau,POINT (13.514114981787474 48.85810181661781)
C6852,Jandelsbrunn,POINT (13.687529239735355 48.72797251165757)
C6853,Mauth,POINT (13.588165813709317 48.906094505471536)
C6854,Neureichenau,POINT (13.758175107888656 48.749060904667964)
C6855,Ringelai,POINT (13.459441312598404 48.811284932865654)
C6856,Röhrnbach,POINT (13.51665246764309 48.75329238501726)
C6857,Saldenburg,POINT (13.355957505132494 48.77764740055087)
C6858,Sankt Oswald-Riedlhütte,POINT (13.409486385222092 48.92580454010997)
C6859,Neuschönau,POINT (13.481965999726643 48.90114433993387)
C6860,Spiegelau,POINT (13.342353658273723 48.92949447718826)
C6861,Waldkirchen,POINT (13.603876873594276 48.73504807866005)
C6862,Eppenschlag,POINT (13.303556776008833 48.893226354836386)
C6863,Innernzell,POINT (13.272665165006455 48.848453780651205)
C6864,Schöfweg,POINT (13.22321519316376 48.8354686683571)
C6865,Schönberg,POINT (13.331639856322392 48.83693706191651)
C6866,Hinterschmiding,POINT (13.613284830998136 48.82915367864621)
C6867,Philippsreut,POINT (13.665728873693169 48.880301941364145)
C6868,Thurmansbang,POINT (13.300331497353934 48.76930099479704)
C6869,Zenting,POINT (13.255872513035941 48.78785427129808)
C6870,Fürsteneck,POINT (13.453445563334592 48.73662183588639)
C6871,Perlesreut,POINT (13.441120252501422 48.77715263661679)
C6872,Annathaler Wald,POINT (13.627079749245551 48.8928050156474)
C6873,Frauenberger und Duschlberger Wald,POINT (13.761295877320855 48.80309322917554)
C6874,Graineter Wald,POINT (13.69065960432829 48.81774970895441)
C6875,Leopoldsreuter Wald,POINT (13.718734294290755 48.841330073837476)
C6876,Mauther Forst,POINT (13.56766521233987 48.94912883238712)
C6877,Philippsreuter Wald,POINT (13.706986627713334 48.87190524216294)
C6878,Pleckensteiner Wald,POINT (13.791933565670362 48.770875426788045)
C6879,Sankt Oswald,POINT (13.437197587467274 48.93970859503585)
C6880,Schlichtenberger Wald,POINT (13.647602738308013 48.852740567707094)
C6881,Schönbrunner Wald,POINT (13.533199679666746 48.91505208318348)
C6882,Waldhäuserwald,POINT (13.463992589077968 48.929870385442506)
C6883,Abensberg,POINT (11.858289803932909 48.830010704494086)
C6884,Bad Abbach,POINT (12.053166728213393 48.910453281465095)
C6885,Kelheim,POINT (11.858370363675645 48.91051080143502)
C6886,Mainburg,POINT (11.765409094102056 48.64185874914498)
C6887,Neustadt a.d.Donau,POINT (11.763559225337708 48.82334722623449)
C6888,Painten,POINT (11.835488471421927 48.99559908066063)
C6889,Riedenburg,POINT (11.690718633651073 48.969212263651315)
C6890,Rohr i.NB,POINT (11.968301441167755 48.77686107817031)
C6891,Essing,POINT (11.803928948783698 48.94049268036363)
C6892,Ihrlerstein,POINT (11.850271417602466 48.95325688585874)
C6893,Saal a.d.Donau,POINT (11.930633639686762 48.86855954888417)
C6894,Teugn,POINT (12.011283695335358 48.89051657683694)
C6895,Hausen,POINT (11.988209202629175 48.845335515079306)
C6896,Herrngiersdorf,POINT (12.0684250957427 48.784851604435865)
C6897,Langquaid,POINT (12.051639034981553 48.83015172242079)
C6898,Biburg,POINT (11.848849699146271 48.78355033112208)
C6899,Kirchdorf,POINT (11.914103844410452 48.76346574612815)
C6900,Siegenburg,POINT (11.850116628098379 48.74569470413839)
C6901,Train,POINT (11.824601972858515 48.72749195977946)
C6902,Wildenberg,POINT (11.90778067594596 48.72571684001341)
C6903,Aiglsbach,POINT (11.712746364916162 48.69269578439843)
C6904,Attenhofen,POINT (11.847175180328826 48.65705173254419)
C6905,Elsendorf,POINT (11.821435573321734 48.69972933580609)
C6906,Volkenschwand,POINT (11.86285497588133 48.60909449036918)
C6907,Dürnbucher Forst,POINT (11.737800539990989 48.740447356599084)
C6908,Frauenforst,POINT (11.901116756609929 48.959021235652635)
C6909,Hacklberg,POINT (11.783364453298605 48.92734415395076)
C6910,Adlkofen,POINT (12.28230608383621 48.536374172448696)
C6911,Altdorf,POINT (12.083863799110244 48.56177676283119)
C6912,Bodenkirchen,POINT (12.411535273573731 48.40753787371147)
C6913,Buch a.Erlbach,POINT (12.046171820060726 48.44256887184578)
C6914,Eching,POINT (12.049283846308127 48.48643352101085)
C6915,Ergolding,POINT (12.134431047299206 48.589960143433544)
C6916,Essenbach,POINT (12.21708973580846 48.62170673877084)
C6917,Geisenhausen,POINT (12.267076556932116 48.46939148627055)
C6918,Hohenthann,POINT (12.09733613858888 48.65992214479943)
C6919,Kumhausen,POINT (12.190935127301634 48.4986503938491)
C6920,Neufahrn i.NB,POINT (12.150745063775581 48.735734730621495)
C6921,Niederaichbach,POINT (12.320219871061306 48.59181548231238)
C6922,Pfeffenhausen,POINT (11.9427282214207 48.66365561838159)
C6923,Rottenburg a.d.Laaber,POINT (12.038476957181066 48.71643874261215)
C6924,Tiefenbach,POINT (12.112381992089963 48.4906162699512)
C6925,Vilsbiburg,POINT (12.345532184367727 48.44072493677421)
C6926,Vilsheim,POINT (12.120124463305002 48.44812228291709)
C6927,Bruckberg,POINT (12.00426270761074 48.539360148712646)
C6928,Bayerbach b.Ergoldsbach,POINT (12.299299206003457 48.710248360129924)
C6929,Ergoldsbach,POINT (12.21416210629694 48.691147745268445)
C6930,Furth,POINT (12.019818146992156 48.58812652508821)
C6931,Obersüßbach,POINT (11.935384641145879 48.60126984654265)
C6932,Weihmichl,POINT (12.020808760078813 48.61918689796389)
C6933,Postau,POINT (12.311775613347303 48.65758167384891)
C6934,Weng,POINT (12.364668656398782 48.66621798954819)
C6935,Wörth a.d.Isar,POINT (12.341438271938857 48.62673574613854)
C6936,Aham,POINT (12.465238140580388 48.52598452152062)
C6937,Gerzen,POINT (12.396797492172814 48.49776450149394)
C6938,Kröning,POINT (12.36730308312457 48.534758949488456)
C6939,Schalkham,POINT (12.43739123221678 48.475679080000425)
C6940,Altfraunhofen,POINT (12.18961384111032 48.44598848082016)
C6941,Baierbach,POINT (12.197320403006943 48.41437661016966)
C6942,Neufraunhofen,POINT (12.223449428514877 48.39288870250629)
C6943,Velden,POINT (12.268715525063818 48.369090382697934)
C6944,Wurmsham,POINT (12.32572239854589 48.35252167060534)
C6945,Aicha vorm Wald,POINT (13.309771897637612 48.68160654804682)
C6946,Aldersbach,POINT (13.056686229886713 48.59632491830518)
C6947,Bad Füssing,POINT (13.3037866265391 48.3375769991146)
C6948,Breitenberg,POINT (13.777499376389617 48.695468383580014)
C6949,Büchlberg,POINT (13.529317859653057 48.67484256183375)
C6950,Eging a.See,POINT (13.255988923929134 48.709381001701594)
C6951,Fürstenstein,POINT (13.32303140576601 48.71307186414382)
C6952,Fürstenzell,POINT (13.321237645089381 48.53071647271799)
C6953,Bad Griesbach i.Rottal,POINT (13.196590315242691 48.46336521334173)
C6954,Haarbach,POINT (13.145057959748996 48.50234857688313)
C6955,Hauzenberg,POINT (13.628892567885197 48.648938601867656)
C6956,Hofkirchen,POINT (13.167033261778174 48.67860890522528)
C6957,Hutthurm,POINT (13.481021228488261 48.68995106940656)
C6958,Kirchham,POINT (13.253471529230751 48.345709157250774)
C6959,Kößlarn,POINT (13.124585482344052 48.36968979774626)
C6960,Neuburg a.Inn,POINT (13.402811728569073 48.517036489145376)
C6961,Neuhaus a.Inn,POINT (13.411422062561126 48.45002244002006)
C6962,Neukirchen vorm Wald,POINT (13.39695090767113 48.689575509932475)
C6963,Obernzell,POINT (13.614243464695328 48.57317422406526)
C6964,Ortenburg,POINT (13.218204172496844 48.55458711826809)
C6965,Pocking,POINT (13.327877222436353 48.39540489776702)
C6966,Ruderting,POINT (13.407933556387311 48.66042329132862)
C6967,Ruhstorf a.d.Rott,POINT (13.31717182565071 48.465638202704994)
C6968,Salzweg,POINT (13.480220663818692 48.62529290474198)
C6969,Sonnen,POINT (13.716472671142776 48.67304394345834)
C6970,Tettenweis,POINT (13.268303882605974 48.43321489354899)
C6971,Thyrnau,POINT (13.55096644767683 48.60885750409147)
C6972,Tiefenbach,POINT (13.369942623542494 48.6358080960583)
C6973,Untergriesbach,POINT (13.686220217666417 48.57419478152467)
C6974,Vilshofen an der Donau,POINT (13.180503875864183 48.616772321046504)
C6975,Wegscheid,POINT (13.766902917683284 48.61846577301664)
C6976,Windorf,POINT (13.263539949024102 48.64157347313608)
C6977,Tittling,POINT (13.373850323171233 48.733232574824086)
C6978,Witzmannsberg,POINT (13.421789624738363 48.72400830600743)
C6979,Aidenbach,POINT (13.058393414706865 48.55797589058543)
C6980,Beutelsbach,POINT (13.13080668013967 48.55367688476075)
C6981,Malching,POINT (13.18456152434296 48.32442795776178)
C6982,Rotthalmünster,POINT (13.195818340896018 48.380711254785275)
C6983,Arnbruck,POINT (12.988613297571556 49.1362972207088)
C6984,Bayerisch Eisenstein,POINT (13.18417655437575 49.10534826011843)
C6985,Bischofsmais,POINT (13.074227932344849 48.91540875054619)
C6986,Bodenmais,POINT (13.106638746511695 49.07675615589012)
C6987,Böbrach,POINT (13.056177684838708 49.04269303187125)
C6988,Drachselsried,POINT (13.034324762634926 49.10278131758393)
C6989,Frauenau,POINT (13.323743823455606 48.98698336873093)
C6990,Geiersthal,POINT (12.974547889979311 49.04675106804189)
C6991,Kirchberg i.Wald,POINT (13.18558720038734 48.894124468291764)
C6992,Kirchdorf i.Wald,POINT (13.259551427909287 48.91271719818284)
C6993,Kollnburg,POINT (12.876710355355934 49.034130047471066)
C6994,Langdorf,POINT (13.152524437283851 49.02679246901723)
C6995,Lindberg,POINT (13.305250472631675 49.058226751011254)
C6996,Patersdorf,POINT (12.968085732585493 49.00318572797105)
C6997,Prackenbach,POINT (12.821596829122834 49.10215929820428)
C6998,Regen,POINT (13.122286055434001 48.969937641615786)
C6999,Rinchnach,POINT (13.210436734503059 48.9512318570858)
C7000,Teisnach,POINT (13.042314302677271 49.015379750510064)
C7001,Viechtach,POINT (12.915581164150177 49.09095363711495)
C7002,Zwiesel,POINT (13.217175074486589 49.02508895141139)
C7003,Achslach,POINT (12.910760870231345 48.9737377569407)
C7004,Gotteszell,POINT (12.955129013896835 48.95401156721728)
C7005,Ruhmannsfelden,POINT (12.978537360869563 48.981373835412406)
C7006,Zachenberg,POINT (13.019623190942976 48.972809801930076)
C7007,Arnstorf,POINT (12.821616159671798 48.55547242496372)
C7008,Dietersburg,POINT (12.950880856121886 48.498577536133894)
C7009,Eggenfelden,POINT (12.75072786413752 48.40617167017833)
C7010,Egglham,POINT (13.057738903471263 48.5206344218238)
C7011,Gangkofen,POINT (12.561499085589428 48.46135878649542)
C7012,Hebertsfelden,POINT (12.819398398435288 48.42704308976112)
C7013,Johanniskirchen,POINT (12.962008789700793 48.54415686699637)
C7014,Julbach,POINT (12.933372461874512 48.25330259473885)
C7015,Kirchdorf a.Inn,POINT (12.957717198025044 48.23910059457644)
C7016,Mitterskirchen,POINT (12.729121932164874 48.34728265592737)
C7017,Pfarrkirchen,POINT (12.957613484346636 48.44139873236745)
C7018,Postmünster,POINT (12.889312950101003 48.42761544379459)
C7019,Roßbach,POINT (12.92836015005118 48.581832936520776)
C7020,Schönau,POINT (12.840242192827 48.493174493248766)
C7021,Simbach a.Inn,POINT (13.015576886494163 48.28928690538442)
C7022,Triftern,POINT (13.004546266347209 48.38884711952456)
C7023,Unterdietfurt,POINT (12.674097742294544 48.3896473658103)
C7024,Wittibreut,POINT (13.011026742686811 48.34197571434259)
C7025,Wurmannsquick,POINT (12.811879410746986 48.355762942123285)
C7026,Zeilarn,POINT (12.868678384660313 48.29830777071453)
C7027,Falkenberg,POINT (12.725877976913065 48.47103283035855)
C7028,Malgersdorf,POINT (12.739753842036938 48.52608450912749)
C7029,Rimbach,POINT (12.662894164086559 48.467576011105)
C7030,Geratskirchen,POINT (12.651913273175337 48.35196341964455)
C7031,Massing,POINT (12.617481006355456 48.4005259589737)
C7032,Bayerbach,POINT (13.126580486582805 48.413396396291226)
C7033,Bad Birnbach,POINT (13.067754895108122 48.44593742936875)
C7034,Reut,POINT (12.93043366220989 48.30302630706246)
C7035,Tann,POINT (12.895861170563288 48.35103580067155)
C7036,Ering,POINT (13.123129041986521 48.31380460545334)
C7037,Stubenberg,POINT (13.073357778336023 48.318888295913126)
C7038,Bogen,POINT (12.718458288386742 48.915074635536435)
C7039,Feldkirchen,POINT (12.530235321183712 48.83019734676643)
C7040,Geiselhöring,POINT (12.39777719701834 48.819531057947685)
C7041,Haibach,POINT (12.731733175328506 49.02683119282203)
C7042,Kirchroth,POINT (12.518465364365976 48.95761802570615)
C7043,Konzell,POINT (12.708069223422937 49.07382953412597)
C7044,Laberweinting,POINT (12.315336593044593 48.78140173910761)
C7045,Leiblfing,POINT (12.524185984755459 48.77262432968675)
C7046,Mallersdorf-Pfaffenberg,POINT (12.22224557976919 48.77256498426322)
C7047,Oberschneiding,POINT (12.654360438796896 48.78126581574753)
C7048,Parkstetten,POINT (12.605080729328245 48.920168907223434)
C7049,Rattenberg,POINT (12.763665279340966 49.0796933018264)
C7050,Sankt Englmar,POINT (12.82073846122781 49.00418949213375)
C7051,Steinach,POINT (12.60332067506292 48.95355583607589)
C7052,Wiesenfelden,POINT (12.545020206943247 49.036811792054884)
C7053,Loitzendorf,POINT (12.655298891152643 49.09289348474008)
C7054,Rattiszell,POINT (12.630623293787552 49.03472074978813)
C7055,Stallwang,POINT (12.643297819399928 49.06642090414091)
C7056,Ascha,POINT (12.623238498725566 48.988990826532465)
C7057,Falkenfels,POINT (12.591132373464738 49.003547628031676)
C7058,Haselbach,POINT (12.686998746065209 49.00109057729346)
C7059,Mitterfels,POINT (12.668317860904315 48.969106599391864)
C7060,Hunderdorf,POINT (12.720605709808064 48.949537743641805)
C7061,Neukirchen,POINT (12.765393483189662 48.982279650714574)
C7062,Windberg,POINT (12.760890121787684 48.94401804876379)
C7063,Aholfing,POINT (12.477720539054552 48.93731247055734)
C7064,Atting,POINT (12.497835376638797 48.89176038788675)
C7065,Perkam,POINT (12.444066998305988 48.86483097919873)
C7066,Rain,POINT (12.457764989541706 48.89893963589103)
C7067,Mariaposching,POINT (12.816381464876585 48.845748795967125)
C7068,Niederwinkling,POINT (12.792919813013432 48.87331074250736)
C7069,Perasdorf,POINT (12.81138757371834 48.95528230111365)
C7070,Schwarzach,POINT (12.839068696353923 48.92642515129301)
C7071,Aiterhofen,POINT (12.651056631232196 48.85873831690685)
C7072,Salching,POINT (12.583745357259005 48.80940458797431)
C7073,Irlbach,POINT (12.742862577528816 48.85419695213213)
C7074,Straßkirchen,POINT (12.710280334827145 48.82979904702558)
C7075,Dingolfing,POINT (12.479631803967083 48.62108090011532)
C7076,Eichendorf,POINT (12.845111434560478 48.63341521700982)
C7077,Frontenhausen,POINT (12.52746245369217 48.52122585441887)
C7078,Landau a.d.Isar,POINT (12.715768543721095 48.65808992549104)
C7079,Loiching,POINT (12.42843423010461 48.59073244367853)
C7080,Marklkofen,POINT (12.555394506531682 48.56016734133399)
C7081,Mengkofen,POINT (12.429427517367174 48.72495488706231)
C7082,Moosthenning,POINT (12.480216961092855 48.6827240359151)
C7083,Niederviehbach,POINT (12.383124513469019 48.60207798028269)
C7084,Pilsting,POINT (12.631892225661352 48.707932268708575)
C7085,Reisbach,POINT (12.632587111998252 48.56818805420455)
C7086,Simbach,POINT (12.719627694127443 48.561113752815096)
C7087,Wallersdorf,POINT (12.752147048483655 48.73557393841624)
C7088,Gottfrieding,POINT (12.53544532232241 48.629112124548456)
C7089,Mamming,POINT (12.6024784724993 48.64234574748981)
C7090,Amberg,POINT (11.84540881902968 49.45077653791279)
C7091,Regensburg,POINT (12.11344194346561 49.01294201322432)
C7092,Weiden i.d.OPf.,POINT (12.154762556665847 49.66908213010081)
C7093,Ammerthal,POINT (11.766790865347325 49.439533845938584)
C7094,Auerbach i.d.OPf.,POINT (11.609814187571521 49.693695361056115)
C7095,Ebermannsdorf,POINT (11.995554022632628 49.38323603608191)
C7096,Edelsfeld,POINT (11.711428252573123 49.582696700710244)
C7097,Ensdorf,POINT (11.921278827758977 49.35216445313075)
C7098,Freihung,POINT (11.907804427046855 49.60893350878345)
C7099,Freudenberg,POINT (11.969050641127318 49.46851841587403)
C7100,Hirschau,POINT (11.941676717881514 49.551070877593865)
C7101,Hohenburg,POINT (11.81958672040814 49.31372395759046)
C7102,Kastl,POINT (11.688544640638987 49.36491265823515)
C7103,Kümmersbruck,POINT (11.88950395045849 49.408513931068654)
C7104,Poppenricht,POINT (11.814603692265232 49.47926743180641)
C7105,Rieden,POINT (11.929508984620389 49.308710091398936)
C7106,Schmidmühlen,POINT (11.922321992845378 49.2685964728167)
C7107,Schnaittenbach,POINT (12.043468257929653 49.53718218799373)
C7108,Sulzbach-Rosenberg,POINT (11.736679880228307 49.506192472620576)
C7109,Ursensollen,POINT (11.78496661154834 49.37929631292262)
C7110,Vilseck,POINT (11.798500725901862 49.61189857698123)
C7111,Gebenbach,POINT (11.872664108277844 49.54723194093667)
C7112,Hahnbach,POINT (11.811577643074086 49.537525607651936)
C7113,Hirschbach,POINT (11.5857625891472 49.57442106037464)
C7114,Königstein,POINT (11.641106736358298 49.61054990338059)
C7115,Etzelwang,POINT (11.581946068295522 49.534665553974236)
C7116,Neukirchen b.Sulzbach-Rosenberg,POINT (11.648360304016826 49.53226541972931)
C7117,Weigendorf,POINT (11.583403914900758 49.50035617732629)
C7118,Birgland,POINT (11.617049727043447 49.43402610704168)
C7119,Illschwang,POINT (11.696448846838312 49.45421749710067)
C7120,Eichen,POINT (11.763267642802322 49.46268761267376)
C7121,Arnschwang,POINT (12.817888102989466 49.26505591556508)
C7122,Arrach,POINT (12.993842475703508 49.19313508836443)
C7123,Blaibach,POINT (12.814707337392132 49.1626219176797)
C7124,Cham,POINT (12.66568834161471 49.21000263149663)
C7125,Chamerau,POINT (12.769490528159178 49.19644350794469)
C7126,Eschlkam,POINT (12.937349131351844 49.298097256325036)
C7127,Furth im Wald,POINT (12.83464037144053 49.30952884630781)
C7128,Grafenwiesen,POINT (12.879564814131388 49.20345390556497)
C7129,Hohenwarth,POINT (12.937997564553205 49.201657505965734)
C7130,Bad Kötzting,POINT (12.87904102813847 49.170360196722434)
C7131,Lam,POINT (13.053217470245086 49.19907417206095)
C7132,Miltach,POINT (12.774579089329164 49.145768677556184)
C7133,Neukirchen b.Hl.Blut,POINT (13.001055986280319 49.255278058963874)
C7134,Pemfling,POINT (12.607762955790074 49.27548131784999)
C7135,Rimbach,POINT (12.8856802768394 49.234522382075035)
C7136,Roding,POINT (12.480425811913234 49.20595020947707)
C7137,Rötz,POINT (12.530866324500172 49.35245826156624)
C7138,Runding,POINT (12.756979329822798 49.22225191487957)
C7139,Schönthal,POINT (12.601992447798088 49.35399888754252)
C7140,Schorndorf,POINT (12.596069034131606 49.16750778135059)
C7141,Traitsching,POINT (12.647431128758923 49.13123600852708)
C7142,Waffenbrunn,POINT (12.667096312789674 49.2849852455092)
C7143,Waldmünchen,POINT (12.697309151560242 49.367907281841184)
C7144,Willmering,POINT (12.68267840486191 49.250548188964665)
C7145,Zandt,POINT (12.72388556707529 49.143624469940235)
C7146,Lohberg,POINT (13.107930791672176 49.160007314165085)
C7147,Tiefenbach,POINT (12.58998427984768 49.44238876933647)
C7148,Treffelstein,POINT (12.625971632065259 49.41832736387749)
C7149,Pösing,POINT (12.550403813794787 49.233923617496224)
C7150,Stamsried,POINT (12.523532072483077 49.2741129290353)
C7151,Gleißenberg,POINT (12.743691948974083 49.32471988386761)
C7152,Weiding,POINT (12.751872478332029 49.26774275119022)
C7153,Reichenbach,POINT (12.347053879662342 49.178981357948174)
C7154,Walderbach,POINT (12.391130087333337 49.198056613326564)
C7155,Zell,POINT (12.416208427904632 49.14065450178276)
C7156,Wald,POINT (12.351608687581244 49.12840278225874)
C7157,Falkenstein,POINT (12.484574678687236 49.10150836146381)
C7158,Michelsneukirchen,POINT (12.541315589149102 49.12181566346891)
C7159,Rettenbach,POINT (12.45689823109848 49.063615852486805)
C7160,Berching,POINT (11.466714092849996 49.11805538517121)
C7161,Berg b.Neumarkt i.d.OPf.,POINT (11.442949002317395 49.35317913147969)
C7162,Breitenbrunn,POINT (11.632319937035861 49.091730247283415)
C7163,Deining,POINT (11.539374161190757 49.21294338724364)
C7164,Dietfurt a.d.Altmühl,POINT (11.59084650867517 49.029042260571714)
C7165,Freystadt,POINT (11.340544585734602 49.18496270055787)
C7166,Hohenfels,POINT (11.851457668661336 49.225876090094495)
C7167,Lauterhofen,POINT (11.56520557747978 49.37276695462098)
C7168,Lupburg,POINT (11.757901038607987 49.157710622661405)
C7169,Mühlhausen,POINT (11.429877675668214 49.1804363252025)
C7170,Neumarkt i.d.OPf.,POINT (11.472984574624396 49.28250426570672)
C7171,Parsberg,POINT (11.720591607533153 49.170912382153965)
C7172,Postbauer-Heng,POINT (11.354461059404136 49.28988082416483)
C7173,Pyrbaum,POINT (11.270769891343525 49.28929942835524)
C7174,Seubersdorf i.d.OPf.,POINT (11.617452669305 49.155188496478424)
C7175,Velburg,POINT (11.678558687433867 49.26157068709513)
C7176,Berngau,POINT (11.385318782764806 49.25123278521167)
C7177,Pilsach,POINT (11.541394384561723 49.327629371091696)
C7178,Sengenthal,POINT (11.448089336261535 49.223103121805416)
C7179,Altenstadt a.d.Waldnaab,POINT (12.12544956984661 49.723498405957386)
C7180,Eslarn,POINT (12.524915310497404 49.57939938941077)
C7181,Floß,POINT (12.277792865262859 49.725692279016855)
C7182,Flossenbürg,POINT (12.35813047331378 49.74222252984246)
C7183,Grafenwöhr,POINT (11.80082726129781 49.683648491698364)
C7184,Luhe-Wildenau,POINT (12.128481637517314 49.58486995776117)
C7185,Mantel,POINT (12.036351959507746 49.65723989152298)
C7186,Moosbach,POINT (12.42444676929916 49.57335758753308)
C7187,Neustadt a.d.Waldnaab,POINT (12.170564209589207 49.73319891557027)
C7188,Vohenstrauß,POINT (12.327717246657803 49.620957414541806)
C7189,Waidhaus,POINT (12.49253664677178 49.65123603764856)
C7190,Waldthurn,POINT (12.328305305370947 49.6813230071949)
C7191,Windischeschenbach,POINT (12.155943339141087 49.81159131806948)
C7192,Kirchendemenreuth,POINT (12.110855810676341 49.76949539294002)
C7193,Parkstein,POINT (12.057398049209333 49.73348009747466)
C7194,Püchersreuth,POINT (12.2152947628259 49.77151390919257)
C7195,Störnstein,POINT (12.203138416447162 49.74292080605392)
C7196,Theisseil,POINT (12.225241253925484 49.69324769083075)
C7197,Trabitz,POINT (11.89836799103499 49.783561965644175)
C7198,Pressath,POINT (11.974062040792402 49.76795299987226)
C7199,Schwarzenbach,POINT (12.003059991839521 49.72004987526634)
C7200,Etzenricht,POINT (12.094813467116632 49.62312126606105)
C7201,Kohlberg,POINT (12.023356736766003 49.600529456476266)
C7202,Weiherhammer,POINT (11.99275266306952 49.644895217853865)
C7203,Kirchenthumbach,POINT (11.700584763782995 49.758369290609856)
C7204,Schlammersdorf,POINT (11.743183926307092 49.79041777347563)
C7205,Vorbach,POINT (11.75377805475466 49.81489169577866)
C7206,Eschenbach i.d.OPf.,POINT (11.83040318416843 49.74690489056967)
C7207,Neustadt am Kulm,POINT (11.835312444011844 49.82749682565673)
C7208,Speinshart,POINT (11.82034908276552 49.78521842472034)
C7209,Irchenrieth,POINT (12.226080114830305 49.62820059559797)
C7210,Pirk,POINT (12.183995012992845 49.61619849491739)
C7211,Schirmitz,POINT (12.176560942494392 49.64984355983678)
C7212,Bechtsrieth,POINT (12.210532632468952 49.64714498295826)
C7213,Leuchtenberg,POINT (12.264016294489002 49.58842552860237)
C7214,Tännesberg,POINT (12.331452517298601 49.543079247575186)
C7215,Georgenberg,POINT (12.408389471435719 49.70445719045278)
C7216,Pleystein,POINT (12.421234048007598 49.64883017736303)
C7217,Manteler Forst,POINT (12.027216413043964 49.690262191612476)
C7218,Speinsharter Forst,POINT (11.7915309107296 49.81804587859714)
C7219,Barbing,POINT (12.268884927284585 48.99990370737339)
C7220,Beratzhausen,POINT (11.821333678666514 49.1186604698705)
C7221,Bernhardswald,POINT (12.244854215142853 49.111579593119544)
C7222,Hagelstadt,POINT (12.229879525360305 48.89456009395641)
C7223,Hemau,POINT (11.76409115496466 49.0453471381206)
C7224,Köfering,POINT (12.182250416724521 48.939613692162524)
C7225,Lappersdorf,POINT (12.058911616194388 49.073393630001085)
C7226,Mintraching,POINT (12.261770372064426 48.94858097714706)
C7227,Neutraubling,POINT (12.20670759794869 48.98155383950433)
C7228,Nittendorf,POINT (11.942275267137028 49.01814753783103)
C7229,Obertraubling,POINT (12.152133109339774 48.95445127673549)
C7230,Pentling,POINT (12.060201761179222 48.960140209122194)
C7231,Pettendorf,POINT (12.01029290683115 49.04707876060398)
C7232,Pfatter,POINT (12.380772891180246 48.96033535031125)
C7233,Regenstauf,POINT (12.128169349709152 49.14536634433225)
C7234,Schierling,POINT (12.158828726090254 48.82560171962497)
C7235,Sinzing,POINT (11.979222057312832 48.98474903269839)
C7236,Tegernheim,POINT (12.183100907607953 49.03035241590128)
C7237,Thalmassing,POINT (12.141124167516246 48.90740754533381)
C7238,Wenzenbach,POINT (12.177230043933319 49.07569020332823)
C7239,Wiesent,POINT (12.369703595788172 49.02784458467988)
C7240,Zeitlarn,POINT (12.122623707881402 49.08891998826116)
C7241,Duggendorf,POINT (11.925256900426653 49.12283407146708)
C7242,Holzheim a.Forst,POINT (12.004077225248142 49.14075408739004)
C7243,Kallmünz,POINT (11.939709136476036 49.16239571536967)
C7244,Brunn,POINT (11.918343131482985 49.085771670875275)
C7245,Deuerling,POINT (11.901843825455906 49.029633593887986)
C7246,Laaber,POINT (11.894001627166247 49.06665473004063)
C7247,Pielenhofen,POINT (11.976968570436838 49.07744074236138)
C7248,Wolfsegg,POINT (11.982588990291456 49.105095345793714)
C7249,Altenthann,POINT (12.299990933670818 49.091620740999346)
C7250,Bach a.d.Donau,POINT (12.294310151237934 49.02324611409246)
C7251,Donaustauf,POINT (12.226071307051951 49.02914721074571)
C7252,Brennberg,POINT (12.385005947177284 49.07414750803404)
C7253,Wörth a.d.Donau,POINT (12.421825520612948 49.00464868485634)
C7254,Alteglofsheim,POINT (12.205556782181583 48.91696540874784)
C7255,Pfakofen,POINT (12.219994202835773 48.85961460584382)
C7256,Aufhausen,POINT (12.283564339220801 48.87457066228449)
C7257,Mötzing,POINT (12.401921050716194 48.90435857443772)
C7258,Riekofen,POINT (12.335000559407915 48.918603399289246)
C7259,Sünching,POINT (12.35512976342058 48.87047487570885)
C7260,Forstmühler Forst,POINT (12.305799817279349 49.053083529253485)
C7261,Kreuther Forst,POINT (12.24149811084091 49.06199880341663)
C7262,Bodenwöhr,POINT (12.287123989322765 49.29552854460101)
C7263,Bruck i.d.OPf.,POINT (12.306565712241216 49.247405278561274)
C7264,Burglengenfeld,POINT (12.003606950144112 49.22792228454785)
C7265,Fensterbach,POINT (12.039604378601677 49.4064784212949)
C7266,Maxhütte-Haidhof,POINT (12.100905011354143 49.18246084684409)
C7267,Neunburg vorm Wald,POINT (12.36051174485908 49.34488017125194)
C7268,Nittenau,POINT (12.24487318624868 49.20588973909338)
C7269,Wernberg-Köblitz,POINT (12.158953704196325 49.541072836718904)
C7270,Oberviechtach,POINT (12.448513037665744 49.48455262234708)
C7271,Schmidgaden,POINT (12.069550363762787 49.44920309291554)
C7272,Schwandorf,POINT (12.08850273890596 49.31763263482168)
C7273,Teublitz,POINT (12.099344629639171 49.23452976050831)
C7274,Gleiritsch,POINT (12.317068536817565 49.50122532898753)
C7275,Niedermurach,POINT (12.36084015501082 49.44487793938436)
C7276,Teunz,POINT (12.389545940172336 49.500338424806564)
C7277,Winklarn,POINT (12.504538838042045 49.43630009302983)
C7278,Altendorf,POINT (12.287510146661187 49.41895669872661)
C7279,Guteneck,POINT (12.285287526309498 49.4589741999872)
C7280,Nabburg,POINT (12.1777781647414 49.4543217451405)
C7281,Schwarzach b.Nabburg,POINT (12.212284845101685 49.39744067712149)
C7282,Schwarzenfeld,POINT (12.163901854805482 49.37596973794659)
C7283,Stulln,POINT (12.13521521960439 49.42090132168185)
C7284,Pfreimd,POINT (12.203684779198763 49.5008646381938)
C7285,Trausnitz,POINT (12.260881088831766 49.528788297445075)
C7286,Schönsee,POINT (12.543578769740078 49.5129564689227)
C7287,Stadlern,POINT (12.625029520301277 49.50309379325771)
C7288,Weiding,POINT (12.563987817731592 49.481384860588506)
C7289,Dieterskirchen,POINT (12.410778450747722 49.406594300793735)
C7290,Neukirchen-Balbini,POINT (12.417610937142728 49.29026717334403)
C7291,Schwarzhofen,POINT (12.329386734215245 49.38562751958148)
C7292,Thanstein,POINT (12.460073268997242 49.389901613846725)
C7293,Steinberg am See,POINT (12.174462870962529 49.272665660566496)
C7294,Wackersdorf,POINT (12.191265107971557 49.314485528222754)
C7295,Wolferlohe,POINT (11.989573748149574 49.30725638308896)
C7296,Bärnau,POINT (12.4119101892682 49.80985255355019)
C7297,Erbendorf,POINT (12.042722089110555 49.83834551402662)
C7298,Friedenfels,POINT (12.101818895770345 49.89051769031618)
C7299,Fuchsmühl,POINT (12.131891628618309 49.92157916416972)
C7300,Immenreuth,POINT (11.849642593877258 49.926554040030176)
C7301,Konnersreuth,POINT (12.223886911987908 50.00594867992929)
C7302,Kulmain,POINT (11.909756080062914 49.91438248230721)
C7303,Mähring,POINT (12.475255717816298 49.891773056230946)
C7304,Bad Neualbenreuth,POINT (12.424955769742908 49.96621286748246)
C7305,Plößberg,POINT (12.29574996210539 49.802640423961286)
C7306,Tirschenreuth,POINT (12.350658022101028 49.88721285932029)
C7307,Waldershof,POINT (12.07084765246177 49.95214630094519)
C7308,Waldsassen,POINT (12.315576420215892 50.0152061891797)
C7309,Leonberg,POINT (12.30555738766637 49.94519224741782)
C7310,Mitterteich,POINT (12.240585148672801 49.94412470015395)
C7311,Pechbrunn,POINT (12.170182910920108 49.969274938443384)
C7312,Kastl,POINT (11.91127427781523 49.824768236852016)
C7313,Kemnath,POINT (11.928211221069143 49.85951052339813)
C7314,Brand,POINT (11.900030769017533 49.95980674444208)
C7315,Ebnath,POINT (11.93862673738648 49.95335467395967)
C7316,Neusorg,POINT (11.967783362110868 49.941226144179396)
C7317,Pullenreuth,POINT (12.0061094281772 49.91800370211262)
C7318,Krummennaab,POINT (12.098303523213064 49.84505664877986)
C7319,Reuth b.Erbendorf,POINT (12.141886204990907 49.85731309106882)
C7320,Falkenberg,POINT (12.22471375216379 49.85501844154255)
C7321,Wiesau,POINT (12.184580990499406 49.906930223979465)
C7322,Bamberg,POINT (10.897647385716951 49.88740910162453)
C7323,Bayreuth,POINT (11.58479394161026 49.937764692967015)
C7324,Coburg,POINT (10.964070551537972 50.26412397965648)
C7325,Hof,POINT (11.897301603774155 50.3108888427822)
C7326,Altendorf,POINT (11.00361601443962 49.794806019951764)
C7327,Bischberg,POINT (10.802710764308609 49.90131786236797)
C7328,Breitengüßbach,POINT (10.913192447731321 49.97591113681094)
C7329,Buttenheim,POINT (11.067482308903159 49.82356963625256)
C7330,Frensdorf,POINT (10.87031906410149 49.8106490173438)
C7331,Gundelsheim,POINT (10.921329459861214 49.936946299970344)
C7332,Hallstadt,POINT (10.873154987589118 49.93058332419483)
C7333,Heiligenstadt i.OFr.,POINT (11.1511278785013 49.8749141528371)
C7334,Hirschaid,POINT (10.978095038350759 49.81139024841708)
C7335,Kemmern,POINT (10.866963561428783 49.95689844552371)
C7336,Litzendorf,POINT (11.039308113545694 49.91507547636778)
C7337,Memmelsdorf,POINT (10.971319985636303 49.94250341598122)
C7338,Oberhaid,POINT (10.79264674903935 49.94422323552708)
C7339,Pettstadt,POINT (10.9288580976353 49.830960873287204)
C7340,Pommersfelden,POINT (10.817024473425791 49.77292741764624)
C7341,Rattelsdorf,POINT (10.88087092991895 50.03764923894234)
C7342,Scheßlitz,POINT (11.050196642912619 49.980773801938504)
C7343,Stegaurach,POINT (10.842864667922248 49.85781941421369)
C7344,Strullendorf,POINT (11.00689548702161 49.86162351259717)
C7345,Viereth-Trunstadt,POINT (10.755366879582722 49.9228840928821)
C7346,Walsdorf,POINT (10.772773675758032 49.87534709162608)
C7347,Zapfendorf,POINT (10.952357794808067 50.01378964496612)
C7348,Schlüsselfeld,POINT (10.629197241733179 49.76788402748851)
C7349,Baunach,POINT (10.821037372215047 49.99552132728556)
C7350,Gerach,POINT (10.7924434098892 50.03104078779814)
C7351,Lauter,POINT (10.77800915529069 49.97718374776465)
C7352,Reckendorf,POINT (10.832544517140224 50.02769366119562)
C7353,Königsfeld,POINT (11.161103657456794 49.93969848711601)
C7354,Stadelhofen,POINT (11.175598849132479 49.99005778625607)
C7355,Wattendorf,POINT (11.136253074452936 50.02984824691754)
C7356,Burgwindheim,POINT (10.59099909033681 49.82588468339117)
C7357,Ebrach,POINT (10.487903414067711 49.83152189549347)
C7358,Burgebrach,POINT (10.729959394857726 49.820855525755206)
C7359,Schönbrunn i.Steigerwald,POINT (10.681076154642419 49.866051684746)
C7360,Lisberg,POINT (10.730390693967543 49.889764179705026)
C7361,Priesendorf,POINT (10.708387881993955 49.90383562433284)
C7362,Ebracher Forst,POINT (10.486562090161007 49.866187236831706)
C7363,Eichwald,POINT (11.045482054544989 49.85834820406725)
C7364,Geisberger Forst,POINT (11.044028357987926 49.890741596011786)
C7365,Hauptsmoor,POINT (10.96589403106379 49.88827068739379)
C7366,Koppenwinder Forst,POINT (10.550459527677708 49.85578933876607)
C7367,Lindach,POINT (10.640485042355994 49.85223727625887)
C7368,Semberg,POINT (10.834956140598972 49.959290338875036)
C7369,Steinachsrangen,POINT (10.548258831228706 49.80304680720098)
C7370,Winkelhofer Forst,POINT (10.523558920821163 49.827622881800394)
C7371,Zückshuter Forst,POINT (10.918355817515716 49.95215257141102)
C7372,Ahorntal,POINT (11.419371499609747 49.839865383253304)
C7373,Bad Berneck i.Fichtelgebirge,POINT (11.679079143061122 50.04548679201972)
C7374,Bindlach,POINT (11.602316219128989 49.99615132659804)
C7375,Bischofsgrün,POINT (11.779775066021331 50.05602939702277)
C7376,Eckersdorf,POINT (11.448717550436449 49.94565179999195)
C7377,Fichtelberg,POINT (11.848714274227957 50.00140617717857)
C7378,Gefrees,POINT (11.732775668977224 50.09407439845252)
C7379,Goldkronach,POINT (11.690186066334192 50.000162568786195)
C7380,Heinersreuth,POINT (11.52336542766635 49.979699526352455)
C7381,Mehlmeisel,POINT (11.868948942122884 49.98061420725312)
C7382,Pegnitz,POINT (11.529999780351877 49.769213394446474)
C7383,Pottenstein,POINT (11.420468161528818 49.77250213489561)
C7384,Speichersdorf,POINT (11.786188118369292 49.868102038452314)
C7385,Waischenfeld,POINT (11.329386405738418 49.84621032616789)
C7386,Warmensteinach,POINT (11.775463194436345 50.002299230397924)
C7387,Aufseß,POINT (11.241202947873267 49.894261462165304)
C7388,Hollfeld,POINT (11.28172534917172 49.93748589740767)
C7389,Plankenfels,POINT (11.33925360718104 49.88997824051074)
C7390,Glashütten,POINT (11.445444380280229 49.88961165447517)
C7391,Mistelgau,POINT (11.419498054668582 49.905792270676415)
C7392,Gesees,POINT (11.538849166586578 49.8975552633137)
C7393,Hummeltal,POINT (11.498812148637024 49.86970336681662)
C7394,Mistelbach,POINT (11.507616064294794 49.91224820591746)
C7395,Emtmannsberg,POINT (11.659609929024674 49.88449911576691)
C7396,Kirchenpingarten,POINT (11.792670991521863 49.92429198096246)
C7397,Seybothenreuth,POINT (11.713319103010468 49.896643959681484)
C7398,Weidenberg,POINT (11.708394392664788 49.945224132669466)
C7399,Creußen,POINT (11.60927838703194 49.84841785098803)
C7400,Haag,POINT (11.566016841539113 49.87492774573666)
C7401,Prebitz,POINT (11.681008598233058 49.82363976340157)
C7402,Schnabelwaid,POINT (11.598915754977913 49.805256025051506)
C7403,Betzenstein,POINT (11.41549445763048 49.67269725252643)
C7404,Plech,POINT (11.466294958526404 49.66174647353113)
C7405,Bischofsgrüner Forst,POINT (11.789261317392997 50.05364581605435)
C7406,Fichtelberg,POINT (11.839966192500139 49.99628534960723)
C7407,Forst Neustädtlein a.Forst,POINT (11.4707238560997 49.976454817287596)
C7408,Glashüttener Forst,POINT (11.460758180255448 49.87436426982425)
C7409,Heinersreuther Forst,POINT (11.487984554115158 49.959558483035714)
C7410,Neubauer Forst-Nord,POINT (11.849470207839737 50.0341923189994)
C7411,Prüll,POINT (11.434458669065714 49.77336860993906)
C7412,Veldensteiner Forst,POINT (11.513645532581956 49.687955376362694)
C7413,Waidacher Forst,POINT (11.393404763867283 49.719993307734825)
C7414,Warmensteinacher Forst-Nord,POINT (11.807212867373307 50.02892142236614)
C7415,Ahorn,POINT (10.924201855450145 50.22312677262216)
C7416,Dörfles-Esbach,POINT (10.999080323287933 50.286961650695304)
C7417,Ebersdorf b.Coburg,POINT (11.074661770418468 50.23651578074877)
C7418,Großheirath,POINT (10.920563360180628 50.178590253961204)
C7419,Itzgrund,POINT (10.893944096401098 50.135245695684205)
C7420,Lautertal,POINT (10.959877398315731 50.34332873221172)
C7421,Meeder,POINT (10.894856454756395 50.33371966564907)
C7422,Neustadt b.Coburg,POINT (11.111239725830641 50.31172707027706)
C7423,Bad Rodach,POINT (10.794782604667093 50.334345620063864)
C7424,Rödental,POINT (11.03602923066237 50.30885491319585)
C7425,Seßlach,POINT (10.8100958627228 50.197831985659406)
C7426,Sonnefeld,POINT (11.14866353314395 50.237096125107875)
C7427,Untersiemau,POINT (10.964527776226792 50.19862011426328)
C7428,Weidhausen b.Coburg,POINT (11.150208702583052 50.19960399327516)
C7429,Weitramsdorf,POINT (10.872673073747809 50.248091482395346)
C7430,Grub a.Forst,POINT (11.023951665185368 50.23196813224959)
C7431,Niederfüllbach,POINT (10.990793563490488 50.22120531568887)
C7432,Callenberger Forst-West,POINT (10.840307911199373 50.2854291313883)
C7433,Gellnhausen,POINT (10.78668298852479 50.37414153038832)
C7434,Köllnholz,POINT (10.852958185620217 50.28147014496191)
C7435,Eggolsheim,POINT (11.087797101806586 49.785046898767526)
C7436,Egloffstein,POINT (11.26293962063797 49.71389757971787)
C7437,Forchheim,POINT (11.063358035762473 49.720034201668156)
C7438,Gößweinstein,POINT (11.322992568705493 49.761299546364725)
C7439,Hallerndorf,POINT (10.976344183240693 49.752334735715614)
C7440,Hausen,POINT (11.019353640070792 49.69761926795648)
C7441,Heroldsbach,POINT (10.97376414035714 49.70077263653818)
C7442,Igensdorf,POINT (11.217730956444909 49.62131804481406)
C7443,Langensendelbach,POINT (11.06331971831052 49.6396887197358)
C7444,Neunkirchen a.Brand,POINT (11.141729081886055 49.62382180253973)
C7445,Obertrubach,POINT (11.33088727535709 49.70074911884412)
C7446,Pretzfeld,POINT (11.201348864663272 49.742252653406105)
C7447,Wiesenttal,POINT (11.249232197626341 49.818213904438664)
C7448,Ebermannstadt,POINT (11.195154905654263 49.781586784929665)
C7449,Unterleinleiter,POINT (11.170952567351483 49.82741118933013)
C7450,Kunreuth,POINT (11.158631936147637 49.672781827281035)
C7451,Pinzberg,POINT (11.11061422591478 49.69221614429659)
C7452,Wiesenthau,POINT (11.140876065306013 49.70988329474256)
C7453,Kirchehrenbach,POINT (11.15395622900769 49.7317168289511)
C7454,Leutenbach,POINT (11.185678738467328 49.69626877695351)
C7455,Weilersbach,POINT (11.131602695883112 49.75119624787809)
C7456,Effeltrich,POINT (11.107870274055793 49.662974516215)
C7457,Poxdorf,POINT (11.06578734772425 49.66741368187596)
C7458,Dormitz,POINT (11.119076033493798 49.59893106226549)
C7459,Hetzles,POINT (11.129905617516723 49.6411074235892)
C7460,Kleinsendelbach,POINT (11.163989342412426 49.5994079760608)
C7461,Gräfenberg,POINT (11.24440868229411 49.662384225407095)
C7462,Hiltpoltstein,POINT (11.31590706734975 49.66295432247034)
C7463,Weißenohe,POINT (11.27043323345616 49.62590177182761)
C7464,Bad Steben,POINT (11.636276095395118 50.358001822216266)
C7465,Berg,POINT (11.780188824399133 50.3803229244389)
C7466,Döhlau,POINT (11.96454218170009 50.28566916932475)
C7467,Geroldsgrün,POINT (11.59013824447829 50.35366164497658)
C7468,Helmbrechts,POINT (11.694077448467414 50.23963128109185)
C7469,Köditz,POINT (11.834059072998631 50.34678600282911)
C7470,Konradsreuth,POINT (11.83893735424029 50.25551745521228)
C7471,Münchberg,POINT (11.762670726922305 50.19552098856784)
C7472,Naila,POINT (11.687055686130025 50.32325110738969)
C7473,Oberkotzau,POINT (11.930767338247813 50.25578441103506)
C7474,Regnitzlosau,POINT (12.049105862580348 50.301678658467544)
C7475,Rehau,POINT (12.058370508003877 50.24658108895038)
C7476,Schwarzenbach a.d.Saale,POINT (11.927199957016558 50.21014592838038)
C7477,Schwarzenbach a.Wald,POINT (11.612579681035502 50.27849533429791)
C7478,Selbitz,POINT (11.754806904722138 50.32105511548933)
C7479,Stammbach,POINT (11.701079124170171 50.147416386158504)
C7480,Zell im Fichtelgebirge,POINT (11.799476609456853 50.133053287008764)
C7481,Issigau,POINT (11.718498573390988 50.376327621083206)
C7482,Lichtenberg,POINT (11.669700388711615 50.379743500546155)
C7483,Feilitzsch,POINT (11.918197167421637 50.378963187779156)
C7484,Gattendorf,POINT (11.990938400868007 50.32818910025463)
C7485,Töpen,POINT (11.876540196956908 50.38967517789872)
C7486,Trogen,POINT (11.962038264740643 50.37170054572708)
C7487,Leupoldsgrün,POINT (11.79873405034098 50.294516729140675)
C7488,Schauenstein,POINT (11.742094247095999 50.276349987810306)
C7489,Sparneck,POINT (11.849113685439635 50.15338827029017)
C7490,Weißdorf,POINT (11.859736209397603 50.182870095854774)
C7491,Forst Schwarzenbach a.Wald,POINT (11.599888680506552 50.30642815057421)
C7492,Gerlaser Forst,POINT (11.626776694851824 50.32438844800655)
C7493,Geroldsgrüner Forst,POINT (11.561063865108695 50.32972280730146)
C7494,Martinlamitzer Forst-Nord,POINT (12.002618939149736 50.18678363544406)
C7495,Kronach,POINT (11.334931772723644 50.244580310223284)
C7496,Küps,POINT (11.276900534235843 50.19386026955291)
C7497,Ludwigsstadt,POINT (11.374057311983249 50.48245242182776)
C7498,Nordhalben,POINT (11.500603076794826 50.36881626369137)
C7499,Pressig,POINT (11.319730301597865 50.363014352699835)
C7500,Steinbach a.Wald,POINT (11.32961601589112 50.42901296840577)
C7501,Steinwiesen,POINT (11.462730111570858 50.320013824882224)
C7502,Stockheim,POINT (11.286770936808612 50.30702959972186)
C7503,Tettau,POINT (11.277471096319937 50.45164360139313)
C7504,Marktrodach,POINT (11.412602441304728 50.24554488236284)
C7505,Wallenfels,POINT (11.499620542695158 50.27782375039107)
C7506,Weißenbrunn,POINT (11.3537860683486 50.19106797637743)
C7507,Wilhelmsthal,POINT (11.382514983427308 50.31739110549387)
C7508,Reichenbach,POINT (11.42333185279112 50.42543492603224)
C7509,Teuschnitz,POINT (11.392982205394462 50.394591431148775)
C7510,Tschirn,POINT (11.461163324335597 50.39819728666589)
C7511,Mitwitz,POINT (11.226259479438742 50.25065565961186)
C7512,Schneckenlohe,POINT (11.203385127978125 50.21191491298889)
C7513,Birnbaum,POINT (11.442376684953775 50.363759472372905)
C7514,Langenbacher Forst,POINT (11.567204539510586 50.37855971473966)
C7515,Himmelkron,POINT (11.609400376552703 50.05702408089726)
C7516,Kulmbach,POINT (11.432570693818754 50.12120896412227)
C7517,Mainleus,POINT (11.35429974978453 50.10552444781204)
C7518,Marktschorgast,POINT (11.653516919524787 50.09687049689839)
C7519,Neudrossenfeld,POINT (11.497343870121995 50.02523182827917)
C7520,Neuenmarkt,POINT (11.570583593252442 50.09419732127831)
C7521,Presseck,POINT (11.543284696367115 50.232601592187656)
C7522,Thurnau,POINT (11.40159782249382 50.00052757823677)
C7523,Wirsberg,POINT (11.617327704409421 50.117060709723965)
C7524,Rugendorf,POINT (11.454517770801793 50.200403138201814)
C7525,Stadtsteinach,POINT (11.515218202622037 50.177506488207015)
C7526,Grafengehaig,POINT (11.612831884897286 50.207461200444804)
C7527,Marktleugast,POINT (11.636995142312777 50.17000116114765)
C7528,Guttenberg,POINT (11.569753713384479 50.161858785543636)
C7529,Kupferberg,POINT (11.587132722609503 50.143318559343165)
C7530,Ludwigschorgast,POINT (11.565671519581262 50.12388387009103)
C7531,Untersteinach,POINT (11.5179280739286 50.13568215994715)
C7532,Kasendorf,POINT (11.345424097521196 50.04029707139248)
C7533,Wonsees,POINT (11.312713159439857 49.987520286838226)
C7534,Harsdorf,POINT (11.571150696172174 50.033471164204514)
C7535,Ködnitz,POINT (11.510301394687017 50.099312540502325)
C7536,Trebgast,POINT (11.533577804638226 50.06678537141954)
C7537,Altenkunstadt,POINT (11.23607180167836 50.11624474140228)
C7538,Burgkunstadt,POINT (11.287376116463578 50.14347390183389)
C7539,Ebensfeld,POINT (10.962972314369766 50.06441538934025)
C7540,Lichtenfels,POINT (11.084338580506982 50.13825352785223)
C7541,Michelau i.OFr.,POINT (11.127071841283877 50.17494627431231)
C7542,Bad Staffelstein,POINT (11.021174832969002 50.10022606434199)
C7543,Weismain,POINT (11.23550302631688 50.055781551760376)
C7544,Marktgraitz,POINT (11.192137060190714 50.185770405330324)
C7545,Redwitz a.d.Rodach,POINT (11.218607239885905 50.17766894343606)
C7546,Hochstadt a.Main,POINT (11.169204847355827 50.138048741479444)
C7547,Marktzeuln,POINT (11.177727199109814 50.16513260603302)
C7548,Breitengüßbacher Forst,POINT (10.910547821635554 50.04701686873367)
C7549,Neuensorger Forst,POINT (11.10134337892744 50.1951940935534)
C7550,Arzberg,POINT (12.181034764442872 50.04593039445095)
C7551,Kirchenlamitz,POINT (11.950626065911655 50.15260234077833)
C7552,Marktleuthen,POINT (12.01780514371016 50.12272744120873)
C7553,Marktredwitz,POINT (12.10141783214251 50.01033654391055)
C7554,Röslau,POINT (11.982235550464758 50.08149570668388)
C7555,Schönwald,POINT (12.08365565472481 50.201275792384095)
C7556,Selb,POINT (12.132754960753054 50.16518559875844)
C7557,Weißenstadt,POINT (11.88778430468377 50.09791671598088)
C7558,Wunsiedel,POINT (12.015767248398449 50.0451696292107)
C7559,Höchstädt i.Fichtelgebirge,POINT (12.07659312090685 50.09563369407967)
C7560,Thiersheim,POINT (12.12584768510504 50.07275715663512)
C7561,Thierstein,POINT (12.09821596874246 50.11879183326332)
C7562,Hohenberg a.d.Eger,POINT (12.187975093763464 50.10244253262375)
C7563,Schirnding,POINT (12.23705570142639 50.071892336717845)
C7564,Bad Alexandersbad,POINT (12.028783921642585 50.01204082138032)
C7565,Nagel,POINT (11.934901582675307 49.98238464771389)
C7566,Tröstau,POINT (11.93123868489925 50.034326635520046)
C7567,Kaiserhammer Forst-Ost,POINT (12.12636487381104 50.11936747640056)
C7568,Martinlamitzer Forst-Süd,POINT (12.028732993823478 50.17611987682401)
C7569,Meierhöfer Seite,POINT (11.887428186381191 50.06853737615561)
C7570,Neubauer Forst-Süd,POINT (11.877279187701768 50.019180906552094)
C7571,Tröstauer Forst-Ost,POINT (11.98806577975269 49.99414196840377)
C7572,Tröstauer Forst-West,POINT (11.914099731653769 50.008574532766644)
C7573,Vordorfer Forst,POINT (11.884241903287965 50.045648997686065)
C7574,Weißenstadter Forst-Nord,POINT (11.869564929087282 50.126844443062126)
C7575,Weißenstadter Forst-Süd,POINT (11.836594195811758 50.07408528740606)
C7576,Ansbach,POINT (10.563658708560968 49.29220403424369)
C7577,Erlangen,POINT (10.9778644808461 49.5824239120964)
C7578,Fürth,POINT (10.965519590411791 49.49102423974688)
C7579,Nürnberg,POINT (11.082514597001106 49.43673764440362)
C7580,Schwabach,POINT (11.023501893893311 49.335626597468874)
C7581,Arberg,POINT (10.630514907770939 49.13490280348079)
C7582,Aurach,POINT (10.396338396271478 49.24008229531917)
C7583,Bechhofen,POINT (10.5563556784642 49.17072840011358)
C7584,Burgoberbach,POINT (10.58625731433941 49.222694881795675)
C7585,Colmberg,POINT (10.401159800862894 49.36678246577629)
C7586,Dietenhofen,POINT (10.684895181337508 49.400963317010905)
C7587,Dinkelsbühl,POINT (10.31044578201438 49.07526396877671)
C7588,Dürrwangen,POINT (10.379192272425634 49.10271714944012)
C7589,Feuchtwangen,POINT (10.321388639885031 49.17531058355085)
C7590,Flachslanden,POINT (10.519826140995846 49.40470686988393)
C7591,Heilsbronn,POINT (10.80026773350285 49.347345750402226)
C7592,Herrieden,POINT (10.481503380374495 49.227876037812116)
C7593,Langfurth,POINT (10.45396924453609 49.10199115013535)
C7594,Lehrberg,POINT (10.49885107820589 49.35849329189497)
C7595,Leutershausen,POINT (10.397351508692699 49.29667828879052)
C7596,Lichtenau,POINT (10.704995709890524 49.26551762216907)
C7597,Merkendorf,POINT (10.689869042380082 49.20306980457421)
C7598,Neuendettelsau,POINT (10.80840906341371 49.28742384492901)
C7599,Oberdachstetten,POINT (10.435425758898095 49.407825076315675)
C7600,Petersaurach,POINT (10.723518058568205 49.32063986848716)
C7601,Rothenburg ob der Tauber,POINT (10.158253643138378 49.36964454036427)
C7602,Sachsen b.Ansbach,POINT (10.654305255701972 49.28608144235559)
C7603,Schnelldorf,POINT (10.185553709791808 49.20315237467354)
C7604,Schopfloch,POINT (10.302496156451928 49.11220488699203)
C7605,Wassertrüdingen,POINT (10.60897329929437 49.04099268342073)
C7606,Windsbach,POINT (10.843269983597585 49.252777728542625)
C7607,Adelshofen,POINT (10.149114648114455 49.451609422830245)
C7608,Gebsattel,POINT (10.214328914453834 49.34236949051688)
C7609,Geslau,POINT (10.310241259633665 49.360715111748554)
C7610,Insingen,POINT (10.162601984105189 49.312739431776336)
C7611,Neusitz,POINT (10.229422206446078 49.37856470179954)
C7612,Ohrenbach,POINT (10.213706757858954 49.46975526929025)
C7613,Steinsfeld,POINT (10.210382059960052 49.42673886387706)
C7614,Windelsbach,POINT (10.293904307237149 49.40086943580377)
C7615,Buch a.Wald,POINT (10.309695735174463 49.31908837548684)
C7616,Diebach,POINT (10.209384003765464 49.2977844822386)
C7617,Dombühl,POINT (10.297687038042913 49.255036788520435)
C7618,Schillingsfürst,POINT (10.269884295821706 49.293384963046535)
C7619,Wettringen,POINT (10.166265681792742 49.26008354146342)
C7620,Wörnitz,POINT (10.229870997486545 49.244288739659495)
C7621,Bruckberg,POINT (10.691259387114846 49.3499264037312)
C7622,Rügland,POINT (10.578164327751367 49.41819107822458)
C7623,Weihenzell,POINT (10.621100575815088 49.358283408401064)
C7624,Ornbau,POINT (10.65526147152262 49.17303671809388)
C7625,Weidenbach,POINT (10.630244776566565 49.21082459505936)
C7626,Burk,POINT (10.482478718154791 49.13876799352668)
C7627,Dentlein a.Forst,POINT (10.422071989358223 49.144015729862765)
C7628,Wieseth,POINT (10.47452220070652 49.16881677190567)
C7629,Mönchsroth,POINT (10.356918020753154 49.02611589896042)
C7630,Weiltingen,POINT (10.453251157128866 49.030516112188636)
C7631,Wilburgstetten,POINT (10.398020448529246 49.01841943341148)
C7632,Ehingen,POINT (10.544073804890122 49.09699992073281)
C7633,Gerolfingen,POINT (10.511093724446164 49.048967134763224)
C7634,Röckingen,POINT (10.555102393572454 49.05245698842175)
C7635,Unterschwaningen,POINT (10.618973963502945 49.09231677451595)
C7636,Wittelshofen,POINT (10.458578450409414 49.066851508851066)
C7637,Mitteleschenbach,POINT (10.802620102487554 49.21212378160177)
C7638,Wolframs-Eschenbach,POINT (10.73393053544992 49.22197808529031)
C7639,Unterer Wald,POINT (10.641750958006655 49.137245606455906)
C7640,Adelsdorf,POINT (10.899681701415236 49.709491488998104)
C7641,Baiersdorf,POINT (11.029699708385408 49.65829533664722)
C7642,Bubenreuth,POINT (11.015109433730366 49.624062479823365)
C7643,Eckental,POINT (11.218138299945313 49.583388278869194)
C7644,Hemhofen,POINT (10.94282188958735 49.68845899768833)
C7645,Heroldsberg,POINT (11.162133314641068 49.543495626982484)
C7646,Herzogenaurach,POINT (10.878746451386831 49.57063249023805)
C7647,Höchstadt a.d.Aisch,POINT (10.833374525027304 49.71472891140133)
C7648,Kalchreuth,POINT (11.132585735016221 49.55978665224094)
C7649,Möhrendorf,POINT (10.992571122248966 49.64047866036019)
C7650,Röttenbach,POINT (10.918279655194983 49.66816871277992)
C7651,Wachenroth,POINT (10.713629481582686 49.74735268527837)
C7652,Weisendorf,POINT (10.815199136830808 49.62712662669548)
C7653,Gremsdorf,POINT (10.84889936534863 49.684273078107495)
C7654,Lonnerstadt,POINT (10.742739437147488 49.70428083673622)
C7655,Mühlhausen,POINT (10.760075755692416 49.756780963011536)
C7656,Vestenbergsgreuth,POINT (10.654377122223512 49.70091399440508)
C7657,Aurachtal,POINT (10.817591252908942 49.579840603870544)
C7658,Oberreichenbach,POINT (10.769945785478548 49.59407841087072)
C7659,Buckenhof,POINT (11.055518934467235 49.59222611127532)
C7660,Marloffstein,POINT (11.055364752130705 49.62292838320542)
C7661,Spardorf,POINT (11.054514578001466 49.608568993614604)
C7662,Uttenreuth,POINT (11.084116438920569 49.596149929741316)
C7663,Großenseebach,POINT (10.875828620802196 49.62454372264072)
C7664,Heßdorf,POINT (10.894205365117163 49.63853580165214)
C7665,Birkach,POINT (10.766823201821442 49.72909769146946)
C7666,Buckenhofer Forst,POINT (11.070517848474992 49.57950521612525)
C7667,Dormitzer Forst,POINT (11.111418349934668 49.57206496849694)
C7668,Erlenstegener Forst,POINT (11.157525167523124 49.49641188348758)
C7669,Forst Tennenlohe,POINT (11.051366251961385 49.55785113015159)
C7670,Geschaidt,POINT (11.171095363560699 49.529881565286544)
C7671,Kalchreuther Forst,POINT (11.108621866690257 49.54405734683444)
C7672,Kraftshofer Forst,POINT (11.106017398598045 49.514894174423674)
C7673,Mark,POINT (10.96511783989771 49.6598902780619)
C7674,Neunhofer Forst,POINT (11.075265578642544 49.53257978986375)
C7675,Ammerndorf,POINT (10.853121451190905 49.42308648987357)
C7676,Cadolzburg,POINT (10.84340884721921 49.45399690492591)
C7677,Großhabersdorf,POINT (10.789334490643753 49.40848343781489)
C7678,Langenzenn,POINT (10.782456513612642 49.489270045011)
C7679,Oberasbach,POINT (10.968364414945894 49.422257579999695)
C7680,Puschendorf,POINT (10.826780379586632 49.525477892827254)
C7681,Roßtal,POINT (10.88505898409805 49.385783695992785)
C7682,Stein,POINT (10.98009587750552 49.399123124850526)
C7683,Wilhermsdorf,POINT (10.719216752216619 49.46447818607581)
C7684,Zirndorf,POINT (10.925236594737674 49.43511778952793)
C7685,Seukendorf,POINT (10.882350414927288 49.48451116443045)
C7686,Veitsbronn,POINT (10.875154845109662 49.51085754411394)
C7687,Obermichelbach,POINT (10.913092480604329 49.52980793507471)
C7688,Tuchenbach,POINT (10.860274097979712 49.53109810884351)
C7689,Altdorf b.Nürnberg,POINT (11.381307961797406 49.39351150055019)
C7690,Burgthann,POINT (11.328961827620967 49.3387373761611)
C7691,Feucht,POINT (11.219160924009463 49.380274800136135)
C7692,Hersbruck,POINT (11.427455347578704 49.506353133820234)
C7693,Kirchensittenbach,POINT (11.424364785532823 49.570559891444645)
C7694,Lauf a.d.Pegnitz,POINT (11.270167322531353 49.52798746806747)
C7695,Leinburg,POINT (11.335036609235354 49.450269812865926)
C7696,Neuhaus a.d.Pegnitz,POINT (11.555557049299093 49.63151842703879)
C7697,Neunkirchen a.Sand,POINT (11.342559094532263 49.53415133855198)
C7698,Ottensoos,POINT (11.34543899589703 49.50287598594769)
C7699,Pommelsbrunn,POINT (11.525901145703141 49.504952523456645)
C7700,Reichenschwand,POINT (11.374208115437797 49.519255637503015)
C7701,Röthenbach a.d.Pegnitz,POINT (11.25819760834487 49.47591407726908)
C7702,Rückersdorf,POINT (11.244355405572882 49.497365288383406)
C7703,Schnaittach,POINT (11.345178200637582 49.58108642912363)
C7704,Schwaig b.Nürnberg,POINT (11.202238386849562 49.47727009840588)
C7705,Schwarzenbruck,POINT (11.26671191964066 49.34994230242723)
C7706,Simmelsdorf,POINT (11.344352807855815 49.62196432442503)
C7707,Winkelhaid,POINT (11.301633657053499 49.390957588994596)
C7708,Hartenstein,POINT (11.519426806315233 49.5910852236155)
C7709,Velden,POINT (11.485378769053833 49.62244071729456)
C7710,Vorra,POINT (11.483159152472869 49.5600888843247)
C7711,Alfeld,POINT (11.531596805647117 49.43097640282188)
C7712,Happurg,POINT (11.491252097285582 49.46528889124261)
C7713,Engelthal,POINT (11.401963900909637 49.47262409313665)
C7714,Henfenfeld,POINT (11.392760518583682 49.497856598957505)
C7715,Offenhausen,POINT (11.419425489080274 49.44121359233809)
C7716,Behringersdorfer Forst,POINT (11.200285635359677 49.498199726662435)
C7717,Brunn,POINT (11.25137282519942 49.44361657747599)
C7718,Engelthaler Forst,POINT (11.379802847639795 49.461084400992114)
C7719,Feuchter Forst,POINT (11.240112491753017 49.3850933961672)
C7720,Fischbach,POINT (11.218591088688582 49.416429181257065)
C7721,Forsthof,POINT (11.167434904187873 49.430415786137985)
C7722,Günthersbühler Forst,POINT (11.207605388862007 49.521959890606084)
C7723,Haimendorfer Forst,POINT (11.239697958516842 49.46083009311188)
C7724,Laufamholzer Forst,POINT (11.19454584229769 49.45238165752235)
C7725,Leinburg,POINT (11.316186173258844 49.436258778805524)
C7726,Rückersdorfer Forst,POINT (11.239192371330722 49.51224934708703)
C7727,Schönberg,POINT (11.295903154213649 49.495124323027156)
C7728,Winkelhaid,POINT (11.307120828863612 49.41529934696922)
C7729,Zerzabelshofer Forst,POINT (11.16094143850879 49.44839441358061)
C7730,Bad Windsheim,POINT (10.424686424090856 49.51613251311077)
C7731,Burghaslach,POINT (10.55756727008326 49.73013609333969)
C7732,Dietersheim,POINT (10.539834780316369 49.547142034043056)
C7733,Emskirchen,POINT (10.72798393679928 49.551799638637696)
C7734,Ipsheim,POINT (10.501560641038088 49.52438577427741)
C7735,Markt Erlbach,POINT (10.62422858056861 49.50079693198739)
C7736,Neustadt a.d.Aisch,POINT (10.575345891099667 49.573302946728575)
C7737,Obernzenn,POINT (10.488728217745622 49.4500311563873)
C7738,Langenfeld,POINT (10.514886427931181 49.6107567010738)
C7739,Markt Bibart,POINT (10.400794273192659 49.66210184181334)
C7740,Markt Taschendorf,POINT (10.548304179563422 49.68965317705437)
C7741,Oberscheinfeld,POINT (10.430696619338818 49.71593471820727)
C7742,Scheinfeld,POINT (10.475074989719051 49.67203946342917)
C7743,Sugenheim,POINT (10.413002474453915 49.60695694237826)
C7744,Ergersheim,POINT (10.308688633323722 49.51811427663189)
C7745,Gollhofen,POINT (10.179518997112101 49.56756839254751)
C7746,Hemmersheim,POINT (10.103646643502378 49.56614223982185)
C7747,Ippesheim,POINT (10.22348083491895 49.60687051596301)
C7748,Markt Nordheim,POINT (10.331151408184738 49.57029224186686)
C7749,Oberickelsheim,POINT (10.12748726254959 49.597154208331744)
C7750,Simmershofen,POINT (10.131124960956706 49.51580532411011)
C7751,Uffenheim,POINT (10.214535365599486 49.523055874973)
C7752,Weigenheim,POINT (10.26973371929304 49.586354964504466)
C7753,Hagenbüchach,POINT (10.762903113174625 49.52858343777119)
C7754,Wilhelmsdorf,POINT (10.73769576441605 49.57578104312609)
C7755,Baudenbach,POINT (10.540667957305006 49.6320541124958)
C7756,Diespeck,POINT (10.625589327901348 49.59846920972776)
C7757,Gutenstetten,POINT (10.637480071107499 49.62494078671987)
C7758,Münchsteinach,POINT (10.59124232450467 49.6569529080483)
C7759,Dachsbach,POINT (10.716492520931228 49.644271781336535)
C7760,Gerhardshofen,POINT (10.710228532999418 49.61626772943507)
C7761,Uehlfeld,POINT (10.700221742596362 49.667829186077164)
C7762,Burgbernheim,POINT (10.315813099012395 49.46471898328093)
C7763,Gallmersgarten,POINT (10.267661198768614 49.46667557244438)
C7764,Illesheim,POINT (10.404728896230665 49.46316996636027)
C7765,Marktbergel,POINT (10.366130950356423 49.442235144009416)
C7766,Neuhof a.d.Zenn,POINT (10.653215909435032 49.448991205067884)
C7767,Trautskirchen,POINT (10.579496826468828 49.462981108306636)
C7768,Osing,POINT (10.392911696571392 49.56499305998562)
C7769,Abenberg,POINT (10.932362342762692 49.234800716402056)
C7770,Allersberg,POINT (11.2374509131822 49.2430779360567)
C7771,Büchenbach,POINT (11.02762151823125 49.26633193846157)
C7772,Georgensgmünd,POINT (11.025186635321083 49.195148097933206)
C7773,Greding,POINT (11.328335787315666 49.05968830256404)
C7774,Heideck,POINT (11.12153707498186 49.13057561464175)
C7775,Hilpoltstein,POINT (11.228875886803051 49.170897609038065)
C7776,Kammerstein,POINT (10.952672514285311 49.29618528108884)
C7777,Schwanstetten,POINT (11.138012040394912 49.30506355141023)
C7778,Rednitzhembach,POINT (11.068771945761002 49.29826657557028)
C7779,Röttenbach,POINT (11.02437860756732 49.15312154364275)
C7780,Rohr,POINT (10.928923720358167 49.343242595815305)
C7781,Roth,POINT (11.116064520478227 49.23339882360542)
C7782,Spalt,POINT (10.917266674495174 49.17629216450637)
C7783,Thalmässing,POINT (11.223809711634273 49.09758577673199)
C7784,Wendelstein,POINT (11.172218309757483 49.33877809917008)
C7785,Abenberger Wald,POINT (10.98043936234617 49.23053348740407)
C7786,Dechenwald,POINT (10.899462047700858 49.3071841962998)
C7787,Forst Kleinschwarzenlohe,POINT (11.141638006668162 49.374049294490355)
C7788,Heidenberg,POINT (10.999491433057656 49.28667394396457)
C7789,Soos,POINT (11.102024534323556 49.29459576650647)
C7790,Muhr a.See,POINT (10.719061316384197 49.160602724881514)
C7791,Gunzenhausen,POINT (10.728385938311307 49.11091086432729)
C7792,Langenaltheim,POINT (10.916114242819953 48.894720633103155)
C7793,Pappenheim,POINT (11.003450022993066 48.939646846426676)
C7794,Pleinfeld,POINT (10.985202206966271 49.1151896320935)
C7795,Polsingen,POINT (10.729622798734047 48.933235706262366)
C7796,Solnhofen,POINT (11.001334879015742 48.897538951132454)
C7797,Treuchtlingen,POINT (10.870060675694424 48.95749661284896)
C7798,Weißenburg i.Bay.,POINT (10.987053846626486 49.0154420551535)
C7799,Absberg,POINT (10.860936799792794 49.158199393088466)
C7800,Haundorf,POINT (10.794384477445284 49.165060711396386)
C7801,Pfofeld,POINT (10.860471019183368 49.11441611534891)
C7802,Theilenhofen,POINT (10.840250430307936 49.07994594639483)
C7803,Alesheim,POINT (10.868737056175451 49.03912025305099)
C7804,Dittenheim,POINT (10.778126369983312 49.057674468660146)
C7805,Markt Berolzheim,POINT (10.836527505444394 49.00691943585489)
C7806,Meinheim,POINT (10.80357155651328 49.02574683743227)
C7807,Ellingen,POINT (10.93224394098744 49.07165516757532)
C7808,Ettenstatt,POINT (11.062946912746595 49.07610585885387)
C7809,Höttingen,POINT (11.009936917248654 49.070967272672156)
C7810,Bergen,POINT (11.116459837512764 49.07089166144313)
C7811,Burgsalach,POINT (11.090912576042436 49.03419472219924)
C7812,Nennslingen,POINT (11.15405435481381 49.04359798101705)
C7813,Raitenbuch,POINT (11.116663903943811 48.994259499675714)
C7814,Gnotzheim,POINT (10.710005107257588 49.0556895857044)
C7815,Heidenheim,POINT (10.744239436354754 48.9957574098887)
C7816,Westheim,POINT (10.678306014250422 49.002430037889106)
C7817,Aschaffenburg,POINT (9.145552377582103 49.963669107103286)
C7818,Schweinfurt,POINT (10.22084169675522 50.04675016081646)
C7819,Würzburg,POINT (9.940851332442891 49.78473575471454)
C7820,Alzenau,POINT (9.079816201246107 50.084911380750825)
C7821,Bessenbach,POINT (9.261309111146122 49.96498530670288)
C7822,Karlstein a.Main,POINT (9.028783671311581 50.04483062115077)
C7823,Geiselbach,POINT (9.194768149722734 50.119687425412565)
C7824,Glattbach,POINT (9.144290163943673 50.0096131502803)
C7825,Goldbach,POINT (9.175621651919254 50.00652659880705)
C7826,Großostheim,POINT (9.064855659919143 49.915787663214225)
C7827,Haibach,POINT (9.210033945306675 49.9618340326881)
C7828,Hösbach,POINT (9.214853216799307 50.01501504616048)
C7829,Johannesberg,POINT (9.129976220475992 50.02893648070011)
C7830,Kahl a.Main,POINT (9.013160797999989 50.085581685829546)
C7831,Kleinostheim,POINT (9.065272371278123 50.01570075620655)
C7832,Laufach,POINT (9.302753986018272 50.012881500436315)
C7833,Mainaschaff,POINT (9.088312252118781 49.992243757519546)
C7834,Mömbris,POINT (9.156651689516993 50.06433665922775)
C7835,Rothenbuch,POINT (9.408668828242861 49.96134466512278)
C7836,Sailauf,POINT (9.25621368465783 50.02974170102418)
C7837,Stockstadt a.Main,POINT (9.050624625054942 49.97490542171278)
C7838,Waldaschaff,POINT (9.299164634319038 49.971210000111114)
C7839,Weibersbrunn,POINT (9.36983564040688 49.92535505465264)
C7840,Heigenbrücken,POINT (9.359382209941504 50.03430094543731)
C7841,Heinrichsthal,POINT (9.34151932325344 50.07160000831627)
C7842,Heimbuchenthal,POINT (9.296194147174512 49.8846213857395)
C7843,Mespelbrunn,POINT (9.300660197270318 49.918894354230964)
C7844,Dammbach,POINT (9.348834653989629 49.86863151137284)
C7845,Blankenbach,POINT (9.230903714471161 50.06393429380955)
C7846,Kleinkahl,POINT (9.285801020693416 50.11600598937199)
C7847,Krombach,POINT (9.201236895131489 50.08232871307851)
C7848,Schöllkrippen,POINT (9.237122674460515 50.09452951125562)
C7849,Sommerkahl,POINT (9.264404786048216 50.067806789966724)
C7850,Westerngrund,POINT (9.246417335727712 50.12593272179671)
C7851,Wiesen,POINT (9.365400826968962 50.10999156055918)
C7852,Forst Hain i.Spessart,POINT (9.347170512686706 50.00218171617572)
C7853,Heinrichsthaler Forst,POINT (9.373263726033834 50.052578225705375)
C7854,Rohrbrunner Forst,POINT (9.40648449700276 49.91570644580312)
C7855,Rothenbucher Forst,POINT (9.398279177280255 49.963738970617754)
C7856,Sailaufer Forst,POINT (9.299355227230933 50.04334112674141)
C7857,Schöllkrippener Forst,POINT (9.304355889983126 50.085972114483106)
C7858,Waldaschaffer Forst,POINT (9.32911244942566 49.956284052046755)
C7859,Wiesener Forst,POINT (9.351917363215353 50.10839132504916)
C7860,Bad Bocklet,POINT (10.06924787802184 50.273375787357914)
C7861,Bad Brückenau,POINT (9.776846184207933 50.30709044934385)
C7862,Bad Kissingen,POINT (10.05892857722341 50.20264969190023)
C7863,Burkardroth,POINT (9.97707844293374 50.28447655359931)
C7864,Hammelburg,POINT (9.87424646442387 50.10383760970072)
C7865,Motten,POINT (9.77006350246908 50.38750186859497)
C7866,Münnerstadt,POINT (10.244707502018025 50.252433718348506)
C7867,Nüdlingen,POINT (10.135536122315571 50.218844012606326)
C7868,Oberthulba,POINT (9.933527064998687 50.19594135763458)
C7869,Oerlenbach,POINT (10.135184251095913 50.14928008042533)
C7870,Wartmannsroth,POINT (9.790972246900738 50.16878959221823)
C7871,Wildflecken,POINT (9.866457420435253 50.372288619415166)
C7872,Zeitlofs,POINT (9.721846351639673 50.25464812609479)
C7873,Geroda,POINT (9.900458908135757 50.28847122801397)
C7874,Oberleichtersbach,POINT (9.80426267573256 50.27628532472175)
C7875,Riedenberg,POINT (9.881830370546322 50.32325072608121)
C7876,Schondra,POINT (9.853431931583726 50.25873550533132)
C7877,Elfershausen,POINT (9.974514593332447 50.12945645397411)
C7878,Fuchsstadt,POINT (9.936332298392635 50.092169145392475)
C7879,Aura a.d.Saale,POINT (10.011509253384236 50.170872367459076)
C7880,Euerdorf,POINT (10.041549624627761 50.15586045764289)
C7881,Ramsthal,POINT (10.077840492873976 50.12917608372487)
C7882,Sulzthal,POINT (10.041652206154023 50.12038503989894)
C7883,Maßbach,POINT (10.257802038811413 50.194033970165066)
C7884,Rannungen,POINT (10.20380312611158 50.169367880895706)
C7885,Thundorf i.UFr.,POINT (10.325295973451293 50.20046937173962)
C7886,Dreistelzer Forst,POINT (9.764554704062753 50.27909919693646)
C7887,Forst Detter-Süd,POINT (9.75860705122179 50.21324864384982)
C7888,Geiersnest-Ost,POINT (9.86533531163008 50.23470684977625)
C7889,Geiersnest-West,POINT (9.787137665524144 50.24348597423716)
C7890,Kälberberg,POINT (9.687940166593599 50.27252403383673)
C7891,Mottener Forst-Süd,POINT (9.78386951044707 50.354608117300636)
C7892,Neuwirtshauser Forst,POINT (9.842802222663328 50.21000248203021)
C7893,Omerz u.Roter Berg,POINT (9.725092552119223 50.18239310475199)
C7894,Römershager Forst-Nord,POINT (9.792944364362626 50.33239187435591)
C7895,Römershager Forst-Ost,POINT (9.83630556980253 50.30875318455565)
C7896,Roßbacher Forst,POINT (9.693424175361368 50.22287652738138)
C7897,Waldfensterer Forst,POINT (9.942806505768042 50.258146742605625)
C7898,Bad Neustadt a.d.Saale,POINT (10.213656438708073 50.33268461635746)
C7899,Bischofsheim i.d.Rhön,POINT (10.00153220839374 50.39839767342073)
C7900,Bad Königshofen i.Grabfeld,POINT (10.484960682728664 50.2840770563196)
C7901,Oberelsbach,POINT (10.07768136264991 50.438361888110826)
C7902,Sandberg,POINT (9.990150605944763 50.34338039316502)
C7903,Bastheim,POINT (10.178086144121426 50.394704915980434)
C7904,Hendungen,POINT (10.37397811949618 50.390683121030754)
C7905,Mellrichstadt,POINT (10.317676146125043 50.43324442109475)
C7906,Oberstreu,POINT (10.279691226323019 50.40020698906958)
C7907,Stockheim,POINT (10.274470645067774 50.46335727902651)
C7908,Aubstadt,POINT (10.434578050108007 50.335064067047284)
C7909,Großbardorf,POINT (10.363191143952614 50.26284544166039)
C7910,Herbstadt,POINT (10.504700274855317 50.339399971742765)
C7911,Höchheim,POINT (10.449307626507576 50.366505946316835)
C7912,Sulzdorf a.d.Lederhecke,POINT (10.565644676644453 50.24405963713333)
C7913,Sulzfeld,POINT (10.407001448925325 50.25422128778186)
C7914,Trappstadt,POINT (10.57062249098511 50.3038797847329)
C7915,Hohenroth,POINT (10.151797245541616 50.325029295972854)
C7916,Niederlauer,POINT (10.15072003211217 50.29425209826218)
C7917,Rödelmaier,POINT (10.277749465208784 50.317651798891696)
C7918,Salz,POINT (10.208711095467619 50.30098236197255)
C7919,Schönau a.d.Brend,POINT (10.106781191446016 50.37322113195285)
C7920,Strahlungen,POINT (10.243684616631048 50.28196567932914)
C7921,Burglauer,POINT (10.15943261617083 50.27619013416658)
C7922,Fladungen,POINT (10.136544170061654 50.52982282248613)
C7923,Hausen,POINT (10.087168546243308 50.497302401051066)
C7924,Nordheim v.d.Rhön,POINT (10.193203848727695 50.488956016392905)
C7925,Heustreu,POINT (10.256692910219986 50.35155740975642)
C7926,Hollstadt,POINT (10.32813939464538 50.35817875398174)
C7927,Unsleben,POINT (10.265299825478277 50.375969392838805)
C7928,Wollbach,POINT (10.214210060396256 50.364129101090874)
C7929,Ostheim v.d.Rhön,POINT (10.195679313853251 50.45555060913501)
C7930,Sondheim v.d.Rhön,POINT (10.146891528789713 50.474113526644494)
C7931,Willmars,POINT (10.255105156214976 50.501395132604955)
C7932,Großeibstadt,POINT (10.400175744946484 50.30449644006354)
C7933,Saal a.d.Saale,POINT (10.367443270439722 50.31926182679942)
C7934,Wülfershausen a.d.Saale,POINT (10.324994747015122 50.32667619615896)
C7935,Bundorfer Forst,POINT (10.47201701420603 50.22459799448024)
C7936,Burgwallbacher Forst,POINT (10.076866707165095 50.3583388639816)
C7937,Forst Schmalwasser-Nord,POINT (10.02262982481097 50.35383977376313)
C7938,Forst Schmalwasser-Süd,POINT (10.046598655464853 50.32529692794658)
C7939,Mellrichstadter Forst,POINT (10.198059310592098 50.51734091011939)
C7940,Steinacher Forst r.d.Saale,POINT (10.102928815025221 50.3204201952877)
C7941,Sulzfelder Forst,POINT (10.426348383538391 50.23217264166076)
C7942,Weigler,POINT (10.3878234617957 50.360687630022674)
C7943,Eltmann,POINT (10.668510430342353 49.95894926326867)
C7944,Haßfurt,POINT (10.506980858841043 50.046256254792134)
C7945,Oberaurach,POINT (10.631813455788878 49.92530332140901)
C7946,Knetzgau,POINT (10.516569871886514 49.97285998331382)
C7947,Königsberg i.Bay.,POINT (10.58472532855852 50.07541047371665)
C7948,Maroldsweisach,POINT (10.686559752451677 50.190121678600285)
C7949,Rauhenebrach,POINT (10.568702037690564 49.895552769790385)
C7950,Sand a.Main,POINT (10.590296374898488 49.9783196274826)
C7951,Untermerzbach,POINT (10.839686151000281 50.12068598528866)
C7952,Zeil a.Main,POINT (10.60805532142529 50.02369633892967)
C7953,Breitbrunn,POINT (10.715492702894931 50.01781907825322)
C7954,Ebelsbach,POINT (10.690162640533945 49.997678578382086)
C7955,Kirchlauter,POINT (10.701297415895906 50.04104559794884)
C7956,Stettfeld,POINT (10.729373274112922 49.974735096433434)
C7957,Ebern,POINT (10.727931331620576 50.0961102189618)
C7958,Pfarrweisach,POINT (10.73495661733206 50.1475837795961)
C7959,Rentweinsdorf,POINT (10.793698126556004 50.054449323724945)
C7960,Aidhausen,POINT (10.457220042131972 50.15810669617754)
C7961,Bundorf,POINT (10.531490379541284 50.19705996641887)
C7962,Burgpreppach,POINT (10.63049127744257 50.13394026874838)
C7963,Hofheim i.UFr.,POINT (10.536061085396918 50.13824309665387)
C7964,Riedbach,POINT (10.439555129194591 50.104027869638486)
C7965,Ermershausen,POINT (10.626505631639699 50.214330909315784)
C7966,Gädheim,POINT (10.367063281353364 50.02843880918794)
C7967,Theres,POINT (10.424620750605344 50.02865522002747)
C7968,Wonfurt,POINT (10.456161207382742 49.996086836011)
C7969,Dettelbach,POINT (10.130964112691586 49.811412728634814)
C7970,Geiselwind,POINT (10.478509029352352 49.77551102118002)
C7971,Kitzingen,POINT (10.167145724220019 49.744331810345265)
C7972,Mainbernheim,POINT (10.212286123825557 49.70505752498563)
C7973,Prichsenstadt,POINT (10.366131667382863 49.82829766038732)
C7974,Schwarzach a.Main,POINT (10.233861381401663 49.8032583807067)
C7975,Abtswind,POINT (10.38839680240072 49.770008355638126)
C7976,Castell,POINT (10.375703759243692 49.74186606772705)
C7977,Rüdenhausen,POINT (10.338850096557076 49.76538020233016)
C7978,Wiesentheid,POINT (10.334169720438817 49.79878140935515)
C7979,Großlangheim,POINT (10.244298636510903 49.75414905522499)
C7980,Kleinlangheim,POINT (10.27891105706371 49.7738158087751)
C7981,Wiesenbronn,POINT (10.30444158517632 49.74308101910012)
C7982,Iphofen,POINT (10.315398379247904 49.67521663470863)
C7983,Markt Einersheim,POINT (10.304976880594577 49.686949248580525)
C7984,Rödelsee,POINT (10.251454479708883 49.72862210588115)
C7985,Willanzheim,POINT (10.241901273071228 49.66440935106472)
C7986,Albertshofen,POINT (10.16578437809308 49.77037621270672)
C7987,Biebelried,POINT (10.077878788697333 49.747059291999705)
C7988,Buchbrunn,POINT (10.128100523674325 49.76068717169098)
C7989,Mainstockheim,POINT (10.127906329800519 49.77603698503885)
C7990,Sulzfeld a.Main,POINT (10.120462086084174 49.70870116393868)
C7991,Marktbreit,POINT (10.122392600235361 49.6537184732382)
C7992,Marktsteft,POINT (10.160564789667333 49.697012333851845)
C7993,Martinsheim,POINT (10.16086797219668 49.62102885244704)
C7994,Obernbreit,POINT (10.171760514262536 49.65843996737649)
C7995,Segnitz,POINT (10.136153197768257 49.67767763067582)
C7996,Seinsheim,POINT (10.211981554871832 49.64634882764336)
C7997,Nordheim a.Main,POINT (10.186698632507488 49.85184087430518)
C7998,Sommerach,POINT (10.207022111258308 49.83284387834434)
C7999,Volkach,POINT (10.24139952692967 49.863359096104645)
C8000,Amorbach,POINT (9.193835752062904 49.643043525208235)
C8001,Collenberg,POINT (9.315467838795263 49.77215438641311)
C8002,Dorfprozelten,POINT (9.37263685038319 49.791310285888116)
C8003,Eichenbühl,POINT (9.358558342567681 49.67649838856335)
C8004,Elsenfeld,POINT (9.205021824057082 49.83506456853525)
C8005,Erlenbach a.Main,POINT (9.176498460341652 49.80698925802652)
C8006,Eschau,POINT (9.288623120421672 49.83056376118542)
C8007,Faulbach,POINT (9.450582756737473 49.79379004710494)
C8008,Großheubach,POINT (9.233527425580839 49.73544969519774)
C8009,Großwallstadt,POINT (9.137583420152621 49.8735424580211)
C8010,Kirchzell,POINT (9.143009288381318 49.607260628579816)
C8011,Klingenberg a.Main,POINT (9.181573295079875 49.76336539230342)
C8012,Leidersbach,POINT (9.233914197439697 49.89644677682843)
C8013,Miltenberg,POINT (9.244873163336528 49.689436964369634)
C8014,Mömlingen,POINT (9.074758479756 49.858248566731355)
C8015,Niedernberg,POINT (9.121448995312347 49.90717508288105)
C8016,Obernburg a.Main,POINT (9.113646456329818 49.82803975802948)
C8017,Schneeberg,POINT (9.256096584625931 49.62383630774594)
C8018,Sulzbach a.Main,POINT (9.190461310747796 49.91515838476767)
C8019,Weilbach,POINT (9.169781718984085 49.67405366395152)
C8020,Wörth a.Main,POINT (9.139743521491823 49.78195762937792)
C8021,Bürgstadt,POINT (9.298900315787437 49.72241192545324)
C8022,Neunkirchen,POINT (9.392754009853675 49.700268267162734)
C8023,Kleinheubach,POINT (9.190126988796566 49.72200185333324)
C8024,Laudenbach,POINT (9.165014589542164 49.73804395178639)
C8025,Rüdenau,POINT (9.16882850865409 49.71167254994429)
C8026,Hausen,POINT (9.220167026549094 49.87404779172874)
C8027,Kleinwallstadt,POINT (9.189691201280345 49.86858560615044)
C8028,Mönchberg,POINT (9.263523175590619 49.792241580438024)
C8029,Röllbach,POINT (9.255273649564291 49.76606778414408)
C8030,Altenbuch,POINT (9.411183906437834 49.840957663047156)
C8031,Stadtprozelten,POINT (9.396089430780671 49.8025751782477)
C8032,Forstwald,POINT (9.179817221452119 49.82606207475506)
C8033,Hohe Wart,POINT (9.26381654663119 49.91301672886946)
C8034,Arnstein,POINT (9.961136406168917 49.98707733562406)
C8035,Eußenheim,POINT (9.847494320259923 50.00838472243368)
C8036,Frammersbach,POINT (9.45119701471669 50.06293114893437)
C8037,Gemünden a.Main,POINT (9.693000711930274 50.056527302417685)
C8038,Karlstadt,POINT (9.743913431125769 49.96997356395032)
C8039,Triefenstein,POINT (9.597550964404833 49.800841195782205)
C8040,Lohr a.Main,POINT (9.569092613935481 50.003813695960666)
C8041,Marktheidenfeld,POINT (9.568232110418316 49.84121036360669)
C8042,Rieneck,POINT (9.635693585301835 50.10127217369514)
C8043,Hasloch,POINT (9.482625232676405 49.80188074041999)
C8044,Kreuzwertheim,POINT (9.532554992539497 49.78656961292411)
C8045,Schollbrunn,POINT (9.47548822098505 49.832272305354756)
C8046,Birkenfeld,POINT (9.715870921131446 49.86205301375627)
C8047,Bischbrunn,POINT (9.468978932887444 49.87924634715941)
C8048,Erlenbach b.Marktheidenfeld,POINT (9.643095254620805 49.82262202232827)
C8049,Esselbach,POINT (9.52564973970746 49.860424830635594)
C8050,Hafenlohr,POINT (9.572167436181578 49.87805372717161)
C8051,Karbach,POINT (9.644822751296106 49.86423850713587)
C8052,Roden,POINT (9.62203175280771 49.91189669538904)
C8053,Rothenfels,POINT (9.55946631033618 49.90711909628712)
C8054,Urspringen,POINT (9.678556385528246 49.90493505404706)
C8055,Aura i.Sinngrund,POINT (9.56186970936172 50.17324166584026)
C8056,Burgsinn,POINT (9.645954102098102 50.147998824957384)
C8057,Fellen,POINT (9.556863567962246 50.136709058655235)
C8058,Mittelsinn,POINT (9.61911190632725 50.18878932704028)
C8059,Obersinn,POINT (9.618416266196784 50.213836593964494)
C8060,Gössenheim,POINT (9.774671966526082 50.01977611804705)
C8061,Gräfendorf,POINT (9.729888285212656 50.11997189613707)
C8062,Karsbach,POINT (9.787091750588285 50.060514012427404)
C8063,Neuendorf,POINT (9.620342212459612 50.03539824407495)
C8064,Neustadt a.Main,POINT (9.552416220402542 49.937510646075744)
C8065,Rechtenbach,POINT (9.520200790437475 49.985572370110916)
C8066,Steinfeld,POINT (9.650186038071473 49.9511143423241)
C8067,Himmelstadt,POINT (9.782073234725868 49.92389429596153)
C8068,Retzstadt,POINT (9.887142191647184 49.90913859296067)
C8069,Thüngen,POINT (9.862944213081443 49.938495595230336)
C8070,Zellingen,POINT (9.779554682208502 49.89901244171041)
C8071,Neuhütten,POINT (9.425569956169 50.00172349276252)
C8072,Partenstein,POINT (9.520253392993768 50.048063874027676)
C8073,Wiesthal,POINT (9.429776153113346 50.029918624305)
C8074,Burgjoß,POINT (9.52928146959708 50.20820983983777)
C8075,Forst Aura,POINT (9.617568696997186 50.20139810950346)
C8076,Forst Lohrerstraße,POINT (9.469736704662111 49.972415706378364)
C8077,Frammersbacher Forst,POINT (9.456840179127118 50.072665846535116)
C8078,Fürstl.Löwenstein'scher Park,POINT (9.510229055958039 49.90989830645189)
C8079,Haurain,POINT (9.489832787598376 50.09082333638385)
C8080,Herrnwald,POINT (9.571299840959943 50.09909711634019)
C8081,Langenprozeltener Forst,POINT (9.606789165286717 50.068225814445455)
C8082,Partensteiner Forst,POINT (9.466956104459724 50.02546938613319)
C8083,Ruppertshüttener Forst,POINT (9.553648264536056 50.07675732327859)
C8084,Bergrheinfeld,POINT (10.167453090438299 50.00018076891561)
C8085,Dittelbrunn,POINT (10.205893751369308 50.11191358285025)
C8086,Euerbach,POINT (10.09842218702839 50.06849382710733)
C8087,Geldersheim,POINT (10.14489316752271 50.042511578790915)
C8088,Gochsheim,POINT (10.288534849559406 50.01698931083183)
C8089,Grafenrheinfeld,POINT (10.20813456028535 49.994056195481654)
C8090,Grettstadt,POINT (10.340006989016542 49.98963554275746)
C8091,Kolitzheim,POINT (10.252881872660488 49.93006627364107)
C8092,Niederwerrn,POINT (10.170022434748157 50.06913473260209)
C8093,Poppenhausen,POINT (10.145348619465883 50.102922923166304)
C8094,Röthlein,POINT (10.2137951935372 49.96375558383017)
C8095,Schonungen,POINT (10.348814278642774 50.07733170797126)
C8096,Schwebheim,POINT (10.258418791713686 49.990531435900856)
C8097,Sennfeld,POINT (10.262563277253525 50.03927006905537)
C8098,Stadtlauringen,POINT (10.384821310732628 50.18449352362753)
C8099,Üchtelhausen,POINT (10.283836016181478 50.12174863828463)
C8100,Waigolshausen,POINT (10.14122259433042 49.95588874244937)
C8101,Wasserlosen,POINT (10.024154961379937 50.06804784863357)
C8102,Werneck,POINT (10.083617599950015 49.99052416962727)
C8103,Dingolshausen,POINT (10.39775984890061 49.91044462552475)
C8104,Donnersdorf,POINT (10.406470856242974 49.96418766138436)
C8105,Frankenwinheim,POINT (10.310723584325556 49.89439080732042)
C8106,Gerolzhofen,POINT (10.356010252200845 49.90221949763678)
C8107,Lülsfeld,POINT (10.341070774378798 49.87011667008606)
C8108,Michelau i.Steigerwald,POINT (10.437801904795885 49.919333772801686)
C8109,Oberschwarzach,POINT (10.417747221593514 49.853684425505485)
C8110,Sulzheim,POINT (10.344033890900125 49.94317555968046)
C8111,Schwanfeld,POINT (10.133347622876537 49.92067201079881)
C8112,Wipfeld,POINT (10.173267739159808 49.92113905119318)
C8113,Bürgerwald,POINT (10.460282712639339 49.88650261626397)
C8114,Geiersberg,POINT (10.436052277427034 49.86373731417751)
C8115,Hundelshausen,POINT (10.47169362504136 49.934225701628094)
C8116,Nonnenkloster,POINT (10.43728949572407 49.89261726159723)
C8117,Stollbergerforst,POINT (10.431368425722155 49.88026397512657)
C8118,Vollburg,POINT (10.461120836266378 49.90367164538366)
C8119,Wustvieler Forst,POINT (10.493993583447491 49.908320582375936)
C8120,Eisingen,POINT (9.826087957181269 49.760199386839524)
C8121,Gaukönigshofen,POINT (10.000997144883932 49.62707676017503)
C8122,Gerbrunn,POINT (10.000354309436345 49.77964931247605)
C8123,Güntersleben,POINT (9.902826086797633 49.87410526813992)
C8124,Hausen b.Würzburg,POINT (10.025765892137475 49.92590387967477)
C8125,Höchberg,POINT (9.8730377173492 49.77684644048308)
C8126,Kleinrinderfeld,POINT (9.84460967575859 49.704635743169185)
C8127,Kürnach,POINT (10.051261235592497 49.84095599229932)
C8128,Neubrunn,POINT (9.664540329128702 49.72224604791925)
C8129,Ochsenfurt,POINT (10.054477832202805 49.661393591650224)
C8130,Randersacker,POINT (10.005740883027169 49.75118579851532)
C8131,Reichenberg,POINT (9.924931907124469 49.709736410670416)
C8132,Rimpar,POINT (9.960512325032143 49.877256538318065)
C8133,Rottendorf,POINT (10.038620418671572 49.79522662209024)
C8134,Theilheim,POINT (10.033189313439008 49.75962806711695)
C8135,Thüngersheim,POINT (9.856898706176002 49.876452051653025)
C8136,Leinach,POINT (9.794880206894552 49.852820366350855)
C8137,Unterpleichfeld,POINT (10.031618027746209 49.87683191923391)
C8138,Veitshöchheim,POINT (9.887835811470364 49.84048496151905)
C8139,Waldbrunn,POINT (9.79193694585699 49.759977026205014)
C8140,Waldbüttelbrunn,POINT (9.800676270583626 49.7855399478599)
C8141,Zell a.Main,POINT (9.859270851648445 49.807100451506585)
C8142,Aub,POINT (10.043287582197397 49.547294496487446)
C8143,Gelchsheim,POINT (10.035003027332216 49.57397000467886)
C8144,Sonderhofen,POINT (9.992051617431247 49.58863822049046)
C8145,Bergtheim,POINT (10.086238609381473 49.90582864901064)
C8146,Oberpleichfeld,POINT (10.088212975578578 49.87410703424272)
C8147,Eibelstadt,POINT (10.012064775586214 49.72435173784745)
C8148,Frickenhausen a.Main,POINT (10.10206698952969 49.67904552333378)
C8149,Sommerhausen,POINT (10.039553899280198 49.69770624354551)
C8150,Winterhausen,POINT (10.000016877464326 49.70753663088691)
C8151,Estenfeld,POINT (10.01499092378764 49.83414141352735)
C8152,Eisenheim,POINT (10.16262071979058 49.88717704748133)
C8153,Prosselsheim,POINT (10.12111571702291 49.861147006916525)
C8154,Bütthard,POINT (9.882204331163445 49.590171932389204)
C8155,Giebelstadt,POINT (9.936128643565036 49.64866990312685)
C8156,Helmstadt,POINT (9.705200353378864 49.75768044689256)
C8157,Holzkirchen,POINT (9.673460382164068 49.77894636526163)
C8158,Remlingen,POINT (9.693074093254692 49.81225294910555)
C8159,Uettingen,POINT (9.730779697001081 49.78818120192938)
C8160,Geroldshausen,POINT (9.888314672842913 49.68163688527036)
C8161,Kirchheim,POINT (9.860066269743127 49.65410480655578)
C8162,Kist,POINT (9.838714607149479 49.74217634957724)
C8163,Altertheim,POINT (9.747952552280754 49.724584475616425)
C8164,Erlabrunn,POINT (9.840359377333385 49.8584717070657)
C8165,Margetshöchheim,POINT (9.850962753102822 49.83628551563598)
C8166,Bieberehren,POINT (10.016304761021914 49.50800218328783)
C8167,Riedenheim,POINT (9.952842659877241 49.559380516227094)
C8168,Röttingen,POINT (9.967661050344686 49.51912060813342)
C8169,Tauberrettersheim,POINT (9.938550312482848 49.49671019360308)
C8170,Greußenheim,POINT (9.76269654039401 49.82177020345942)
C8171,Hettstadt,POINT (9.814416674926147 49.803537824023834)
C8172,Gramschatzer Wald,POINT (9.949045348129896 49.91218489837975)
C8173,Guttenberger Wald,POINT (9.867152623419598 49.73254646296875)
C8174,Irtenberger Wald,POINT (9.805647732325749 49.739142809037396)
C8175,Augsburg,POINT (10.885360188305084 48.34553210586635)
C8176,Kaufbeuren,POINT (10.615829078179035 47.87993163359514)
C8177,Kempten (Allgäu),POINT (10.308119622178026 47.738088015564664)
C8178,Memmingen,POINT (10.163063880825694 47.97882899715887)
C8179,Affing,POINT (10.96372498433938 48.449065068047034)
C8180,Aichach,POINT (11.123651904054391 48.445409512865645)
C8181,Friedberg,POINT (11.00348153310929 48.36228333994785)
C8182,Hollenbach,POINT (11.060967053945545 48.48668732914848)
C8183,Inchenhofen,POINT (11.102787234322003 48.523074942631915)
C8184,Kissing,POINT (10.980938909158215 48.304536812752616)
C8185,Merching,POINT (10.98299470805576 48.2439890279411)
C8186,Rehling,POINT (10.917452109877924 48.484573118771365)
C8187,Ried,POINT (11.074337575703028 48.28980690206869)
C8188,Aindling,POINT (10.980815402703445 48.50743319439578)
C8189,Petersdorf,POINT (11.016361452955968 48.52358236255988)
C8190,Todtenweis,POINT (10.903267239898984 48.518724898117426)
C8191,Kühbach,POINT (11.180978972000403 48.50595175290789)
C8192,Schiltberg,POINT (11.244333019060672 48.455868402233946)
C8193,Adelzhausen,POINT (11.128329202076719 48.356644141791655)
C8194,Dasing,POINT (11.066796468915074 48.38723218488585)
C8195,Eurasburg,POINT (11.109233761526497 48.33176527175016)
C8196,Obergriesbach,POINT (11.047339370371036 48.424357095193685)
C8197,Sielenbach,POINT (11.163476936657615 48.39120993115499)
C8198,Mering,POINT (11.00287586559232 48.26658605694254)
C8199,Schmiechen,POINT (10.946666835213655 48.22713539202259)
C8200,Steindorf,POINT (11.021057952760845 48.213100594749434)
C8201,Pöttmes,POINT (11.06773784472626 48.5729801028394)
C8202,Baar (Schwaben),POINT (10.966298100283721 48.58387838108685)
C8203,Adelsried,POINT (10.718268940495886 48.42547006480064)
C8204,Altenmünster,POINT (10.583198698110685 48.46238460628192)
C8205,Aystetten,POINT (10.766461889700773 48.40715417146067)
C8206,Biberbach,POINT (10.78579899505317 48.50894416689276)
C8207,Bobingen,POINT (10.789463141551073 48.273017605264606)
C8208,Diedorf,POINT (10.763239438242667 48.35193986253305)
C8209,Dinkelscherben,POINT (10.585495775129477 48.34141439343332)
C8210,Fischach,POINT (10.650933104592049 48.2832610356522)
C8211,Gablingen,POINT (10.81316491788351 48.45665134550645)
C8212,Gersthofen,POINT (10.822667306134987 48.42979896265633)
C8213,Graben,POINT (10.835559665565068 48.19128686260782)
C8214,Horgau,POINT (10.685423317603624 48.397334704515224)
C8215,Königsbrunn,POINT (10.885393689210845 48.26082542034388)
C8216,Kutzenhausen,POINT (10.692469827674653 48.35593171034577)
C8217,Langweid a.Lech,POINT (10.837073750894627 48.48290436418269)
C8218,Meitingen,POINT (10.833597044745533 48.544791886687904)
C8219,Neusäß,POINT (10.809751952065817 48.39343348952952)
C8220,Schwabmünchen,POINT (10.728169883422833 48.19562908875456)
C8221,Stadtbergen,POINT (10.831031766604825 48.359541833222366)
C8222,Thierhaupten,POINT (10.915386809243318 48.56196901094606)
C8223,Wehringen,POINT (10.804163267258167 48.24899134608153)
C8224,Zusmarshausen,POINT (10.596272548847919 48.406112967813954)
C8225,Allmannshofen,POINT (10.815472229677743 48.615116200954404)
C8226,Ehingen,POINT (10.79228071082856 48.590351185280014)
C8227,Ellgau,POINT (10.864157623998445 48.613742050957256)
C8228,Kühlenthal,POINT (10.80156655957501 48.56833325689259)
C8229,Nordendorf,POINT (10.830064769673067 48.59230182231987)
C8230,Westendorf,POINT (10.839948162153231 48.56956499416214)
C8231,Bonstetten,POINT (10.711745672520934 48.44258213980603)
C8232,Emersacker,POINT (10.674611305836327 48.48168767349704)
C8233,Heretsried,POINT (10.726963016439948 48.46250536568763)
C8234,Welden,POINT (10.653493643313785 48.45383602050339)
C8235,Gessertshausen,POINT (10.714618377058587 48.30341661730162)
C8236,Ustersbach,POINT (10.639895964919264 48.322422681832855)
C8237,Langenneufnach,POINT (10.603010640970531 48.259902380656534)
C8238,Mickhausen,POINT (10.63031562373939 48.226007244815264)
C8239,Mittelneufnach,POINT (10.596729197433236 48.18152271449224)
C8240,Scherstetten,POINT (10.645530643261207 48.19051826448471)
C8241,Walkertshofen,POINT (10.587316922972919 48.22886471526294)
C8242,Großaitingen,POINT (10.746833311302705 48.23133485499961)
C8243,Kleinaitingen,POINT (10.86082672286322 48.211375764361)
C8244,Oberottmarshausen,POINT (10.86892589859417 48.23135798290085)
C8245,Klosterlechfeld,POINT (10.836311630377494 48.15457218283895)
C8246,Untermeitingen,POINT (10.824245901405964 48.16708468088702)
C8247,Hiltenfingen,POINT (10.713646919352218 48.15380490165571)
C8248,Langerringen,POINT (10.748619526604154 48.12594631522445)
C8249,Schmellerforst,POINT (10.517879829140101 48.31993338473152)
C8250,Bissingen,POINT (10.579679567172011 48.71880273150124)
C8251,Buttenwiesen,POINT (10.719321809989488 48.61070861841898)
C8252,Dillingen a.d.Donau,POINT (10.531285345945017 48.574875601763544)
C8253,Lauingen (Donau),POINT (10.42769032830442 48.56270630943186)
C8254,Bächingen a.d.Brenz,POINT (10.321367373128748 48.53751191841819)
C8255,Gundelfingen a.d.Donau,POINT (10.353627659084331 48.52560311954781)
C8256,Haunsheim,POINT (10.362429596530212 48.60655880700127)
C8257,Medlingen,POINT (10.326302447426391 48.57834824530044)
C8258,Bachhagel,POINT (10.335017836830707 48.63469682609145)
C8259,Syrgenstein,POINT (10.288740431241376 48.658789026102184)
C8260,Zöschingen,POINT (10.312174948219136 48.678678616847826)
C8261,Mödingen,POINT (10.451517172972755 48.64226564523445)
C8262,Wittislingen,POINT (10.425070499298574 48.6137818148585)
C8263,Ziertheim,POINT (10.398555574613722 48.66133257597694)
C8264,Blindheim,POINT (10.61436683617547 48.64638337533199)
C8265,Höchstädt a.d.Donau,POINT (10.574658379565665 48.62434281344518)
C8266,Lutzingen,POINT (10.53913380058371 48.66990065740523)
C8267,Finningen,POINT (10.49879738694962 48.65233391167831)
C8268,Schwenningen,POINT (10.65728460133171 48.644991778567125)
C8269,Binswangen,POINT (10.6338956942571 48.567491941912046)
C8270,Laugna,POINT (10.707702954546784 48.51148368274292)
C8271,Villenbach,POINT (10.599647601156306 48.51379305798542)
C8272,Wertingen,POINT (10.706864004666071 48.55479688152745)
C8273,Zusamaltheim,POINT (10.633601454509499 48.525408263098704)
C8274,Aislingen,POINT (10.450174756837946 48.50835419195723)
C8275,Glött,POINT (10.48805469926174 48.501364717078204)
C8276,Holzheim,POINT (10.53736895038184 48.50955827755132)
C8277,Ursberg,POINT (10.442642151245115 48.24690229134676)
C8278,Bibertal,POINT (10.201529140636099 48.39855510202757)
C8279,Burgau,POINT (10.383145679194119 48.42883273016656)
C8280,Burtenbach,POINT (10.459695558470838 48.34689280879129)
C8281,Günzburg,POINT (10.280202016221237 48.466166903149784)
C8282,Jettingen-Scheppach,POINT (10.462380334390625 48.391608681023015)
C8283,Kammeltal,POINT (10.36746059137449 48.37336570371929)
C8284,Krumbach (Schwaben),POINT (10.379194276801115 48.24487264177463)
C8285,Leipheim,POINT (10.203494415906132 48.45195285110058)
C8286,Neuburg a.d.Kammel,POINT (10.37665275356529 48.304055200360594)
C8287,Gundremmingen,POINT (10.408187443180378 48.501039319241976)
C8288,Offingen,POINT (10.364173476158557 48.47862674124418)
C8289,Rettenbach,POINT (10.357820420201545 48.455496716706534)
C8290,Dürrlauingen,POINT (10.427169291630241 48.46714372642045)
C8291,Haldenwang,POINT (10.457508959964878 48.44784195835753)
C8292,Landensberg,POINT (10.516125091012874 48.43463820715635)
C8293,Röfingen,POINT (10.45932934258381 48.42633421599555)
C8294,Winterbach,POINT (10.49885392263007 48.465952525603974)
C8295,Bubesheim,POINT (10.247621223710995 48.42671938041059)
C8296,Kötz,POINT (10.285980392094777 48.40687561094054)
C8297,Ellzee,POINT (10.30485566562071 48.327711434218934)
C8298,Ichenhausen,POINT (10.282089201818838 48.37536650736527)
C8299,Waldstetten,POINT (10.290073243837048 48.34923971415247)
C8300,Aletshausen,POINT (10.400703467020875 48.19873146121333)
C8301,Breitenthal,POINT (10.303995769042958 48.23845575745491)
C8302,Deisenhausen,POINT (10.326685979548582 48.26380941163946)
C8303,Ebershausen,POINT (10.311167464681473 48.2070821721553)
C8304,Wiesenbach,POINT (10.310389345989192 48.29293005641861)
C8305,Waltenhausen,POINT (10.349828294306159 48.186325093161706)
C8306,Balzhausen,POINT (10.48956925918884 48.23526154929113)
C8307,Münsterhausen,POINT (10.45542231296662 48.31356773974262)
C8308,Thannhausen,POINT (10.478780970098391 48.27743669834167)
C8309,Aichen,POINT (10.539802485352853 48.2326758215157)
C8310,Ziemetshausen,POINT (10.546229334904261 48.28491508501295)
C8311,Ebershauser-Nattenhauser Wald,POINT (10.336595358857855 48.21033365763803)
C8312,Winzerwald,POINT (10.430556927888325 48.21482998787418)
C8313,Bellenberg,POINT (10.096513939615194 48.258464081774534)
C8314,Illertissen,POINT (10.115217511984792 48.22731531428801)
C8315,Nersingen,POINT (10.138643115719974 48.42420850210267)
C8316,Neu-Ulm,POINT (10.052564747061028 48.380641732332066)
C8317,Elchingen,POINT (10.084130526220333 48.44875455329306)
C8318,Roggenburg,POINT (10.226490249714894 48.27991198554758)
C8319,Senden,POINT (10.068940484139805 48.3224620489739)
C8320,Vöhringen,POINT (10.091113750813058 48.28985222658424)
C8321,Weißenhorn,POINT (10.173621097386542 48.30454022275822)
C8322,Holzheim,POINT (10.110639132586032 48.37920497253452)
C8323,Pfaffenhofen a.d.Roth,POINT (10.161698584095618 48.361112195329895)
C8324,Altenstadt,POINT (10.130597516153927 48.16801812743071)
C8325,Kellmünz a.d.Iller,POINT (10.136795351595453 48.12898908951118)
C8326,Osterberg,POINT (10.178082131893154 48.140194406957235)
C8327,Buch,POINT (10.196309717560183 48.23048270778053)
C8328,Oberroth,POINT (10.196197390025889 48.170797529841124)
C8329,Unterroth,POINT (10.189195439840757 48.19619628338793)
C8330,Auwald,POINT (10.075197217981225 48.231264326289605)
C8331,Oberroggenburger Wald,POINT (10.251815347175265 48.22544029276102)
C8332,Stoffenrieder Forst,POINT (10.260811372881054 48.32169661754944)
C8333,Unterroggenburger Wald,POINT (10.269957887681842 48.262809326433356)
C8334,Bodolz,POINT (9.659289209532364 47.57347880370626)
C8335,Heimenkirch,POINT (9.904392404957813 47.63346116691893)
C8336,Lindau (Bodensee),POINT (9.6921564212931 47.57759029312922)
C8337,Lindenberg i.Allgäu,POINT (9.890599702142055 47.60441116838224)
C8338,Nonnenhorn,POINT (9.61505799549179 47.57680960686319)
C8339,Opfenbach,POINT (9.838584180415738 47.62735765417874)
C8340,Scheidegg,POINT (9.851501228394069 47.56977272002464)
C8341,Wasserburg (Bodensee),POINT (9.639380048921163 47.57732714731589)
C8342,Weiler-Simmerberg,POINT (9.916755087436323 47.57672578035311)
C8343,Hergatz,POINT (9.85802529213035 47.65800016190087)
C8344,Hergensweiler,POINT (9.780716923829692 47.61621302483577)
C8345,Sigmarszell,POINT (9.782558084939113 47.59175587543062)
C8346,Weißensberg,POINT (9.729810357216826 47.59201019692806)
C8347,Gestratz,POINT (9.998028793090768 47.65808934530334)
C8348,Grünenbach,POINT (10.023798088668894 47.622267369886586)
C8349,Maierhöfen,POINT (10.045583357107196 47.65733528546243)
C8350,Röthenbach (Allgäu),POINT (9.954019783086215 47.63039831321881)
C8351,Oberreute,POINT (9.942373725663863 47.55259369490245)
C8352,Stiefenhofen,POINT (10.00612977196632 47.588096289961506)
C8353,Füssen,POINT (10.66369786771916 47.583217171647554)
C8354,Germaringen,POINT (10.678936054553786 47.94159154295917)
C8355,Lechbruck am See,POINT (10.783638381303216 47.69195272821623)
C8356,Marktoberdorf,POINT (10.619148106142319 47.757445700455264)
C8357,Mauerstetten,POINT (10.67144848119383 47.8740448438191)
C8358,Nesselwang,POINT (10.504772618939178 47.61982434558719)
C8359,Pfronten,POINT (10.5326644688872 47.570588918668726)
C8360,Ronsberg,POINT (10.405700609540322 47.90094252229797)
C8361,Schwangau,POINT (10.76751587968221 47.56722950157864)
C8362,Halblech,POINT (10.847365468545087 47.61126425984072)
C8363,Buchloe,POINT (10.73923972229178 48.02891069836716)
C8364,Jengen,POINT (10.701950245154848 47.98889187062111)
C8365,Lamerdingen,POINT (10.7504360904169 48.08018749323347)
C8366,Waal,POINT (10.787595548514055 47.988597597374614)
C8367,Irsee,POINT (10.562855782521128 47.90718248838904)
C8368,Pforzen,POINT (10.60517298856318 47.936147624586596)
C8369,Rieden,POINT (10.648028458528415 47.953580706975664)
C8370,Kaltental,POINT (10.75634004394896 47.90720358881519)
C8371,Oberostendorf,POINT (10.746414160422322 47.948829083347476)
C8372,Osterzell,POINT (10.742633564198258 47.8649101507041)
C8373,Stöttwang,POINT (10.707876411554247 47.8800062307021)
C8374,Westendorf,POINT (10.707498492932746 47.92464487299027)
C8375,Aitrang,POINT (10.518433321925498 47.82554050523114)
C8376,Biessenhofen,POINT (10.641696265268958 47.821353581693636)
C8377,Bidingen,POINT (10.719869568582817 47.82206965565083)
C8378,Ruderatshofen,POINT (10.580332787561035 47.822576993264484)
C8379,Baisweil,POINT (10.544065953431133 47.95181485282544)
C8380,Eggenthal,POINT (10.490739307069548 47.91360601452603)
C8381,Friesenried,POINT (10.527572247534483 47.8722838254684)
C8382,Günzach,POINT (10.437841076323153 47.82102535082523)
C8383,Obergünzburg,POINT (10.439161944765385 47.865372110087556)
C8384,Untrasried,POINT (10.367237940484149 47.84555961101121)
C8385,Görisried,POINT (10.49901943227003 47.69685808343672)
C8386,Kraftisried,POINT (10.463830177389424 47.766561910090516)
C8387,Unterthingau,POINT (10.501190018069561 47.76364907435003)
C8388,Eisenberg,POINT (10.597707221770412 47.61019837784184)
C8389,Hopferau,POINT (10.644133521268333 47.60814552311795)
C8390,Lengenwang,POINT (10.598172039039317 47.69647955596602)
C8391,Rückholz,POINT (10.549466914569999 47.66138552165711)
C8392,Seeg,POINT (10.615911593277255 47.65461990983434)
C8393,Wald,POINT (10.552863679861701 47.70671266898704)
C8394,Rieden am Forggensee,POINT (10.708396510467667 47.624732033824436)
C8395,Roßhaupten,POINT (10.706325473226014 47.66270774406215)
C8396,Stötten a.Auerberg,POINT (10.701111147660194 47.72973725424498)
C8397,Rettenbach a.Auerberg,POINT (10.744695007551922 47.77797006147219)
C8398,Bad Wörishofen,POINT (10.59974807529193 48.00077988177693)
C8399,Buxheim,POINT (10.13108025458352 47.987862586762105)
C8400,Ettringen,POINT (10.659580435686866 48.1259934356954)
C8401,Markt Rettenbach,POINT (10.399778680874066 47.95469043311137)
C8402,Markt Wald,POINT (10.593944460707588 48.147400668154035)
C8403,Mindelheim,POINT (10.495730956739544 48.054629839591186)
C8404,Sontheim,POINT (10.359631905466516 47.999743355159275)
C8405,Tussenhausen,POINT (10.55583101973201 48.106224684617885)
C8406,Böhen,POINT (10.312427516858019 47.88505199982009)
C8407,Hawangen,POINT (10.267933523424608 47.9729779210047)
C8408,Ottobeuren,POINT (10.325616356190869 47.93226754644587)
C8409,Babenhausen,POINT (10.246719943627316 48.13863385951803)
C8410,Egg a.d.Günz,POINT (10.2726437118055 48.08860978404372)
C8411,Kirchhaslach,POINT (10.321057582462345 48.15284292213946)
C8412,Oberschönegg,POINT (10.310026172672387 48.11419154782547)
C8413,Winterrieden,POINT (10.215880098164204 48.11987554390787)
C8414,Kettershausen,POINT (10.26546493111926 48.19079643016818)
C8415,Breitenbrunn,POINT (10.386624149821447 48.13423133014706)
C8416,Oberrieden,POINT (10.413534893602842 48.090794457226146)
C8417,Pfaffenhausen,POINT (10.44479442338628 48.122698664440826)
C8418,Salgen,POINT (10.485118208989142 48.1260496038295)
C8419,Eppishausen,POINT (10.529002464783378 48.183265713779356)
C8420,Kirchheim i.Schw.,POINT (10.461858999808815 48.18158333894879)
C8421,Boos,POINT (10.20730198452533 48.08583973904897)
C8422,Fellheim,POINT (10.152496219203327 48.07373876104933)
C8423,Heimertingen,POINT (10.16132670901565 48.03981875584759)
C8424,Niederrieden,POINT (10.200662503589383 48.057272164368854)
C8425,Pleß,POINT (10.166313323861196 48.10246970658379)
C8426,Erkheim,POINT (10.345768805980725 48.049958164661255)
C8427,Lauben,POINT (10.285295855511697 48.06528799456729)
C8428,Kammlach,POINT (10.405639317700873 48.04947040872621)
C8429,Westerheim,POINT (10.297849299970496 48.02384514586432)
C8430,Amberg,POINT (10.688857984859727 48.0704566184096)
C8431,Türkheim,POINT (10.635782079573014 48.061512468608385)
C8432,Rammingen,POINT (10.582471195568967 48.06368815282005)
C8433,Wiedergeltingen,POINT (10.671891755459795 48.03509730285149)
C8434,Benningen,POINT (10.226171857797581 47.96408436769133)
C8435,Holzgünz,POINT (10.247008025822062 48.025133366164425)
C8436,Lachen,POINT (10.242078023774143 47.94121743977119)
C8437,Memmingerberg,POINT (10.223171605880687 47.991387155352726)
C8438,Trunkelsberg,POINT (10.21751960418667 48.003566877839184)
C8439,Ungerhausen,POINT (10.263262699026233 48.00104878477618)
C8440,Apfeltrach,POINT (10.47303447052842 48.00000638513753)
C8441,Dirlewang,POINT (10.513085919824997 47.99416938233777)
C8442,Stetten,POINT (10.433981286441677 48.00982190653221)
C8443,Unteregg,POINT (10.476012981350854 47.95150901071527)
C8444,Kronburg,POINT (10.150606627680714 47.90283259096218)
C8445,Lautrach,POINT (10.106836692659858 47.887232850219)
C8446,Legau,POINT (10.142757698594039 47.85608390635898)
C8447,Bad Grönenbach,POINT (10.22991153787077 47.872935887583004)
C8448,Wolfertschwenden,POINT (10.25865754650154 47.90311245989902)
C8449,Woringen,POINT (10.19789265384377 47.924122645302624)
C8450,Ungerhauser Wald,POINT (10.281182986059495 48.00142225685777)
C8451,Asbach-Bäumenheim,POINT (10.822597370797437 48.68762636674721)
C8452,Donauwörth,POINT (10.772210947131677 48.72390859299928)
C8453,Fremdingen,POINT (10.474262944894 48.97808603552113)
C8454,Harburg (Schwaben),POINT (10.68847597807018 48.78210379411424)
C8455,Kaisheim,POINT (10.80831490330153 48.77016807834455)
C8456,Marxheim,POINT (10.94565458817313 48.76061816714707)
C8457,Mertingen,POINT (10.791845851448725 48.65150504858103)
C8458,Möttingen,POINT (10.587482792455567 48.80973705583017)
C8459,Nördlingen,POINT (10.511196848661987 48.85750002847653)
C8460,Oberndorf a.Lech,POINT (10.860734541981639 48.66748493252442)
C8461,Rain,POINT (10.95204457648343 48.66879362737533)
C8462,Tapfheim,POINT (10.689540417611694 48.684536866790594)
C8463,Maihingen,POINT (10.508779275657664 48.92687910051827)
C8464,Marktoffingen,POINT (10.467308164972227 48.928854373786066)
C8465,Wallerstein,POINT (10.474390554034471 48.89086786500566)
C8466,Auhausen,POINT (10.616782479247586 48.99778986729455)
C8467,Ehingen a.Ries,POINT (10.544001635278674 48.959640877590395)
C8468,Hainsfarth,POINT (10.64346818442288 48.959909296684586)
C8469,Megesheim,POINT (10.664301982520445 48.93781587327741)
C8470,Munningen,POINT (10.63134971325542 48.91502777926122)
C8471,Oettingen i.Bay.,POINT (10.579040178106272 48.956906427339646)
C8472,Alerheim,POINT (10.6367431299046 48.845935400489125)
C8473,Amerdingen,POINT (10.49570589820299 48.735620852895686)
C8474,Deiningen,POINT (10.571567829679822 48.86497928023734)
C8475,Ederheim,POINT (10.464354417335048 48.7959297923035)
C8476,Forheim,POINT (10.454828710023813 48.757225908568984)
C8477,Hohenaltheim,POINT (10.522008798153793 48.77863526864162)
C8478,Mönchsdeggingen,POINT (10.595708495902093 48.764699752416625)
C8479,Reimlingen,POINT (10.52227777283989 48.828547574852344)
C8480,Wechingen,POINT (10.621625151876467 48.88387328836506)
C8481,Fünfstetten,POINT (10.771231254272204 48.83849549772713)
C8482,Huisheim,POINT (10.70755932313756 48.832890774694135)
C8483,Otting,POINT (10.799917497406762 48.876002421222715)
C8484,Wemding,POINT (10.709141592640668 48.87798384064171)
C8485,Wolferstadt,POINT (10.779875970454164 48.91147048485323)
C8486,Buchdorf,POINT (10.841773342211512 48.7834672535049)
C8487,Daiting,POINT (10.894511076723182 48.793195176099466)
C8488,Monheim,POINT (10.863059005714561 48.84786142445901)
C8489,Rögling,POINT (10.947804270519345 48.84680479496256)
C8490,Tagmersheim,POINT (10.963885430716557 48.82283534808032)
C8491,Genderkingen,POINT (10.868731306633382 48.709465291840196)
C8492,Holzheim,POINT (10.953361263191683 48.61697565115023)
C8493,Münster,POINT (10.905841782437498 48.619371927797076)
C8494,Niederschönenfeld,POINT (10.920817895745534 48.722223202995345)
C8495,Dornstadt-Linkersbaindt,POINT (10.567169306746589 49.01456320564807)
C8496,Esterholz,POINT (11.023600305860267 48.63641121838365)
C8497,Altusried,POINT (10.177328663166824 47.790758718703444)
C8498,Betzigau,POINT (10.408245707201322 47.733599477734685)
C8499,Blaichach,POINT (10.185828052489837 47.5024769517365)
C8500,Buchenberg,POINT (10.195171043148163 47.7074596052795)
C8501,Burgberg i.Allgäu,POINT (10.299200756108203 47.54486731175699)
C8502,Dietmannsried,POINT (10.28303768523085 47.82892295494191)
C8503,Durach,POINT (10.38119720593967 47.69613277383697)
C8504,Haldenwang,POINT (10.35883533240938 47.79108395630687)
C8505,Bad Hindelang,POINT (10.40175016309894 47.46690152543957)
C8506,Immenstadt i.Allgäu,POINT (10.19520243604458 47.57421758548391)
C8507,Lauben,POINT (10.309134719813704 47.780193917126994)
C8508,Oy-Mittelberg,POINT (10.43928063752031 47.648653376906715)
C8509,Oberstaufen,POINT (10.058034701166811 47.52813031398124)
C8510,Oberstdorf,POINT (10.267993158352727 47.36874240842572)
C8511,Rettenberg,POINT (10.319140185036286 47.58644790107657)
C8512,Sonthofen,POINT (10.313990977510892 47.50473788224797)
C8513,Sulzberg,POINT (10.355592819573753 47.6594700475482)
C8514,Waltenhofen,POINT (10.26538367945134 47.64844121145799)
C8515,Wertach,POINT (10.41193778266445 47.58411031217859)
C8516,Wiggensbach,POINT (10.214509587312948 47.74396060720067)
C8517,Wildpoldsried,POINT (10.4153251188274 47.775694986847114)
C8518,Balderschwang,POINT (10.114761389107876 47.435607691907904)
C8519,Bolsterlang,POINT (10.214039152108738 47.46090870356548)
C8520,Fischen i.Allgäu,POINT (10.267566877510516 47.451415531279224)
C8521,Obermaiselstein,POINT (10.19391274841843 47.433681414277665)
C8522,Ofterschwang,POINT (10.237469972764806 47.49735150281781)
C8523,Missen-Wilhams,POINT (10.111226842723102 47.5984856586763)
C8524,Weitnau,POINT (10.148469706533906 47.65371025882066)
C8525,Kempter Wald,POINT (10.441818501788742 47.709832589525575)
C8526,Saarbrücken,POINT (7.006898576334207 49.23928304405732)
C8527,Friedrichsthal,POINT (7.086663471189126 49.32779566255034)
C8528,Großrosseln,POINT (6.822391354025416 49.18229658857594)
C8529,Heusweiler,POINT (6.947960651388654 49.34435917494504)
C8530,Kleinblittersdorf,POINT (7.069549711546924 49.15312877787596)
C8531,Püttlingen,POINT (6.895177379386733 49.29385002044418)
C8532,Quierschied,POINT (7.0287970366230885 49.32215680305991)
C8533,Riegelsberg,POINT (6.941784401540296 49.30924977739555)
C8534,Sulzbach/Saar,POINT (7.071330811824386 49.29993196356605)
C8535,Völklingen,POINT (6.802519655905274 49.22033432467214)
C8536,Beckingen,POINT (6.741656793520744 49.422075724800834)
C8537,Losheim am See,POINT (6.731666035548237 49.50813654358842)
C8538,Merzig,POINT (6.62685323152946 49.446468176244544)
C8539,Mettlach,POINT (6.55172247019718 49.50183906169887)
C8540,Perl,POINT (6.425960143097654 49.504493706032015)
C8541,Wadern,POINT (6.885839393824313 49.54118575294305)
C8542,Weiskirchen,POINT (6.809096553358126 49.5508819950711)
C8543,Eppelborn,POINT (6.9796898640801315 49.402220467605126)
C8544,Illingen,POINT (7.051625972049999 49.38627459201838)
C8545,Merchweiler,POINT (7.068458187139477 49.357092479174774)
C8546,Neunkirchen,POINT (7.193741176462202 49.34624039003722)
C8547,Ottweiler,POINT (7.194054361393497 49.4111704767154)
C8548,Schiffweiler,POINT (7.116521634821934 49.36722337762039)
C8549,Spiesen-Elversberg,POINT (7.151094711876251 49.31283236416371)
C8550,Dillingen/Saar,POINT (6.731906630121279 49.365984654829354)
C8551,Lebach,POINT (6.91654946766081 49.42485875693845)
C8552,Nalbach,POINT (6.802173377874608 49.38828017478613)
C8553,Rehlingen-Siersburg,POINT (6.624647517352201 49.3743633199997)
C8554,Saarlouis,POINT (6.747393151682636 49.311369153388455)
C8555,Saarwellingen,POINT (6.840566270215243 49.353504163021015)
C8556,Schmelz,POINT (6.850471221374665 49.44595284665649)
C8557,Schwalbach,POINT (6.832674437850436 49.306532322402724)
C8558,Überherrn,POINT (6.705634697638261 49.26035157758049)
C8559,Wadgassen,POINT (6.777050555468926 49.24745604623964)
C8560,Wallerfangen,POINT (6.65827634418251 49.319528852995305)
C8561,Bous,POINT (6.817168623702234 49.27831762107162)
C8562,Ensdorf,POINT (6.7814762862292035 49.30235519926275)
C8563,Bexbach,POINT (7.265170042456112 49.36185009913229)
C8564,Blieskastel,POINT (7.263770646190864 49.21524297318767)
C8565,Gersheim,POINT (7.231826233958735 49.150625053102694)
C8566,Homburg,POINT (7.338772569286989 49.326160735599956)
C8567,Kirkel,POINT (7.252699240679632 49.29735459975723)
C8568,Mandelbachtal,POINT (7.151459678396873 49.18757379812269)
C8569,St. Ingbert,POINT (7.132048160749995 49.27375058647766)
C8570,Freisen,POINT (7.239768244318834 49.53695183172449)
C8571,Marpingen,POINT (7.060154448704745 49.448288086683846)
C8572,Namborn,POINT (7.164393372544142 49.51857807793306)
C8573,Nohfelden,POINT (7.085144230141422 49.574088481387534)
C8574,Nonnweiler,POINT (6.9754725684213925 49.582367244151)
C8575,Oberthal,POINT (7.094121193174333 49.52426834505365)
C8576,St. Wendel,POINT (7.183298424229486 49.46707803648574)
C8577,Tholey,POINT (6.995113001866836 49.48765737092045)
C8578,Berlin,POINT (13.402316124623935 52.501493256127375)
C8579,Brandenburg an der Havel,POINT (12.51952189423638 52.40283060622218)
C8580,Cottbus,POINT (14.366486993217121 51.77241393936929)
C8581,Frankfurt (Oder),POINT (14.490304673787232 52.32467853002685)
C8582,Potsdam,POINT (13.029374828886437 52.42617306812213)
C8583,Ahrensfelde,POINT (13.599321040731377 52.595341097371254)
C8584,Bernau bei Berlin,POINT (13.575739296215616 52.686958225516115)
C8585,Eberswalde,POINT (13.781401244429965 52.82653204386391)
C8586,Panketal,POINT (13.53193897851093 52.64233713600926)
C8587,Schorfheide,POINT (13.593420356577871 52.90913703183296)
C8588,Wandlitz,POINT (13.486039746797179 52.75567683492694)
C8589,Werneuchen,POINT (13.734927857098233 52.64790742842363)
C8590,Biesenthal,POINT (13.63710765274214 52.7718265374865)
C8591,Breydin,POINT (13.816323187544391 52.77382506236079)
C8592,Marienwerder,POINT (13.584527579250329 52.83959787839202)
C8593,Melchow,POINT (13.725567603368827 52.77506743760571)
C8594,Rüdnitz,POINT (13.631526685602285 52.720133567127334)
C8595,Sydower Fließ,POINT (13.717332383686333 52.73053068914781)
C8596,Althüttendorf,POINT (13.821842162137534 52.95880898793395)
C8597,Friedrichswalde,POINT (13.779116252023544 53.0314961705226)
C8598,Joachimsthal,POINT (13.719968881030034 52.96609780538855)
C8599,Ziethen,POINT (13.892346805227644 52.95941406553774)
C8600,Britz,POINT (13.811461548695124 52.88218151353803)
C8601,Chorin,POINT (13.899719295508925 52.907278747783614)
C8602,Hohenfinow,POINT (13.896570012470988 52.81080304608961)
C8603,Liepe,POINT (13.97402544327522 52.86017646057701)
C8604,Lunow-Stolzenhagen,POINT (14.112121678637456 52.928814658130115)
C8605,Niederfinow,POINT (13.93121982167573 52.84270721969546)
C8606,Oderberg,POINT (14.034318634799245 52.881149555868454)
C8607,Parsteinsee,POINT (14.0477287541797 52.9327315833596)
C8608,Bestensee,POINT (13.643200165787096 52.22946209972507)
C8609,Eichwalde,POINT (13.62495566182443 52.372482837469136)
C8610,Heidesee,POINT (13.769713209028627 52.24703321678507)
C8611,Heideblick,POINT (13.632320780576809 51.79901428728708)
C8612,Königs Wusterhausen,POINT (13.677498349442018 52.3139965827526)
C8613,Lübben (Spreewald),POINT (13.893141988524286 51.945649958730115)
C8614,Luckau,POINT (13.745013306756364 51.85008279678823)
C8615,Märkische Heide,POINT (14.012538029027231 52.04688156463652)
C8616,Mittenwalde,POINT (13.549897081977267 52.24900639285472)
C8617,Schönefeld,POINT (13.504817495182813 52.368060439799784)
C8618,Schulzendorf,POINT (13.588699080022746 52.35679442918323)
C8619,Wildau,POINT (13.62155123498508 52.3213621653516)
C8620,Zeuthen,POINT (13.612713028482492 52.34538827469956)
C8621,Groß Köris,POINT (13.691976344219828 52.16352703367)
C8622,Halbe,POINT (13.705294517423079 52.081522263930424)
C8623,Märkisch Buchholz,POINT (13.785189975626409 52.0984186802553)
C8624,Münchehofe,POINT (13.822229640655307 52.14454849591389)
C8625,Schwerin,POINT (13.642003216850734 52.14744685065959)
C8626,Teupitz,POINT (13.598755139573985 52.11841799356576)
C8627,Alt Zauche-Wußwerk,POINT (14.030710421356162 51.9113890560697)
C8628,Byhleguhre-Byhlen,POINT (14.185748019022999 51.893392424728766)
C8629,Jamlitz,POINT (14.369550386683706 52.02390893446627)
C8630,Lieberose,POINT (14.310670126706517 51.996314003486866)
C8631,Neu Zauche,POINT (14.053686067255292 51.9414761167598)
C8632,Schwielochsee,POINT (14.208625336884763 51.988770391334654)
C8633,Spreewaldheide,POINT (14.147008970802517 51.95008488804741)
C8634,Straupitz (Spreewald),POINT (14.124670809096214 51.90206935305671)
C8635,Bersteland,POINT (13.757972651998564 51.94471171985009)
C8636,Drahnsdorf,POINT (13.577467420568215 51.924027006326455)
C8637,Golßen,POINT (13.609588694787037 51.97095313276093)
C8638,Kasel-Golzig,POINT (13.696958522259216 51.93027586951016)
C8639,Krausnick-Groß Wasserburg,POINT (13.8172320403796 52.037743882117304)
C8640,Rietzneuendorf-Staakow,POINT (13.674871975460993 52.02389638806603)
C8641,Schlepzig,POINT (13.896164318518615 52.02053922358194)
C8642,Schönwald,POINT (13.744788378606128 51.99238192353465)
C8643,Steinreich,POINT (13.480646674375691 51.950254483269845)
C8644,Unterspreewald,POINT (13.885300553687788 52.0876853193606)
C8645,Doberlug-Kirchhain,POINT (13.502502399741251 51.645203914752685)
C8646,Elsterwerda,POINT (13.522081552849638 51.464340823748756)
C8647,Finsterwalde,POINT (13.714441172476375 51.57828516551825)
C8648,Herzberg (Elster),POINT (13.194605143479741 51.67327571522723)
C8649,Röderland,POINT (13.463860414471084 51.44925479305546)
C8650,Schönewalde,POINT (13.238684433448968 51.80041099667831)
C8651,Sonnewalde,POINT (13.636228112260374 51.70208040550112)
C8652,Bad Liebenwerda,POINT (13.385944469460753 51.49479163101915)
C8653,Falkenberg/Elster,POINT (13.222243415209602 51.5959974766501)
C8654,Mühlberg/Elbe,POINT (13.237361498286692 51.46481780818529)
C8655,Uebigau-Wahrenbrück,POINT (13.335074885858925 51.57256107461167)
C8656,Heideland,POINT (13.644370142622087 51.595452041627595)
C8657,Rückersdorf,POINT (13.574950251260855 51.56551029517251)
C8658,Schilda,POINT (13.394790576087496 51.60611493478479)
C8659,Schönborn,POINT (13.497270412318688 51.58146371435932)
C8660,Tröbitz,POINT (13.43803844813076 51.59960494679978)
C8661,Crinitz,POINT (13.741975504983412 51.737325774426985)
C8662,Lichterfeld-Schacksdorf,POINT (13.788731871044666 51.59919036795766)
C8663,Massen-Niederlausitz,POINT (13.766248003529986 51.667635289590926)
C8664,Sallgast,POINT (13.85109278110547 51.60910956953757)
C8665,Gorden-Staupitz,POINT (13.632871662464362 51.53676543187509)
C8666,Hohenleipisch,POINT (13.56620142486348 51.50775088381142)
C8667,Plessa,POINT (13.62241128510815 51.469710805792964)
C8668,Schraden,POINT (13.687425739087468 51.438653271730054)
C8669,Fichtwald,POINT (13.455360493600315 51.72272875471855)
C8670,Hohenbucko,POINT (13.491877698506471 51.75679376102483)
C8671,Kremitzaue,POINT (13.314544897827473 51.713263131911255)
C8672,Lebusa,POINT (13.40078892112572 51.78931117325925)
C8673,Schlieben,POINT (13.377593446159226 51.71978627677124)
C8674,Gröden,POINT (13.58588553697515 51.412893802929716)
C8675,Großthiemig,POINT (13.668096061484126 51.39276797784701)
C8676,Hirschfeld,POINT (13.628184453634498 51.400582272325494)
C8677,Merzdorf,POINT (13.538811845473088 51.401690075997756)
C8678,Brieselang,POINT (12.969213988892328 52.589301355126075)
C8679,Dallgow-Döberitz,POINT (13.071033369768989 52.51228364354971)
C8680,Falkensee,POINT (13.081640469776387 52.57382800012028)
C8681,Ketzin/Havel,POINT (12.8388268078644 52.501710801308406)
C8682,Milower Land,POINT (12.277979703816765 52.52894722464758)
C8683,Nauen,POINT (12.827680037896538 52.617928560676624)
C8684,Premnitz,POINT (12.368839702219695 52.54382327019434)
C8685,Rathenow,POINT (12.321736734034605 52.618212323698344)
C8686,Schönwalde-Glien,POINT (13.039918908779262 52.64196663676658)
C8687,Wustermark,POINT (12.950752472834832 52.53840539610397)
C8688,Friesack,POINT (12.597419476670352 52.75722056754389)
C8689,Wiesenaue,POINT (12.66744545795136 52.718131164423106)
C8690,Mühlenberge,POINT (12.607472904771212 52.672754626020364)
C8691,Paulinenaue,POINT (12.728012273410945 52.66531645029388)
C8692,Pessin,POINT (12.667227343581564 52.648525584385425)
C8693,Retzow,POINT (12.692489491499712 52.62386219490225)
C8694,Kotzen,POINT (12.532491688224964 52.65233590235949)
C8695,Märkisch Luch,POINT (12.60814151268547 52.56927248883435)
C8696,Nennhausen,POINT (12.503358972555501 52.58916949060377)
C8697,Stechow-Ferchesar,POINT (12.446431449584734 52.650505972493555)
C8698,Gollenberg,POINT (12.3997748196058 52.73583661343229)
C8699,Großderschau,POINT (12.352934550768062 52.7859116381217)
C8700,Havelaue,POINT (12.26040013270944 52.728143164266726)
C8701,Kleßen-Görne,POINT (12.49362689003364 52.72399865801101)
C8702,Rhinow,POINT (12.320005587543639 52.75386243625976)
C8703,Seeblick,POINT (12.367606438072174 52.68833524769092)
C8704,Altlandsberg,POINT (13.798384962981402 52.59232659069976)
C8705,Bad Freienwalde (Oder),POINT (14.063589120280714 52.81482390071734)
C8706,Fredersdorf-Vogelsdorf,POINT (13.745920137913789 52.51480897031768)
C8707,Hoppegarten,POINT (13.648937046503036 52.51995926511811)
C8708,Letschin,POINT (14.364327998525688 52.668430969559225)
C8709,Müncheberg,POINT (14.1285943501931 52.51466141465773)
C8710,Neuenhagen bei Berlin,POINT (13.701098337216036 52.52648092123312)
C8711,Petershagen/Eggersdorf,POINT (13.800488526397432 52.52976715878079)
C8712,Rüdersdorf bei Berlin,POINT (13.826657126397755 52.480792058360706)
C8713,Seelow,POINT (14.400886341038625 52.552875530290066)
C8714,Strausberg,POINT (13.900394175089044 52.566716542395994)
C8715,Wriezen,POINT (14.104725139727588 52.71774846785738)
C8716,Beiersdorf-Freudenberg,POINT (13.803651123675541 52.698128194380445)
C8717,Falkenberg,POINT (13.938085961161127 52.77843247195779)
C8718,Heckelberg-Brunow,POINT (13.82465983991466 52.731022196487615)
C8719,Höhenland,POINT (13.9219056770446 52.71129234553441)
C8720,Alt Tucheband,POINT (14.508575629862882 52.531330951720854)
C8721,Bleyen-Genschmar,POINT (14.53991457649067 52.61326158700759)
C8722,Golzow,POINT (14.49110570274307 52.57382313454953)
C8723,Küstriner Vorland,POINT (14.56956079028771 52.56525886353598)
C8724,Zechin,POINT (14.45471852756612 52.6109620591294)
C8725,Lebus,POINT (14.506435309244344 52.43310056544803)
C8726,Podelzig,POINT (14.539691219058534 52.47496504747185)
C8727,Reitwein,POINT (14.591669837298028 52.498097970659764)
C8728,Treplin,POINT (14.403556017920058 52.39304249703005)
C8729,Zeschdorf,POINT (14.38510914980159 52.418162558190105)
C8730,Buckow (Märkische Schweiz),POINT (14.070589150670592 52.564769843128026)
C8731,Garzau-Garzin,POINT (13.991174191970659 52.54133388233904)
C8732,Märkische Höhe,POINT (14.131262335548518 52.613912935692596)
C8733,Oberbarnim,POINT (14.029146440338701 52.59774960679727)
C8734,Rehfelde,POINT (13.938778534213366 52.51001022848369)
C8735,Waldsieversdorf,POINT (14.065772104440219 52.53715927427678)
C8736,Falkenhagen (Mark),POINT (14.318726222395673 52.429911875090625)
C8737,Fichtenhöhe,POINT (14.423407638601084 52.45852764123851)
C8738,Gusow-Platkow,POINT (14.338518667243848 52.58354794126536)
C8739,Lietzen,POINT (14.325797748698715 52.47312619460468)
C8740,Lindendorf,POINT (14.446747685209779 52.498098380888095)
C8741,Neuhardenberg,POINT (14.231273332295507 52.60992033398663)
C8742,Vierlinden,POINT (14.30984089119416 52.51951998226514)
C8743,Bliesdorf,POINT (14.16427872810319 52.68108282651233)
C8744,Neulewin,POINT (14.271911596750765 52.74713435716186)
C8745,Neutrebbin,POINT (14.24595671059968 52.67832699303801)
C8746,Oderaue,POINT (14.173417904693808 52.782810140629856)
C8747,Prötzel,POINT (13.963418200564963 52.65551341664607)
C8748,Reichenow-Möglin,POINT (14.068623457712608 52.65390204919492)
C8749,Birkenwerder,POINT (13.306422356224429 52.70221241693236)
C8750,Fürstenberg/Havel,POINT (13.205102021019027 53.156504999166486)
C8751,Glienicke/Nordbahn,POINT (13.329791523713508 52.63283727114651)
C8752,Hennigsdorf,POINT (13.20083626295812 52.63036534789502)
C8753,Hohen Neuendorf,POINT (13.280343037428766 52.68498915244743)
C8754,Kremmen,POINT (13.028322382590678 52.78575815211073)
C8755,Leegebruch,POINT (13.194561247814786 52.7193074657332)
C8756,Liebenwalde,POINT (13.398767684775777 52.8592998029784)
C8757,Löwenberger Land,POINT (13.181814850581578 52.88714440663835)
C8758,Mühlenbecker Land,POINT (13.371906409226632 52.680689332735355)
C8759,Oberkrämer,POINT (13.104314077289546 52.69465896796281)
C8760,Oranienburg,POINT (13.286776459282283 52.7720418232596)
C8761,Velten,POINT (13.197464026801022 52.68722844454238)
C8762,Zehdenick,POINT (13.341304494995647 52.99390840547069)
C8763,Gransee,POINT (13.173979234016333 53.03465851579141)
C8764,Großwoltersdorf,POINT (13.107189906044374 53.08910215967231)
C8765,Schönermark,POINT (13.110871650803217 53.0053132513543)
C8766,Sonnenberg,POINT (13.06847586419923 53.012694089380616)
C8767,Stechlin,POINT (13.028159073906115 53.118606258404476)
C8768,Calau,POINT (13.907277374791851 51.748124229441075)
C8769,Großräschen,POINT (13.9864863929978 51.59329963096304)
C8770,Lauchhammer,POINT (13.753506215247533 51.50365528093304)
C8771,Lübbenau/Spreewald,POINT (13.95150459920786 51.84889909446204)
C8772,Schipkau,POINT (13.910156351329636 51.535397112654685)
C8773,Schwarzheide,POINT (13.856309495596925 51.48331334392194)
C8774,Senftenberg,POINT (14.02918068112602 51.50962645454062)
C8775,Vetschau/Spreewald,POINT (14.063178834773863 51.768481550895515)
C8776,Altdöbern,POINT (14.047811526462082 51.6510941268404)
C8777,Bronkow,POINT (13.907110264510907 51.65684480831872)
C8778,Luckaitztal,POINT (13.985359358424681 51.67798578978594)
C8779,Neu-Seeland,POINT (14.117938928364604 51.592810425534466)
C8780,Neupetershain,POINT (14.166305324806208 51.61497252762749)
C8781,Frauendorf,POINT (13.77351960792171 51.43202621882755)
C8782,Großkmehlen,POINT (13.715820732227524 51.38625352570425)
C8783,Kroppen,POINT (13.805069861724363 51.390480734310195)
C8784,Lindenau,POINT (13.736512359500038 51.40351787958975)
C8785,Ortrand,POINT (13.766009689593595 51.379063155338564)
C8786,Tettau,POINT (13.733836248176218 51.44211185254822)
C8787,Grünewald,POINT (13.994044463094443 51.39826376159418)
C8788,Guteborn,POINT (13.935119715875382 51.42489772511328)
C8789,Hermsdorf,POINT (13.888304545817073 51.39967958985549)
C8790,Hohenbocka,POINT (14.002040868182451 51.43065576815036)
C8791,Ruhland,POINT (13.844940888343794 51.44035858872994)
C8792,Schwarzbach,POINT (13.936268742775892 51.45892953889251)
C8793,Beeskow,POINT (14.27078755318292 52.175568837739945)
C8794,Eisenhüttenstadt,POINT (14.639070784208654 52.15547616768819)
C8795,Erkner,POINT (13.762453068101761 52.41309783739565)
C8796,Friedland,POINT (14.32550750668165 52.09269472236069)
C8797,Fürstenwalde/Spree,POINT (14.057438966187483 52.374414059131254)
C8798,Grünheide (Mark),POINT (13.893885627719161 52.41827550282815)
C8799,Rietz-Neuendorf,POINT (14.172878995528464 52.24573976389428)
C8800,Schöneiche bei Berlin,POINT (13.705708490707096 52.47915979565941)
C8801,Storkow (Mark),POINT (13.92685378543693 52.202718147339716)
C8802,Tauche,POINT (14.126209501942984 52.125286663971444)
C8803,Woltersdorf,POINT (13.761317587791442 52.44934969788317)
C8804,Brieskow-Finkenheerd,POINT (14.565689545015825 52.25915317169939)
C8805,Groß Lindow,POINT (14.515019489279366 52.241550359694386)
C8806,Vogelsang,POINT (14.661552905678654 52.18391708584457)
C8807,Wiesenau,POINT (14.61291554075136 52.241193434296534)
C8808,Ziltendorf,POINT (14.66320962258465 52.22353568751991)
C8809,Lawitz,POINT (14.636683109394525 52.112269826396435)
C8810,Neißemünde,POINT (14.710861994664262 52.05565059814747)
C8811,Neuzelle,POINT (14.582929681475447 52.06317890067164)
C8812,Berkenbrück,POINT (14.175349305409116 52.348255579915765)
C8813,Briesen (Mark),POINT (14.273534676837015 52.34389111019374)
C8814,Jacobsdorf,POINT (14.366882729803333 52.34958725972489)
C8815,Steinhöfel,POINT (14.14855340148164 52.43333056619523)
C8816,Bad Saarow,POINT (14.057592676593027 52.275077942587444)
C8817,Diensdorf-Radlow,POINT (14.075551261961964 52.23910165704767)
C8818,Langewahl,POINT (14.122074830342877 52.32988596611727)
C8819,Reichenwalde,POINT (13.991521343854926 52.26614231470375)
C8820,Wendisch Rietz,POINT (13.995666925673648 52.197290609785824)
C8821,Grunow-Dammendorf,POINT (14.43085855126492 52.12888905140227)
C8822,Mixdorf,POINT (14.407244847396994 52.1937806352096)
C8823,Müllrose,POINT (14.399735219064942 52.25509770712099)
C8824,Ragow-Merz,POINT (14.32257701243288 52.21796555271858)
C8825,Schlaubetal,POINT (14.515556475223017 52.138362792349184)
C8826,Siehdichum,POINT (14.508277184136157 52.19451627266842)
C8827,Gosen-Neu Zittau,POINT (13.745210774613529 52.38052017963038)
C8828,Rauen,POINT (14.027013515078046 52.32492343451197)
C8829,Spreenhagen,POINT (13.88795179739805 52.33845042833393)
C8830,Fehrbellin,POINT (12.795731593350093 52.78644334639871)
C8831,Heiligengrabe,POINT (12.385461040274087 53.12374828784356)
C8832,Kyritz,POINT (12.394908891399698 52.96657027596792)
C8833,Neuruppin,POINT (12.836239972354253 52.95154458024567)
C8834,Rheinsberg,POINT (12.840976009846958 53.119218579269806)
C8835,Wittstock/Dosse,POINT (12.541960618372306 53.16964728324138)
C8836,Wusterhausen/Dosse,POINT (12.531871012895115 52.90392388169394)
C8837,Herzberg (Mark),POINT (12.974054046099338 52.899507010371025)
C8838,Lindow (Mark),POINT (12.981258781808753 52.98084660758272)
C8839,Rüthnick,POINT (13.001640383554461 52.87487905777902)
C8840,Vielitzsee,POINT (13.023721687185475 52.94281318213037)
C8841,Breddin,POINT (12.209393720009714 52.86544291016236)
C8842,Dreetz,POINT (12.470515600283742 52.785658809382234)
C8843,Neustadt (Dosse),POINT (12.393508557350323 52.845072437007836)
C8844,Sieversdorf-Hohenofen,POINT (12.377386979758818 52.81838327904582)
C8845,Stüdenitz-Schönermark,POINT (12.294887685469472 52.894646545332435)
C8846,Zernitz-Lohm,POINT (12.333690873310896 52.8657456757079)
C8847,Dabergotz,POINT (12.726956357121109 52.896952443411806)
C8848,Märkisch Linden,POINT (12.70090525382817 52.9343993936656)
C8849,Storbeck-Frankendorf,POINT (12.73427186524229 52.9943791287095)
C8850,Temnitzquell,POINT (12.620086549719774 53.00589836926427)
C8851,Temnitztal,POINT (12.639636938977489 52.862807188962044)
C8852,Walsleben,POINT (12.636047354006417 52.947972942197104)
C8853,Beelitz,POINT (12.947586139053538 52.2272738150585)
C8854,Bad Belzig,POINT (12.566097006308624 52.180061276999695)
C8855,Groß Kreutz (Havel),POINT (12.763930664102055 52.42093855994093)
C8856,Kleinmachnow,POINT (13.211325250510049 52.40657321827035)
C8857,Kloster Lehnin,POINT (12.68917647513209 52.32806641493009)
C8858,Michendorf,POINT (13.057491977026821 52.29376861005233)
C8859,Nuthetal,POINT (13.125068155629695 52.31494380184116)
C8860,Schwielowsee,POINT (12.938360567122617 52.326027713363466)
C8861,Seddiner See,POINT (13.002444224238268 52.276651848044196)
C8862,Stahnsdorf,POINT (13.200869252638098 52.361334381792446)
C8863,Teltow,POINT (13.273507871275495 52.38500078416331)
C8864,Treuenbrietzen,POINT (12.860131151086211 52.06993393598668)
C8865,Werder (Havel),POINT (12.88461573489042 52.38334471047424)
C8866,Wiesenburg/Mark,POINT (12.429200972723157 52.089960186958635)
C8867,Beetzsee,POINT (12.549670878985603 52.47634719495123)
C8868,Beetzseeheide,POINT (12.614566901311525 52.50045358772031)
C8869,Havelsee,POINT (12.478440004327341 52.50352579499917)
C8870,Päwesin,POINT (12.696412503205838 52.519674818192094)
C8871,Roskow,POINT (12.686725557726847 52.47171080727709)
C8872,Borkheide,POINT (12.861349188512877 52.22515058009961)
C8873,Borkwalde,POINT (12.828931048927581 52.25729792748195)
C8874,Brück,POINT (12.761100969484028 52.19601728703514)
C8875,Golzow,POINT (12.585998952141399 52.28192734707873)
C8876,Linthe,POINT (12.824295452059115 52.16772489934861)
C8877,Planebruch,POINT (12.69994507656587 52.254868028738784)
C8878,Mühlenfließ,POINT (12.795546623238566 52.11959469983091)
C8879,Niemegk,POINT (12.700607912569861 52.06816905462337)
C8880,Planetal,POINT (12.66647134938547 52.11237110759284)
C8881,Rabenstein/Fläming,POINT (12.61293811573209 52.03055878031573)
C8882,Bensdorf,POINT (12.338471344542102 52.416603687741805)
C8883,Rosenau,POINT (12.344146841863202 52.334937203708456)
C8884,Wusterwitz,POINT (12.36016633285408 52.37251341055821)
C8885,Buckautal,POINT (12.32400358449971 52.22845000133159)
C8886,Görzke,POINT (12.331881075670061 52.170285304078575)
C8887,Gräben,POINT (12.403735356945349 52.21969149732069)
C8888,Wenzlow,POINT (12.4384103559889 52.30055009043809)
C8889,Wollin,POINT (12.478760411277513 52.28042891461418)
C8890,Ziesar,POINT (12.329378697750867 52.2733173025179)
C8891,Groß Pankow (Prignitz),POINT (12.069787437641843 53.113934603795)
C8892,Gumtow,POINT (12.235328813028442 52.99678989275855)
C8893,Karstädt,POINT (11.702815151285687 53.16470573149629)
C8894,Perleberg,POINT (11.845903575734548 53.0808958572817)
C8895,Plattenburg,POINT (12.046098001110163 52.98325453853663)
C8896,Pritzwalk,POINT (12.205371930150067 53.156194613318576)
C8897,Wittenberge,POINT (11.748013739450554 53.00629367076904)
C8898,Bad Wilsnack,POINT (11.931728097445799 52.97319111054641)
C8899,Breese,POINT (11.8226083107227 53.00095428748426)
C8900,Legde/Quitzöbel,POINT (11.982148787392601 52.91299598809477)
C8901,Rühstädt,POINT (11.881371452539373 52.92016657371634)
C8902,Weisen,POINT (11.778545539346306 53.03978475614845)
C8903,Cumlosen,POINT (11.671400333523508 53.026063305582724)
C8904,Lanz,POINT (11.608307838561254 53.07081441776828)
C8905,Lenzen (Elbe),POINT (11.48960289613669 53.10797646449083)
C8906,Lenzerwische,POINT (11.341655993715097 53.08839140437002)
C8907,Gerdshagen,POINT (12.220463986780244 53.23866032712034)
C8908,Halenbeck-Rohlsdorf,POINT (12.290193814624597 53.24176539662347)
C8909,Kümmernitztal,POINT (12.164088039366115 53.23995328820371)
C8910,Marienfließ,POINT (12.13367847257905 53.32250031744369)
C8911,Meyenburg,POINT (12.256615298185816 53.3011370727177)
C8912,Berge,POINT (11.865682623183666 53.24264231455175)
C8913,Gülitz-Reetz,POINT (11.919659707760337 53.189123493650236)
C8914,Pirow,POINT (11.902954520309265 53.21760577381836)
C8915,Putlitz,POINT (12.03127844920869 53.25543983425054)
C8916,Triglitz,POINT (12.113542300916523 53.237297752995424)
C8917,Drebkau,POINT (14.216549264711587 51.6652900405292)
C8918,Forst (Lausitz),POINT (14.620493538563736 51.74313639716275)
C8919,Guben,POINT (14.681863572163486 51.95733458255934)
C8920,Kolkwitz,POINT (14.198934416165624 51.75426394201201)
C8921,Neuhausen/Spree,POINT (14.431444329785426 51.68798451102114)
C8922,Schenkendöbern,POINT (14.546646971322154 51.964777399352805)
C8923,Spremberg,POINT (14.378772714958787 51.58775738214423)
C8924,Welzow,POINT (14.210344493416503 51.56039195752676)
C8925,Briesen,POINT (14.244293042611918 51.81807937319246)
C8926,Burg (Spreewald),POINT (14.120950135076752 51.84378916408797)
C8927,Dissen-Striesow,POINT (14.277633910312183 51.83040878062724)
C8928,Guhrow,POINT (14.219841871901878 51.822539647616544)
C8929,Schmogrow-Fehrow,POINT (14.232559497399171 51.8672341883973)
C8930,Werben,POINT (14.185469817652237 51.81368334460377)
C8931,Döbern,POINT (14.609410579119153 51.61085170885657)
C8932,Felixsee,POINT (14.531669104173007 51.602581710503586)
C8933,Groß Schacksdorf-Simmersdorf,POINT (14.639102020542042 51.68654063454789)
C8934,Jämlitz-Klein Düben,POINT (14.660952093855498 51.57989073490795)
C8935,Neiße-Malxetal,POINT (14.665436222027695 51.636172771683334)
C8936,Tschernitz,POINT (14.611922432586068 51.583115880590995)
C8937,Wiesengrund,POINT (14.540520395097912 51.70833069062842)
C8938,Drachhausen,POINT (14.305790846275176 51.8984958634698)
C8939,Drehnow,POINT (14.348986030627389 51.8689406407536)
C8940,Heinersbrück,POINT (14.517799268200198 51.8151177449939)
C8941,Jänschwalde,POINT (14.534962670401713 51.875503635385556)
C8942,Peitz,POINT (14.427465284905301 51.86019187194769)
C8943,Tauer,POINT (14.460072823782815 51.921275211303325)
C8944,Teichland,POINT (14.436243409603778 51.82551541975982)
C8945,Turnow-Preilack,POINT (14.389668908768217 51.90031244923998)
C8946,Am Mellensee,POINT (13.37376844621909 52.14636981984759)
C8947,Baruth/Mark,POINT (13.484114340793578 52.03501671755901)
C8948,Blankenfelde-Mahlow,POINT (13.412694834868589 52.329791164655134)
C8949,Großbeeren,POINT (13.328252491870083 52.36213822052722)
C8950,Jüterbog,POINT (13.087821240546557 52.0256268803835)
C8951,Luckenwalde,POINT (13.151767207683964 52.089478084427654)
C8952,Ludwigsfelde,POINT (13.263426967794723 52.291423806108845)
C8953,Niedergörsdorf,POINT (12.965806328953116 51.9612647186097)
C8954,Nuthe-Urstromtal,POINT (13.204425623247369 52.100312843224906)
C8955,Rangsdorf,POINT (13.45286353608148 52.284200083971754)
C8956,Trebbin,POINT (13.216393885109703 52.21672196969459)
C8957,Zossen,POINT (13.458551121201022 52.19557207453642)
C8958,Dahme/Mark,POINT (13.428327934616437 51.87992294512275)
C8959,Dahmetal,POINT (13.501276438444682 51.90418955907242)
C8960,Ihlow,POINT (13.359824711813692 51.86625927596824)
C8961,Niederer Fläming,POINT (13.221893762788394 51.908915666870946)
C8962,Angermünde,POINT (13.969849528913107 53.04256540075284)
C8963,Boitzenburger Land,POINT (13.552757425291931 53.25336323088886)
C8964,Lychen,POINT (13.325526798828793 53.215283704866664)
C8965,Nordwestuckermark,POINT (13.69238712221013 53.32674844776566)
C8966,Prenzlau,POINT (13.855167457502779 53.32914225924005)
C8967,Templin,POINT (13.498167675587625 53.104548964333624)
C8968,Uckerland,POINT (13.784644862594904 53.450004081008025)
C8969,Pinnow,POINT (14.092575517967168 53.060212802796016)
C8970,Schwedt/Oder,POINT (14.204430583816995 53.09177630221269)
C8971,Brüssow,POINT (14.15818440335464 53.38633027636604)
C8972,Carmzow-Wallmow,POINT (14.061517437115214 53.362572597079044)
C8973,Göritz,POINT (13.925638828473165 53.405390338952664)
C8974,Schenkenberg,POINT (13.967118511119521 53.35626309327871)
C8975,Schönfeld,POINT (14.002983708633577 53.406629233307605)
C8976,Casekow,POINT (14.179761786131788 53.22270608432701)
C8977,Gartz (Oder),POINT (14.3579443876579 53.21566128106782)
C8978,Hohenselchow-Groß Pinnow,POINT (14.282779243391964 53.19151524341192)
C8979,Mescherin,POINT (14.393655232548774 53.28934355889625)
C8980,Tantow,POINT (14.32589286167557 53.27217974056908)
C8981,Flieth-Stegelitz,POINT (13.831567230195025 53.13499665583184)
C8982,Gerswalde,POINT (13.750193074945914 53.16221173840221)
C8983,Milmersdorf,POINT (13.653464692525493 53.102228806954734)
C8984,Mittenwalde,POINT (13.673931674114478 53.18625090341579)
C8985,Temmen-Ringenwalde,POINT (13.718903733211425 53.06264629235871)
C8986,Gramzow,POINT (14.014461135701952 53.20752514348532)
C8987,Grünow,POINT (13.976460597308108 53.30699379194972)
C8988,Oberuckersee,POINT (13.885142675133283 53.20045099615502)
C8989,Randowtal,POINT (14.079032689109509 53.307779426167585)
C8990,Uckerfelde,POINT (13.971458885876814 53.25555933067031)
C8991,Zichow,POINT (14.047440336338452 53.17507511088731)
C8992,Rostock,POINT (12.14108453806055 54.14737562682494)
C8993,Schwerin,POINT (11.416655019142254 53.621371791690585)
C8994,Dargun,POINT (12.847334407267969 53.913324326890134)
C8995,Demmin,POINT (13.028145377105306 53.919801763903195)
C8996,Feldberger Seenlandschaft,POINT (13.404911968431518 53.33200184376436)
C8997,Neubrandenburg,POINT (13.248790741838832 53.54149619194625)
C8998,Neustrelitz,POINT (13.07001746127381 53.33943946894041)
C8999,Waren (Müritz),POINT (12.692141187255759 53.48214245196981)
C9000,Beggerow,POINT (13.052086429150584 53.83825245683842)
C9001,Borrentin,POINT (12.975624823369465 53.81057004529248)
C9002,Hohenbollentin,POINT (13.009291298087408 53.78678501404225)
C9003,Hohenmocker,POINT (13.168427852340706 53.817166831641416)
C9004,Kentzlin,POINT (12.974264520342732 53.751706994790304)
C9005,Kletzin,POINT (13.140896733263423 53.92488758794912)
C9006,Lindenberg,POINT (13.029185821969273 53.76135758301916)
C9007,Meesiger,POINT (12.924876024619726 53.81424531568227)
C9008,Nossendorf,POINT (12.955436706387628 53.975718094838165)
C9009,Sarow,POINT (13.08554908959494 53.795447077863734)
C9010,Schönfeld,POINT (12.960469808670965 53.85986492315162)
C9011,Siedenbrünzow,POINT (13.144149397658236 53.887732736875904)
C9012,Sommersdorf,POINT (12.892337523520277 53.78865975029634)
C9013,Utzedel,POINT (13.13129226040909 53.854869872873294)
C9014,Verchen,POINT (12.915778733733791 53.852147266211226)
C9015,Warrenzin,POINT (12.938530805526675 53.90799139035268)
C9016,Datzetal,POINT (13.468035914569208 53.64295239908074)
C9017,Friedland,POINT (13.526900401548017 53.65126236510587)
C9018,Galenbeck,POINT (13.674306394147786 53.6472316585837)
C9019,Basedow,POINT (12.686904225496008 53.69198282299639)
C9020,Faulenrost,POINT (12.780761543896263 53.63210124864776)
C9021,Gielow,POINT (12.74962970164676 53.67827475230504)
C9022,Kummerow,POINT (12.850383250924988 53.782575693008845)
C9023,Malchin,POINT (12.739954586759774 53.73798812871864)
C9024,Neukalen,POINT (12.779857938128334 53.82190961640987)
C9025,Alt Schwerin,POINT (12.33574486915097 53.52505801913527)
C9026,Fünfseen,POINT (12.39395142318613 53.41927801612564)
C9027,Göhren-Lebbin,POINT (12.512971991530968 53.47207972015987)
C9028,Malchow,POINT (12.422315980391637 53.477861019768625)
C9029,Nossentiner Hütte,POINT (12.399722609015186 53.546191729766186)
C9030,Silz,POINT (12.447382137637947 53.519469907095115)
C9031,Walow,POINT (12.484027978598814 53.42504381509937)
C9032,Zislow,POINT (12.328190270535066 53.42553235793191)
C9033,Mirow,POINT (12.856219580939502 53.29208998577447)
C9034,Priepert,POINT (13.065176196941241 53.22314809906324)
C9035,Wesenberg,POINT (12.991493473865942 53.250282509824444)
C9036,Wustrow,POINT (12.933374550353495 53.21972797716018)
C9037,Blankensee,POINT (13.248617819456571 53.40283956010106)
C9038,Blumenholz,POINT (13.130808503459894 53.412401647478546)
C9039,Carpin,POINT (13.209370983470906 53.35280836269887)
C9040,Godendorf,POINT (13.129058877014561 53.254475934321874)
C9041,Grünow,POINT (13.309245721347349 53.34091148002765)
C9042,Hohenzieritz,POINT (13.10695064151141 53.44873443688429)
C9043,Klein Vielen,POINT (13.028662044056068 53.43719779467337)
C9044,Kratzeburg,POINT (12.914322065236782 53.423530582805576)
C9045,Möllenbeck,POINT (13.349557343940798 53.40956568239529)
C9046,Userin,POINT (12.97331154104669 53.322141568523456)
C9047,Wokuhl-Dabelow,POINT (13.204605896759249 53.27600680379264)
C9048,Beseritz,POINT (13.449507030613473 53.702250609613955)
C9049,Blankenhof,POINT (13.137825983415143 53.57382899606747)
C9050,Brunn,POINT (13.388496508343712 53.6666555186051)
C9051,Neddemin,POINT (13.289807870248097 53.648889575608955)
C9052,Neuenkirchen,POINT (13.365075476320278 53.59246902194065)
C9053,Neverin,POINT (13.340304805304347 53.619895651438334)
C9054,Sponholz,POINT (13.391127175981547 53.55894294460705)
C9055,Staven,POINT (13.39048158710141 53.630398541027695)
C9056,Trollenhagen,POINT (13.287089438941353 53.612239180094846)
C9057,Woggersin,POINT (13.223952820324362 53.60697918917538)
C9058,Wulkenzin,POINT (13.185022245292286 53.533804802500875)
C9059,Zirzow,POINT (13.194485228690885 53.58919519775819)
C9060,Ankershagen,POINT (12.938623096584141 53.4847631353385)
C9061,Möllenhagen,POINT (12.919823268460267 53.540031993471246)
C9062,Penzlin,POINT (13.054459852228511 53.513526137839435)
C9063,Kuckssee,POINT (13.100959878586583 53.53145388065697)
C9064,Altenhof,POINT (12.369834658474128 53.35666016981223)
C9065,Bollewick,POINT (12.566278964394938 53.33392587582711)
C9066,Buchholz,POINT (12.651713301657287 53.269023118844814)
C9067,Bütow,POINT (12.512395825494059 53.35109788058343)
C9068,Fincken,POINT (12.40607449600729 53.337627366751214)
C9069,Gotthun,POINT (12.598215847567113 53.41607036101429)
C9070,Groß Kelle,POINT (12.541289328017452 53.408974331922)
C9071,Kieve,POINT (12.587586701397678 53.267565074741114)
C9072,Lärz,POINT (12.718717363393514 53.27372752238866)
C9073,Leizen,POINT (12.480765821435277 53.384452899465266)
C9074,Melz,POINT (12.602355216888206 53.31108168494301)
C9075,Priborn,POINT (12.658211689553509 53.29682599544862)
C9076,Rechlin,POINT (12.786262158455472 53.35949223064986)
C9077,Röbel/Müritz,POINT (12.596951652198092 53.37714594193977)
C9078,Schwarz,POINT (12.766386250871134 53.21915986232123)
C9079,Sietow,POINT (12.565998503928311 53.43698378042739)
C9080,Stuer,POINT (12.331680437158479 53.378463309190046)
C9081,Eldetal,POINT (12.477205844540668 53.29217466395873)
C9082,Südmüritz,POINT (12.684131255961459 53.36668297855661)
C9083,Grabowhöfe,POINT (12.609607617893849 53.57952495746985)
C9084,Groß Plasten,POINT (12.861422299484802 53.564706111260776)
C9085,Hohen Wangelin,POINT (12.44475126122002 53.603728823898294)
C9086,Jabel,POINT (12.532209859718328 53.544214441753056)
C9087,Kargow,POINT (12.805003432076097 53.466766107664895)
C9088,Klink,POINT (12.607445054121676 53.478789401550586)
C9089,Klocksin,POINT (12.53677618659358 53.628246721513165)
C9090,Moltzow,POINT (12.648066726622776 53.632502871822666)
C9091,Torgelow am See,POINT (12.768643812713876 53.54845893427208)
C9092,Vollrathsruhe,POINT (12.472782092039182 53.65680023227821)
C9093,Peenehagen,POINT (12.741340891862382 53.59188345447655)
C9094,Schloen-Dratow,POINT (12.835490347505669 53.51024268521298)
C9095,Burg Stargard,POINT (13.322705880311926 53.47639717367899)
C9096,Cölpin,POINT (13.443053221949759 53.52031209654147)
C9097,Groß Nemerow,POINT (13.21546761350551 53.46490728959657)
C9098,Holldorf,POINT (13.261643662621603 53.46986898379795)
C9099,Lindetal,POINT (13.434327606256188 53.4834425620288)
C9100,Pragsdorf,POINT (13.394907813050171 53.53899921124747)
C9101,Bredenfelde,POINT (12.940261048048365 53.60213922154723)
C9102,Briggow,POINT (12.965687677804006 53.62789859548904)
C9103,Grammentin,POINT (12.90615439952533 53.75329236642927)
C9104,Gülzow,POINT (12.851447766663807 53.68965218912787)
C9105,Ivenack,POINT (12.999845960809914 53.70447079650733)
C9106,Jürgenstorf,POINT (12.893323772798999 53.65580841351642)
C9107,Kittendorf,POINT (12.89390332238595 53.62087015512346)
C9108,Knorrendorf,POINT (13.075107742767457 53.63326560744133)
C9109,Mölln,POINT (13.069784763684803 53.581687697415155)
C9110,Ritzerow,POINT (12.977781303811126 53.66248957512118)
C9111,Rosenow,POINT (13.010689065137486 53.60707114672548)
C9112,Stavenhagen,POINT (12.908329009003626 53.70556213969714)
C9113,Zettemin,POINT (12.830658793677857 53.63553229444193)
C9114,Altenhagen,POINT (13.116633322338682 53.765027424421476)
C9115,Altentreptow,POINT (13.239291032560356 53.6940746786294)
C9116,Bartow,POINT (13.340101825836161 53.812215268765314)
C9117,Breesen,POINT (13.16247064474727 53.6192062449955)
C9118,Burow,POINT (13.28303937410304 53.755843624912664)
C9119,Gnevkow,POINT (13.186371942742452 53.783831140651436)
C9120,Golchen,POINT (13.256790979512903 53.78335965842348)
C9121,Grapzow,POINT (13.30118026801444 53.719015046875825)
C9122,Grischow,POINT (13.333088086426478 53.69037379200464)
C9123,Groß Teetzleben,POINT (13.22336217067691 53.642727590594276)
C9124,Gültz,POINT (13.185118785861388 53.75418374893625)
C9125,Kriesow,POINT (13.058335010395101 53.731150907936716)
C9126,Pripsleben,POINT (13.184069975776337 53.70903625640655)
C9127,Röckwitz,POINT (13.09371172448245 53.71432590923331)
C9128,Siedenbollentin,POINT (13.395490154458832 53.73493909611784)
C9129,Tützpatz,POINT (13.142375611937949 53.720806450737406)
C9130,Werder,POINT (13.348882477481771 53.73960224219022)
C9131,Wildberg,POINT (13.131398747516192 53.65568688117341)
C9132,Wolde,POINT (13.096309858120947 53.68464799845741)
C9133,Groß Miltzow,POINT (13.601946925167502 53.53993084360872)
C9134,Kublank,POINT (13.508501662711133 53.557064861796086)
C9135,Neetzka,POINT (13.499933038392463 53.531412988518944)
C9136,Schönbeck,POINT (13.598478638381893 53.58346775817497)
C9137,Schönhausen,POINT (13.693695245431316 53.56470792785329)
C9138,Voigtsdorf,POINT (13.65356078712361 53.55988410050512)
C9139,Woldegk,POINT (13.560590989764012 53.45712563908275)
C9140,Bad Doberan,POINT (11.888817833062825 54.11554518590144)
C9141,Dummerstorf,POINT (12.230096961797393 54.01193014025644)
C9142,Graal-Müritz,POINT (12.248675438179443 54.254140469832286)
C9143,Güstrow,POINT (12.204719288440446 53.79125565753628)
C9144,Kröpelin,POINT (11.795344229280104 54.06301009963139)
C9145,Kühlungsborn,POINT (11.745481208877107 54.13949859836773)
C9146,Neubukow,POINT (11.663026620162805 54.02601283383114)
C9147,Sanitz,POINT (12.383139182010748 54.06850116389269)
C9148,Satow,POINT (11.906554251534814 53.99927463836496)
C9149,Teterow,POINT (12.591686759491022 53.775797303656965)
C9150,Admannshagen-Bargeshagen,POINT (11.980070017970233 54.12537849555692)
C9151,Bartenshagen-Parkentin,POINT (11.966345001785964 54.08690483710144)
C9152,Börgerende-Rethwisch,POINT (11.919517191246813 54.14239712345201)
C9153,Hohenfelde,POINT (11.918780194703775 54.070173410293485)
C9154,Nienhagen,POINT (11.96258954988967 54.15890789825671)
C9155,Reddelich,POINT (11.854632276192257 54.09427867852935)
C9156,Retschow,POINT (11.87977060112272 54.058924712636895)
C9157,Steffenshagen,POINT (11.820448960721137 54.10606222191254)
C9158,Wittenbeck,POINT (11.798993844511925 54.12909441541352)
C9159,Baumgarten,POINT (11.848577577318734 53.82239264559948)
C9160,Bernitt,POINT (11.85751058513207 53.876982360991356)
C9161,Bützow,POINT (11.986219989043573 53.848606758071526)
C9162,Dreetz,POINT (11.981861630749815 53.796031267386844)
C9163,Jürgenshagen,POINT (11.857812088044872 53.93334065831392)
C9164,Klein Belitz,POINT (11.972795711904785 53.924391325862466)
C9165,Penzin,POINT (11.928699098514267 53.91425613634723)
C9166,Rühn,POINT (11.921092941753727 53.823028495794276)
C9167,Steinhagen,POINT (11.930801282912007 53.85312541095886)
C9168,Tarnow,POINT (11.972964059960589 53.77458564973459)
C9169,Warnow,POINT (11.87702828739618 53.766482039929784)
C9170,Zepelin,POINT (12.047168607432486 53.84727094566839)
C9171,Broderstorf,POINT (12.274484153923117 54.092217420992235)
C9172,Poppendorf,POINT (12.300909025335796 54.14252670321765)
C9173,Roggentin,POINT (12.222792719528448 54.064872654549795)
C9174,Thulendorf,POINT (12.307976384978087 54.092525045691374)
C9175,Altkalen,POINT (12.729044766720722 53.89778090803046)
C9176,Behren-Lübchin,POINT (12.694950696864025 53.999151003323014)
C9177,Finkenthal,POINT (12.761068833114729 53.94041189179654)
C9178,Gnoien,POINT (12.704716835757132 53.97249243100206)
C9179,Walkendorf,POINT (12.58325374110744 53.95403936901683)
C9180,Glasewitz,POINT (12.283248752014469 53.81216805488811)
C9181,Groß Schwiesow,POINT (12.100393281670149 53.8410699641078)
C9182,Gülzow-Prüzen,POINT (12.060415921459674 53.772756654422295)
C9183,Gutow,POINT (12.123773963965736 53.75588824335238)
C9184,Klein Upahl,POINT (12.060374996497695 53.71149134317217)
C9185,Kuhs,POINT (12.252580726565546 53.861577450152325)
C9186,Lohmen,POINT (12.085694503514299 53.685860427155205)
C9187,Lüssow,POINT (12.15618257313632 53.838290426453085)
C9188,Mistorf,POINT (12.158184135312252 53.87393646579894)
C9189,Mühl Rosin,POINT (12.220997404812259 53.74455471257632)
C9190,Plaaz,POINT (12.319330939499004 53.83763879404031)
C9191,Reimershagen,POINT (12.179378051939452 53.66399530970405)
C9192,Sarmstorf,POINT (12.214820307171157 53.84786062163026)
C9193,Zehna,POINT (12.14289803073897 53.706013362658766)
C9194,Dobbin-Linstow,POINT (12.349033293168475 53.61175039348463)
C9195,Hoppenrade,POINT (12.301682464792606 53.720832892726555)
C9196,Krakow am See,POINT (12.2462265055484 53.66066901635304)
C9197,Kuchelmiß,POINT (12.356552828334276 53.678171432466485)
C9198,Lalendorf,POINT (12.39454202920222 53.75393359329597)
C9199,Dolgen am See,POINT (12.244242062290427 53.94399509483551)
C9200,Hohen Sprenz,POINT (12.200875540820904 53.91368361083509)
C9201,Laage,POINT (12.349772597178056 53.89117043474703)
C9202,Wardow,POINT (12.404292406700241 53.95291780762327)
C9203,Alt Sührkow,POINT (12.658680117131041 53.801732567818966)
C9204,Dahmen,POINT (12.565354396900807 53.67035876298247)
C9205,Dalkendorf,POINT (12.498801819248609 53.814314815003115)
C9206,Groß Roge,POINT (12.48560926311763 53.78873771589147)
C9207,Groß Wokern,POINT (12.495118227043148 53.74005101394957)
C9208,Groß Wüstenfelde,POINT (12.546130532128714 53.871726009987945)
C9209,Hohen Demzin,POINT (12.546574703825536 53.72671130616969)
C9210,Jördenstorf,POINT (12.638459565077557 53.87132500604396)
C9211,Lelkendorf,POINT (12.708874320577484 53.841366761655756)
C9212,Prebberede,POINT (12.48654239427293 53.89512850309541)
C9213,Schorssow,POINT (12.593959678035466 53.707364728147724)
C9214,Schwasdorf,POINT (12.617984592725774 53.90579126108745)
C9215,Sukow-Levitzow,POINT (12.609224148255333 53.84514117305923)
C9216,Thürkow,POINT (12.56300499283239 53.82362523238308)
C9217,Warnkenhagen,POINT (12.48528205185074 53.83984344102092)
C9218,Alt Bukow,POINT (11.614504392260436 54.00388390894437)
C9219,Am Salzhaff,POINT (11.602366656720754 54.0425898240535)
C9220,Bastorf,POINT (11.684102169904412 54.115230567211114)
C9221,Biendorf,POINT (11.720746265130444 54.06044478694152)
C9222,Carinerland,POINT (11.722792624468536 53.986676170838564)
C9223,Rerik,POINT (11.61960792923264 54.08635660423099)
C9224,Bentwisch,POINT (12.23450292651129 54.12756279163361)
C9225,Blankenhagen,POINT (12.349415724228123 54.14977938703989)
C9226,Gelbensande,POINT (12.31158983785424 54.21737570132742)
C9227,Mönchhagen,POINT (12.211195287330103 54.14848649711101)
C9228,Rövershagen,POINT (12.259211368023937 54.17441000446612)
C9229,Benitz,POINT (12.095994019183129 53.978996655137976)
C9230,Bröbberow,POINT (12.042941955087194 53.96199208722289)
C9231,Kassow,POINT (12.091894726235566 53.8833316910505)
C9232,Rukieten,POINT (12.14528865947854 53.909589522038935)
C9233,Schwaan,POINT (12.06135494216899 53.93481952098224)
C9234,Vorbeck,POINT (12.060243616656635 53.90308952103676)
C9235,Wiendorf,POINT (12.151355731151597 53.95225959508443)
C9236,Cammin,POINT (12.390168370521744 53.99838545549269)
C9237,Gnewitz,POINT (12.497847533901586 54.07935243153315)
C9238,Grammow,POINT (12.617480088698725 54.048303340428575)
C9239,Nustrow,POINT (12.601894083608983 54.018261966635855)
C9240,Selpin,POINT (12.4901956797944 53.98867298824151)
C9241,Stubbendorf,POINT (12.543101776201146 54.080390940702166)
C9242,Tessin,POINT (12.471842861797574 54.03112989554025)
C9243,Thelkow,POINT (12.556549466661611 54.040305020700124)
C9244,Zarnewanz,POINT (12.487680618386488 54.05951338366746)
C9245,Elmenhorst/Lichtenhagen,POINT (12.00767599970567 54.15115972950412)
C9246,Kritzmow,POINT (12.04882711586698 54.064613013987206)
C9247,Lambrechtshagen,POINT (12.016597967243309 54.09846424231401)
C9248,Papendorf,POINT (12.120088835982646 54.042204580133095)
C9249,Pölchow,POINT (12.102833403055648 54.005601639473944)
C9250,Stäbelow,POINT (12.014456054110582 54.04898314038212)
C9251,Ziesendorf,POINT (12.038437650941884 54.00522942591089)
C9252,Binz,POINT (13.593473540419414 54.41688598534976)
C9253,Grimmen,POINT (13.049635615499524 54.11900816113532)
C9254,Marlow,POINT (12.493908361461646 54.16341150536416)
C9255,Putbus,POINT (13.464945958894448 54.34784926119982)
C9256,Sassnitz,POINT (13.616588704037323 54.524216852290955)
C9257,Stralsund,POINT (13.088678861684853 54.30032412927654)
C9258,Süderholz,POINT (13.128319663898113 54.07263316353559)
C9259,Zingst,POINT (12.774499941203441 54.42937545345849)
C9260,Altenpleen,POINT (12.923346799807332 54.367087808862266)
C9261,Groß Mohrdorf,POINT (12.962783728115486 54.406417266059776)
C9262,Klausdorf,POINT (13.010698431104052 54.41411425546107)
C9263,Kramerhof,POINT (13.052028778470149 54.349847098976504)
C9264,Preetz,POINT (12.984662497213346 54.341403862124146)
C9265,Prohn,POINT (13.014514930677253 54.37376605223582)
C9266,Barth,POINT (12.694415450353416 54.35879511252615)
C9267,Divitz-Spoldershagen,POINT (12.676938365043618 54.319040662491844)
C9268,Fuhlendorf,POINT (12.589246558650515 54.357471370330586)
C9269,Karnin,POINT (12.804250843066248 54.30366459383955)
C9270,Kenz-Küstrow,POINT (12.766032667450544 54.34277251469862)
C9271,Löbnitz,POINT (12.732645706470585 54.29641957809531)
C9272,Lüdershagen,POINT (12.622073876899274 54.306068910268934)
C9273,Pruchten,POINT (12.675615667390353 54.39045800606968)
C9274,Saal,POINT (12.53835228446961 54.30957358556269)
C9275,Trinwillershagen,POINT (12.651361005371887 54.26491377981)
C9276,Bergen auf Rügen,POINT (13.45105287606701 54.41715493823019)
C9277,Buschvitz,POINT (13.465084125128005 54.441207945799064)
C9278,Garz/Rügen,POINT (13.366399076692387 54.29751184778734)
C9279,Gustow,POINT (13.209022813893634 54.29998722738065)
C9280,Lietzow,POINT (13.528161649448467 54.49592700057218)
C9281,Parchtitz,POINT (13.3528673459647 54.426817384280945)
C9282,Patzig,POINT (13.385416902341468 54.465818360510404)
C9283,Poseritz,POINT (13.289253130185031 54.2896771624299)
C9284,Ralswiek,POINT (13.443462511448308 54.46839703471491)
C9285,Rappin,POINT (13.376884851149816 54.50859362347185)
C9286,Sehlen,POINT (13.387093098326135 54.39098743303979)
C9287,Ahrenshoop,POINT (12.420227450829513 54.37484982663817)
C9288,Born a.Darß,POINT (12.515169738064184 54.420738583681036)
C9289,Dierhagen,POINT (12.339891007759059 54.27878598766817)
C9290,Prerow,POINT (12.59211323152685 54.441974131970014)
C9291,Wieck a.Darß,POINT (12.600215612086243 54.41653375818323)
C9292,Wustrow,POINT (12.395396682952317 54.34136733273372)
C9293,Franzburg,POINT (12.86858549186576 54.18466192020363)
C9294,Glewitz,POINT (12.93823095763691 54.026904245638384)
C9295,Gremersdorf-Buchholz,POINT (12.881644403036221 54.13873396307542)
C9296,Millienhagen-Oebelitz,POINT (12.822029686932648 54.200828917577724)
C9297,Papenhagen,POINT (12.988378196653446 54.153205802831415)
C9298,Richtenberg,POINT (12.899256848291936 54.20687376275804)
C9299,Splietsdorf,POINT (12.951451593096971 54.11839839750567)
C9300,Velgast,POINT (12.819036439602659 54.26063224090136)
C9301,Weitenhagen,POINT (12.774311922440322 54.21315935313745)
C9302,Wendisch Baggendorf,POINT (12.96571222826389 54.07952907871009)
C9303,Elmenhorst,POINT (13.074437447972038 54.21348639379829)
C9304,Sundhagen,POINT (13.204473117572059 54.18845634705453)
C9305,Wittenhagen,POINT (13.01013146364575 54.18340411547826)
C9306,Baabe,POINT (13.702960813350261 54.35650030230143)
C9307,Göhren,POINT (13.723443003683183 54.34332008380268)
C9308,Lancken-Granitz,POINT (13.62619230324627 54.3575324757369)
C9309,Sellin,POINT (13.677065216207401 54.370944931898144)
C9310,Zirkow,POINT (13.561387926074223 54.38528924766539)
C9311,Mönchgut,POINT (13.692416195448804 54.31153011594308)
C9312,Groß Kordshagen,POINT (12.820386860896377 54.3305848442825)
C9313,Jakobsdorf,POINT (12.938424751735964 54.23218492853394)
C9314,Lüssow,POINT (13.015658671780923 54.29107660081998)
C9315,Niepars,POINT (12.90649635462436 54.30855197572117)
C9316,Pantelitz,POINT (12.971102621513172 54.295200029883965)
C9317,Steinhagen,POINT (12.998182960201879 54.23746172254092)
C9318,Wendorf,POINT (13.079988325769516 54.25716271871986)
C9319,Zarrendorf,POINT (13.089502667645572 54.23675639548834)
C9320,Altenkirchen,POINT (13.347388119404558 54.64959755649556)
C9321,Breege,POINT (13.351319575022305 54.599051506257084)
C9322,Dranske,POINT (13.248448933699825 54.63100992142633)
C9323,Glowe,POINT (13.492785594033204 54.56109309439154)
C9324,Lohme,POINT (13.596585456432837 54.57160572389643)
C9325,Putgarten,POINT (13.400336080323921 54.66802841561259)
C9326,Sagard,POINT (13.560339171321074 54.53728994965865)
C9327,Wiek,POINT (13.291160987949722 54.60501186755553)
C9328,Bad Sülze,POINT (12.663681058824366 54.10506477687597)
C9329,Dettmannsdorf,POINT (12.535428608087821 54.10583795442444)
C9330,Deyelsdorf,POINT (12.79531986003333 54.043444189926674)
C9331,Drechow,POINT (12.794172651153211 54.14460400047009)
C9332,Eixen,POINT (12.707954563722481 54.166494611771846)
C9333,Grammendorf,POINT (12.857348600817081 54.01429258499628)
C9334,Gransebieth,POINT (12.895001254137908 54.073956119860775)
C9335,Hugoldsdorf,POINT (12.755259598823665 54.14959225546139)
C9336,Lindholz,POINT (12.690842559417163 54.06005246616179)
C9337,Tribsees,POINT (12.783453532168672 54.09369607825662)
C9338,Ahrenshagen-Daskow,POINT (12.575793528033707 54.235763471190225)
C9339,Ribnitz-Damgarten,POINT (12.422117116456258 54.257604031974395)
C9340,Schlemmin,POINT (12.681537213211616 54.227574420549935)
C9341,Semlow,POINT (12.64491416504232 54.18477714193128)
C9342,Altefähr,POINT (13.157264980248316 54.33461867097952)
C9343,Dreschvitz,POINT (13.287014524877415 54.396962258855574)
C9344,Gingst,POINT (13.261147266216085 54.452193995159206)
C9345,Insel Hiddensee,POINT (13.103935192151532 54.54935814814241)
C9346,Kluis,POINT (13.316710589788801 54.46822676543689)
C9347,Neuenkirchen,POINT (13.335411348348382 54.54327596784899)
C9348,Rambin,POINT (13.208431458599698 54.35506166692503)
C9349,Samtens,POINT (13.301383560162494 54.354882947732484)
C9350,Schaprode,POINT (13.192257195716738 54.52730992733534)
C9351,Trent,POINT (13.266356626295043 54.51430754926205)
C9352,Ummanz,POINT (13.19547169124608 54.4487501595317)
C9353,Grevesmühlen,POINT (11.201867034591103 53.863084561079894)
C9354,Insel Poel,POINT (11.436218488122012 53.9933703660868)
C9355,Wismar,POINT (11.462356697037988 53.89850675519507)
C9356,Bad Kleinen,POINT (11.449359632306702 53.781212473307725)
C9357,Barnekow,POINT (11.380611100611164 53.86643041559262)
C9358,Bobitz,POINT (11.35829878317627 53.810478311762374)
C9359,Dorf Mecklenburg,POINT (11.471680716924265 53.836676269603636)
C9360,Groß Stieten,POINT (11.446472879641014 53.81284855509145)
C9361,Hohen Viecheln,POINT (11.514139776868813 53.79173079188454)
C9362,Lübow,POINT (11.543221624328613 53.84445863036084)
C9363,Metelsdorf,POINT (11.41893091068526 53.85433745186152)
C9364,Ventschow,POINT (11.55835456383887 53.785999987107395)
C9365,Dragun,POINT (11.220745591661357 53.70412390491183)
C9366,Gadebusch,POINT (11.107816048864253 53.70300435716949)
C9367,Kneese,POINT (10.968963550250853 53.66569640802149)
C9368,Krembz,POINT (11.059251552893912 53.64445222552182)
C9369,Mühlen Eichsen,POINT (11.237655214735124 53.7444504512854)
C9370,Roggendorf,POINT (10.99026511742399 53.69512775711254)
C9371,Rögnitz,POINT (11.032721889607432 53.614648691852395)
C9372,Veelböken,POINT (11.173839142478933 53.74461617510379)
C9373,Bernstorf,POINT (11.10607616640934 53.821845106173505)
C9374,Gägelow,POINT (11.344695906980034 53.88173007359389)
C9375,Roggenstorf,POINT (11.066093757540585 53.91916107458993)
C9376,Rüting,POINT (11.212222554639505 53.792424227782405)
C9377,Testorf-Steinfort,POINT (11.277337888010583 53.78337465568234)
C9378,Upahl,POINT (11.228548058730539 53.82641403208842)
C9379,Warnow,POINT (11.212611403589882 53.9081245273724)
C9380,Stepenitztal,POINT (11.078370822065073 53.869961027760915)
C9381,Boltenhagen,POINT (11.199767334750625 53.98670923880384)
C9382,Damshagen,POINT (11.140605608959408 53.91999796185483)
C9383,Hohenkirchen,POINT (11.297325849820833 53.91426999362491)
C9384,Kalkhorst,POINT (11.052843448227597 53.97980303674353)
C9385,Klütz,POINT (11.165475056068889 53.96210586408693)
C9386,Zierow,POINT (11.372261906971342 53.92395389092651)
C9387,Alt Meteln,POINT (11.331008896867381 53.739732560996906)
C9388,Brüsewitz,POINT (11.269664398367748 53.669081261952584)
C9389,Cramonshagen,POINT (11.294696860590319 53.70147746467504)
C9390,Dalberg-Wendelstorf,POINT (11.286326128649218 53.737660062426684)
C9391,Gottesgabe,POINT (11.220096726090492 53.62834188363121)
C9392,Grambow,POINT (11.275323838225326 53.61484622722998)
C9393,Klein Trebbow,POINT (11.372095439794311 53.70178536667854)
C9394,Lübstorf,POINT (11.445320350116845 53.7253687413586)
C9395,Lützow,POINT (11.18198915178899 53.66244710617181)
C9396,Perlin,POINT (11.173875051200074 53.58913886136099)
C9397,Pingelshagen,POINT (11.341623847640534 53.68499069669358)
C9398,Pokrent,POINT (11.122634711755238 53.65171564158758)
C9399,Schildetal,POINT (11.139217158602412 53.61445323357633)
C9400,Seehof,POINT (11.425648010068244 53.698003661507535)
C9401,Zickhusen,POINT (11.39806847299503 53.75887432575644)
C9402,Benz,POINT (11.601875655563889 53.90954106134599)
C9403,Blowatz,POINT (11.529991395038614 53.97608249393952)
C9404,Boiensdorf,POINT (11.553400392753726 54.01073785371718)
C9405,Hornstorf,POINT (11.536447970324936 53.90590326798987)
C9406,Krusenhagen,POINT (11.516935132558721 53.943247591057776)
C9407,Neuburg,POINT (11.615045143269517 53.955558192107745)
C9408,Bibow,POINT (11.633402910109265 53.784270275663616)
C9409,Glasin,POINT (11.744292243664354 53.904718644543735)
C9410,Jesendorf,POINT (11.618768155776028 53.8144860710921)
C9411,Lübberstorf,POINT (11.741780502758454 53.858855245507385)
C9412,Neukloster,POINT (11.67170083777986 53.87553393618289)
C9413,Passee,POINT (11.768484195706426 53.95346926426672)
C9414,Warin,POINT (11.746599033938775 53.806010590035264)
C9415,Zurow,POINT (11.622604281832562 53.8557163396207)
C9416,Züsow,POINT (11.686886319874814 53.92788796372811)
C9417,Carlow,POINT (10.925668832175033 53.75788027242202)
C9418,Dechow,POINT (10.911258245006362 53.71458720752546)
C9419,Groß Molzahn,POINT (10.876684630292871 53.73267667368196)
C9420,Holdorf,POINT (11.04743738285437 53.71927397726844)
C9421,Königsfeld,POINT (10.995843536550248 53.7593401183448)
C9422,Rehna,POINT (11.048269029007 53.788162002370356)
C9423,Rieps,POINT (10.86727663013759 53.77456999434243)
C9424,Schlagsdorf,POINT (10.839053791638792 53.73623444193246)
C9425,Thandorf,POINT (10.817603713584678 53.771268091735514)
C9426,Utecht,POINT (10.782044782837158 53.763876936305955)
C9427,Wedendorfersee,POINT (11.110884919461759 53.76583245407339)
C9428,Dassow,POINT (10.976625584627842 53.92750445626401)
C9429,Grieben,POINT (11.050973094490407 53.84269719942423)
C9430,Lüdersdorf,POINT (10.805330176184782 53.8265660588291)
C9431,Menzendorf,POINT (11.012118930946937 53.845471922189624)
C9432,Roduchelstorf,POINT (10.996050966624976 53.819793981574776)
C9433,Schönberg,POINT (10.921967876395833 53.85085530556873)
C9434,Selmsdorf,POINT (10.871058796990301 53.8850559867888)
C9435,Siemz-Niendorf,POINT (10.918967866696873 53.80778587619925)
C9436,Anklam,POINT (13.698396300664506 53.836270651212935)
C9437,Greifswald,POINT (13.414399938100107 54.088679047306066)
C9438,Heringsdorf,POINT (14.14303775958534 53.94952328810075)
C9439,Pasewalk,POINT (14.006479537531376 53.51386432381103)
C9440,Strasburg (Uckermark),POINT (13.74956919428409 53.53814453320503)
C9441,Ueckermünde,POINT (14.070968820086634 53.75836542376083)
C9442,Buggenhagen,POINT (13.856941028309851 53.912525548292635)
C9443,Krummin,POINT (13.843291360411957 54.050705476675894)
C9444,Lassan,POINT (13.81665900255511 53.95000525813022)
C9445,Lütow,POINT (13.890491322821813 54.030485677727185)
C9446,Sauzin,POINT (13.786899283282576 54.03123423909665)
C9447,Wolgast,POINT (13.722529244387989 54.030678311493425)
C9448,Zemitz,POINT (13.76369979875569 53.98393899465245)
C9449,Ahlbeck,POINT (14.201446743560902 53.65478589961324)
C9450,Altwarp,POINT (14.245640038979046 53.75625923334613)
C9451,Eggesin,POINT (14.129377483832403 53.64817447028196)
C9452,Grambin,POINT (14.008795203975437 53.78113632856733)
C9453,Hintersee,POINT (14.26360816222112 53.617148949853)
C9454,Leopoldshagen,POINT (13.8819697005996 53.7724624236682)
C9455,Liepgarten,POINT (14.007728490886448 53.69059119220134)
C9456,Lübs,POINT (13.891900323100911 53.714506939010406)
C9457,Luckow,POINT (14.213875711332468 53.6904642363814)
C9458,Meiersberg,POINT (13.955089457754722 53.70532414627375)
C9459,Mönkebude,POINT (13.954252873618785 53.765543560988334)
C9460,Vogelsang-Warsin,POINT (14.174711256297018 53.75170219030008)
C9461,Bargischow,POINT (13.771635310608659 53.83444380724267)
C9462,Blesewitz,POINT (13.60519420801039 53.819611052771286)
C9463,Boldekow,POINT (13.600052910987566 53.71991846846578)
C9464,Bugewitz,POINT (13.866851889007355 53.807490435430886)
C9465,Butzow,POINT (13.640308042632153 53.81363167275726)
C9466,Ducherow,POINT (13.770115430553922 53.742193930824975)
C9467,Iven,POINT (13.42422234113883 53.79556700124312)
C9468,Krien,POINT (13.466210514723574 53.81997084408402)
C9469,Krusenfelde,POINT (13.399555522069026 53.844026575811014)
C9470,Medow,POINT (13.522381053332127 53.83162302451099)
C9471,Neu Kosenow,POINT (13.743094561708336 53.79696021268765)
C9472,Neuenkirchen,POINT (13.58201368795069 53.78951297237853)
C9473,Postlow,POINT (13.592412108782918 53.84487217898344)
C9474,Rossin,POINT (13.703959462410701 53.765716465974194)
C9475,Sarnow,POINT (13.63089340440391 53.75559581725411)
C9476,Spantekow,POINT (13.474797460588597 53.77181957913233)
C9477,Stolpe an der Peene,POINT (13.550284744120754 53.86591722394045)
C9478,Neetzow-Liepen,POINT (13.439176042584423 53.87916723222897)
C9479,Alt Tellin,POINT (13.236506031827581 53.83734848969573)
C9480,Bentzin,POINT (13.26679427156584 53.9423201214436)
C9481,Daberkow,POINT (13.300351642955107 53.83741692107567)
C9482,Jarmen,POINT (13.329000652129837 53.89923041901101)
C9483,Kruckow,POINT (13.239072966461638 53.88457878716534)
C9484,Tutow,POINT (13.22169305376996 53.92182839627682)
C9485,Völschow,POINT (13.344975127881867 53.871976618930454)
C9486,Behrenhoff,POINT (13.39571649605822 54.00005442251186)
C9487,Dargelin,POINT (13.3409905909255 54.011410524072325)
C9488,Dersekow,POINT (13.288806122236256 54.041600403272255)
C9489,Hinrichshagen,POINT (13.33097169119714 54.06598448034976)
C9490,Levenhagen,POINT (13.288900152026208 54.084489780980114)
C9491,Mesekenhagen,POINT (13.335228743499568 54.1600072329701)
C9492,Neuenkirchen,POINT (13.386982567308161 54.13209342544868)
C9493,Wackerow,POINT (13.29753221670011 54.11510179628881)
C9494,Weitenhagen,POINT (13.433789150328687 54.0459833749465)
C9495,Bergholz,POINT (14.166481907123277 53.444353611011934)
C9496,Blankensee,POINT (14.29701510067614 53.52912840355549)
C9497,Boock,POINT (14.248778183934972 53.492614789997596)
C9498,Glasow,POINT (14.26947121084581 53.379636170364165)
C9499,Grambow,POINT (14.350988409413269 53.39342514750476)
C9500,Krackow,POINT (14.284863887500412 53.349386121416416)
C9501,Löcknitz,POINT (14.210814484954657 53.46491083353045)
C9502,Nadrensee,POINT (14.357889473279355 53.331612027306555)
C9503,Penkun,POINT (14.210479183895501 53.29252190640039)
C9504,Plöwen,POINT (14.275276600512175 53.46591345796525)
C9505,Ramin,POINT (14.304557847054518 53.438660623728666)
C9506,Rossow,POINT (14.129901876071731 53.47915485814922)
C9507,Rothenklempenow,POINT (14.221324512318526 53.53924062939308)
C9508,Brünzow,POINT (13.573513585596467 54.10513537604717)
C9509,Hanshagen,POINT (13.55130342760511 54.04487241063228)
C9510,Katzow,POINT (13.663367099543834 54.051662499331705)
C9511,Kemnitz,POINT (13.538227164567196 54.07541273561867)
C9512,Kröslin,POINT (13.74908405023399 54.12339393915707)
C9513,Loissin,POINT (13.518538856211947 54.11347464300971)
C9514,Lubmin,POINT (13.64453348228019 54.14159506804426)
C9515,Neu Boltenhagen,POINT (13.61885665787826 54.062331965489484)
C9516,Rubenow,POINT (13.707710788106164 54.10690422919138)
C9517,Wusterhusen,POINT (13.631217597740761 54.10240964122368)
C9518,Görmin,POINT (13.281217754680965 53.98930930494902)
C9519,Loitz,POINT (13.100335898062012 53.98604367942524)
C9520,Sassen-Trantow,POINT (13.204385869277083 54.00406390343633)
C9521,Altwigshagen,POINT (13.802112249402734 53.701129031804186)
C9522,Ferdinandshof,POINT (13.899846243353709 53.670855895602976)
C9523,Hammer a.d.Uecker,POINT (13.987583064459068 53.589411698336754)
C9524,Heinrichswalde,POINT (13.7715889568354 53.625811412907424)
C9525,Rothemühl,POINT (13.840714224982925 53.59762867026449)
C9526,Torgelow,POINT (14.009827015485698 53.62894052648628)
C9527,Wilhelmsburg,POINT (13.809378512327847 53.64441644139094)
C9528,Brietzig,POINT (13.90181365029564 53.47903515695147)
C9529,Fahrenwalde,POINT (14.070821157703024 53.44369955449763)
C9530,Groß Luckow,POINT (13.829902673663419 53.53364018322976)
C9531,Jatznick,POINT (13.901489805975142 53.563538685799436)
C9532,Koblentz,POINT (14.139260390689751 53.53715692884298)
C9533,Krugsdorf,POINT (14.083358592887466 53.53177523965462)
C9534,Nieden,POINT (13.925874025482441 53.437437998882324)
C9535,Papendorf,POINT (13.927027964631968 53.49679909960966)
C9536,Polzow,POINT (14.060476566730163 53.48879939379376)
C9537,Rollwitz,POINT (13.980269794342982 53.45495992828383)
C9538,Schönwalde,POINT (13.917201058498902 53.53291740224956)
C9539,Viereck,POINT (14.104390963150497 53.571397326132576)
C9540,Zerrenthin,POINT (14.103814055717905 53.50027413384112)
C9541,Karlshagen,POINT (13.83237783708454 54.111311270644066)
C9542,Mölschow,POINT (13.833928981576294 54.07939553959455)
C9543,Peenemünde,POINT (13.793253836605649 54.143582409488275)
C9544,Trassenheide,POINT (13.868138502847687 54.09270324785189)
C9545,Zinnowitz,POINT (13.902640811780245 54.0715788367734)
C9546,Benz,POINT (14.059684788273756 53.93528595245701)
C9547,Dargen,POINT (14.066349503283815 53.89254132638362)
C9548,Garz,POINT (14.180906274206285 53.88853303231459)
C9549,Kamminke,POINT (14.202602991725026 53.87765568164649)
C9550,Korswandt,POINT (14.154506733012107 53.91258166830358)
C9551,Koserow,POINT (13.997462018149916 54.05186713723133)
C9552,Loddin,POINT (14.018783411347604 54.02835267890817)
C9553,Mellenthin,POINT (13.993666769041997 53.92807757739921)
C9554,Pudagla,POINT (14.069119759662794 53.966729189636155)
C9555,Rankwitz,POINT (13.939050094768074 53.950409858404804)
C9556,Stolpe auf Usedom,POINT (13.996957764219903 53.87608181167087)
C9557,Ückeritz,POINT (14.064768223322853 54.005083766012895)
C9558,Usedom,POINT (13.913822881285205 53.86764427357637)
C9559,Zempin,POINT (13.948624973842648 54.06618445144593)
C9560,Zirchow,POINT (14.132475854627684 53.889451655952264)
C9561,Bandelin,POINT (13.365774076516121 53.96211852922851)
C9562,Gribow,POINT (13.48799206582474 53.944595632262775)
C9563,Groß Kiesow,POINT (13.487343235128277 54.00292723977937)
C9564,Groß Polzin,POINT (13.561319972377582 53.89294460843161)
C9565,Gützkow,POINT (13.42993645670135 53.93762339885122)
C9566,Klein Bünzow,POINT (13.641461268816396 53.930212309763625)
C9567,Murchin,POINT (13.766106933467146 53.895030480238965)
C9568,Rubkow,POINT (13.717887129200149 53.93874282619721)
C9569,Schmatzin,POINT (13.561341839487238 53.924125246896025)
C9570,Wrangelsburg,POINT (13.576343856593374 54.0192169414277)
C9571,Ziethen,POINT (13.653511862792048 53.882916184533286)
C9572,Züssow,POINT (13.54152015554017 53.96576434283103)
C9573,Karlsburg,POINT (13.62224752426111 53.979371437702646)
C9574,Boizenburg/Elbe,POINT (10.727098356295587 53.38583461357819)
C9575,Hagenow,POINT (11.200629888052612 53.44260187427934)
C9576,Lübtheen,POINT (11.08789443349795 53.2980784589109)
C9577,Ludwigslust,POINT (11.43888421027134 53.316054982985285)
C9578,Parchim,POINT (11.825581609661185 53.430331106782134)
C9579,Bengerstorf,POINT (10.83819491043353 53.42437326768906)
C9580,Besitz,POINT (10.863789268626793 53.351770734441466)
C9581,Brahlstorf,POINT (10.969781253820887 53.3588708229086)
C9582,Dersenow,POINT (10.909357918296234 53.378556248443005)
C9583,Gresse,POINT (10.74992578332899 53.435538068455116)
C9584,Greven,POINT (10.785609200595177 53.468769449950145)
C9585,Neu Gülze,POINT (10.796511888928388 53.38343778018412)
C9586,Nostorf,POINT (10.642818105042284 53.393072865785)
C9587,Schwanheide,POINT (10.667161649723605 53.43580817976518)
C9588,Teldau,POINT (10.810258660924216 53.33457790050904)
C9589,Tessin b.Boizenburg,POINT (10.85405780168696 53.38376192760253)
C9590,Dömitz,POINT (11.274592291775038 53.14761677427169)
C9591,Grebs-Niendorf,POINT (11.27606543920518 53.23235169359193)
C9592,Karenz,POINT (11.349240036988258 53.2359865777083)
C9593,Malk Göhren,POINT (11.381059865798894 53.19893055450278)
C9594,Malliß,POINT (11.310234754938266 53.208857706796195)
C9595,Neu Kaliß,POINT (11.32920674030047 53.165849064239104)
C9596,Vielank,POINT (11.181024519258724 53.234911166914316)
C9597,Gallin-Kuppentin,POINT (12.146053063821155 53.51332545443634)
C9598,Granzin,POINT (11.955157364874779 53.49301288865111)
C9599,Kreien,POINT (12.06321019218744 53.40470320894337)
C9600,Kritzow,POINT (12.125372656976102 53.43622711229499)
C9601,Lübz,POINT (12.050098067741281 53.45603685902972)
C9602,Passow,POINT (12.061349435682308 53.513632970625395)
C9603,Siggelkow,POINT (11.977603446150502 53.377623991552916)
C9604,Werder,POINT (11.999134274500006 53.51081160869044)
C9605,Gehlsbach,POINT (12.1194277349989 53.38720302734074)
C9606,Ruhner Berge,POINT (11.924556592086004 53.32806664179252)
C9607,Dobbertin,POINT (12.094249136509942 53.6300091832387)
C9608,Goldberg,POINT (12.080589892162433 53.570734175374206)
C9609,Mestlin,POINT (11.925550277914306 53.58833385318998)
C9610,Neu Poserin,POINT (12.187495681668628 53.565467009455446)
C9611,Techentin,POINT (11.998741469456805 53.58415183606623)
C9612,Balow,POINT (11.71847759044806 53.25977078591285)
C9613,Brunow,POINT (11.807751275079188 53.25997303771018)
C9614,Dambeck,POINT (11.75636665291124 53.24421368686989)
C9615,Eldena,POINT (11.438438137142029 53.24219798134736)
C9616,Gorlosen,POINT (11.463922153596627 53.19793394662314)
C9617,Grabow,POINT (11.541798717887144 53.233594191167526)
C9618,Karstädt,POINT (11.470547546809097 53.28457388362126)
C9619,Kremmin,POINT (11.586931586287095 53.236468561048326)
C9620,Milow,POINT (11.502385510485393 53.178249182633365)
C9621,Möllenbeck,POINT (11.74005849529071 53.292356295522076)
C9622,Muchow,POINT (11.67037833004789 53.317200601190876)
C9623,Prislich,POINT (11.642397064310813 53.2678296452096)
C9624,Zierzow,POINT (11.659894710020025 53.29112732642955)
C9625,Alt Zachun,POINT (11.33623853724783 53.495833655752925)
C9626,Bandenitz,POINT (11.287759244119002 53.50132194227485)
C9627,Belsch,POINT (11.194478983438435 53.316131129625795)
C9628,Bobzin,POINT (11.147741992900478 53.4824833167328)
C9629,Bresegard bei Picher,POINT (11.28449977493953 53.35564588645156)
C9630,Gammelin,POINT (11.237116406768276 53.50483336608209)
C9631,Groß Krams,POINT (11.250693700320763 53.3317425430803)
C9632,Hoort,POINT (11.339069356186336 53.47574857001719)
C9633,Hülseburg,POINT (11.192715255064972 53.50604290289751)
C9634,Kirch Jesar,POINT (11.280636977732172 53.44645273205367)
C9635,Kuhstorf,POINT (11.256879131908065 53.385402247105404)
C9636,Moraas,POINT (11.293351322184087 53.41685856098359)
C9637,Pätow-Steegen,POINT (11.163268827975564 53.40047830985938)
C9638,Picher,POINT (11.370462931460073 53.37815661206867)
C9639,Pritzier,POINT (11.070106215701504 53.37200123824013)
C9640,Redefin,POINT (11.205487008712561 53.35799751884689)
C9641,Strohkirchen,POINT (11.323249420575422 53.393032198586106)
C9642,Warlitz,POINT (11.136436099302083 53.37190565153766)
C9643,Toddin,POINT (11.099428350678737 53.41716917857425)
C9644,Alt Krenzlin,POINT (11.29515004948098 53.309232023031186)
C9645,Bresegard bei Eldena,POINT (11.379695115791817 53.250532131626)
C9646,Göhlen,POINT (11.309905766134348 53.287340238791764)
C9647,Groß Laasch,POINT (11.55025068508366 53.34059072598107)
C9648,Lübesse,POINT (11.452805373371936 53.513591762932606)
C9649,Lüblow,POINT (11.44727293642103 53.40380600905155)
C9650,Rastow,POINT (11.408234546138768 53.44181924889623)
C9651,Sülstorf,POINT (11.399320594315315 53.510862994078835)
C9652,Uelitz,POINT (11.422310902374933 53.478413340379525)
C9653,Warlow,POINT (11.409983107623383 53.35468898835888)
C9654,Wöbbelin,POINT (11.499683478234019 53.40337254141364)
C9655,Blievenstorf,POINT (11.658073047330307 53.35120835262127)
C9656,Brenz,POINT (11.65232313618159 53.3881102434979)
C9657,Neustadt-Glewe,POINT (11.578652632466307 53.407957369858536)
C9658,Domsühl,POINT (11.777279491868962 53.48781835719986)
C9659,Groß Godems,POINT (11.805243427233265 53.3652059117796)
C9660,Karrenzin,POINT (11.78350870296104 53.32726576130721)
C9661,Lewitzrand,POINT (11.681036140558588 53.47907094888007)
C9662,Rom,POINT (11.932055243237784 53.456428468100576)
C9663,Spornitz,POINT (11.701197086628731 53.4050012462481)
C9664,Stolpe,POINT (11.732525429820397 53.34995273787217)
C9665,Ziegendorf,POINT (11.840808123314403 53.28956051067856)
C9666,Zölkow,POINT (11.845861387743478 53.569658880053325)
C9667,Obere Warnow,POINT (11.891236821342547 53.52616224520647)
C9668,Barkhagen,POINT (12.198429162713548 53.487738849350144)
C9669,Plau am See,POINT (12.263656899621383 53.48444836445001)
C9670,Ganzlin,POINT (12.23440556081955 53.37228697617029)
C9671,Blankenberg,POINT (11.738944630190021 53.76497579808593)
C9672,Borkow,POINT (11.979987133119561 53.66730378546698)
C9673,Brüel,POINT (11.687544155413446 53.725340391506606)
C9674,Dabel,POINT (11.887830834975954 53.66134267044918)
C9675,Hohen Pritz,POINT (11.925960493431095 53.63297741989816)
C9676,Kobrow,POINT (11.819599494880292 53.65276121522194)
C9677,Kuhlen-Wendorf,POINT (11.630427109376253 53.69156776333318)
C9678,Mustin,POINT (11.986050510324318 53.701789843141704)
C9679,Sternberg,POINT (11.836567088497194 53.716857381489056)
C9680,Weitendorf,POINT (11.732726449014681 53.69079082104128)
C9681,Witzin,POINT (11.929622543809037 53.7270125387882)
C9682,Kloster Tempzin,POINT (11.660272561781063 53.758409537837785)
C9683,Dümmer,POINT (11.212415438437358 53.56454784897838)
C9684,Holthusen,POINT (11.36442143198341 53.5367931222094)
C9685,Klein Rogahn,POINT (11.3334727042935 53.599594367731626)
C9686,Pampow,POINT (11.350379595505117 53.56928113446209)
C9687,Schossin,POINT (11.236697852103102 53.536480048776106)
C9688,Stralendorf,POINT (11.30825643454617 53.571732884842966)
C9689,Warsow,POINT (11.286167477624462 53.541248148704874)
C9690,Wittenförden,POINT (11.319572367369945 53.628998899475626)
C9691,Zülow,POINT (11.263874585997687 53.58269683907581)
C9692,Wittenburg,POINT (11.068682567904194 53.47807264984188)
C9693,Wittendörp,POINT (11.081489420710028 53.54838544521674)
C9694,Gallin,POINT (10.847498779101587 53.49253588123401)
C9695,Kogel,POINT (10.939247306518931 53.499020901605554)
C9696,Lüttow-Valluhn,POINT (10.866597195514874 53.524233189716426)
C9697,Vellahn,POINT (10.962885590779702 53.42397081171664)
C9698,Zarrentin am Schaalsee,POINT (10.945943908355952 53.57706840932396)
C9699,Banzkow,POINT (11.517222906775855 53.493783437298255)
C9700,Barnin,POINT (11.710221949846984 53.59522546853825)
C9701,Bülow,POINT (11.793420592500114 53.59057849755084)
C9702,Cambs,POINT (11.547823375429655 53.69732183229773)
C9703,Crivitz,POINT (11.653674792018057 53.59056452300717)
C9704,Demen,POINT (11.732969528936824 53.63218021936236)
C9705,Dobin am See,POINT (11.540600907465931 53.74249134179926)
C9706,Friedrichsruhe,POINT (11.74323432857861 53.52853230143087)
C9707,Gneven,POINT (11.575033082098026 53.63817569499478)
C9708,Langen Brütz,POINT (11.567045276738755 53.66282362449331)
C9709,Leezen,POINT (11.5038669301852 53.66424852611948)
C9710,Pinnow,POINT (11.547366698160287 53.60644536010325)
C9711,Plate,POINT (11.499852163231909 53.55451375437)
C9712,Raben Steinfeld,POINT (11.508713135240557 53.59245615569256)
C9713,Sukow,POINT (11.563824433787442 53.55537445559058)
C9714,Tramm,POINT (11.610885281708375 53.51162553168242)
C9715,Zapel,POINT (11.677002244302717 53.55234248471834)
C9716,Chemnitz,POINT (12.911858561769979 50.826323841104596)
C9717,Amtsberg,POINT (13.005529231581834 50.743700143153376)
C9718,Annaberg-Buchholz,POINT (13.01106570712611 50.57575740262608)
C9719,Aue-Bad Schlema,POINT (12.68449647599525 50.60505531792756)
C9720,Breitenbrunn/Erzgeb.,POINT (12.775478120415803 50.47155798622582)
C9721,Crottendorf,POINT (12.927542014421869 50.50277602786022)
C9722,Drebach,POINT (13.020733757117174 50.687393262551524)
C9723,Ehrenfriedersdorf,POINT (12.96007718246239 50.64541517294222)
C9724,Eibenstock,POINT (12.609518120778606 50.46954604623958)
C9725,Gelenau/Erzgeb.,POINT (12.952109381816939 50.71024448571562)
C9726,Großolbersdorf,POINT (13.081689463598952 50.69431604289541)
C9727,Großrückerswalde,POINT (13.109510982133164 50.62130329487553)
C9728,Grünhain-Beierfeld,POINT (12.810656922912411 50.57594919976484)
C9729,Hohndorf,POINT (12.673432713826577 50.742812236239054)
C9730,Jahnsdorf/Erzgeb.,POINT (12.827058069041733 50.75463533190329)
C9731,Johanngeorgenstadt,POINT (12.69485241031044 50.4344356625823)
C9732,Jöhstadt,POINT (13.133288290666789 50.53474609317804)
C9733,Lauter-Bernsbach,POINT (12.735798888691075 50.56071903592034)
C9734,Lößnitz,POINT (12.74845214791421 50.62528150746376)
C9735,Marienberg,POINT (13.206631849967131 50.62037542591655)
C9736,Mildenau,POINT (13.092724819375652 50.578865708414625)
C9737,Neukirchen/Erzgeb.,POINT (12.864797149966881 50.76969848941831)
C9738,Oberwiesenthal,POINT (12.947489339118702 50.4406623975291)
C9739,Oelsnitz/Erzgeb.,POINT (12.701998476825546 50.714853385450326)
C9740,Olbernhau,POINT (13.334919360091588 50.66804170459489)
C9741,Pockau-Lengefeld,POINT (13.219057848494598 50.71961140128637)
C9742,Raschau-Markersbach,POINT (12.862516071862139 50.516889612240966)
C9743,Schneeberg,POINT (12.620283582177374 50.59270872998041)
C9744,Schönheide,POINT (12.518233249306926 50.50112710023167)
C9745,Schwarzenberg/Erzgeb.,POINT (12.78387322076991 50.517902574705566)
C9746,Sehmatal,POINT (12.98002066154917 50.49535144458046)
C9747,Stützengrün,POINT (12.556041990160365 50.53711697230878)
C9748,Thalheim/Erzgeb.,POINT (12.848635885641546 50.700361597932655)
C9749,Thermalbad Wiesenbad,POINT (13.010178397419457 50.6188117279455)
C9750,Thum,POINT (12.950861870512767 50.67430655484501)
C9751,Wolkenstein,POINT (13.075271093421335 50.65461674559309)
C9752,Bärenstein,POINT (13.02421763022751 50.49846230435676)
C9753,Königswalde,POINT (13.050589209328782 50.5372382153656)
C9754,Auerbach,POINT (12.910240057191203 50.68784372905138)
C9755,Burkhardtsdorf,POINT (12.918962722037039 50.73252921284435)
C9756,Gornsdorf,POINT (12.885550678420067 50.707319487331844)
C9757,Geyer,POINT (12.901969111410597 50.63070948057346)
C9758,Tannenberg,POINT (12.946708858403184 50.60969328437052)
C9759,Lugau/Erzgeb.,POINT (12.751364220494098 50.75841971630862)
C9760,Niederwürschnitz,POINT (12.76010796654401 50.728285508627046)
C9761,Scheibenberg,POINT (12.90893512493798 50.53896375059308)
C9762,Schlettau,POINT (12.949255465426065 50.566388756197)
C9763,Deutschneudorf,POINT (13.466724785019306 50.6199044919316)
C9764,Heidersdorf,POINT (13.40757377453974 50.66988327077316)
C9765,Seiffen/Erzgeb.,POINT (13.45705168455814 50.64372211792139)
C9766,Niederdorf,POINT (12.803043564228721 50.73114112128034)
C9767,Stollberg/Erzgeb.,POINT (12.759533479148143 50.68357178386798)
C9768,Gornau/Erzgeb.,POINT (13.05118071087972 50.7746472389624)
C9769,Zschopau,POINT (13.084094353034946 50.73895243711281)
C9770,Bockau,POINT (12.681931604548431 50.52803606002899)
C9771,Zschorlau,POINT (12.645244565861754 50.55121954400173)
C9772,Elterlein,POINT (12.881152324463521 50.5875111895207)
C9773,Zwönitz,POINT (12.83102847467219 50.65129414575509)
C9774,Börnichen/Erzgeb.,POINT (13.134042153696699 50.727882457924544)
C9775,Grünhainichen,POINT (13.162433140912805 50.7684756764905)
C9776,Augustusburg,POINT (13.087093893439937 50.815125485720806)
C9777,Bobritzsch-Hilbersdorf,POINT (13.446267488590543 50.89082074497855)
C9778,Brand-Erbisdorf,POINT (13.293960098254239 50.84915216379299)
C9779,Claußnitz,POINT (12.880737394778063 50.93930290597997)
C9780,Döbeln,POINT (13.148310108678931 51.124578242531484)
C9781,Eppendorf,POINT (13.254815566426405 50.795715064149945)
C9782,Erlau,POINT (12.916677129491237 51.029770351263316)
C9783,Flöha,POINT (13.086359471147446 50.85574117900409)
C9784,Frankenberg/Sa.,POINT (13.075106679910336 50.91238009642822)
C9785,Frauenstein,POINT (13.515818888586484 50.79438690321104)
C9786,Freiberg,POINT (13.334020916776685 50.914619579803535)
C9787,Geringswalde,POINT (12.911542885914232 51.07338451403424)
C9788,Großhartmannsdorf,POINT (13.319249676427617 50.776487912509694)
C9789,Großschirma,POINT (13.281698862127397 50.990430627558744)
C9790,Großweitzschen,POINT (13.057745464682567 51.167073899725644)
C9791,Hainichen,POINT (13.134337788374523 50.954152449571616)
C9792,Halsbrücke,POINT (13.389553189590197 50.96306498473125)
C9793,Hartha,POINT (12.968203725453264 51.114112685359224)
C9794,Hartmannsdorf,POINT (12.795599187078027 50.8826766131566)
C9795,Jahnatal,POINT (13.143884918301238 51.1917551845761)
C9796,Königshain-Wiederau,POINT (12.859259694170701 50.97201680963094)
C9797,Kriebstein,POINT (13.04986380341117 51.038272557635054)
C9798,Leisnig,POINT (12.937840116716638 51.17624673283742)
C9799,Leubsdorf,POINT (13.15665578914941 50.80242405409956)
C9800,Lichtenau,POINT (12.960588593486664 50.918039787807906)
C9801,Lunzenau,POINT (12.752556723443364 50.964599640286124)
C9802,Mulda/Sa.,POINT (13.396711195543777 50.79322652722164)
C9803,Neuhausen/Erzgeb.,POINT (13.492273738313392 50.6817790104714)
C9804,Niederwiesa,POINT (13.017470390544034 50.866816537078634)
C9805,Oberschöna,POINT (13.250445601112379 50.922875904879206)
C9806,Oederan,POINT (13.189846669982064 50.867119976317554)
C9807,Penig,POINT (12.691177319064955 50.947687188024375)
C9808,Rechenberg-Bienenmühle,POINT (13.556565981613655 50.73789921128625)
C9809,Reinsberg,POINT (13.379610499762785 51.016203969657646)
C9810,Rossau,POINT (13.059935623271059 50.99549506869943)
C9811,Roßwein,POINT (13.175771505267148 51.07851764603983)
C9812,Striegistal,POINT (13.186486323437295 51.017567090407816)
C9813,Waldheim,POINT (13.035225775477498 51.07399270763814)
C9814,Wechselburg,POINT (12.784892133153887 50.99601369696451)
C9815,Burgstädt,POINT (12.804275638427097 50.922203219790354)
C9816,Mühlau,POINT (12.764347332203279 50.90049693533781)
C9817,Taura,POINT (12.855772370493295 50.910852948367335)
C9818,Lichtenberg/Erzgeb.,POINT (13.402274759579944 50.83269121097647)
C9819,Weißenborn/Erzgeb.,POINT (13.386958025439352 50.86852514270597)
C9820,Altmittweida,POINT (12.948608776575515 50.9626355566217)
C9821,Mittweida,POINT (12.959931615170461 50.99568468784932)
C9822,Königsfeld,POINT (12.759446735746904 51.076939599344996)
C9823,Rochlitz,POINT (12.773038762233082 51.04207381678397)
C9824,Seelitz,POINT (12.82937665119592 51.02945523698621)
C9825,Zettlitz,POINT (12.841299443201773 51.07996622156677)
C9826,Dorfchemnitz,POINT (13.422881949016352 50.75773665195093)
C9827,Sayda,POINT (13.428082321274392 50.71515136518298)
C9828,Adorf/Vogtl.,POINT (12.24347449027018 50.32514741533933)
C9829,Auerbach/Vogtl.,POINT (12.419966363039984 50.488836560518635)
C9830,Bad Brambach,POINT (12.303821342668686 50.22660639010362)
C9831,Bad Elster,POINT (12.250334322364562 50.28199192495943)
C9832,Ellefeld,POINT (12.389204402835325 50.48136963203875)
C9833,Elsterberg,POINT (12.172277541838454 50.60583276864211)
C9834,Klingenthal,POINT (12.445816307680527 50.374561613213594)
C9835,Lengenfeld,POINT (12.377261079186297 50.58366089615112)
C9836,Markneukirchen,POINT (12.348315424742115 50.309246515329505)
C9837,Muldenhammer,POINT (12.495205334556854 50.42863092513577)
C9838,Neumark,POINT (12.353725925307266 50.65454141557643)
C9839,Pausa-Mühltroff,POINT (11.957333588357907 50.56482104593042)
C9840,Plauen,POINT (12.135980342538321 50.49848456904728)
C9841,Pöhl,POINT (12.197534761938947 50.5577422614452)
C9842,Rodewisch,POINT (12.418477408274049 50.536255213763056)
C9843,Rosenbach/Vogtl.,POINT (12.025853126892898 50.5309601034554)
C9844,Steinberg,POINT (12.476956134396989 50.54424740059665)
C9845,Weischlitz,POINT (12.007438795742173 50.440487798880234)
C9846,Falkenstein/Vogtl.,POINT (12.340373772956848 50.47994918362701)
C9847,Grünbach,POINT (12.389943863457795 50.41954705296831)
C9848,Neustadt/Vogtl.,POINT (12.329439693479145 50.45684016754221)
C9849,Limbach,POINT (12.25018231030884 50.585650194009865)
C9850,Netzschkau,POINT (12.23827282684406 50.60954025472503)
C9851,Bösenbrunn,POINT (12.076741999742477 50.38077864415851)
C9852,Eichigt,POINT (12.167834144362004 50.344103593027896)
C9853,Oelsnitz/Vogtl.,POINT (12.15795327975878 50.41285200809575)
C9854,Triebel/Vogtl.,POINT (12.073801019884069 50.35565968646307)
C9855,Heinsdorfergrund,POINT (12.370522341233128 50.62149995495649)
C9856,Reichenbach im Vogtland,POINT (12.299622542633065 50.621550121154556)
C9857,Mühlental,POINT (12.256474279881003 50.37911466755898)
C9858,Schöneck/Vogtl.,POINT (12.331063376477532 50.39042132018987)
C9859,Neuensalz,POINT (12.240324098283487 50.51044776148482)
C9860,Treuen,POINT (12.305201874312012 50.53975004170575)
C9861,Bergen,POINT (12.279482684220092 50.465975828651274)
C9862,Theuma,POINT (12.228343818468785 50.466370067532694)
C9863,Tirpersdorf,POINT (12.232640447044007 50.441495207147454)
C9864,Werda,POINT (12.298440709152523 50.434970992446836)
C9865,Callenberg,POINT (12.671096660118048 50.84314838626825)
C9866,Fraureuth,POINT (12.351544441135522 50.69247397215564)
C9867,Gersdorf,POINT (12.700977280848194 50.758967956797)
C9868,Glauchau,POINT (12.556131423736366 50.81363941753886)
C9869,Hartenstein,POINT (12.671696530712495 50.670908851853085)
C9870,Hohenstein-Ernstthal,POINT (12.707227547751586 50.810381692135294)
C9871,Langenbernsdorf,POINT (12.293717174001362 50.756187867260024)
C9872,Langenweißbach,POINT (12.604587811607066 50.636776974021295)
C9873,Lichtentanne,POINT (12.416827033515629 50.67009781726392)
C9874,Mülsen,POINT (12.579065818528921 50.739691894386944)
C9875,Neukirchen/Pleiße,POINT (12.38672482607894 50.78315832750757)
C9876,Oberlungwitz,POINT (12.735154001848441 50.787435605944665)
C9877,Reinsdorf,POINT (12.55589295901734 50.69348600075728)
C9878,Werdau,POINT (12.352873176861587 50.72766544007537)
C9879,Wildenfels,POINT (12.587215936736515 50.664157377948776)
C9880,Wilkau-Haßlau,POINT (12.521629901623447 50.66416129116592)
C9881,Zwickau,POINT (12.480536542011121 50.72749663027578)
C9882,Crimmitschau,POINT (12.358165081727641 50.811813780124496)
C9883,Dennheritz,POINT (12.47594248101645 50.81162999012144)
C9884,Crinitzberg,POINT (12.502119337603324 50.57096225930657)
C9885,Hartmannsdorf b.Kirchberg,POINT (12.562683215580595 50.583178776738606)
C9886,Hirschfeld,POINT (12.4628722403194 50.629266025585544)
C9887,Kirchberg,POINT (12.49942403229503 50.608653301742386)
C9888,Limbach-Oberfrohna,POINT (12.721563398367948 50.87003510692372)
C9889,Niederfrohna,POINT (12.73261657556324 50.888252506217356)
C9890,Meerane,POINT (12.462420393775922 50.84366445519397)
C9891,Schönberg,POINT (12.497391973384781 50.87305399868518)
C9892,Bernsdorf,POINT (12.66444586299636 50.77771829520669)
C9893,Lichtenstein/Sa.,POINT (12.635097201273942 50.74869180838519)
C9894,St. Egidien,POINT (12.622451979191377 50.79669285932368)
C9895,Oberwiera,POINT (12.541100882221617 50.887981149753756)
C9896,Remse,POINT (12.563080633888552 50.85756564528254)
C9897,Waldenburg,POINT (12.608876058773957 50.881095572568334)
C9898,Dresden,POINT (13.78341587899021 51.066326077492675)
C9899,Arnsdorf,POINT (13.983597986566048 51.09208227845158)
C9900,Bautzen,POINT (14.414687901434863 51.19109140572325)
C9901,Bernsdorf,POINT (14.066583249967696 51.374637563071886)
C9902,Burkau,POINT (14.204328684208955 51.18628185799804)
C9903,Cunewalde,POINT (14.524952074218938 51.09975893525525)
C9904,Demitz-Thumitz,POINT (14.247867452970912 51.15288934231456)
C9905,Doberschau-Gaußig,POINT (14.339994724147934 51.13683629723865)
C9906,Elsterheide,POINT (14.212764857584759 51.49572033857651)
C9907,Elstra,POINT (14.12938133630149 51.21403593252137)
C9908,Göda,POINT (14.306637858183347 51.18663598315573)
C9909,Großdubrau,POINT (14.4911848065387 51.27337338082606)
C9910,Großröhrsdorf,POINT (14.031793272212271 51.1443084274671)
C9911,Haselbachtal,POINT (14.019944043352044 51.23886215440228)
C9912,Hochkirch,POINT (14.579031108487165 51.14506355450936)
C9913,Hoyerswerda,POINT (14.219655239048874 51.42550916005047)
C9914,Kamenz,POINT (14.081593602377124 51.29004880818235)
C9915,Königswartha,POINT (14.327015467612785 51.32153214661673)
C9916,Kubschütz,POINT (14.506817987903316 51.1671708318437)
C9917,Lauta,POINT (14.097750246213295 51.45064083798917)
C9918,Lohsa,POINT (14.398036943212045 51.383986196231064)
C9919,Malschwitz,POINT (14.559499791848129 51.25762827359382)
C9920,Neukirch/Lausitz,POINT (14.304768204391953 51.09301642288184)
C9921,Oßling,POINT (14.157446176857913 51.34569274803962)
C9922,Ottendorf-Okrilla,POINT (13.821871693048536 51.17639432137394)
C9923,Radeberg,POINT (13.915531548597714 51.10682269097288)
C9924,Radibor,POINT (14.417983859518046 51.27424408221831)
C9925,Schirgiswalde-Kirschau,POINT (14.43984824363461 51.08579078315848)
C9926,Schmölln-Putzkau,POINT (14.235236031042014 51.100529162647994)
C9927,Schwepnitz,POINT (13.960959915934582 51.35124902870981)
C9928,Sohland a.d.Spree,POINT (14.429842933632209 51.04664734411622)
C9929,Spreetal,POINT (14.413945067160038 51.48049351390994)
C9930,Steinigtwolmsdorf,POINT (14.347726935716572 51.06562933366057)
C9931,Wachau,POINT (13.911852091638492 51.16607157271927)
C9932,Weißenberg,POINT (14.628524043941786 51.18690036486257)
C9933,Wilthen,POINT (14.382709130780825 51.09957356208099)
C9934,Wittichenau,POINT (14.24176288732691 51.37933629567062)
C9935,Bischofswerda,POINT (14.17143915075507 51.121396616896995)
C9936,Rammenau,POINT (14.126901688010117 51.15858048977224)
C9937,Frankenthal,POINT (14.102987141745988 51.13355291127296)
C9938,Großharthau,POINT (14.073544937762586 51.10156132043155)
C9939,Großpostwitz/O.L.,POINT (14.453481931133526 51.127028797472775)
C9940,Obergurig,POINT (14.404932989582178 51.13084857936147)
C9941,Königsbrück,POINT (13.87308648536346 51.30863841683332)
C9942,Laußnitz,POINT (13.850283769820845 51.230340297374276)
C9943,Neukirch,POINT (13.951405179961494 51.29103811722306)
C9944,Neschwitz,POINT (14.325368948193647 51.26776631760112)
C9945,Puschwitz,POINT (14.2857646832393 51.24728210987589)
C9946,Großnaundorf,POINT (13.94521206612271 51.20748685635322)
C9947,Lichtenberg,POINT (13.96252054018296 51.17629134088627)
C9948,Ohorn,POINT (14.064555093529885 51.17715637677747)
C9949,Pulsnitz,POINT (14.000440850507847 51.20362996134678)
C9950,Steina,POINT (14.05232510785158 51.20420033129717)
C9951,Crostwitz,POINT (14.24972065571542 51.24119465677948)
C9952,Nebelschütz,POINT (14.174707438226584 51.27115652108643)
C9953,Panschwitz-Kuckau,POINT (14.197245995017505 51.21643258647042)
C9954,Räckelwitz,POINT (14.212665163781535 51.26101467863862)
C9955,Ralbitz-Rosenthal,POINT (14.234443840731272 51.306230028167555)
C9956,Boxberg/O.L.,POINT (14.596208089277535 51.39135707619225)
C9957,Ebersbach-Neugersdorf,POINT (14.602309287874728 50.99840836886287)
C9958,Görlitz,POINT (14.966513532935465 51.14227175455588)
C9959,Herrnhut,POINT (14.760023179772707 51.01063058166296)
C9960,Kottmar,POINT (14.658930798144276 51.02134225327397)
C9961,Krauschwitz i.d.O.L.,POINT (14.839226906744452 51.47177987683647)
C9962,Leutersdorf,POINT (14.659112146365722 50.94823420984773)
C9963,Markersdorf,POINT (14.877566986170887 51.11958517296355)
C9964,Mittelherwigsdorf,POINT (14.785197637109327 50.93114523052612)
C9965,Niesky,POINT (14.802701914926994 51.31895439441262)
C9966,Oderwitz,POINT (14.721406626370504 50.96215744640826)
C9967,Ostritz,POINT (14.918336264237052 51.01680611105388)
C9968,Seifhennersdorf,POINT (14.605439075773402 50.93691509145912)
C9969,Zittau,POINT (14.837578380630827 50.9292224944276)
C9970,Bad Muskau,POINT (14.707332920737377 51.55871575010434)
C9971,Gablenz,POINT (14.650498102270706 51.53958065960071)
C9972,Bernstadt a.d.Eigen,POINT (14.827274475978914 51.047680949905214)
C9973,Schönau-Berzdorf a.d.Eigen,POINT (14.897354549373958 51.05826222749634)
C9974,Großschönau,POINT (14.656793861000933 50.88339445961444)
C9975,Hainewalde,POINT (14.697648260790015 50.91359219374051)
C9976,Großschweidnitz,POINT (14.638081444688938 51.06722518516343)
C9977,Lawalde,POINT (14.591513654075667 51.09034840490029)
C9978,Löbau,POINT (14.677973938602435 51.11809507803241)
C9979,Rosenbach,POINT (14.739621422367636 51.08026220942421)
C9980,Dürrhennersdorf,POINT (14.604554627148854 51.04927999497766)
C9981,Neusalza-Spremberg,POINT (14.543188307495987 51.031848010937765)
C9982,Schönbach,POINT (14.566315470181957 51.06264278876775)
C9983,Bertsdorf-Hörnitz,POINT (14.720913048864869 50.883921999446194)
C9984,Jonsdorf,POINT (14.689527807846499 50.853463341768034)
C9985,Olbersdorf,POINT (14.762124298787509 50.87382985023559)
C9986,Oybin,POINT (14.752058145421122 50.840452883348746)
C9987,Beiersdorf,POINT (14.530476963211079 51.0720364999448)
C9988,Oppach,POINT (14.500136588704212 51.061984828553015)
C9989,Königshain,POINT (14.862818594784036 51.183952378405955)
C9990,Reichenbach/O.L.,POINT (14.784963121297324 51.140927852978315)
C9991,Vierkirchen,POINT (14.745513129993746 51.19833408198746)
C9992,Kreba-Neudorf,POINT (14.702188192798424 51.34704944656354)
C9993,Rietschen,POINT (14.786198776907547 51.40642638563861)
C9994,Hähnichen,POINT (14.860067574613497 51.36061638494599)
C9995,Rothenburg/O.L.,POINT (14.944755035280242 51.3561584959177)
C9996,Groß Düben,POINT (14.580628457157646 51.55662541554959)
C9997,Schleife,POINT (14.501071210137049 51.53252643122177)
C9998,Trebendorf,POINT (14.536201163863504 51.50013140626893)
C9999,Weißkeißel,POINT (14.72395017944706 51.46766783494636)
C10000,Weißwasser/O.L.,POINT (14.600519012288816 51.48823156141258)
C10001,Hohendubrau,POINT (14.661708177088283 51.25371464468114)
C10002,Mücka,POINT (14.68479088747787 51.30059548982229)
C10003,Quitzdorf am See,POINT (14.735881761738026 51.29253820288801)
C10004,Waldhufen,POINT (14.791847720513086 51.23914087786906)
C10005,Horka,POINT (14.905736042027115 51.29643733219506)
C10006,Kodersdorf,POINT (14.888065186719848 51.236413063464994)
C10007,Neißeaue,POINT (14.987334055929596 51.25879165795302)
C10008,Schöpstal,POINT (14.931368970842803 51.191988874475776)
C10009,Coswig,POINT (13.576906526562576 51.13769682919519)
C10010,Diera-Zehren,POINT (13.4137701110885 51.21058547724294)
C10011,Ebersbach,POINT (13.652654112161933 51.24735011538301)
C10012,Gröditz,POINT (13.406351826978383 51.419485483163676)
C10013,Großenhain,POINT (13.523164251374224 51.32368284483952)
C10014,Hirschstein,POINT (13.345991993274378 51.258357387225395)
C10015,Käbschütztal,POINT (13.385466450582607 51.14723655814398)
C10016,Klipphausen,POINT (13.483148764464492 51.09262235212643)
C10017,Lommatzsch,POINT (13.294536105391218 51.20435552378106)
C10018,Meißen,POINT (13.478290763926985 51.16234539118951)
C10019,Moritzburg,POINT (13.666338376757416 51.16211485812081)
C10020,Niederau,POINT (13.546834670883584 51.19325869189672)
C10021,Nossen,POINT (13.307181757863539 51.10076009065105)
C10022,Priestewitz,POINT (13.509199654592472 51.24262938314732)
C10023,Radebeul,POINT (13.640705968525916 51.113390885514825)
C10024,Radeburg,POINT (13.73121841959188 51.191885999000654)
C10025,Riesa,POINT (13.280529463115842 51.29708268136683)
C10026,Stauchitz,POINT (13.236625135260333 51.2454495595348)
C10027,Strehla,POINT (13.229867360504333 51.36150785702849)
C10028,Thiendorf,POINT (13.780666247312427 51.29683369995031)
C10029,Weinböhla,POINT (13.588078008040915 51.163291862050635)
C10030,Zeithain,POINT (13.314484611002396 51.367840892121166)
C10031,Glaubitz,POINT (13.390060664530283 51.32767370168217)
C10032,Nünchritz,POINT (13.416943629471435 51.28114177680595)
C10033,Röderaue,POINT (13.470065346834524 51.385873065933545)
C10034,Wülknitz,POINT (13.397124397202608 51.368519104547254)
C10035,Lampertswalde,POINT (13.654132932884865 51.33349354983098)
C10036,Schönfeld,POINT (13.739102676872927 51.3262152875601)
C10037,Bannewitz,POINT (13.723267318164977 50.98135951962811)
C10038,Dippoldiswalde,POINT (13.647640814094132 50.8644288718647)
C10039,Dürrröhrsdorf-Dittersbach,POINT (14.00690909192423 51.03076420400396)
C10040,Freital,POINT (13.635566712372647 50.99784565207319)
C10041,Glashütte,POINT (13.75781703983144 50.862684676779615)
C10042,Heidenau,POINT (13.870340023973263 50.969231211780446)
C10043,Hohnstein,POINT (14.140301539434773 50.97925466674689)
C10044,Kreischa,POINT (13.756717671093714 50.94864739593228)
C10045,Neustadt in Sachsen,POINT (14.22364519998215 51.0365356178865)
C10046,Rabenau,POINT (13.666042304029883 50.95065948604323)
C10047,Sebnitz,POINT (14.290928969265098 50.93990628536896)
C10048,Stolpen,POINT (14.094378323634164 51.04558825095863)
C10049,Wilsdruff,POINT (13.510475420305486 51.02750777222401)
C10050,Altenberg,POINT (13.770948602243934 50.772008681985426)
C10051,Hermsdorf/Erzgeb.,POINT (13.643541807611609 50.76019492103548)
C10052,Bad Gottleuba-Berggießhübel,POINT (13.951989015828673 50.838095365377875)
C10053,Bahretal,POINT (13.899523890737363 50.88293073427086)
C10054,Liebstadt,POINT (13.842736135339678 50.86327026580284)
C10055,Bad Schandau,POINT (14.203653763780764 50.91805351738497)
C10056,Rathmannsdorf,POINT (14.144723292058506 50.932587947620725)
C10057,Reinhardtsdorf-Schöna,POINT (14.18765661875288 50.87508455380199)
C10058,Dohna,POINT (13.839497758479457 50.95298729348813)
C10059,Müglitztal,POINT (13.829752514747094 50.924326350756836)
C10060,Gohrisch,POINT (14.12529898773934 50.8843565391929)
C10061,Königstein/Sächs.Schw.,POINT (14.057968471062352 50.91062202316099)
C10062,Rathen,POINT (14.077754326957768 50.95553089181578)
C10063,Rosenthal-Bielatal,POINT (14.063177668340066 50.85115513743465)
C10064,Struppen,POINT (14.02196576594039 50.93666931537366)
C10065,Lohmen,POINT (14.015228177264637 50.98476026745742)
C10066,Stadt Wehlen,POINT (14.007849464917642 50.96113569922267)
C10067,Dohma,POINT (13.952392160149072 50.905981573148864)
C10068,Pirna,POINT (13.939203467773888 50.9648139054225)
C10069,Hartmannsdorf-Reichenau,POINT (13.577718071881273 50.80833235501926)
C10070,Klingenberg,POINT (13.548226249582415 50.89489857057831)
C10071,Dorfhain,POINT (13.552978822924567 50.935332550994474)
C10072,Tharandt,POINT (13.516878371323662 50.96586089537985)
C10073,Leipzig,POINT (12.375088711170825 51.34186348292815)
C10074,Bennewitz,POINT (12.700716555286471 51.342640101686136)
C10075,Böhlen,POINT (12.385775765033637 51.2087049261276)
C10076,Borna,POINT (12.50210058738011 51.11543554026005)
C10077,Borsdorf,POINT (12.54082995210613 51.35297817245939)
C10078,Brandis,POINT (12.609989902368465 51.323699249907534)
C10079,Colditz,POINT (12.799970849987215 51.13079496978123)
C10080,Frohburg,POINT (12.597189351211858 51.060617094655655)
C10081,Geithain,POINT (12.684204015938338 51.03778836478944)
C10082,Grimma,POINT (12.79359731008509 51.229748777385495)
C10083,Groitzsch,POINT (12.308414026584538 51.131813479427635)
C10084,Großpösna,POINT (12.474310976908692 51.24924714440232)
C10085,Kitzscher,POINT (12.547637664365421 51.171942568531314)
C10086,Lossatal,POINT (12.842669249839275 51.39755469122606)
C10087,Machern,POINT (12.625426909068219 51.3756594019629)
C10088,Markkleeberg,POINT (12.387351458019726 51.26631234823063)
C10089,Markranstädt,POINT (12.209979499087419 51.29311267156361)
C10090,Neukieritzsch,POINT (12.413273095243735 51.15278175243572)
C10091,Regis-Breitingen,POINT (12.402760260037127 51.09700848677917)
C10092,Rötha,POINT (12.474810718549104 51.20393632226843)
C10093,Thallwitz,POINT (12.726803490734163 51.42955953426126)
C10094,Trebsen/Mulde,POINT (12.728914722645653 51.28619101364546)
C10095,Wurzen,POINT (12.798836683250055 51.34122982259026)
C10096,Zwenkau,POINT (12.308014468089032 51.21860600950454)
C10097,Bad Lausick,POINT (12.658870521316757 51.147312868372246)
C10098,Otterwisch,POINT (12.616654530785404 51.20385847414456)
C10099,Belgershain,POINT (12.554552578443046 51.24345704509945)
C10100,Naunhof,POINT (12.585942438418117 51.286135177316154)
C10101,Parthenstein,POINT (12.632494891120343 51.24803589291182)
C10102,Elstertrebnitz,POINT (12.226853582655934 51.14969264733403)
C10103,Pegau,POINT (12.236813883794039 51.198682059747966)
C10104,Bad Düben,POINT (12.559706065370673 51.58605815449774)
C10105,Belgern-Schildau,POINT (13.04569110110397 51.456158008380164)
C10106,Cavertitz,POINT (13.101705152557455 51.39293244723114)
C10107,Dahlen,POINT (12.985591769229144 51.382179040897306)
C10108,Delitzsch,POINT (12.356345541213592 51.533815734238104)
C10109,Doberschütz,POINT (12.706728124124789 51.502353886787866)
C10110,Eilenburg,POINT (12.609011504120579 51.4614240585696)
C10111,Laußig,POINT (12.676046285586562 51.584975129289404)
C10112,Liebschützberg,POINT (13.153349874583103 51.3339890124409)
C10113,Löbnitz,POINT (12.45189702246632 51.580212597492185)
C10114,Mockrehna,POINT (12.831885720054752 51.51146520048929)
C10115,Mügeln,POINT (13.019466823499261 51.23360867674679)
C10116,Naundorf,POINT (13.150226904646209 51.24972127296672)
C10117,Oschatz,POINT (13.096594048336607 51.29437931259208)
C10118,Rackwitz,POINT (12.365304225910855 51.45763514725642)
C10119,Schkeuditz,POINT (12.244520904688207 51.409066936952335)
C10120,Taucha,POINT (12.508058117347145 51.39010322640868)
C10121,Wermsdorf,POINT (12.96514442326545 51.30107096464445)
C10122,Wiedemar,POINT (12.240090837834062 51.492269692271904)
C10123,Arzberg,POINT (13.14034195733696 51.52332139831197)
C10124,Beilrode,POINT (13.052932185080358 51.604008747313266)
C10125,Dommitzsch,POINT (12.853316866735378 51.64852142756929)
C10126,Elsnig,POINT (12.938040573281004 51.61161776108807)
C10127,Trossin,POINT (12.80106132698046 51.61074330156546)
C10128,Krostitz,POINT (12.453446825141057 51.458884203794916)
C10129,Schönwölkau,POINT (12.461539317413791 51.51218786504772)
C10130,Dreiheide,POINT (12.882639387347705 51.56297265002953)
C10131,Torgau,POINT (12.995139257069576 51.53241423991032)
C10132,Jesewitz,POINT (12.572925089732738 51.41905641341727)
C10133,Zschepplin,POINT (12.564587501756856 51.517081043898344)
C10134,Dessau-Roßlau,POINT (12.230824931217027 51.85380051650853)
C10135,Halle (Saale),POINT (11.96827464771939 51.479839554345254)
C10136,Magdeburg,POINT (11.641638407084955 52.116732575335156)
C10137,Arendsee (Altmark),POINT (11.450893391594958 52.84879939618432)
C10138,Gardelegen,POINT (11.364620766782625 52.50992479592972)
C10139,Kalbe (Milde),POINT (11.374623465089808 52.69657462120624)
C10140,Klötze,POINT (11.105292150889484 52.59505046225156)
C10141,Salzwedel,POINT (11.142053127260342 52.8416165276134)
C10142,Apenburg-Winterfeld,POINT (11.203992803020325 52.73830050363445)
C10143,Beetzendorf,POINT (11.081608857154832 52.68619209529271)
C10144,Dähre,POINT (10.853566645383246 52.81417899507808)
C10145,Diesdorf,POINT (10.872545357018598 52.74885309951991)
C10146,Jübar,POINT (10.917041407687186 52.674374044645816)
C10147,Kuhfelde,POINT (11.087281684861225 52.76657451365323)
C10148,Rohrberg,POINT (11.016723139290608 52.71167259852393)
C10149,Wallstawe,POINT (10.987575913053396 52.78531006309307)
C10150,Aken (Elbe),POINT (12.051678167934522 51.84561025268247)
C10151,Bitterfeld-Wolfen,POINT (12.287722400242611 51.64209557389016)
C10152,Köthen (Anhalt),POINT (11.965290096994194 51.74059424026725)
C10153,Muldestausee,POINT (12.451557647908 51.64500323968393)
C10154,Osternienburger Land,POINT (11.970665808733663 51.80717442480737)
C10155,Raguhn-Jeßnitz,POINT (12.27212566263798 51.725458294822225)
C10156,Sandersdorf-Brehna,POINT (12.233631605574127 51.59016049123755)
C10157,Südliches Anhalt,POINT (12.038269767410869 51.704829508302176)
C10158,Zerbst/Anhalt,POINT (12.12446895296156 51.99195382290739)
C10159,Zörbig,POINT (12.122350314313003 51.63671374081609)
C10160,Barleben,POINT (11.596920482551173 52.20357648516293)
C10161,Haldensleben,POINT (11.411597217659784 52.31164188799183)
C10162,Hohe Börde,POINT (11.418236647639672 52.18809385571873)
C10163,Niedere Börde,POINT (11.53224782395462 52.23890169421095)
C10164,Oebisfelde-Weferlingen,POINT (11.071494814283534 52.386360320272296)
C10165,Oschersleben (Bode),POINT (11.264152198975452 52.029792099695925)
C10166,Sülzetal,POINT (11.542706642327754 52.015466083882835)
C10167,Wanzleben-Börde,POINT (11.391544625234877 52.08603371204487)
C10168,Wolmirstedt,POINT (11.653317781306098 52.25146253350192)
C10169,Angern,POINT (11.772506747625151 52.36904616435524)
C10170,Burgstall,POINT (11.642434480230488 52.41069373755012)
C10171,Colbitz,POINT (11.591336838629948 52.33005482593891)
C10172,Loitsche-Heinrichsberg,POINT (11.705905002423947 52.29972669976657)
C10173,Rogätz,POINT (11.744511742458375 52.32370465152081)
C10174,Westheide,POINT (11.490697784509964 52.332657651805846)
C10175,Zielitz,POINT (11.663157321869477 52.30176526739596)
C10176,Altenhausen,POINT (11.249508743387084 52.27008840444837)
C10177,Beendorf,POINT (11.07974491836496 52.24587335888084)
C10178,Bülstringen,POINT (11.328430485260158 52.331651890433676)
C10179,Calvörde,POINT (11.298373182130083 52.3982229545442)
C10180,Erxleben,POINT (11.21675378084156 52.22309421128961)
C10181,Flechtingen,POINT (11.208928449789187 52.33312524398817)
C10182,Ingersleben,POINT (11.163117834599142 52.213550422243806)
C10183,Eilsleben,POINT (11.253066382840583 52.14231955674664)
C10184,Harbke,POINT (11.049270382566014 52.19506318705897)
C10185,Hötensleben,POINT (11.02655021163291 52.09757530592106)
C10186,Sommersdorf,POINT (11.09987352161156 52.17609434766147)
C10187,Ummendorf,POINT (11.187300968106289 52.16352821483621)
C10188,Völpke,POINT (11.120815976735821 52.14050097274717)
C10189,Wefensleben,POINT (11.160312281362021 52.1858563497867)
C10190,Am Großen Bruch,POINT (11.095258018867206 52.040311578520225)
C10191,Ausleben,POINT (11.123383898576888 52.09423201456805)
C10192,Gröningen,POINT (11.2194165803749 51.94926409632881)
C10193,Kroppenstedt,POINT (11.315464259182047 51.93557299426336)
C10194,Elsteraue,POINT (12.216217614326988 51.07841092360698)
C10195,Hohenmölsen,POINT (12.11468185766906 51.1609842098453)
C10196,Lützen,POINT (12.11034616939557 51.22309039926805)
C10197,Naumburg (Saale),POINT (11.770222808884562 51.13456819435005)
C10198,Teuchern,POINT (12.002194378539292 51.12738420059399)
C10199,Weißenfels,POINT (11.966739338394971 51.22099881389662)
C10200,Zeitz,POINT (12.166102966847575 51.04869418121991)
C10201,An der Poststraße,POINT (11.557700273121785 51.15769605195849)
C10202,Bad Bibra,POINT (11.57972466840891 51.21744852665871)
C10203,Eckartsberga,POINT (11.53524025490182 51.127603687757095)
C10204,Finne,POINT (11.433229310580915 51.213771341494535)
C10205,Finneland,POINT (11.506860736635844 51.2052170535269)
C10206,Kaiserpfalz,POINT (11.476509710073005 51.25507365534562)
C10207,Lanitz-Hassel-Tal,POINT (11.661478007752255 51.14344041518199)
C10208,Droyßig,POINT (12.001132588216079 51.03502858659789)
C10209,Gutenborn,POINT (12.12463101263033 50.99806428643225)
C10210,Kretzschau,POINT (12.065457048207573 51.05723989519699)
C10211,Schnaudertal,POINT (12.192408414628995 50.97856767876533)
C10212,Wetterzeube,POINT (12.041927438399183 51.00171980959574)
C10213,Balgstädt,POINT (11.684566719116903 51.190199136588795)
C10214,Freyburg (Unstrut),POINT (11.787535392970474 51.21935909017667)
C10215,Gleina,POINT (11.731563547883969 51.25655646087441)
C10216,Goseck,POINT (11.867226769999215 51.210431052916235)
C10217,Karsdorf,POINT (11.635601955812323 51.274411026837726)
C10218,Laucha an der Unstrut,POINT (11.658563699083556 51.23256928714212)
C10219,Nebra (Unstrut),POINT (11.579870989077088 51.28241850280943)
C10220,Meineweh,POINT (11.98002830849743 51.075798946077086)
C10221,Mertendorf,POINT (11.877221127466258 51.09673423678989)
C10222,Molauer Land,POINT (11.781423519726737 51.06906010150869)
C10223,Osterfeld,POINT (11.926939224190818 51.05841120348817)
C10224,Schönburg,POINT (11.876584513485856 51.16102628034847)
C10225,Stößen,POINT (11.9322937569608 51.113773192760156)
C10226,Wethau,POINT (11.868555313519465 51.133966186241004)
C10227,Ballenstedt,POINT (11.22256127190935 51.72914343327396)
C10228,Blankenburg (Harz),POINT (10.941538837795866 51.81141321447376)
C10229,Falkenstein/Harz,POINT (11.31642314835665 51.708190719828686)
C10230,Halberstadt,POINT (11.019108408269696 51.902028195423874)
C10231,Harzgerode,POINT (11.100136757979575 51.6336025840622)
C10232,Huy,POINT (10.964759162877705 52.00326205315145)
C10233,Ilsenburg (Harz),POINT (10.668039647310612 51.84956453490636)
C10234,Nordharz,POINT (10.762785611573465 51.90965847028182)
C10235,Oberharz am Brocken,POINT (10.794088757110401 51.70480779918739)
C10236,Osterwieck,POINT (10.741409088226865 51.988322881234154)
C10237,Quedlinburg,POINT (11.142680858934199 51.762030591154605)
C10238,Thale,POINT (11.01561287984976 51.73532529816835)
C10239,Wernigerode,POINT (10.7450428595287 51.81647969248182)
C10240,Ditfurt,POINT (11.198863925387517 51.83443285216947)
C10241,Groß Quenstedt,POINT (11.105701136256616 51.93700680261246)
C10242,Harsleben,POINT (11.1019750283319 51.86099064552575)
C10243,Hedersleben,POINT (11.263470762891366 51.86755799169037)
C10244,Schwanebeck,POINT (11.121440543533394 51.970150191314715)
C10245,Selke-Aue,POINT (11.290637943007544 51.860448516592406)
C10246,Wegeleben,POINT (11.188719999812365 51.88499182303039)
C10247,Biederitz,POINT (11.749607798090375 52.14929142823424)
C10248,Burg,POINT (11.856376320420791 52.28461116244539)
C10249,Elbe-Parey,POINT (12.00201652479371 52.37281919141098)
C10250,Genthin,POINT (12.150180904624513 52.3351306168824)
C10251,Gommern,POINT (11.884775368838326 52.07323416318575)
C10252,Jerichow,POINT (12.16682415476435 52.44817719742672)
C10253,Möckern,POINT (12.055622923151963 52.17331239846387)
C10254,Möser,POINT (11.806744780221825 52.21129631112304)
C10255,Allstedt,POINT (11.407330014523687 51.43946408259698)
C10256,Arnstein,POINT (11.447488941011175 51.67305506037256)
C10257,Eisleben,POINT (11.568059588712476 51.51953784737183)
C10258,Gerbstedt,POINT (11.635250533584212 51.61562161575561)
C10259,Hettstedt,POINT (11.497222994035873 51.64578669808621)
C10260,Mansfeld,POINT (11.364605003220268 51.597754191818005)
C10261,Sangerhausen,POINT (11.250470597191562 51.518004978794146)
C10262,Seegebiet Mansfelder Land,POINT (11.673914892822003 51.48264428637982)
C10263,Südharz,POINT (11.034127255621113 51.53755636742763)
C10264,Berga,POINT (11.000453975596791 51.46264563708257)
C10265,Brücken-Hackpfüffel,POINT (11.192616119372028 51.42965016780166)
C10266,Edersleben,POINT (11.285898902281005 51.41320989277529)
C10267,Kelbra (Kyffhäuser),POINT (11.089327579258523 51.431369381595125)
C10268,Wallhausen,POINT (11.213604813430525 51.44879341797017)
C10269,Ahlsdorf,POINT (11.454811006826779 51.5495632465678)
C10270,Benndorf,POINT (11.46972612030294 51.57075878624205)
C10271,Blankenheim,POINT (11.431110832312163 51.50512253631202)
C10272,Bornstedt,POINT (11.479937744242562 51.47873015671068)
C10273,Helbra,POINT (11.495571745208796 51.55511817426108)
C10274,Hergisdorf,POINT (11.46438073141206 51.53100969658659)
C10275,Klostermansfeld,POINT (11.50247062331019 51.583803358662806)
C10276,Wimmelburg,POINT (11.483304602820683 51.515428954788014)
C10277,Bad Dürrenberg,POINT (12.09562200202245 51.28430843309044)
C10278,Bad Lauchstädt,POINT (11.835372142997482 51.3809821371765)
C10279,Braunsbedra,POINT (11.895840866948728 51.290769702232986)
C10280,Kabelsketal,POINT (12.10282899053063 51.439702969485985)
C10281,Landsberg,POINT (12.10919558980912 51.52345805849059)
C10282,Leuna,POINT (12.089941182873451 51.32836951434148)
C10283,Wettin-Löbejün,POINT (11.851105241797859 51.60727246809553)
C10284,Merseburg,POINT (11.974274940386076 51.34563518960358)
C10285,Mücheln (Geiseltal),POINT (11.782374014566797 51.311459433527574)
C10286,Petersberg,POINT (11.975150382599885 51.58438929970861)
C10287,Querfurt,POINT (11.531874363223249 51.3488723552816)
C10288,Salzatal,POINT (11.77899729898792 51.53277416379667)
C10289,Schkopau,POINT (12.040895098102364 51.39109969422303)
C10290,Teutschenthal,POINT (11.816516481677409 51.441275625465586)
C10291,Barnstädt,POINT (11.636562819498883 51.33746753825557)
C10292,Farnstädt,POINT (11.58870851372976 51.431245788447065)
C10293,Nemsdorf-Göhrendorf,POINT (11.682523564703184 51.355118034909204)
C10294,Obhausen,POINT (11.666174506926524 51.40103829108178)
C10295,Schraplau,POINT (11.651662731366104 51.435736757626195)
C10296,Steigra,POINT (11.690807432225464 51.29774256876249)
C10297,Aschersleben,POINT (11.489045473796482 51.76093642505543)
C10298,Barby,POINT (11.877878798892239 51.93255190328373)
C10299,Bernburg (Saale),POINT (11.766925214873822 51.774164174800745)
C10300,Bördeland,POINT (11.67897545130847 51.96958586322189)
C10301,Calbe (Saale),POINT (11.780158542050538 51.904082843181286)
C10302,Hecklingen,POINT (11.457316133348375 51.868998155771365)
C10303,Könnern,POINT (11.748368979714208 51.686555159507265)
C10304,Nienburg (Saale),POINT (11.782188986060518 51.83825533257848)
C10305,Schönebeck (Elbe),POINT (11.76041762783822 52.02579391723489)
C10306,Seeland,POINT (11.330785802161074 51.810325640138146)
C10307,Staßfurt,POINT (11.613055743211753 51.87774454824996)
C10308,Bördeaue,POINT (11.515664087215276 51.92690715383255)
C10309,Börde-Hakel,POINT (11.391291165675563 51.95326806161667)
C10310,Borne,POINT (11.567112414827648 51.952372315105734)
C10311,Egeln,POINT (11.42586493594024 51.941184850763086)
C10312,Wolmirsleben,POINT (11.48434983185037 51.95446741732204)
C10313,Alsleben (Saale),POINT (11.669972976060633 51.69856502996592)
C10314,Giersleben,POINT (11.541931050267797 51.78076067300756)
C10315,Güsten,POINT (11.605232636854979 51.78733833788532)
C10316,Ilberstedt,POINT (11.667398863022374 51.80754560596198)
C10317,Plötzkau,POINT (11.662753727989523 51.74567044089996)
C10318,Bismark (Altmark),POINT (11.60988888430806 52.65567496581195)
C10319,Havelberg,POINT (12.146283702932028 52.820199715438605)
C10320,Osterburg (Altmark),POINT (11.739462027057947 52.783761576986855)
C10321,Stendal,POINT (11.786048296030597 52.5855326723189)
C10322,Tangerhütte,POINT (11.81585048105927 52.4531178660472)
C10323,Tangermünde,POINT (11.94533974196241 52.541114900015025)
C10324,Arneburg,POINT (11.995608165305459 52.68918943635169)
C10325,Eichstedt (Altmark),POINT (11.889169473498258 52.68353477056794)
C10326,Goldbeck,POINT (11.867036053086172 52.72859685438934)
C10327,Hassel,POINT (11.935904280083584 52.646862597935296)
C10328,Hohenberg-Krusemark,POINT (11.967093426438199 52.7403502287779)
C10329,Iden,POINT (11.946264707221417 52.78613337943792)
C10330,Rochau,POINT (11.76935940245731 52.70597462781071)
C10331,Werben (Elbe),POINT (11.981919587619755 52.83877574187503)
C10332,Kamern,POINT (12.107825132950017 52.74321485693538)
C10333,Klietz,POINT (12.070753895216985 52.66903343828497)
C10334,Sandau (Elbe),POINT (12.055924398544365 52.79189948609657)
C10335,Schollene,POINT (12.181197051095442 52.66905528434703)
C10336,Schönhausen (Elbe),POINT (12.075786126430247 52.599474489027514)
C10337,Wust-Fischbeck,POINT (12.100250987948574 52.546509479981864)
C10338,Aland,POINT (11.650406605085454 52.96798078532037)
C10339,Altmärkische Höhe,POINT (11.600110146136473 52.833663290261555)
C10340,Altmärkische Wische,POINT (11.873238351691155 52.86298938419189)
C10341,Seehausen (Altmark),POINT (11.770688510852256 52.91435483179834)
C10342,Zehrental,POINT (11.574061508703885 52.94658469585567)
C10343,Annaburg,POINT (13.015862433244768 51.70734202908605)
C10344,Bad Schmiedeberg,POINT (12.725215937825627 51.70320565079462)
C10345,Coswig (Anhalt),POINT (12.427315191810866 51.94823975805477)
C10346,Gräfenhainichen,POINT (12.47346316532262 51.71375327477608)
C10347,Jessen (Elster),POINT (12.970849217064083 51.818895516626846)
C10348,Kemberg,POINT (12.622602443200378 51.78133788503252)
C10349,Oranienbaum-Wörlitz,POINT (12.4066812726179 51.831529010199425)
C10350,Wittenberg,POINT (12.639364357768175 51.9089752950536)
C10351,Zahna-Elster,POINT (12.808989054146368 51.88639215970941)
C10352,Erfurt,POINT (11.0203323698632 50.983326529447204)
C10353,Gera,POINT (12.08278855968163 50.89381371404424)
C10354,Jena,POINT (11.587079508355405 50.924282194112905)
C10355,Suhl,POINT (10.717547125211496 50.6209266922826)
C10356,Weimar,POINT (11.31781780961046 50.97847184661663)
C10357,Heilbad Heiligenstadt,POINT (10.136908288909408 51.37120947985892)
C10358,Niederorschel,POINT (10.429929367069146 51.36299273719496)
C10359,Leinefelde-Worbis,POINT (10.331545169454657 51.41366212752622)
C10360,Am Ohmberg,POINT (10.464718647295594 51.48399758748547)
C10361,Sonnenstein,POINT (10.432063063283508 51.53724517488206)
C10362,Dingelstädt,POINT (10.334568601131155 51.301338779825635)
C10363,Berlingerode,POINT (10.239116940443607 51.44711884869448)
C10364,Brehme,POINT (10.358938371763472 51.4956160364301)
C10365,Ecklingerode,POINT (10.326733090507577 51.50612362419294)
C10366,Ferna,POINT (10.299601553912048 51.453730217449134)
C10367,Tastungen,POINT (10.310993144457568 51.46814412532814)
C10368,Wehnde,POINT (10.315707393015007 51.48466109702422)
C10369,Teistungen,POINT (10.232619600020332 51.46334670149843)
C10370,Breitenworbis,POINT (10.448113663104929 51.413208616617425)
C10371,Buhla,POINT (10.491511963204282 51.43604076805548)
C10372,Gernrode,POINT (10.40849126476616 51.391175664392215)
C10373,Haynrode,POINT (10.445750476535 51.452562445627215)
C10374,Kirchworbis,POINT (10.394387190223709 51.406885478864815)
C10375,Arenshausen,POINT (9.97827503516056 51.36150801164857)
C10376,Bornhagen,POINT (9.948154224330663 51.34452385446203)
C10377,Burgwalde,POINT (10.046502916879641 51.388116410165864)
C10378,Freienhagen,POINT (10.05410930548731 51.4206077143098)
C10379,Fretterode,POINT (10.007807030408946 51.3204142201789)
C10380,Gerbershausen,POINT (9.982163007344804 51.33606175940473)
C10381,Hohengandern,POINT (9.946899380754411 51.36654537276478)
C10382,Kirchgandern,POINT (9.970525383079687 51.3873378746179)
C10383,Lindewerra,POINT (9.956429389605283 51.315148951264135)
C10384,Marth,POINT (10.006650031034601 51.37996115820604)
C10385,Rohrberg,POINT (10.02429056244443 51.41267505301109)
C10386,Rustenfelde,POINT (10.010056364387836 51.396559138894546)
C10387,Schachtebich,POINT (10.053537571361485 51.404267494392215)
C10388,Wahlhausen,POINT (9.986771883401206 51.303662915706006)
C10389,Bodenrode-Westhausen,POINT (10.198879444024042 51.39400448825501)
C10390,Geisleden,POINT (10.200156200163166 51.35404551122603)
C10391,Heuthen,POINT (10.217942987823607 51.327661759859204)
C10392,Reinholterode,POINT (10.195849437139985 51.42595803579083)
C10393,Steinbach,POINT (10.231379966171387 51.41910896405048)
C10394,Wingerode,POINT (10.248902521039922 51.39203175145714)
C10395,Büttstedt,POINT (10.293931780797065 51.25364135597169)
C10396,Effelder,POINT (10.251720375273491 51.24191911742488)
C10397,Großbartloff,POINT (10.206064705233493 51.256931018988425)
C10398,Küllstedt,POINT (10.277928202132449 51.27636099439947)
C10399,Wachstedt,POINT (10.232283268928002 51.28620739572398)
C10400,Dieterode,POINT (10.099515325724695 51.301945763152396)
C10401,Geismar,POINT (10.155851029322497 51.224699607992)
C10402,Kella,POINT (10.089219063374726 51.23147676233387)
C10403,Krombach,POINT (10.133171262573766 51.292081306729436)
C10404,Pfaffschwende,POINT (10.102619758206252 51.24525932877708)
C10405,Schwobfeld,POINT (10.087644870314724 51.28858316895997)
C10406,Sickerode,POINT (10.120538286875336 51.248477218405185)
C10407,Volkerode,POINT (10.075037067637682 51.25820529291713)
C10408,Wiesenfeld,POINT (10.092048203742495 51.27196908359383)
C10409,Schimberg,POINT (10.156969095471581 51.26924639358584)
C10410,Asbach-Sickenberg,POINT (10.03667993401795 51.290171007471656)
C10411,Dietzenrode/Vatterode,POINT (10.024169485664023 51.305113747370875)
C10412,Uder,POINT (10.060436520806512 51.342368344748195)
C10413,Ellrich,POINT (10.701000307261362 51.59616144798962)
C10414,Nordhausen,POINT (10.811080159856086 51.50991101046688)
C10415,Sollstedt,POINT (10.524869503473134 51.40433327170984)
C10416,Hohenstein,POINT (10.572978363960516 51.53877985108145)
C10417,Werther,POINT (10.69331065673803 51.49446780188983)
C10418,Harztor,POINT (10.82127390096703 51.5867937024426)
C10419,Görsbach,POINT (10.938505783979144 51.45775753789178)
C10420,Urbach,POINT (10.917717096192533 51.48857477169168)
C10421,Heringen/Helme,POINT (10.88361774807225 51.43680499566957)
C10422,Großlohra,POINT (10.641443404805408 51.407495309683796)
C10423,Kehmstedt,POINT (10.603565297243344 51.47578375600359)
C10424,Kleinfurra,POINT (10.7747089065665 51.42281606376775)
C10425,Lipprechterode,POINT (10.551537612312154 51.467016383760786)
C10426,Niedergebra,POINT (10.605345800722938 51.41559561270871)
C10427,Bleicherode,POINT (10.632750735960817 51.44676071624625)
C10428,Barchfeld-Immelborn,POINT (10.290255557684596 50.79284286638289)
C10429,Treffurt,POINT (10.210409164449208 51.10884382189805)
C10430,Unterbreizbach,POINT (9.988347371012837 50.79684389115774)
C10431,Vacha,POINT (10.044903709630875 50.813523084124725)
C10432,Wutha-Farnroda,POINT (10.39289779138553 50.94076619816331)
C10433,Gerstungen,POINT (10.175873104938635 50.94405997593572)
C10434,Hörselberg-Hainich,POINT (10.48062717625974 51.00880350697184)
C10435,Bad Liebenstein,POINT (10.360266268082686 50.82921192463455)
C10436,Krayenberggemeinde,POINT (10.105275822303108 50.8299996000581)
C10437,Werra-Suhl-Tal,POINT (10.084693288763276 50.923517027269)
C10438,Eisenach,POINT (10.300324749411164 50.98958160925218)
C10439,Berka v.d.Hainich,POINT (10.403019502818767 51.04302276891897)
C10440,Bischofroda,POINT (10.369650017052631 51.056664855277404)
C10441,Krauthausen,POINT (10.260330575698987 51.0228994200205)
C10442,Lauterbach,POINT (10.362522823601957 51.068165651773455)
C10443,Nazza,POINT (10.334765222189896 51.11744630775626)
C10444,Amt Creuzburg,POINT (10.281535081200122 51.072407365029505)
C10445,Bad Salzungen,POINT (10.217061580463985 50.841751541116516)
C10446,Leimbach,POINT (10.183749908932796 50.80798545758445)
C10447,Buttlar,POINT (9.974083121904673 50.75926381708851)
C10448,Geisa,POINT (9.96073407126161 50.69600513659262)
C10449,Gerstengrund,POINT (10.051205524853822 50.69612733980889)
C10450,Schleid,POINT (9.990503371798845 50.687384982478825)
C10451,Ruhla,POINT (10.377390630162942 50.89509299697441)
C10452,Seebach,POINT (10.424291910089071 50.91313817566132)
C10453,Dermbach,POINT (10.123756065954503 50.7293191941308)
C10454,Empfertshausen,POINT (10.085678798471575 50.66121619796806)
C10455,Oechsen,POINT (10.06645720695652 50.73668564463427)
C10456,Weilar,POINT (10.140227826411039 50.7569785677845)
C10457,Wiesenthal,POINT (10.16670658247513 50.695949326529366)
C10458,Bad Langensalza,POINT (10.646208235391013 51.09993773821519)
C10459,Mühlhausen/Thüringen,POINT (10.466983280148758 51.21548785839344)
C10460,Unstruttal,POINT (10.46024148153466 51.27844322100716)
C10461,Südeichsfeld,POINT (10.259782405844458 51.18128859367954)
C10462,Unstrut-Hainich,POINT (10.522815850782564 51.121902660152784)
C10463,Bad Tennstedt,POINT (10.830993514004774 51.15557841481048)
C10464,Ballhausen,POINT (10.888640210315405 51.1579919435545)
C10465,Blankenburg,POINT (10.745892655432911 51.20655086735474)
C10466,Bruchstedt,POINT (10.781329726749437 51.18281948246757)
C10467,Haussömmern,POINT (10.824886196293837 51.189765748675136)
C10468,Hornsömmern,POINT (10.832262561514002 51.214783678390454)
C10469,Kirchheilingen,POINT (10.714074742614782 51.18374106043691)
C10470,Kutzleben,POINT (10.880537528721012 51.19780541202002)
C10471,Mittelsömmern,POINT (10.799348017946055 51.20466101796414)
C10472,Sundhausen,POINT (10.714564269529134 51.155864359442816)
C10473,Tottleben,POINT (10.752845489281041 51.172341926705215)
C10474,Urleben,POINT (10.77268323474471 51.15536942226967)
C10475,Großvargula,POINT (10.77537766705046 51.11558516052747)
C10476,Herbsleben,POINT (10.840400751794675 51.11746049592836)
C10477,Kammerforst,POINT (10.415842448863971 51.11704927473677)
C10478,Oppershausen,POINT (10.41222762902462 51.13449241263368)
C10479,Vogtei,POINT (10.394199773492144 51.15961456203213)
C10480,Körner,POINT (10.58971186716802 51.2340741415446)
C10481,Marolterode,POINT (10.687085155744914 51.229210562280265)
C10482,Nottertal-Heilinger Höhen,POINT (10.639537786330722 51.23315780301696)
C10483,Bad Frankenhausen/Kyffhäuser,POINT (11.147627806303326 51.36543578304702)
C10484,Helbedündorf,POINT (10.596479795578157 51.340886237327545)
C10485,Sondershausen,POINT (10.804217856329936 51.356923717907506)
C10486,Kyffhäuserland,POINT (11.009284897907229 51.36657211127947)
C10487,Roßleben-Wiehe,POINT (11.394259115352515 51.29371908238126)
C10488,Greußen,POINT (10.892988534279391 51.25983636869378)
C10489,Clingen,POINT (10.916570631706506 51.22814997393099)
C10490,Niederbösa,POINT (10.999283467776516 51.27675472530646)
C10491,Oberbösa,POINT (11.009369975483859 51.29961357737853)
C10492,Topfstedt,POINT (10.962111702265181 51.255186534391676)
C10493,Trebra,POINT (10.976496923305024 51.28540420934394)
C10494,Wasserthaleben,POINT (10.892154811343346 51.25742791338801)
C10495,Westgreußen,POINT (10.89495037031573 51.237549864706786)
C10496,Abtsbessingen,POINT (10.756530473271173 51.2577618371316)
C10497,Bellstedt,POINT (10.792499756582496 51.2756784667234)
C10498,Ebeleben,POINT (10.73323226248922 51.27186994838568)
C10499,Freienbessingen,POINT (10.773789548088244 51.227675741794556)
C10500,Holzsußra,POINT (10.684389957552277 51.29032746351578)
C10501,Rockstedt,POINT (10.762683647969299 51.2824148668712)
C10502,Borxleben,POINT (11.224817988624514 51.40100752853665)
C10503,Gehofen,POINT (11.310751335717555 51.31442248343158)
C10504,Kalbsrieth,POINT (11.33673787513821 51.340789258802765)
C10505,Mönchpfiffel-Nikolausrieth,POINT (11.36350431553397 51.37495763456716)
C10506,Reinsdorf,POINT (11.272770571044811 51.33330889270473)
C10507,Artern,POINT (11.307999986651923 51.37270561648724)
C10508,Etzleben,POINT (11.180858869742215 51.256926031168675)
C10509,Oberheldrungen,POINT (11.256622933060768 51.28074546291804)
C10510,An der Schmücke,POINT (11.211445207150911 51.29746957131332)
C10511,Floh-Seligenthal,POINT (10.509734451816396 50.77979876849248)
C10512,Oberhof,POINT (10.717177960038555 50.70432028934227)
C10513,Schmalkalden,POINT (10.428507546035714 50.713462261126864)
C10514,Steinbach-Hallenberg,POINT (10.592886787185126 50.69416191266625)
C10515,Brotterode-Trusetal,POINT (10.427766491046558 50.805218686380655)
C10516,Zella-Mehlis,POINT (10.641513852121195 50.6532798118141)
C10517,Rhönblick,POINT (10.263305370342188 50.54577364362852)
C10518,Grabfeld,POINT (10.459130722090006 50.45672740943779)
C10519,Birx,POINT (10.050066789461333 50.52800811154362)
C10520,Erbenhausen,POINT (10.137637045435056 50.57156762299986)
C10521,Frankenheim/Rhön,POINT (10.071751745410719 50.55055622741757)
C10522,Oberweid,POINT (10.06613076766964 50.58197288858281)
C10523,Kaltennordheim,POINT (10.146339393606864 50.61984491403948)
C10524,Friedelshausen,POINT (10.23989503290217 50.65612635637011)
C10525,Mehmels,POINT (10.33218055924129 50.63773385919859)
C10526,Schwallungen,POINT (10.310284212103976 50.68781794575471)
C10527,Wasungen,POINT (10.320526619130812 50.65063291519989)
C10528,Belrieth,POINT (10.499599966782588 50.53780926415462)
C10529,Christes,POINT (10.48528898555934 50.659762903413245)
C10530,Dillstädt,POINT (10.54512895959704 50.582434160160474)
C10531,Einhausen,POINT (10.469902066118376 50.529111974089176)
C10532,Ellingshausen,POINT (10.460575574683043 50.552962268747244)
C10533,Kühndorf,POINT (10.487604340071394 50.61923003990302)
C10534,Leutersdorf,POINT (10.560539097344863 50.51616783026004)
C10535,Neubrunn,POINT (10.469771547993235 50.50266125704847)
C10536,Obermaßfeld-Grimmenthal,POINT (10.446236967752295 50.53428108803062)
C10537,Ritschenhausen,POINT (10.427580452619027 50.50720248471785)
C10538,Rohr,POINT (10.492423594348814 50.57397714610155)
C10539,Schwarza,POINT (10.533247459150916 50.61926919300408)
C10540,Utendorf,POINT (10.440486166806691 50.61622615289798)
C10541,Vachdorf,POINT (10.530596009373797 50.52757100204684)
C10542,Meiningen,POINT (10.368472169293419 50.56798064009834)
C10543,Rippershausen,POINT (10.345607253140898 50.60813300881492)
C10544,Untermaßfeld,POINT (10.405350291253436 50.524734304070684)
C10545,Breitungen/Werra,POINT (10.298069774741203 50.759220957342464)
C10546,Fambach,POINT (10.392738714510905 50.74398704873678)
C10547,Rosa,POINT (10.248913029476972 50.71891625391378)
C10548,Roßdorf,POINT (10.21046790594332 50.702451708287334)
C10549,Friedrichroda,POINT (10.575762490210236 50.852871585333695)
C10550,Gotha,POINT (10.704605869591182 50.9405033138242)
C10551,Bad Tabarz,POINT (10.50219834774268 50.863858136118054)
C10552,Tambach-Dietharz/Thür.Wald,POINT (10.602809885626217 50.76859159161493)
C10553,Waltershausen,POINT (10.503312929936602 50.886159647161016)
C10554,Nesse-Apfelstädt,POINT (10.901126860301808 50.92270425283473)
C10555,Hörsel,POINT (10.562785935496567 50.945635545405324)
C10556,Bienstädt,POINT (10.837058735687288 51.01887164984142)
C10557,Eschenbergen,POINT (10.765658810508215 51.03401212485614)
C10558,Friemar,POINT (10.776284365440928 50.976180046467825)
C10559,Molschleben,POINT (10.792994778409245 51.011164638862674)
C10560,Nottleben,POINT (10.844249378937812 50.97035480600981)
C10561,Pferdingsleben,POINT (10.816787208049448 50.97076721583348)
C10562,Tröchtelborn,POINT (10.814359080134182 50.99198081564366)
C10563,Tüttleben,POINT (10.793114872879299 50.94802169090885)
C10564,Zimmernsupra,POINT (10.863472499023402 50.992456343778514)
C10565,Dachwig,POINT (10.861301083192195 51.08016672025921)
C10566,Döllstädt,POINT (10.801031951210893 51.07856281361153)
C10567,Gierstädt,POINT (10.846406392012206 51.042584749966636)
C10568,Großfahner,POINT (10.818173364052164 51.057323680391036)
C10569,Tonna,POINT (10.739904118378076 51.07986799366232)
C10570,Luisenthal,POINT (10.70293337016257 50.75063782237549)
C10571,Ohrdruf,POINT (10.743534699995896 50.800275533263274)
C10572,Schwabhausen,POINT (10.728333198653665 50.885046832153854)
C10573,Drei Gleichen,POINT (10.809568711214702 50.89572394084316)
C10574,Sonneborn,POINT (10.595819946362406 50.987359180727985)
C10575,Nessetal,POINT (10.655228201928441 51.00792576233306)
C10576,Emleben,POINT (10.689187059692939 50.886196881748425)
C10577,Georgenthal,POINT (10.64233389241516 50.845361615884116)
C10578,Kölleda,POINT (11.274094276515413 51.2179700841108)
C10579,Sömmerda,POINT (11.146084661124833 51.16836743993879)
C10580,Weißensee,POINT (11.053523260697014 51.203763216182196)
C10581,Buttstädt,POINT (11.376775536098148 51.13326440773975)
C10582,Andisleben,POINT (10.918110125604358 51.08444868127955)
C10583,Gebesee,POINT (10.915316276468731 51.11388833402365)
C10584,Ringleben,POINT (10.96283601575879 51.10621239102665)
C10585,Walschleben,POINT (10.928462087889004 51.06820716704851)
C10586,Büchel,POINT (11.164040676117352 51.240688456018084)
C10587,Griefstedt,POINT (11.144778659312374 51.22772043218886)
C10588,Günstedt,POINT (11.074465808514024 51.22862493980886)
C10589,Kindelbrück,POINT (11.084906773324857 51.26923772329827)
C10590,Großneuhausen,POINT (11.280503310009896 51.16521921626394)
C10591,Kleinneuhausen,POINT (11.274194381162502 51.144525607352186)
C10592,Ostramondra,POINT (11.336287734373373 51.20698546422176)
C10593,Rastenberg,POINT (11.396395838216831 51.18712036836668)
C10594,Gangloffsömmern,POINT (10.951516500401029 51.18971565605314)
C10595,Haßleben,POINT (11.000599629890603 51.115356417642175)
C10596,Riethnordhausen,POINT (10.998617768710869 51.086497006888635)
C10597,Schwerstedt,POINT (10.93258104467449 51.157830610056564)
C10598,Straußfurt,POINT (10.983387946072547 51.15926770905372)
C10599,Werningshausen,POINT (11.026975660714164 51.134806705498555)
C10600,Wundersleben,POINT (11.03659844906495 51.15850466214732)
C10601,Alperstedt,POINT (11.0532767879312 51.09366848301801)
C10602,Eckstedt,POINT (11.149763247575638 51.07316581552446)
C10603,Großmölsen,POINT (11.15403344617562 51.0272850220983)
C10604,Großrudestedt,POINT (11.090951666025038 51.0967889242036)
C10605,Kleinmölsen,POINT (11.129223074824724 51.02481827368506)
C10606,Markvippach,POINT (11.180577748303058 51.074550493231335)
C10607,Nöda,POINT (11.017858728161375 51.070712410919334)
C10608,Ollendorf,POINT (11.186094125267903 51.0392929695842)
C10609,Schloßvippach,POINT (11.145560163128573 51.109007212975015)
C10610,Sprötau,POINT (11.194805592288317 51.117774530985855)
C10611,Udestedt,POINT (11.126925328352796 51.052703058017975)
C10612,Vogelsberg,POINT (11.235210601501416 51.12497646021329)
C10613,Elxleben,POINT (10.949407785530324 51.047324329992975)
C10614,Witterda,POINT (10.89739839402358 51.03668027082485)
C10615,Eisfeld,POINT (10.933668870881428 50.437763796993636)
C10616,Hildburghausen,POINT (10.727902070743685 50.43711772315187)
C10617,Schleusegrund,POINT (10.886491956807616 50.54174003165928)
C10618,Schleusingen,POINT (10.764464007703152 50.53974556477349)
C10619,Veilsdorf,POINT (10.810225471411032 50.412643450936585)
C10620,Masserberg,POINT (10.94418371967566 50.51081585897437)
C10621,Römhild,POINT (10.564823229639725 50.39286631004076)
C10622,Ahlstädt,POINT (10.685122543111097 50.52784155726998)
C10623,Beinerstadt,POINT (10.596640527286958 50.475395457345236)
C10624,Bischofrod,POINT (10.679593567003456 50.543639649686554)
C10625,Dingsleben,POINT (10.60059844858158 50.43158901572964)
C10626,Ehrenberg,POINT (10.659907102259513 50.48353868941502)
C10627,Eichenberg,POINT (10.657801583790976 50.549178819449274)
C10628,Grimmelshausen,POINT (10.634537818329536 50.48110684050774)
C10629,Grub,POINT (10.636727482284412 50.55342798418946)
C10630,Henfstädt,POINT (10.58993751256979 50.51440332027551)
C10631,Kloster Veßra,POINT (10.682784918794344 50.49079080363251)
C10632,Lengfeld,POINT (10.650818226078124 50.525079186715175)
C10633,Marisfeld,POINT (10.564840542441061 50.554600670047115)
C10634,Oberstadt,POINT (10.6134492228465 50.558960981014614)
C10635,Reurieth,POINT (10.644695380983546 50.45490977780345)
C10636,Schmeheim,POINT (10.590092838037014 50.5759353853314)
C10637,St. Bernhard,POINT (10.595512951692667 50.457058389413405)
C10638,Themar,POINT (10.607945970212334 50.505227590117265)
C10639,Schlechtsart,POINT (10.617728328027678 50.326982655840425)
C10640,Schweickershausen,POINT (10.63134430186684 50.236479155970784)
C10641,Straufhain,POINT (10.697333394327481 50.3632867163212)
C10642,Ummerstadt,POINT (10.818299742017432 50.25788849513438)
C10643,Westhausen,POINT (10.658690760112796 50.31893025136428)
C10644,Heldburg,POINT (10.694926298359373 50.27202648247535)
C10645,Brünn/Thür.,POINT (10.849479568889743 50.44784856862647)
C10646,Auengrund,POINT (10.846207114977826 50.46930412808219)
C10647,Arnstadt,POINT (10.963100164212353 50.80625403703882)
C10648,Amt Wachsenburg,POINT (10.959265841061097 50.87438795392231)
C10649,Ilmenau,POINT (10.937818549413743 50.66155708779202)
C10650,Stadtilm,POINT (11.09544299677418 50.75965042171885)
C10651,Geratal,POINT (10.813642064712457 50.74200056163215)
C10652,Großbreitenbach,POINT (10.999469956980658 50.5884149685045)
C10653,Elgersburg,POINT (10.839881225435198 50.692239261994615)
C10654,Martinroda,POINT (10.87602462459999 50.72752477092448)
C10655,Plaue,POINT (10.896522995332447 50.764107291650056)
C10656,Alkersleben,POINT (11.045215782051093 50.848108934348836)
C10657,Bösleben-Wüllersleben,POINT (11.067669461906478 50.81534371980026)
C10658,Dornheim,POINT (10.995894059902513 50.84060313902247)
C10659,Elleben,POINT (11.108312918722959 50.875474485226185)
C10660,Elxleben,POINT (11.054232109113276 50.86829290787053)
C10661,Osthausen-Wülfershausen,POINT (11.121647242778376 50.851878554596674)
C10662,Witzleben,POINT (11.128045791659769 50.821512374642616)
C10663,Apolda,POINT (11.507633459794418 51.02344424259528)
C10664,Bad Berka,POINT (11.254794005062378 50.88835318247792)
C10665,Blankenhain,POINT (11.36364424333032 50.84896371920334)
C10666,Ilmtal-Weinstraße,POINT (11.428276209408548 51.047454137307646)
C10667,Grammetal,POINT (11.20945538968456 50.96890399063959)
C10668,Hohenfelden,POINT (11.15500076978645 50.88314591547623)
C10669,Klettbach,POINT (11.144290164312357 50.91114397959648)
C10670,Kranichfeld,POINT (11.192711570858938 50.84504584917952)
C10671,Nauendorf,POINT (11.181723099745144 50.893992558520985)
C10672,Rittersdorf,POINT (11.22547441130911 50.817967011337124)
C10673,Tonndorf,POINT (11.206013333917973 50.88998997667517)
C10674,Buchfart,POINT (11.339196877321541 50.90858418536489)
C10675,Döbritschen,POINT (11.481952091090527 50.91627657808457)
C10676,Frankendorf,POINT (11.445823702606662 50.96718615026201)
C10677,Großschwabhausen,POINT (11.491795776114852 50.94615735600805)
C10678,Hammerstedt,POINT (11.450710730327645 50.95403802113725)
C10679,Hetschburg,POINT (11.307502805742667 50.913770922052116)
C10680,Kapellendorf,POINT (11.463212281797249 50.97689378506623)
C10681,Kiliansroda,POINT (11.370047971727798 50.90354951832004)
C10682,Kleinschwabhausen,POINT (11.459738600597978 50.93328623482631)
C10683,Lehnstedt,POINT (11.43339060460375 50.94159386365793)
C10684,Magdala,POINT (11.444748636479543 50.90262339315877)
C10685,Mechelroda,POINT (11.389052799391292 50.91032304454041)
C10686,Mellingen,POINT (11.39486103482503 50.93854577165004)
C10687,Oettern,POINT (11.358423581572637 50.92200738619678)
C10688,Umpferstedt,POINT (11.41206140014792 50.97519662320762)
C10689,Vollersroda,POINT (11.34017010891465 50.935269019161765)
C10690,Wiegendorf,POINT (11.43281152142116 50.98837623891405)
C10691,Bad Sulza,POINT (11.573782656875279 51.05501066083814)
C10692,Eberstedt,POINT (11.580930626314471 51.080114865699876)
C10693,Großheringen,POINT (11.670576383673021 51.09661930102596)
C10694,Niedertrebra,POINT (11.603842083203403 51.067914045969324)
C10695,Obertrebra,POINT (11.576849434813061 51.05706103835759)
C10696,Schmiedehausen,POINT (11.660705890317095 51.06918356859028)
C10697,Ballstedt,POINT (11.211350518784025 51.05450754591957)
C10698,Ettersburg,POINT (11.278402286989824 51.03529374187243)
C10699,Neumark,POINT (11.249145534066304 51.08991703363792)
C10700,Am Ettersberg,POINT (11.299159967347983 51.06287496851384)
C10701,Lauscha,POINT (11.155235685286067 50.47960471777694)
C10702,Schalkau,POINT (10.994140104645762 50.39539563873786)
C10703,Sonneberg,POINT (11.194309933349729 50.40959212059023)
C10704,Steinach,POINT (11.161019113530212 50.43404730174236)
C10705,Frankenblick,POINT (11.080747228552045 50.394896175551665)
C10706,Föritztal,POINT (11.224290389117016 50.348816474470524)
C10707,Goldisthal,POINT (11.017946217712874 50.50655529200763)
C10708,Neuhaus am Rennweg,POINT (11.112624033515194 50.49196238821415)
C10709,Bad Blankenburg,POINT (11.251607421739482 50.680905401212634)
C10710,Rudolstadt,POINT (11.27753555591177 50.750193092664716)
C10711,Saalfeld/Saale,POINT (11.30168523355607 50.613167809239116)
C10712,Leutenberg,POINT (11.473988144926615 50.56558746254118)
C10713,Uhlstädt-Kirchhasel,POINT (11.421584175898367 50.754170514921086)
C10714,Unterwellenborn,POINT (11.451341388889489 50.663553471513275)
C10715,Gräfenthal,POINT (11.284796963049903 50.51641700830365)
C10716,Lehesten,POINT (11.457203092969024 50.46879822017611)
C10717,Probstzella,POINT (11.384215013761173 50.55125196085974)
C10718,Cursdorf,POINT (11.12001597583903 50.55316721264518)
C10719,Deesbach,POINT (11.152905650412551 50.565312554633884)
C10720,Döschnitz,POINT (11.22104103318845 50.615418011804884)
C10721,Katzhütte,POINT (11.043608121797497 50.53864072598012)
C10722,Meura,POINT (11.201618448899787 50.57954024992128)
C10723,Rohrbach,POINT (11.208259389253302 50.60218575127558)
C10724,Schwarzburg,POINT (11.201304324748454 50.646554456239635)
C10725,Sitzendorf,POINT (11.168118548940434 50.63150448283863)
C10726,Unterweißbach,POINT (11.16530288283775 50.60833772636787)
C10727,Schwarzatal,POINT (11.112018815717997 50.586001501200236)
C10728,Altenbeuthen,POINT (11.607781606070635 50.594958308484685)
C10729,Hohenwarte,POINT (11.493607337031804 50.60724594342021)
C10730,Kaulsdorf,POINT (11.42565751646371 50.61418163991064)
C10731,Drognitz,POINT (11.560019647698507 50.58521977345896)
C10732,Allendorf,POINT (11.148093366562062 50.65406876052169)
C10733,Bechstedt,POINT (11.176531627786323 50.664889400175824)
C10734,Königsee,POINT (11.124354402737987 50.67938354059027)
C10735,Kahla,POINT (11.582424333524074 50.80497626044765)
C10736,Crossen an der Elster,POINT (11.985955923200942 50.976745498033935)
C10737,Hartmannsdorf,POINT (11.973878723185555 50.95989015319116)
C10738,Heideland,POINT (11.915967622182215 51.002260169852825)
C10739,Rauda,POINT (11.944394524283755 50.95677808264008)
C10740,Silbitz,POINT (11.967928898604365 50.94574693303445)
C10741,Walpernhain,POINT (11.941951743380768 51.01855918776328)
C10742,Schkölen,POINT (11.816671740147227 51.02164121084033)
C10743,Bremsnitz,POINT (11.763323860856763 50.79507986241516)
C10744,Eineborn,POINT (11.863944841169642 50.83695812091458)
C10745,Geisenhain,POINT (11.712415791442425 50.826397963804915)
C10746,Gneus,POINT (11.683428735486515 50.82800490664763)
C10747,Großbockedra,POINT (11.659095974240437 50.848021462804084)
C10748,Karlsdorf,POINT (11.7999142825633 50.79541461612954)
C10749,Kleinbockedra,POINT (11.640614905164474 50.84003961017311)
C10750,Kleinebersdorf,POINT (11.837823787524474 50.815809153664134)
C10751,Lippersdorf-Erdmannsdorf,POINT (11.794437808106402 50.832618925230996)
C10752,Meusebach,POINT (11.727960523140004 50.81077600048272)
C10753,Oberbodnitz,POINT (11.656095301070902 50.803591804829274)
C10754,Ottendorf,POINT (11.830778236560095 50.82995499236454)
C10755,Rattelsdorf,POINT (11.76178930301675 50.81466502360429)
C10756,Rausdorf,POINT (11.684690254856296 50.8552622653854)
C10757,Renthendorf,POINT (11.85840357297858 50.80358014840453)
C10758,Tautendorf,POINT (11.892166938852021 50.82852052847877)
C10759,Tissa,POINT (11.759797106751671 50.84629765133899)
C10760,Trockenborn-Wolfersdorf,POINT (11.68982761552924 50.78630446126379)
C10761,Tröbnitz,POINT (11.729908346023539 50.839255813946295)
C10762,Waltersdorf,POINT (11.747960172294258 50.82901485240809)
C10763,Weißbach,POINT (11.797902302205236 50.810572480333015)
C10764,Altenberga,POINT (11.545385459555357 50.83415419175025)
C10765,Bibra,POINT (11.550321959876293 50.80946248648993)
C10766,Bucha,POINT (11.516817910520325 50.88291099437699)
C10767,Eichenberg,POINT (11.501429392604384 50.79141286664632)
C10768,Freienorla,POINT (11.556365686139753 50.763115642982925)
C10769,Großeutersdorf,POINT (11.554578927978747 50.78756224304865)
C10770,Großpürschütz,POINT (11.603794858641443 50.818056245520204)
C10771,Gumperda,POINT (11.5152815830768 50.813737540802045)
C10772,Hummelshain,POINT (11.62624314200321 50.7685589011109)
C10773,Kleineutersdorf,POINT (11.579395532288645 50.77890507174891)
C10774,Laasdorf,POINT (11.668068485816402 50.86993495244922)
C10775,Lindig,POINT (11.615285304342539 50.78918627620101)
C10776,Milda,POINT (11.491711984212774 50.851341741759306)
C10777,Orlamünde,POINT (11.517793725066236 50.77477855284541)
C10778,Reinstädt,POINT (11.462807299780613 50.813008458457716)
C10779,Rothenstein,POINT (11.601490690991904 50.84804227917161)
C10780,Schöps,POINT (11.611517189471877 50.82858660209636)
C10781,Seitenroda,POINT (11.619446284506617 50.805051354777525)
C10782,Sulza,POINT (11.624421276581828 50.86511810333465)
C10783,Unterbodnitz,POINT (11.648840019043606 50.82189743835132)
C10784,Zöllnitz,POINT (11.646644483353352 50.868343499383066)
C10785,Hermsdorf,POINT (11.858166395272814 50.891847487790045)
C10786,Mörsdorf,POINT (11.81659397534654 50.86376053472418)
C10787,Reichenbach,POINT (11.87720343815613 50.86956651299705)
C10788,Schleifreisen,POINT (11.833418141132062 50.88090100443017)
C10789,St. Gangloff,POINT (11.863339927393115 50.85406801072534)
C10790,Dornburg-Camburg,POINT (11.687032140718063 51.032062590302964)
C10791,Frauenprießnitz,POINT (11.73288652693237 51.02465114094724)
C10792,Golmsdorf,POINT (11.673021983145182 50.97018429921651)
C10793,Großlöbichau,POINT (11.683846465095435 50.924044784206664)
C10794,Hainichen,POINT (11.610914732265892 50.99673753805207)
C10795,Jenalöbnitz,POINT (11.68496439299419 50.94677316560612)
C10796,Lehesten,POINT (11.583787050366666 50.983325924732135)
C10797,Löberschütz,POINT (11.702097464649377 50.96510162508577)
C10798,Neuengönna,POINT (11.645032135367291 50.97996222659966)
C10799,Tautenburg,POINT (11.715694277476183 50.984771701972015)
C10800,Thierschneck,POINT (11.764531667897668 51.032956174167026)
C10801,Wichmar,POINT (11.691009271645836 51.03210254919785)
C10802,Zimmern,POINT (11.629923975909241 51.005121189800086)
C10803,Möckern,POINT (11.790945898775885 50.854604143038245)
C10804,Ruttersdorf-Lotschen,POINT (11.743064532165164 50.884889850422034)
C10805,Stadtroda,POINT (11.739195143343377 50.86511824152687)
C10806,Bürgel,POINT (11.75571875718362 50.93880705498883)
C10807,Graitschen b.Bürgel,POINT (11.723494307266762 50.959154762009994)
C10808,Nausnitz,POINT (11.728034989384296 50.94373346626621)
C10809,Poxdorf,POINT (11.748634716509274 50.959340249274646)
C10810,Eisenberg,POINT (11.892061120195251 50.961930669189506)
C10811,Gösen,POINT (11.87902108668908 50.989289156767576)
C10812,Hainspitz,POINT (11.837887809692141 50.955957360517964)
C10813,Mertendorf,POINT (11.784774324147135 50.991856833232006)
C10814,Petersberg,POINT (11.839939587260735 50.98290080681771)
C10815,Rauschwitz,POINT (11.803999048947299 50.97370141295054)
C10816,Albersdorf,POINT (11.771069905148064 50.90185333084527)
C10817,Bad Klosterlausnitz,POINT (11.857923297540124 50.90990556475551)
C10818,Bobeck,POINT (11.797196247545212 50.89640259568709)
C10819,Scheiditz,POINT (11.749961908400824 50.903582630454366)
C10820,Schlöben,POINT (11.685202224741928 50.89665274402901)
C10821,Schöngleina,POINT (11.727357015561749 50.910203425187504)
C10822,Serba,POINT (11.819772414531458 50.944989428591335)
C10823,Tautenhain,POINT (11.917872469238535 50.9272175202893)
C10824,Waldeck,POINT (11.793444432954225 50.920858891133776)
C10825,Weißenborn,POINT (11.878645377735046 50.92692123589853)
C10826,Hirschberg,POINT (11.817102163056411 50.419988130228525)
C10827,Bad Lobenstein,POINT (11.633450806572842 50.45032157905185)
C10828,Pößneck,POINT (11.585526819523192 50.702697925684305)
C10829,Schleiz,POINT (11.796269762139083 50.56089826838209)
C10830,Gefell,POINT (11.826167912335794 50.44435780495089)
C10831,Tanna,POINT (11.860410615005971 50.49076273559899)
C10832,Wurzbach,POINT (11.524651268196397 50.447947284911024)
C10833,Remptendorf,POINT (11.599642474782778 50.53676604565765)
C10834,Saalburg-Ebersdorf,POINT (11.704183317113678 50.49465959863481)
C10835,Rosenthal am Rennsteig,POINT (11.65733777508832 50.41709224112092)
C10836,Dittersdorf,POINT (11.831188615457659 50.6556864960106)
C10837,Görkwitz,POINT (11.779612668062867 50.585640809181335)
C10838,Göschitz,POINT (11.862519562455121 50.62952331109101)
C10839,Kirschkau,POINT (11.89744231259923 50.60193736432114)
C10840,Löhma,POINT (11.853993971395333 50.6102485428412)
C10841,Moßbach,POINT (11.821371819950361 50.67380785607222)
C10842,Neundorf (bei Schleiz),POINT (11.772811544982915 50.60871809128842)
C10843,Oettersdorf,POINT (11.824767466892359 50.5992278393427)
C10844,Plothen,POINT (11.76902523787368 50.63649928364478)
C10845,Pörmitz,POINT (11.806368825818684 50.619032527765484)
C10846,Tegau,POINT (11.869881169505705 50.64992017009095)
C10847,Volkmannsdorf,POINT (11.736313277258681 50.61345464356841)
C10848,Bodelwitz,POINT (11.622602074075905 50.68093761638636)
C10849,Döbritz,POINT (11.645421026987677 50.69148839264274)
C10850,Gertewitz,POINT (11.644913465856126 50.67421451692202)
C10851,Grobengereuth,POINT (11.683338891903508 50.66717633199916)
C10852,Langenorla,POINT (11.607938596341619 50.74287358334374)
C10853,Lausnitz b.Neustadt an der Orla,POINT (11.682784362610496 50.73849139986993)
C10854,Nimritz,POINT (11.658772727443887 50.69276118847675)
C10855,Oberoppurg,POINT (11.685890520731927 50.69022118293699)
C10856,Oppurg,POINT (11.652977637974063 50.72062171829622)
C10857,Quaschwitz,POINT (11.70624080077176 50.67856636442206)
C10858,Solkwitz,POINT (11.670482381452464 50.689390394484434)
C10859,Weira,POINT (11.718574619668539 50.694325061902326)
C10860,Wernburg,POINT (11.605288745414027 50.66558704233766)
C10861,Dreitzsch,POINT (11.801750348618636 50.74752772443332)
C10862,Geroda,POINT (11.895978867781011 50.77260793904918)
C10863,Lemnitz,POINT (11.837220026314867 50.71426556266213)
C10864,Miesitz,POINT (11.83022087451189 50.743314433619304)
C10865,Mittelpöllnitz,POINT (11.91916612248327 50.759014382305914)
C10866,Rosendorf,POINT (11.801119138491435 50.766228827551345)
C10867,Schmieritz,POINT (11.80086277625901 50.719256552514366)
C10868,Tömmelsdorf,POINT (11.859882249672316 50.70555934723976)
C10869,Triptis,POINT (11.848122376321854 50.76094300538338)
C10870,Eßbach,POINT (11.684978914545498 50.58957424221413)
C10871,Gössitz,POINT (11.590318886991518 50.61875891187245)
C10872,Keila,POINT (11.660333631361382 50.63657559521819)
C10873,Moxa,POINT (11.628990480729463 50.642032340727205)
C10874,Paska,POINT (11.628825195539887 50.614583141116704)
C10875,Peuschen,POINT (11.651846226222096 50.656358935096875)
C10876,Ranis,POINT (11.570695593514515 50.66310629036296)
C10877,Schmorda,POINT (11.584524170712518 50.64032686836686)
C10878,Schöndorf,POINT (11.690193340792673 50.61747043228739)
C10879,Seisla,POINT (11.546114159912381 50.647568705855925)
C10880,Wilhelmsdorf,POINT (11.543662393200467 50.62673071281565)
C10881,Ziegenrück,POINT (11.658292918816034 50.60927926791982)
C10882,Krölpa,POINT (11.519233715843706 50.69568401123266)
C10883,Kospoda,POINT (11.739974094932714 50.713502293784614)
C10884,Neustadt an der Orla,POINT (11.747085034433098 50.70487054883051)
C10885,Greiz,POINT (12.174975928548156 50.64646174657066)
C10886,Ronneburg,POINT (12.18275874803436 50.8579723407739)
C10887,Harth-Pöllnitz,POINT (11.97143617395478 50.7696719291795)
C10888,Kraftsdorf,POINT (11.949556540465522 50.88720848884821)
C10889,Auma-Weidatal,POINT (11.929110570194666 50.70450225792538)
C10890,Mohlsdorf-Teichwolframsdorf,POINT (12.241641758143926 50.70108694490489)
C10891,Berga-Wünschendorf,POINT (12.135546632127939 50.76764520344622)
C10892,Braunichswalde,POINT (12.230574384612378 50.797506772650465)
C10893,Endschütz,POINT (12.145760917103821 50.791253226275245)
C10894,Gauern,POINT (12.199268588845792 50.788719510409805)
C10895,Hilbersdorf,POINT (12.16517234714075 50.820680921830316)
C10896,Kauern,POINT (12.146377310681881 50.83985677958046)
C10897,Linda b.Weida,POINT (12.183711291388464 50.80711583400499)
C10898,Paitzdorf,POINT (12.22949114514167 50.84646431967745)
C10899,Rückersdorf,POINT (12.21904978965681 50.82329235127321)
C10900,Seelingstädt,POINT (12.240636457301843 50.77439098946564)
C10901,Teichwitz,POINT (12.08620373650561 50.75794670226621)
C10902,Bocka,POINT (11.971352295726444 50.817071363502464)
C10903,Hundhaupten,POINT (11.995753563748941 50.831761058760286)
C10904,Lederhose,POINT (11.916428444254741 50.80044078426681)
C10905,Lindenkreuz,POINT (11.918780646426775 50.846166444773864)
C10906,Münchenbernsdorf,POINT (11.940735198693234 50.82821178570406)
C10907,Saara,POINT (11.981513798376959 50.85875420761442)
C10908,Schwarzbach,POINT (11.879103403815192 50.79412432862879)
C10909,Zedlitz,POINT (12.026482161065221 50.810288176828514)
C10910,Bethenhausen,POINT (12.192601319019765 50.928448843823276)
C10911,Brahmenau,POINT (12.157575756133989 50.922444708582006)
C10912,Großenstein,POINT (12.19897780000886 50.904083680041154)
C10913,Hirschfeld,POINT (12.183109700733809 50.94211597943611)
C10914,Korbußen,POINT (12.17267987987611 50.88620965725942)
C10915,Pölzig,POINT (12.18912917171569 50.955697807059266)
C10916,Reichstädt,POINT (12.226899070064812 50.92613439340443)
C10917,Schwaara,POINT (12.148594660457263 50.902215465440825)
C10918,Bad Köstritz,POINT (11.998607230846371 50.92537674535314)
C10919,Caaschwitz,POINT (11.98372017193656 50.94533367787374)
C10920,Crimla,POINT (12.048156491523224 50.80150511434866)
C10921,Weida,POINT (12.048392529939603 50.753666404199784)
C10922,Langenwolschendorf,POINT (11.94772348904513 50.6343236869775)
C10923,Weißendorf,POINT (11.995476245084399 50.67345917451341)
C10924,Zeulenroda-Triebes,POINT (12.003586132147754 50.637417408798235)
C10925,Hohenleuben,POINT (12.052728006980505 50.70901981613937)
C10926,Langenwetzendorf,POINT (12.105787168825596 50.68482894559642)
C10927,Altenburg,POINT (12.437365122031869 50.977566032553725)
C10928,Lucka,POINT (12.329714495686282 51.08351116752751)
C10929,Meuselwitz,POINT (12.34059033770152 51.054991296157944)
C10930,Fockendorf,POINT (12.48288406241801 51.0514376345877)
C10931,Gerstenberg,POINT (12.436609272330877 51.032609484401725)
C10932,Haselbach,POINT (12.432164395400315 51.072054939796224)
C10933,Treben,POINT (12.442618527287928 51.05331743089804)
C10934,Windischleuba,POINT (12.491432884945276 51.01766365951895)
C10935,Göhren,POINT (12.366594284420552 50.97320608859286)
C10936,Göllnitz,POINT (12.318228638695533 50.9490969393054)
C10937,Kriebitzsch,POINT (12.328271327132109 51.01817312882861)
C10938,Lödla,POINT (12.385202475683343 50.99900332993543)
C10939,Mehna,POINT (12.310018494102042 50.96538663215883)
C10940,Monstab,POINT (12.353336316410742 50.993638550060275)
C10941,Rositz,POINT (12.38033837651755 51.01813002265127)
C10942,Starkenberg,POINT (12.293015284714803 50.98245403418476)
C10943,Heukewalde,POINT (12.265297392432851 50.83923773953204)
C10944,Jonaswalde,POINT (12.279247191147972 50.82511686086938)
C10945,Löbichau,POINT (12.24876858491454 50.891301149183924)
C10946,Posterstein,POINT (12.247934717295633 50.86433418785405)
C10947,Thonhausen,POINT (12.32193144069234 50.83462199322409)
C10948,Vollmershain,POINT (12.28839473831058 50.85326889783338)
C10949,Gößnitz,POINT (12.440915722496644 50.885622962205254)
C10950,Heyersdorf,POINT (12.350192205759019 50.84807666389574)
C10951,Ponitz,POINT (12.40541246990335 50.86003448066689)
C10952,Göpfersdorf,POINT (12.603072333853655 50.91670575693694)
C10953,Langenleuba-Niederhain,POINT (12.569293182276603 50.96903248525157)
C10954,Nobitz,POINT (12.499142417950837 50.93413625638109)
C10955,Dobitschen,POINT (12.284587885226268 50.95070173808077)
C10956,Schmölln,POINT (12.324709298370415 50.90824093765271)
