Start_Point,End_Point,Rel_Position
C1,C2,southwestern
C1,C102,southern
C1,C119,southeastern
C1,C101,eastern
C1,C55,northeastern
C1,C98,western
C1,C99,northwestern
C1,C36,northwestern
C1,C37,northern
C1,C34,northern
C2,C109,southwestern
C2,C52,southern
C2,C47,southern
C2,C103,southeastern
C2,C107,southwestern
C2,C112,southeastern
C2,C106,southwestern
C2,C104,western
C2,C105,western
C2,C263,northwestern
C2,C110,eastern
C2,C102,eastern
C2,C96,northwestern
C2,C98,northern
C2,C1,northeastern
C3,C54,southern
C3,C55,southwestern
C3,C75,southeastern
C3,C76,eastern
C3,C73,eastern
C3,C12,northwestern
C3,C10,northwestern
C3,C11,northwestern
C3,C17,northeastern
C3,C25,western
C3,C9,northern
C3,C18,northern
C4,C25,southeastern
C4,C27,southern
C4,C26,southeastern
C4,C30,southwestern
C4,C32,western
C4,C5,eastern
C4,C42,northern
C4,C44,northern
C4,C41,northwestern
C4,C43,northeastern
C5,C10,southern
C5,C8,southeastern
C5,C25,southern
C5,C4,western
C5,C9,southeastern
C5,C7,eastern
C5,C15,northeastern
C5,C43,northern
C6,C15,southern
C6,C14,southeastern
C6,C43,southwestern
C6,C40,southwestern
C6,C20,western
C6,C21,western
C6,C22,northwestern
C6,C702,northwestern
C7,C5,western
C7,C9,southern
C7,C18,southeastern
C7,C13,eastern
C7,C15,northern
C8,C12,southern
C8,C10,southwestern
C8,C11,southeastern
C8,C5,northwestern
C8,C9,eastern
C9,C3,southern
C9,C11,southwestern
C9,C8,western
C9,C5,northwestern
C9,C18,eastern
C9,C7,northern
C10,C3,southeastern
C10,C12,southeastern
C10,C8,northeastern
C10,C25,southwestern
C10,C5,northern
C11,C3,southeastern
C11,C12,southwestern
C11,C8,northwestern
C11,C9,northeastern
C12,C3,southeastern
C12,C10,northwestern
C12,C11,northeastern
C12,C8,northern
C13,C18,southwestern
C13,C16,eastern
C13,C7,western
C13,C15,northwestern
C13,C19,northern
C14,C16,southern
C14,C15,western
C14,C19,southwestern
C14,C6,northwestern
C15,C5,southwestern
C15,C7,southern
C15,C13,southeastern
C15,C19,eastern
C15,C14,eastern
C15,C6,northern
C15,C43,western
C16,C17,southwestern
C16,C18,western
C16,C45,southern
C16,C13,western
C16,C19,northwestern
C16,C14,northern
C17,C3,southwestern
C17,C73,southern
C17,C74,southeastern
C17,C18,northwestern
C17,C45,northeastern
C17,C16,northeastern
C18,C3,southern
C18,C17,southeastern
C18,C9,western
C18,C16,eastern
C18,C7,northwestern
C18,C13,northeastern
C19,C16,southeastern
C19,C13,southern
C19,C15,western
C19,C14,northeastern
C20,C6,eastern
C20,C43,southern
C20,C39,southwestern
C20,C24,western
C20,C21,northeastern
C20,C22,northeastern
C20,C23,northern
C21,C6,eastern
C21,C20,southwestern
C21,C22,northern
C22,C6,southeastern
C22,C20,southwestern
C22,C21,southern
C22,C23,western
C22,C702,northeastern
C23,C20,southern
C23,C24,southwestern
C23,C389,western
C23,C22,eastern
C23,C704,northeastern
C23,C702,eastern
C24,C39,southern
C24,C397,southwestern
C24,C20,eastern
C24,C389,western
C24,C23,northeastern
C25,C55,southern
C25,C34,southwestern
C25,C28,western
C25,C3,eastern
C25,C10,northeastern
C25,C26,northwestern
C25,C4,northwestern
C25,C5,northern
C26,C34,southern
C26,C35,southwestern
C26,C28,southern
C26,C25,southeastern
C26,C27,western
C26,C4,northwestern
C27,C33,southwestern
C27,C35,southeastern
C27,C26,eastern
C27,C30,northwestern
C27,C4,northern
C28,C34,southern
C28,C25,eastern
C28,C26,northern
C29,C38,southern
C29,C33,southeastern
C29,C94,western
C29,C30,northeastern
C29,C31,northwestern
C30,C33,southern
C30,C29,southwestern
C30,C27,southeastern
C30,C31,northwestern
C30,C4,northeastern
C30,C32,northern
C31,C94,southwestern
C31,C29,southeastern
C31,C30,southeastern
C31,C32,northeastern
C31,C393,northern
C31,C193,western
C31,C391,northwestern
C32,C30,southern
C32,C31,southwestern
C32,C4,eastern
C32,C393,northwestern
C32,C398,northern
C32,C41,northeastern
C33,C99,southwestern
C33,C36,southern
C33,C37,southeastern
C33,C38,western
C33,C35,northeastern
C33,C29,northwestern
C33,C27,northeastern
C33,C30,northern
C34,C55,southeastern
C34,C1,southern
C34,C37,western
C34,C35,northwestern
C34,C28,northern
C34,C25,northeastern
C34,C26,northern
C35,C37,southern
C35,C34,southeastern
C35,C33,southwestern
C35,C27,northwestern
C35,C26,northeastern
C36,C1,southeastern
C36,C99,western
C36,C37,northeastern
C36,C33,northern
C37,C1,southern
C37,C36,southwestern
C37,C34,eastern
C37,C33,northwestern
C37,C35,northern
C38,C99,southern
C38,C33,eastern
C38,C94,western
C38,C29,northern
C39,C44,southeastern
C39,C41,southern
C39,C43,southeastern
C39,C397,western
C39,C20,northeastern
C39,C24,northern
C40,C6,northeastern
C40,C43,southwestern
C41,C4,southeastern
C41,C32,southwestern
C41,C44,eastern
C41,C398,western
C41,C39,northern
C41,C397,northwestern
C42,C4,southern
C42,C44,northern
C43,C4,southwestern
C43,C5,southern
C43,C15,eastern
C43,C6,northeastern
C43,C44,southwestern
C43,C40,northeastern
C43,C39,northwestern
C43,C20,northern
C44,C4,southern
C44,C42,southern
C44,C41,western
C44,C43,northeastern
C44,C39,northwestern
C45,C17,southwestern
C45,C16,northern
C46,C53,southwestern
C46,C50,northwestern
C47,C50,southeastern
C47,C52,southwestern
C47,C103,eastern
C47,C2,northern
C48,C86,southern
C48,C137,southern
C48,C53,southeastern
C48,C82,western
C48,C265,northwestern
C48,C253,northern
C48,C52,northeastern
C49,C138,southwestern
C49,C175,western
C49,C53,northwestern
C50,C53,southern
C50,C46,southeastern
C50,C52,western
C50,C47,northwestern
C50,C103,northeastern
C51,C175,southeastern
C51,C53,eastern
C52,C53,southeastern
C52,C48,southwestern
C52,C253,northwestern
C52,C109,northern
C52,C50,eastern
C52,C47,northeastern
C52,C2,northern
C53,C86,western
C53,C137,western
C53,C150,southeastern
C53,C138,southern
C53,C146,southern
C53,C175,southern
C53,C49,southeastern
C53,C51,western
C53,C48,northwestern
C53,C46,northeastern
C53,C50,northern
C53,C52,northwestern
C54,C127,southern
C54,C118,southwestern
C54,C67,southeastern
C54,C117,southwestern
C54,C79,southern
C54,C68,southeastern
C54,C69,eastern
C54,C101,western
C54,C61,eastern
C54,C55,northwestern
C54,C75,northeastern
C54,C3,northern
C55,C101,southern
C55,C54,southeastern
C55,C1,southwestern
C55,C34,northwestern
C55,C3,northeastern
C55,C25,northern
C56,C65,southwestern
C56,C81,northwestern
C56,C70,northwestern
C56,C57,northern
C57,C56,southern
C57,C70,southwestern
C57,C71,southwestern
C57,C68,western
C57,C78,northeastern
C57,C69,northwestern
C57,C59,northern
C57,C80,northern
C57,C61,northwestern
C58,C80,southwestern
C58,C60,northwestern
C58,C72,northern
C59,C57,southern
C59,C80,northern
C59,C61,northwestern
C60,C80,southern
C60,C58,southeastern
C60,C75,northwestern
C60,C72,northeastern
C61,C57,southeastern
C61,C69,southern
C61,C54,western
C61,C59,southeastern
C61,C80,eastern
C61,C75,northern
C62,C63,northwestern
C62,C64,eastern
C63,C130,western
C63,C62,southeastern
C63,C64,eastern
C63,C128,northwestern
C63,C65,northeastern
C64,C62,western
C64,C63,western
C64,C65,northern
C65,C63,southwestern
C65,C64,southern
C65,C128,western
C65,C56,northeastern
C65,C121,northwestern
C65,C81,northern
C65,C135,northwestern
C66,C70,southern
C66,C71,eastern
C66,C67,western
C66,C68,northern
C67,C81,southeastern
C67,C127,southwestern
C67,C135,southern
C67,C70,southeastern
C67,C77,southwestern
C67,C66,eastern
C67,C79,northwestern
C67,C68,northeastern
C67,C54,northwestern
C68,C71,southeastern
C68,C67,southwestern
C68,C57,eastern
C68,C66,southern
C68,C69,northern
C68,C54,northwestern
C69,C57,southeastern
C69,C68,southern
C69,C54,western
C69,C61,northern
C70,C56,southeastern
C70,C81,southern
C70,C71,northeastern
C70,C67,northwestern
C70,C57,northeastern
C70,C66,northern
C71,C70,southwestern
C71,C57,northeastern
C71,C66,western
C71,C68,northwestern
C72,C58,southern
C72,C60,southwestern
C72,C75,western
C72,C76,northwestern
C73,C3,western
C73,C76,southeastern
C73,C74,northeastern
C73,C17,northern
C74,C76,southern
C74,C73,southwestern
C74,C17,northwestern
C75,C54,southwestern
C75,C80,southeastern
C75,C61,southern
C75,C60,southeastern
C75,C72,eastern
C75,C3,northwestern
C75,C76,northeastern
C76,C75,southwestern
C76,C72,southeastern
C76,C3,western
C76,C73,northwestern
C76,C74,northern
C77,C121,southern
C77,C127,southwestern
C77,C135,southeastern
C77,C134,southern
C77,C67,northeastern
C78,C57,southwestern
C78,C80,northwestern
C79,C127,southern
C79,C125,southwestern
C79,C118,southwestern
C79,C133,southern
C79,C67,southeastern
C79,C54,northern
C80,C57,southern
C80,C78,southeastern
C80,C59,southern
C80,C58,northeastern
C80,C61,western
C80,C60,northern
C80,C75,northwestern
C81,C65,southern
C81,C56,southeastern
C81,C135,western
C81,C70,northern
C81,C67,northwestern
C82,C86,southern
C82,C92,southwestern
C82,C48,eastern
C82,C264,northwestern
C82,C265,northern
C83,C93,northeastern
C84,C88,southeastern
C84,C92,eastern
C84,C271,western
C84,C93,southwestern
C84,C296,northwestern
C84,C307,western
C84,C301,northwestern
C84,C294,northern
C85,C140,southeastern
C85,C89,eastern
C85,C88,northern
C85,C136,southern
C85,C91,western
C86,C87,southern
C86,C90,southwestern
C86,C147,southeastern
C86,C137,eastern
C86,C53,eastern
C86,C92,western
C86,C48,northern
C86,C82,northern
C87,C170,southern
C87,C140,southwestern
C87,C159,southern
C87,C157,southern
C87,C156,southeastern
C87,C89,western
C87,C169,eastern
C87,C90,northwestern
C87,C147,northeastern
C87,C86,northern
C88,C89,southeastern
C88,C90,eastern
C88,C92,northern
C88,C91,southwestern
C88,C85,southern
C88,C93,western
C88,C84,northwestern
C89,C140,southern
C89,C87,eastern
C89,C88,northwestern
C89,C90,northern
C89,C85,western
C90,C89,southern
C90,C87,southeastern
C90,C88,western
C90,C86,northeastern
C90,C92,northwestern
C91,C88,northeastern
C91,C145,southern
C91,C136,southeastern
C91,C85,eastern
C91,C277,northwestern
C91,C93,northwestern
C92,C88,southern
C92,C90,southeastern
C92,C86,eastern
C92,C82,northeastern
C92,C264,northern
C92,C84,western
C92,C294,northwestern
C92,C308,northwestern
C92,C303,northwestern
C92,C270,northwestern
C93,C88,eastern
C93,C91,southeastern
C93,C1232,western
C93,C279,western
C93,C277,western
C93,C271,northwestern
C93,C83,southwestern
C93,C84,northeastern
C93,C296,northern
C94,C99,southeastern
C94,C38,eastern
C94,C97,southern
C94,C186,western
C94,C29,eastern
C94,C31,northeastern
C94,C193,northwestern
C95,C262,southern
C95,C257,southwestern
C95,C100,eastern
C95,C251,western
C95,C97,northeastern
C95,C191,northwestern
C95,C186,northern
C96,C263,western
C96,C2,southeastern
C96,C98,northeastern
C96,C100,northwestern
C97,C98,southeastern
C97,C99,eastern
C97,C100,southern
C97,C95,southwestern
C97,C186,northwestern
C97,C94,northern
C98,C2,southern
C98,C96,southwestern
C98,C1,eastern
C98,C99,northern
C98,C100,western
C98,C97,northwestern
C99,C98,southern
C99,C1,southeastern
C99,C36,eastern
C99,C38,northern
C99,C33,northeastern
C99,C97,western
C99,C94,northwestern
C100,C262,southwestern
C100,C263,southern
C100,C96,southeastern
C100,C98,eastern
C100,C95,western
C100,C97,northern
C101,C119,southwestern
C101,C117,southern
C101,C120,southern
C101,C54,eastern
C101,C55,northern
C101,C1,western
C102,C110,southwestern
C102,C2,western
C102,C114,southern
C102,C122,southeastern
C102,C119,northeastern
C102,C116,eastern
C102,C1,northern
C103,C50,southwestern
C103,C47,western
C103,C115,northeastern
C103,C113,northern
C103,C112,northwestern
C103,C2,northwestern
C104,C109,southern
C104,C108,southern
C104,C106,eastern
C104,C259,western
C104,C105,northern
C104,C2,eastern
C105,C104,southern
C105,C259,southwestern
C105,C263,northern
C105,C2,eastern
C106,C108,southwestern
C106,C107,southeastern
C106,C104,western
C106,C2,northeastern
C107,C109,southwestern
C107,C108,western
C107,C106,northwestern
C107,C2,northeastern
C108,C109,southern
C108,C107,eastern
C108,C106,northeastern
C108,C104,northern
C109,C253,western
C109,C108,northern
C109,C52,southern
C109,C107,northeastern
C109,C104,northern
C109,C259,northwestern
C109,C2,northeastern
C110,C112,southern
C110,C111,eastern
C110,C2,western
C110,C114,eastern
C110,C102,northeastern
C111,C115,southeastern
C111,C113,southern
C111,C112,western
C111,C124,northeastern
C111,C110,western
C111,C114,northern
C112,C103,southeastern
C112,C113,eastern
C112,C111,eastern
C112,C110,northern
C112,C2,northwestern
C113,C103,southern
C113,C115,eastern
C113,C112,western
C113,C111,northern
C114,C111,southern
C114,C124,eastern
C114,C110,western
C114,C122,northeastern
C114,C102,northern
C115,C103,southwestern
C115,C113,western
C115,C111,northwestern
C115,C123,eastern
C115,C132,northeastern
C115,C124,northern
C116,C129,southeastern
C116,C122,southwestern
C116,C102,western
C116,C119,northwestern
C116,C125,eastern
C116,C118,northeastern
C117,C119,western
C117,C125,southeastern
C117,C118,southern
C117,C133,eastern
C117,C120,northwestern
C117,C101,northern
C117,C54,northeastern
C118,C119,western
C118,C116,southwestern
C118,C125,southeastern
C118,C133,eastern
C118,C117,northern
C118,C79,northeastern
C118,C54,northeastern
C119,C102,southwestern
C119,C116,southeastern
C119,C118,eastern
C119,C117,eastern
C119,C120,northeastern
C119,C101,northeastern
C119,C1,northwestern
C120,C119,southwestern
C120,C117,southeastern
C120,C101,northern
C121,C128,southwestern
C121,C65,southeastern
C121,C127,northwestern
C121,C135,northern
C121,C134,northern
C121,C77,northern
C122,C129,eastern
C122,C132,southeastern
C122,C124,southern
C122,C114,southwestern
C122,C131,eastern
C122,C102,northwestern
C122,C116,northeastern
C123,C115,western
C123,C126,eastern
C123,C132,northwestern
C124,C115,southern
C124,C111,southwestern
C124,C132,eastern
C124,C114,western
C124,C122,northern
C125,C129,southwestern
C125,C127,southeastern
C125,C116,western
C125,C118,northwestern
C125,C133,northeastern
C125,C117,northwestern
C125,C79,northeastern
C126,C130,eastern
C126,C123,western
C126,C128,northeastern
C126,C129,northern
C126,C132,northwestern
C127,C128,southern
C127,C129,southwestern
C127,C121,southeastern
C127,C135,eastern
C127,C134,northeastern
C127,C125,northwestern
C127,C77,northeastern
C127,C133,northern
C127,C67,northeastern
C127,C79,northern
C127,C54,northern
C128,C130,southern
C128,C126,southwestern
C128,C63,southeastern
C128,C65,eastern
C128,C129,northwestern
C128,C121,northeastern
C128,C127,northern
C129,C126,southern
C129,C128,southeastern
C129,C132,southwestern
C129,C131,western
C129,C122,western
C129,C127,northeastern
C129,C116,northwestern
C129,C125,northeastern
C130,C126,western
C130,C63,eastern
C130,C128,northern
C131,C129,eastern
C131,C132,southeastern
C131,C122,western
C132,C115,southwestern
C132,C123,southeastern
C132,C126,southeastern
C132,C129,northeastern
C132,C124,western
C132,C131,northwestern
C132,C122,northwestern
C133,C127,southern
C133,C125,southwestern
C133,C118,western
C133,C117,western
C133,C79,northern
C134,C121,southern
C134,C127,southwestern
C134,C135,southeastern
C134,C77,northern
C135,C65,southeastern
C135,C121,southern
C135,C81,eastern
C135,C127,western
C135,C134,northwestern
C135,C77,northwestern
C135,C67,northern
C136,C144,eastern
C136,C140,eastern
C136,C145,southern
C136,C152,southern
C136,C154,southwestern
C136,C91,northwestern
C136,C85,northern
C137,C147,southern
C137,C86,western
C137,C175,southeastern
C137,C53,eastern
C137,C48,northern
C138,C139,eastern
C138,C146,western
C138,C175,northern
C138,C49,northeastern
C138,C53,northern
C139,C150,eastern
C139,C138,western
C139,C175,northwestern
C140,C144,southern
C140,C174,southeastern
C140,C170,eastern
C140,C89,northern
C140,C87,northeastern
C140,C136,western
C140,C85,northwestern
C141,C143,western
C141,C173,western
C141,C160,northern
C141,C162,northwestern
C141,C163,northern
C141,C161,northern
C141,C146,northeastern
C142,C148,northwestern
C142,C143,northeastern
C142,C144,northern
C143,C142,southwestern
C143,C141,eastern
C143,C171,northern
C143,C144,northwestern
C143,C173,northeastern
C144,C142,southern
C144,C148,southwestern
C144,C143,southeastern
C144,C171,eastern
C144,C174,eastern
C144,C140,northern
C144,C152,western
C144,C136,western
C145,C148,eastern
C145,C149,southern
C145,C155,northeastern
C145,C151,northern
C145,C154,northern
C145,C136,northern
C145,C91,northern
C146,C141,southwestern
C146,C165,western
C146,C167,western
C146,C166,northwestern
C146,C161,southwestern
C146,C138,eastern
C146,C168,northwestern
C146,C175,northeastern
C146,C53,northern
C147,C167,southern
C147,C169,southwestern
C147,C87,southwestern
C147,C86,northwestern
C147,C137,northern
C147,C168,southeastern
C147,C175,eastern
C148,C142,southeastern
C148,C144,northeastern
C148,C153,southwestern
C148,C145,western
C148,C155,western
C148,C152,northwestern
C149,C145,northern
C150,C139,western
C150,C175,northwestern
C150,C53,northwestern
C151,C145,southern
C151,C155,southeastern
C151,C154,northern
C152,C148,southeastern
C152,C144,eastern
C152,C153,southeastern
C152,C155,southwestern
C152,C154,western
C152,C136,northern
C153,C148,northeastern
C153,C155,western
C153,C152,northwestern
C154,C145,southern
C154,C155,southeastern
C154,C151,southern
C154,C152,eastern
C154,C136,northeastern
C155,C148,eastern
C155,C153,eastern
C155,C145,southwestern
C155,C151,northwestern
C155,C152,northeastern
C155,C154,northwestern
C156,C164,southern
C156,C157,southwestern
C156,C158,southeastern
C156,C167,eastern
C156,C169,northeastern
C156,C87,northwestern
C157,C164,southeastern
C157,C159,southwestern
C157,C156,northeastern
C157,C87,northern
C158,C172,southwestern
C158,C162,southern
C158,C163,southeastern
C158,C164,southwestern
C158,C165,eastern
C158,C156,northwestern
C158,C167,northeastern
C158,C169,northern
C159,C172,southeastern
C159,C170,southwestern
C159,C164,eastern
C159,C157,northeastern
C159,C87,northern
C160,C141,southern
C160,C162,northwestern
C160,C163,northeastern
C161,C141,southern
C161,C163,southwestern
C161,C165,northwestern
C161,C146,northeastern
C162,C141,southeastern
C162,C173,southwestern
C162,C160,southeastern
C162,C172,western
C162,C163,eastern
C162,C158,northern
C163,C141,southern
C163,C160,southwestern
C163,C162,western
C163,C158,northwestern
C163,C165,northern
C163,C161,northeastern
C164,C172,southern
C164,C159,western
C164,C157,northwestern
C164,C158,northeastern
C164,C156,northern
C165,C163,southern
C165,C158,western
C165,C167,northern
C165,C161,southeastern
C165,C146,eastern
C166,C167,western
C166,C146,southeastern
C166,C168,northern
C167,C158,southwestern
C167,C165,southern
C167,C156,western
C167,C166,eastern
C167,C169,western
C167,C147,northern
C167,C146,eastern
C167,C168,northeastern
C168,C167,southwestern
C168,C166,southern
C168,C147,northwestern
C168,C146,southeastern
C168,C175,eastern
C169,C158,southern
C169,C156,southwestern
C169,C167,eastern
C169,C87,western
C169,C147,northeastern
C170,C171,southern
C170,C174,southwestern
C170,C172,eastern
C170,C140,western
C170,C159,northeastern
C170,C87,northern
C171,C143,southern
C171,C144,western
C171,C173,eastern
C171,C174,northwestern
C171,C172,northeastern
C171,C170,northern
C172,C171,southwestern
C172,C173,southern
C172,C162,eastern
C172,C170,western
C172,C164,northern
C172,C159,northwestern
C172,C158,northeastern
C173,C143,southwestern
C173,C141,eastern
C173,C171,western
C173,C172,northern
C173,C162,northeastern
C174,C171,southeastern
C174,C144,western
C174,C170,northeastern
C174,C140,northwestern
C175,C147,western
C175,C137,northwestern
C175,C139,southeastern
C175,C150,southeastern
C175,C138,southern
C175,C146,southwestern
C175,C168,western
C175,C49,eastern
C175,C53,northern
C175,C51,northwestern
C176,C182,southern
C176,C189,southwestern
C176,C181,southwestern
C176,C184,southeastern
C176,C191,southeastern
C176,C186,eastern
C176,C183,northeastern
C176,C190,western
C176,C180,northwestern
C176,C185,northwestern
C177,C243,southern
C177,C192,southeastern
C177,C195,southeastern
C177,C181,eastern
C177,C375,southwestern
C177,C359,western
C177,C196,northwestern
C177,C190,northeastern
C178,C191,southern
C178,C186,southern
C178,C193,eastern
C178,C183,western
C178,C179,northwestern
C178,C401,northeastern
C178,C400,northern
C179,C183,southern
C179,C178,southeastern
C179,C400,eastern
C179,C386,northern
C179,C387,northern
C179,C194,western
C180,C176,southeastern
C180,C196,western
C180,C187,northwestern
C180,C190,southern
C180,C185,eastern
C180,C194,northeastern
C181,C195,southern
C181,C189,eastern
C181,C176,northeastern
C181,C177,western
C181,C190,northern
C182,C192,southwestern
C182,C188,southern
C182,C189,western
C182,C176,northern
C182,C184,eastern
C183,C176,southwestern
C183,C191,southeastern
C183,C186,southeastern
C183,C178,eastern
C183,C179,northern
C183,C185,western
C183,C194,northwestern
C184,C188,southwestern
C184,C182,western
C184,C176,northwestern
C184,C261,southern
C184,C251,eastern
C184,C191,northeastern
C185,C176,southeastern
C185,C183,eastern
C185,C180,western
C185,C194,northern
C186,C176,western
C186,C95,southern
C186,C97,southeastern
C186,C191,southwestern
C186,C94,eastern
C186,C193,northeastern
C186,C183,northwestern
C186,C178,northern
C187,C310,southwestern
C187,C196,southern
C187,C335,western
C187,C180,southeastern
C187,C194,eastern
C187,C635,northeastern
C187,C636,northeastern
C187,C634,northern
C187,C336,western
C187,C316,western
C187,C319,northwestern
C187,C317,northern
C187,C318,northwestern
C188,C260,southern
C188,C192,southwestern
C188,C182,northern
C188,C261,eastern
C188,C184,northeastern
C189,C192,southern
C189,C195,southwestern
C189,C182,eastern
C189,C181,western
C189,C176,northeastern
C190,C181,southern
C190,C176,eastern
C190,C177,southwestern
C190,C196,northwestern
C190,C180,northern
C191,C176,northwestern
C191,C251,southern
C191,C95,southeastern
C191,C184,southwestern
C191,C186,northeastern
C191,C183,northwestern
C191,C178,northern
C192,C249,southern
C192,C243,western
C192,C245,southwestern
C192,C255,southeastern
C192,C260,eastern
C192,C188,northeastern
C192,C195,northern
C192,C182,northeastern
C192,C189,northern
C192,C177,northwestern
C193,C186,southwestern
C193,C94,southeastern
C193,C31,eastern
C193,C393,northeastern
C193,C178,western
C193,C391,northeastern
C193,C402,northern
C193,C401,northwestern
C194,C183,southeastern
C194,C179,eastern
C194,C387,northeastern
C194,C187,western
C194,C180,southwestern
C194,C185,southern
C194,C635,northern
C194,C632,northern
C194,C636,northwestern
C195,C192,southern
C195,C189,northeastern
C195,C181,northern
C195,C177,northwestern
C196,C177,southeastern
C196,C359,southern
C196,C310,western
C196,C361,southern
C196,C360,southern
C196,C379,southwestern
C196,C380,western
C196,C187,northern
C196,C190,southeastern
C196,C180,eastern
C197,C234,southern
C197,C233,southern
C197,C202,southwestern
C197,C236,southeastern
C197,C885,western
C197,C201,northeastern
C197,C887,northwestern
C197,C890,northwestern
C197,C199,northern
C197,C219,eastern
C198,C928,southwestern
C198,C207,southern
C198,C934,western
C198,C230,southeastern
C198,C932,northwestern
C198,C213,northeastern
C198,C935,northern
C199,C197,southern
C199,C201,southeastern
C199,C890,southwestern
C199,C888,western
C199,C204,eastern
C199,C716,northwestern
C200,C223,southern
C200,C224,southwestern
C200,C221,southern
C200,C225,southwestern
C200,C238,eastern
C200,C215,western
C200,C232,northwestern
C200,C235,northeastern
C200,C234,northern
C200,C311,southeastern
C200,C239,northeastern
C201,C197,southwestern
C201,C199,northwestern
C201,C204,northern
C201,C219,southeastern
C201,C713,eastern
C201,C714,northeastern
C202,C212,southwestern
C202,C232,southeastern
C202,C214,southern
C202,C930,western
C202,C233,eastern
C202,C886,northwestern
C202,C197,northeastern
C202,C885,northern
C202,C892,northwestern
C203,C1267,southwestern
C203,C320,southeastern
C203,C1266,southern
C203,C205,southwestern
C203,C322,eastern
C203,C220,eastern
C203,C228,northwestern
C203,C230,western
C203,C224,northeastern
C203,C226,northern
C203,C225,northern
C204,C201,southern
C204,C199,western
C204,C714,eastern
C204,C705,eastern
C205,C1267,southern
C205,C210,southwestern
C205,C209,western
C205,C206,western
C205,C203,northeastern
C205,C230,northern
C206,C205,eastern
C206,C899,southwestern
C206,C211,southwestern
C206,C210,southeastern
C206,C209,southern
C206,C928,western
C206,C207,northern
C206,C230,northeastern
C207,C206,southern
C207,C928,western
C207,C198,northern
C207,C230,northeastern
C208,C1267,southeastern
C208,C211,western
C208,C210,northeastern
C208,C209,northern
C209,C205,eastern
C209,C211,southwestern
C209,C208,southern
C209,C210,eastern
C209,C206,northern
C210,C1267,southeastern
C210,C205,northeastern
C210,C208,southwestern
C210,C209,western
C210,C206,northwestern
C211,C1267,southeastern
C211,C899,southwestern
C211,C208,eastern
C211,C209,northeastern
C211,C206,northeastern
C212,C227,southern
C212,C215,southeastern
C212,C214,northeastern
C212,C213,southwestern
C212,C930,northwestern
C212,C202,northeastern
C213,C198,southwestern
C213,C230,southern
C213,C227,southeastern
C213,C212,northeastern
C213,C935,northwestern
C213,C930,northern
C214,C215,southern
C214,C212,southwestern
C214,C232,eastern
C214,C202,northern
C215,C226,southern
C215,C225,southeastern
C215,C227,southwestern
C215,C222,southeastern
C215,C200,eastern
C215,C212,northwestern
C215,C232,northeastern
C215,C214,northern
C216,C344,southeastern
C216,C241,southern
C216,C239,southwestern
C216,C333,eastern
C216,C324,eastern
C216,C219,northwestern
C217,C219,southwestern
C217,C331,southern
C217,C329,eastern
C217,C218,northwestern
C217,C712,northeastern
C218,C219,southwestern
C218,C217,southeastern
C218,C713,northwestern
C218,C712,eastern
C218,C715,northern
C219,C235,southwestern
C219,C231,southwestern
C219,C236,western
C219,C197,western
C219,C201,northwestern
C219,C239,southern
C219,C216,southeastern
C219,C324,southeastern
C219,C331,eastern
C219,C217,northeastern
C219,C218,northeastern
C219,C713,northern
C220,C322,southeastern
C220,C203,western
C220,C223,northeastern
C220,C224,northwestern
C220,C221,northern
C221,C220,southern
C221,C223,southeastern
C221,C224,western
C221,C200,northern
C222,C226,southwestern
C222,C225,southeastern
C222,C215,northwestern
C223,C322,southern
C223,C220,southwestern
C223,C224,western
C223,C221,northwestern
C223,C200,northern
C223,C311,eastern
C224,C203,southwestern
C224,C220,southeastern
C224,C223,eastern
C224,C221,eastern
C224,C225,northwestern
C224,C200,northeastern
C225,C203,southern
C225,C224,southeastern
C225,C226,western
C225,C222,northwestern
C225,C200,northeastern
C225,C215,northwestern
C226,C203,southern
C226,C228,southwestern
C226,C229,southwestern
C226,C225,eastern
C226,C227,northwestern
C226,C222,northeastern
C226,C215,northern
C227,C229,southern
C227,C230,southwestern
C227,C226,southeastern
C227,C215,northeastern
C227,C212,northern
C227,C213,northwestern
C228,C203,southeastern
C228,C229,western
C228,C230,western
C228,C226,northeastern
C229,C228,eastern
C229,C230,western
C229,C226,northeastern
C229,C227,northern
C230,C205,southern
C230,C206,southwestern
C230,C207,southwestern
C230,C198,northwestern
C230,C203,eastern
C230,C228,eastern
C230,C229,eastern
C230,C227,northeastern
C230,C213,northern
C231,C235,southwestern
C231,C236,northwestern
C231,C219,northeastern
C232,C200,southeastern
C232,C215,southwestern
C232,C214,western
C232,C234,eastern
C232,C233,northeastern
C232,C202,northwestern
C233,C232,southwestern
C233,C234,southeastern
C233,C202,western
C233,C197,northern
C234,C200,southern
C234,C232,western
C234,C235,eastern
C234,C233,northwestern
C234,C236,northeastern
C234,C197,northern
C235,C200,southwestern
C235,C234,western
C235,C231,northeastern
C235,C236,northern
C235,C239,southeastern
C235,C219,northeastern
C236,C235,southern
C236,C234,southwestern
C236,C231,southeastern
C236,C197,northwestern
C236,C219,eastern
C237,C238,western
C237,C311,southern
C237,C343,southeastern
C237,C344,northeastern
C237,C240,northern
C237,C241,northern
C238,C200,western
C238,C311,southeastern
C238,C237,eastern
C238,C240,northeastern
C238,C239,northern
C239,C238,southern
C239,C200,southwestern
C239,C235,northwestern
C239,C240,southeastern
C239,C241,eastern
C239,C216,northeastern
C239,C219,northern
C240,C238,southwestern
C240,C237,southern
C240,C241,northeastern
C240,C239,northwestern
C241,C237,southern
C241,C344,eastern
C241,C240,southwestern
C241,C239,western
C241,C216,northern
C242,C244,southern
C242,C246,eastern
C242,C247,northeastern
C242,C248,northern
C242,C1243,southwestern
C242,C1247,western
C242,C348,northwestern
C243,C247,southwestern
C243,C248,western
C243,C374,northwestern
C243,C376,northwestern
C243,C245,southeastern
C243,C192,eastern
C243,C375,northern
C243,C177,northern
C244,C1244,western
C244,C290,southeastern
C244,C1253,southern
C244,C287,eastern
C244,C246,northeastern
C244,C242,northern
C244,C1243,western
C245,C282,southern
C245,C249,southeastern
C245,C246,southwestern
C245,C247,western
C245,C243,northwestern
C245,C192,northeastern
C246,C287,southern
C246,C244,southwestern
C246,C282,eastern
C246,C283,southeastern
C246,C285,eastern
C246,C242,western
C246,C247,northern
C246,C245,northeastern
C247,C246,southern
C247,C242,southwestern
C247,C248,northwestern
C247,C243,northeastern
C247,C245,eastern
C248,C242,southern
C248,C247,southeastern
C248,C243,eastern
C248,C374,northeastern
C248,C345,northern
C248,C348,western
C249,C295,southern
C249,C299,southern
C249,C282,southern
C249,C268,southeastern
C249,C267,eastern
C249,C245,northwestern
C249,C255,northeastern
C249,C192,northern
C250,C264,southeastern
C250,C265,eastern
C250,C266,northeastern
C250,C270,southern
C250,C305,southwestern
C250,C268,western
C250,C269,northern
C251,C257,southern
C251,C261,western
C251,C95,eastern
C251,C184,western
C251,C191,northern
C252,C265,southern
C252,C253,southeastern
C252,C266,southwestern
C252,C259,eastern
C252,C254,western
C252,C258,northwestern
C252,C262,northeastern
C253,C48,southern
C253,C265,southwestern
C253,C109,eastern
C253,C52,southeastern
C253,C252,northwestern
C253,C259,northern
C254,C266,southwestern
C254,C252,eastern
C254,C258,northern
C254,C269,western
C255,C249,southwestern
C255,C267,southern
C255,C269,southeastern
C255,C260,northeastern
C255,C192,northwestern
C256,C258,southeastern
C256,C260,southwestern
C256,C257,eastern
C256,C261,northwestern
C257,C258,southwestern
C257,C262,southeastern
C257,C256,western
C257,C261,western
C257,C251,northern
C257,C95,northeastern
C258,C252,southeastern
C258,C254,southern
C258,C262,eastern
C258,C256,northwestern
C258,C269,southwestern
C258,C260,western
C258,C257,northeastern
C259,C253,southern
C259,C109,southeastern
C259,C252,western
C259,C104,eastern
C259,C105,northeastern
C259,C262,northern
C259,C263,northern
C260,C258,eastern
C260,C256,northeastern
C260,C269,southern
C260,C255,southwestern
C260,C192,western
C260,C188,northern
C260,C261,northeastern
C261,C256,southeastern
C261,C260,southwestern
C261,C188,western
C261,C257,eastern
C261,C251,eastern
C261,C184,northern
C262,C252,southwestern
C262,C259,southern
C262,C258,western
C262,C263,eastern
C262,C257,northwestern
C262,C100,northeastern
C262,C95,northern
C263,C259,southern
C263,C105,southern
C263,C262,western
C263,C2,southeastern
C263,C96,eastern
C263,C100,northern
C264,C92,southern
C264,C82,southeastern
C264,C265,northeastern
C264,C250,northwestern
C264,C266,northern
C264,C270,western
C265,C48,southeastern
C265,C82,southern
C265,C264,southwestern
C265,C250,western
C265,C253,northeastern
C265,C266,northwestern
C265,C252,northern
C266,C264,southern
C266,C265,southeastern
C266,C250,southwestern
C266,C252,northeastern
C266,C254,northeastern
C266,C269,northwestern
C267,C268,southern
C267,C249,western
C267,C269,eastern
C267,C255,northern
C268,C250,eastern
C268,C295,southwestern
C268,C270,southeastern
C268,C304,southern
C268,C297,southern
C268,C305,southern
C268,C249,northwestern
C268,C267,northern
C268,C269,northeastern
C269,C250,southern
C269,C266,southeastern
C269,C254,eastern
C269,C258,northeastern
C269,C268,southwestern
C269,C267,western
C269,C255,northwestern
C269,C260,northern
C270,C92,southeastern
C270,C264,eastern
C270,C250,northern
C270,C308,southern
C270,C305,western
C270,C268,northwestern
C271,C277,southern
C271,C302,southwestern
C271,C1235,western
C271,C93,southeastern
C271,C84,eastern
C271,C296,northeastern
C271,C307,northeastern
C271,C306,northern
C271,C272,northern
C272,C1235,southwestern
C272,C271,southern
C272,C307,southeastern
C272,C306,southern
C272,C291,southeastern
C272,C275,eastern
C272,C273,northeastern
C272,C284,western
C272,C289,western
C272,C281,northwestern
C272,C288,northern
C272,C280,northern
C273,C275,eastern
C273,C274,northeastern
C273,C272,southwestern
C273,C280,northern
C273,C286,northern
C274,C275,southern
C274,C273,southwestern
C274,C295,northeastern
C274,C286,northern
C275,C291,southern
C275,C300,eastern
C275,C273,western
C275,C274,northern
C275,C295,northeastern
C275,C272,western
C276,C1232,southwestern
C276,C278,southern
C276,C302,southeastern
C276,C1235,northwestern
C277,C91,southeastern
C277,C1232,southwestern
C277,C279,southwestern
C277,C278,northwestern
C277,C302,northern
C277,C271,northern
C277,C93,eastern
C278,C1232,southwestern
C278,C279,southern
C278,C277,southeastern
C278,C302,eastern
C278,C276,northern
C279,C1232,western
C279,C277,northeastern
C279,C278,northern
C279,C302,northern
C279,C93,eastern
C280,C273,southern
C280,C272,southern
C280,C288,southwestern
C280,C286,eastern
C280,C282,northeastern
C280,C283,western
C280,C285,northern
C281,C289,southwestern
C281,C272,southeastern
C281,C290,western
C281,C288,northeastern
C281,C287,northwestern
C281,C283,northern
C282,C280,southwestern
C282,C286,southern
C282,C299,southeastern
C282,C293,southeastern
C282,C249,northern
C282,C285,western
C282,C246,western
C282,C245,northern
C283,C281,southern
C283,C288,southeastern
C283,C287,southwestern
C283,C280,eastern
C283,C285,northeastern
C283,C246,northwestern
C284,C1235,southwestern
C284,C289,northwestern
C284,C272,eastern
C285,C280,southern
C285,C282,eastern
C285,C283,southwestern
C285,C246,western
C286,C273,southern
C286,C274,southern
C286,C295,southeastern
C286,C280,western
C286,C299,eastern
C286,C293,northeastern
C286,C282,northern
C287,C281,southeastern
C287,C290,southwestern
C287,C288,eastern
C287,C244,western
C287,C283,northeastern
C287,C246,northern
C288,C272,southern
C288,C281,southwestern
C288,C287,western
C288,C280,northeastern
C288,C283,northwestern
C289,C1235,southern
C289,C284,southeastern
C289,C272,eastern
C289,C281,northeastern
C289,C290,northwestern
C289,C1253,western
C290,C289,southeastern
C290,C281,eastern
C290,C1253,western
C290,C287,northeastern
C290,C244,northwestern
C291,C307,southern
C291,C306,southwestern
C291,C292,southeastern
C291,C300,northeastern
C291,C275,northern
C291,C272,northwestern
C292,C296,southeastern
C292,C307,southern
C292,C291,northwestern
C292,C300,northeastern
C293,C286,southwestern
C293,C299,southeastern
C293,C282,northwestern
C294,C92,southeastern
C294,C84,southern
C294,C301,southwestern
C294,C298,western
C294,C308,northeastern
C294,C303,northern
C295,C300,southern
C295,C275,southwestern
C295,C298,southeastern
C295,C303,eastern
C295,C274,southwestern
C295,C304,northeastern
C295,C297,northeastern
C295,C286,northwestern
C295,C299,northern
C295,C268,northeastern
C295,C249,northern
C296,C271,southwestern
C296,C93,southern
C296,C84,eastern
C296,C307,western
C296,C292,northwestern
C296,C301,northeastern
C296,C300,northern
C297,C295,southwestern
C297,C304,eastern
C297,C268,northern
C298,C301,southern
C298,C294,eastern
C298,C300,western
C298,C303,eastern
C298,C295,northwestern
C299,C295,southern
C299,C286,western
C299,C293,northwestern
C299,C282,northwestern
C299,C249,northern
C300,C296,southern
C300,C292,southwestern
C300,C301,southeastern
C300,C291,southwestern
C300,C275,western
C300,C298,eastern
C300,C295,northern
C301,C84,southeastern
C301,C296,southwestern
C301,C294,northeastern
C301,C300,northwestern
C301,C298,northern
C302,C279,southern
C302,C277,southern
C302,C278,western
C302,C276,northwestern
C302,C1235,northwestern
C302,C271,northeastern
C303,C92,southeastern
C303,C294,southern
C303,C298,western
C303,C308,eastern
C303,C295,western
C303,C304,northwestern
C303,C305,northern
C304,C303,southeastern
C304,C295,southwestern
C304,C297,western
C304,C305,eastern
C304,C268,northern
C305,C250,northeastern
C305,C308,southeastern
C305,C303,southern
C305,C270,eastern
C305,C304,western
C305,C268,northern
C306,C271,southern
C306,C307,eastern
C306,C291,northeastern
C306,C272,northern
C307,C271,southwestern
C307,C84,eastern
C307,C296,eastern
C307,C306,western
C307,C292,northern
C307,C291,northern
C307,C272,northwestern
C308,C92,southeastern
C308,C294,southwestern
C308,C303,western
C308,C270,northern
C308,C305,northwestern
C309,C335,southern
C309,C334,southwestern
C309,C341,western
C309,C340,western
C309,C342,western
C309,C316,southeastern
C309,C319,eastern
C309,C318,northeastern
C309,C312,northern
C309,C315,northern
C309,C314,northeastern
C310,C367,southern
C310,C368,southwestern
C310,C1263,southwestern
C310,C337,northwestern
C310,C382,southeastern
C310,C380,southeastern
C310,C196,eastern
C310,C187,northeastern
C310,C336,northern
C311,C322,southwestern
C311,C223,western
C311,C238,northwestern
C311,C200,northwestern
C311,C338,southern
C311,C336,eastern
C311,C334,eastern
C311,C341,eastern
C311,C340,northeastern
C311,C343,northeastern
C311,C237,northern
C312,C342,southwestern
C312,C309,southern
C312,C315,northeastern
C312,C314,eastern
C312,C339,northwestern
C313,C315,southern
C313,C314,southeastern
C313,C339,southwestern
C313,C332,western
C313,C326,northern
C313,C325,northern
C314,C309,southwestern
C314,C318,southeastern
C314,C312,western
C314,C315,western
C314,C313,northwestern
C314,C326,northwestern
C314,C631,northeastern
C314,C325,northwestern
C314,C327,northern
C314,C328,northwestern
C315,C309,southern
C315,C312,southwestern
C315,C314,eastern
C315,C313,northern
C315,C339,western
C316,C187,eastern
C316,C335,western
C316,C319,northern
C316,C309,northwestern
C317,C187,southern
C317,C634,northeastern
C317,C318,western
C317,C629,northern
C317,C631,northwestern
C317,C623,northern
C318,C187,southeastern
C318,C319,southwestern
C318,C309,western
C318,C317,eastern
C318,C314,northwestern
C318,C631,northern
C319,C187,southeastern
C319,C316,southern
C319,C309,western
C319,C318,northeastern
C320,C1259,southern
C320,C1258,southwestern
C320,C323,eastern
C320,C1266,western
C320,C322,northeastern
C320,C203,northwestern
C320,C1263,eastern
C321,C323,western
C321,C322,northwestern
C321,C1263,southeastern
C321,C338,northeastern
C322,C323,southern
C322,C320,southwestern
C322,C203,western
C322,C220,northwestern
C322,C223,northern
C322,C321,southeastern
C322,C338,eastern
C322,C311,northeastern
C323,C320,western
C323,C322,northern
C323,C1263,southeastern
C323,C321,eastern
C324,C333,southwestern
C324,C332,southeastern
C324,C216,western
C324,C330,northeastern
C324,C219,northwestern
C324,C331,northwestern
C324,C325,eastern
C325,C314,southeastern
C325,C313,southern
C325,C332,southwestern
C325,C324,western
C325,C330,northwestern
C325,C326,southern
C325,C327,eastern
C325,C328,northern
C325,C706,northern
C326,C314,southeastern
C326,C313,southern
C326,C332,western
C326,C325,northern
C326,C327,northeastern
C327,C314,southern
C327,C326,southwestern
C327,C325,western
C327,C328,northwestern
C327,C706,northern
C328,C314,southeastern
C328,C330,western
C328,C631,southeastern
C328,C325,southern
C328,C327,southeastern
C328,C706,northern
C328,C329,northwestern
C329,C330,southern
C329,C331,southwestern
C329,C328,southeastern
C329,C706,eastern
C329,C711,northeastern
C329,C217,western
C329,C712,northern
C330,C324,southwestern
C330,C331,northwestern
C330,C325,southeastern
C330,C328,eastern
C330,C329,northern
C331,C324,southeastern
C331,C330,southeastern
C331,C219,western
C331,C329,northeastern
C331,C217,northern
C332,C344,southwestern
C332,C313,eastern
C332,C339,southern
C332,C333,western
C332,C324,northwestern
C332,C326,eastern
C332,C325,northeastern
C333,C344,southern
C333,C332,eastern
C333,C216,western
C333,C324,northeastern
C334,C335,eastern
C334,C336,southern
C334,C311,western
C334,C341,northwestern
C334,C309,northeastern
C335,C187,eastern
C335,C336,western
C335,C334,western
C335,C316,eastern
C335,C309,northern
C336,C310,southern
C336,C337,southern
C336,C338,southwestern
C336,C187,eastern
C336,C335,eastern
C336,C311,western
C336,C334,northern
C337,C1263,southwestern
C337,C310,southeastern
C337,C338,western
C337,C336,northern
C338,C322,western
C338,C1263,southern
C338,C321,southwestern
C338,C337,eastern
C338,C336,northeastern
C338,C311,northern
C339,C342,southern
C339,C344,western
C339,C312,southeastern
C339,C315,eastern
C339,C313,northeastern
C339,C332,northern
C340,C311,southwestern
C340,C341,southern
C340,C343,western
C340,C342,northeastern
C340,C344,northern
C340,C309,eastern
C341,C311,western
C341,C334,southeastern
C341,C340,northern
C341,C343,northwestern
C341,C344,northern
C341,C309,eastern
C342,C340,southwestern
C342,C344,northwestern
C342,C309,eastern
C342,C312,northeastern
C342,C339,northern
C343,C311,southwestern
C343,C341,southeastern
C343,C340,eastern
C343,C237,northwestern
C343,C344,northeastern
C344,C341,southern
C344,C340,southern
C344,C343,southwestern
C344,C342,southeastern
C344,C237,southwestern
C344,C339,eastern
C344,C241,western
C344,C333,northern
C344,C332,northeastern
C344,C216,northwestern
C345,C248,southern
C345,C374,eastern
C345,C348,southwestern
C345,C352,western
C345,C347,western
C345,C349,northern
C345,C377,northeastern
C345,C373,northeastern
C346,C1262,western
C346,C1264,southwestern
C346,C354,southeastern
C346,C351,southeastern
C346,C350,southeastern
C346,C347,southeastern
C346,C372,eastern
C346,C370,northeastern
C346,C364,northeastern
C346,C1263,northern
C347,C345,eastern
C347,C352,southern
C347,C353,southwestern
C347,C351,southwestern
C347,C350,western
C347,C346,northwestern
C347,C371,northern
C347,C369,northern
C347,C349,northeastern
C347,C372,northwestern
C348,C242,southeastern
C348,C248,eastern
C348,C345,northeastern
C348,C1247,southern
C348,C1249,southwestern
C348,C352,northern
C348,C1264,northwestern
C348,C354,northern
C348,C353,northern
C349,C345,southern
C349,C347,southwestern
C349,C371,western
C349,C369,western
C349,C370,western
C349,C364,northwestern
C349,C373,eastern
C349,C356,northeastern
C349,C355,northeastern
C349,C358,northeastern
C349,C366,northwestern
C349,C365,northwestern
C349,C363,northern
C350,C351,southern
C350,C347,eastern
C350,C346,northwestern
C351,C354,southwestern
C351,C353,southeastern
C351,C350,northern
C351,C347,northeastern
C351,C346,northwestern
C352,C345,eastern
C352,C348,southern
C352,C353,northwestern
C352,C347,northern
C353,C348,southern
C353,C352,southeastern
C353,C354,western
C353,C351,northwestern
C353,C347,northeastern
C354,C348,southern
C354,C1264,western
C354,C353,eastern
C354,C351,northeastern
C354,C346,northwestern
C355,C349,southwestern
C355,C373,southern
C355,C378,southeastern
C355,C356,western
C355,C359,eastern
C355,C357,northwestern
C356,C349,southwestern
C356,C355,eastern
C356,C358,northwestern
C356,C357,northern
C357,C356,southern
C357,C359,eastern
C357,C355,southeastern
C357,C358,western
C357,C381,northwestern
C357,C379,northern
C358,C349,southwestern
C358,C356,southeastern
C358,C357,eastern
C358,C363,northwestern
C358,C381,northern
C358,C379,northeastern
C359,C375,southern
C359,C378,southern
C359,C177,eastern
C359,C355,western
C359,C357,western
C359,C362,northeastern
C359,C361,northern
C359,C360,northern
C359,C379,northwestern
C359,C196,northern
C360,C359,southern
C360,C362,southern
C360,C361,southwestern
C360,C196,northern
C361,C359,southern
C361,C362,eastern
C361,C360,northeastern
C361,C196,northern
C362,C359,southwestern
C362,C361,western
C362,C360,northern
C363,C349,southern
C363,C358,southeastern
C363,C366,western
C363,C367,northwestern
C363,C381,northeastern
C364,C346,southwestern
C364,C349,southeastern
C364,C370,southwestern
C364,C365,northeastern
C364,C368,northern
C364,C1263,northwestern
C365,C349,southeastern
C365,C364,southwestern
C365,C366,eastern
C365,C367,northeastern
C365,C368,northern
C366,C349,southeastern
C366,C365,western
C366,C363,eastern
C366,C367,northern
C367,C366,southern
C367,C365,southwestern
C367,C363,southeastern
C367,C368,western
C367,C310,northern
C367,C381,eastern
C367,C382,northeastern
C368,C364,southern
C368,C365,southern
C368,C367,eastern
C368,C1263,western
C368,C310,northeastern
C369,C347,southern
C369,C371,southeastern
C369,C349,eastern
C369,C372,western
C369,C370,northwestern
C370,C346,southwestern
C370,C369,southeastern
C370,C349,eastern
C370,C372,southern
C370,C364,northeastern
C371,C347,southern
C371,C369,northwestern
C371,C349,eastern
C372,C347,southeastern
C372,C346,western
C372,C369,eastern
C372,C370,northern
C373,C345,southwestern
C373,C349,western
C373,C377,southeastern
C373,C375,eastern
C373,C378,eastern
C373,C355,northern
C374,C248,southwestern
C374,C243,southeastern
C374,C345,western
C374,C376,northeastern
C374,C377,northwestern
C374,C375,northeastern
C375,C243,southern
C375,C374,southwestern
C375,C376,southern
C375,C377,western
C375,C373,western
C375,C378,northwestern
C375,C177,northeastern
C375,C359,northern
C376,C243,southeastern
C376,C374,southwestern
C376,C375,northern
C377,C374,southeastern
C377,C345,southwestern
C377,C375,eastern
C377,C373,northwestern
C378,C375,southeastern
C378,C373,western
C378,C359,northern
C378,C355,northwestern
C379,C359,southeastern
C379,C358,southwestern
C379,C357,southern
C379,C381,western
C379,C382,northwestern
C379,C380,northeastern
C379,C196,northeastern
C380,C310,northwestern
C380,C379,southwestern
C380,C382,western
C380,C196,eastern
C381,C358,southern
C381,C357,southeastern
C381,C363,southwestern
C381,C367,western
C381,C379,eastern
C381,C382,northwestern
C382,C367,southwestern
C382,C310,northwestern
C382,C381,southeastern
C382,C379,southeastern
C382,C380,eastern
C383,C384,southern
C383,C388,southwestern
C383,C390,eastern
C383,C403,western
C383,C389,eastern
C383,C621,northern
C384,C401,southern
C384,C400,southwestern
C384,C394,southeastern
C384,C399,eastern
C384,C386,western
C384,C396,eastern
C384,C388,northwestern
C384,C383,northern
C384,C389,northeastern
C385,C390,southern
C385,C685,northeastern
C385,C621,western
C385,C617,northern
C385,C700,northern
C386,C179,southern
C386,C400,southeastern
C386,C387,western
C386,C384,eastern
C386,C388,northwestern
C387,C179,southern
C387,C386,eastern
C387,C388,northeastern
C387,C194,southwestern
C387,C632,western
C388,C386,southeastern
C388,C387,southwestern
C388,C384,southeastern
C388,C383,northeastern
C388,C403,northern
C388,C632,western
C388,C633,western
C388,C637,northwestern
C389,C397,southeastern
C389,C384,southwestern
C389,C396,southern
C389,C383,western
C389,C390,northwestern
C389,C24,eastern
C389,C23,eastern
C389,C687,northeastern
C389,C704,northeastern
C390,C383,western
C390,C385,northern
C390,C389,southeastern
C390,C687,eastern
C390,C685,northeastern
C390,C621,northwestern
C391,C31,southeastern
C391,C393,northeastern
C391,C193,southwestern
C391,C402,western
C391,C392,northwestern
C392,C393,eastern
C392,C391,southeastern
C392,C402,southwestern
C392,C394,northern
C393,C31,southern
C393,C32,southeastern
C393,C193,southwestern
C393,C391,southwestern
C393,C392,western
C393,C394,northwestern
C393,C398,northeastern
C394,C393,southeastern
C394,C402,southwestern
C394,C401,southwestern
C394,C392,southern
C394,C398,eastern
C394,C395,northeastern
C394,C399,northeastern
C394,C384,northwestern
C395,C394,southwestern
C395,C398,eastern
C395,C397,northeastern
C395,C399,northwestern
C396,C397,eastern
C396,C399,southern
C396,C384,western
C396,C389,northern
C397,C398,southern
C397,C41,southeastern
C397,C395,southwestern
C397,C39,eastern
C397,C399,southwestern
C397,C396,western
C397,C24,northeastern
C397,C389,northwestern
C398,C32,southern
C398,C393,southwestern
C398,C394,western
C398,C41,eastern
C398,C395,western
C398,C397,northern
C399,C394,southwestern
C399,C395,southeastern
C399,C397,northeastern
C399,C384,western
C399,C396,northern
C400,C178,southern
C400,C179,western
C400,C401,southeastern
C400,C386,northwestern
C400,C384,northeastern
C401,C193,southeastern
C401,C178,southwestern
C401,C402,southeastern
C401,C400,northwestern
C401,C394,northeastern
C401,C384,northern
C402,C193,southern
C402,C391,eastern
C402,C401,northwestern
C402,C392,northeastern
C402,C394,northeastern
C403,C388,southern
C403,C383,eastern
C403,C637,western
C403,C621,northeastern
C404,C409,southwestern
C404,C430,southeastern
C404,C424,southeastern
C404,C422,southeastern
C404,C428,eastern
C405,C408,southern
C405,C945,western
C405,C407,eastern
C405,C943,western
C405,C406,northeastern
C406,C407,southeastern
C406,C405,southwestern
C406,C410,northern
C407,C553,southern
C407,C408,southwestern
C407,C555,southern
C407,C405,western
C407,C406,northwestern
C407,C410,northern
C407,C559,southeastern
C407,C575,eastern
C407,C577,northeastern
C408,C549,southeastern
C408,C551,southern
C408,C938,western
C408,C556,eastern
C408,C553,eastern
C408,C945,northwestern
C408,C407,northeastern
C408,C405,northern
C409,C410,southeastern
C409,C430,eastern
C409,C404,northeastern
C410,C407,southern
C410,C406,southern
C410,C429,northeastern
C410,C409,northwestern
C410,C430,northern
C410,C577,southeastern
C410,C576,southeastern
C410,C411,eastern
C410,C415,eastern
C411,C410,western
C411,C558,southeastern
C411,C576,southern
C411,C574,southeastern
C411,C412,eastern
C411,C413,northeastern
C411,C415,northwestern
C411,C414,northern
C412,C558,southern
C412,C574,southwestern
C412,C411,western
C412,C676,eastern
C412,C413,northern
C413,C412,southern
C413,C411,southwestern
C413,C676,southeastern
C413,C416,eastern
C413,C414,northwestern
C413,C417,northeastern
C414,C411,southern
C414,C413,southeastern
C414,C415,western
C414,C417,eastern
C414,C420,northern
C414,C431,northern
C415,C410,western
C415,C429,western
C415,C411,southeastern
C415,C414,eastern
C415,C426,northwestern
C415,C420,northern
C416,C676,southern
C416,C675,southeastern
C416,C668,southeastern
C416,C670,eastern
C416,C672,northeastern
C416,C413,western
C416,C417,northwestern
C417,C416,southeastern
C417,C672,eastern
C417,C413,southwestern
C417,C414,western
C417,C431,northwestern
C417,C425,northern
C417,C418,northeastern
C418,C672,southeastern
C418,C639,eastern
C418,C417,southwestern
C418,C425,northwestern
C418,C667,northeastern
C418,C666,northern
C419,C428,western
C419,C420,southern
C419,C427,southwestern
C419,C423,southeastern
C419,C663,eastern
C420,C421,western
C420,C415,southern
C420,C414,southern
C420,C426,southwestern
C420,C431,eastern
C420,C427,northwestern
C420,C432,northeastern
C420,C423,northeastern
C420,C419,northern
C421,C429,southern
C421,C430,western
C421,C424,northwestern
C421,C422,northern
C421,C426,southeastern
C421,C420,eastern
C421,C427,northeastern
C422,C421,southern
C422,C424,western
C422,C428,northern
C422,C404,northwestern
C422,C427,eastern
C423,C420,southwestern
C423,C432,eastern
C423,C419,northwestern
C423,C663,northeastern
C424,C430,southwestern
C424,C421,southeastern
C424,C422,eastern
C424,C404,northwestern
C425,C417,southern
C425,C431,western
C425,C432,northwestern
C425,C418,southeastern
C425,C666,northeastern
C425,C663,northern
C426,C429,southwestern
C426,C421,northwestern
C426,C415,southeastern
C426,C420,northeastern
C427,C421,southwestern
C427,C422,western
C427,C428,northwestern
C427,C420,southeastern
C427,C419,northeastern
C428,C422,southern
C428,C404,western
C428,C427,southeastern
C428,C419,eastern
C429,C410,southwestern
C429,C430,northwestern
C429,C421,northern
C429,C415,eastern
C429,C426,northeastern
C430,C410,southern
C430,C429,southeastern
C430,C409,western
C430,C421,eastern
C430,C424,northeastern
C430,C404,northwestern
C431,C414,southern
C431,C417,southeastern
C431,C420,western
C431,C425,eastern
C431,C432,northern
C432,C420,southwestern
C432,C431,southern
C432,C425,southeastern
C432,C666,eastern
C432,C423,western
C432,C663,northern
C433,C447,southern
C433,C467,southern
C433,C445,southeastern
C433,C472,southwestern
C433,C469,western
C433,C449,western
C433,C454,northwestern
C433,C434,northern
C433,C457,eastern
C433,C435,northern
C434,C454,southern
C434,C448,southwestern
C434,C452,southwestern
C434,C638,northwestern
C434,C640,northwestern
C434,C433,southern
C434,C435,southeastern
C435,C434,northwestern
C435,C457,southern
C435,C433,southern
C435,C455,southeastern
C435,C456,southeastern
C435,C436,eastern
C436,C443,southern
C436,C446,southern
C436,C455,southwestern
C436,C456,southwestern
C436,C438,eastern
C436,C437,eastern
C436,C435,western
C437,C438,southeastern
C437,C436,western
C438,C460,southern
C438,C465,southwestern
C438,C443,southwestern
C438,C517,southeastern
C438,C515,eastern
C438,C437,northwestern
C438,C436,western
C438,C439,northeastern
C439,C515,southeastern
C439,C438,southwestern
C439,C440,eastern
C440,C515,southern
C440,C519,southern
C440,C514,southeastern
C440,C441,eastern
C440,C439,western
C441,C540,southeastern
C441,C514,southern
C441,C539,eastern
C441,C440,western
C442,C445,southern
C442,C457,northwestern
C442,C446,northeastern
C443,C445,southwestern
C443,C463,southeastern
C443,C465,eastern
C443,C446,western
C443,C517,eastern
C443,C438,northeastern
C443,C436,northern
C444,C615,southwestern
C444,C512,southeastern
C444,C461,northeastern
C444,C447,western
C444,C459,northeastern
C444,C445,northwestern
C445,C444,southeastern
C445,C447,southwestern
C445,C459,eastern
C445,C463,eastern
C445,C442,northern
C445,C443,northeastern
C445,C457,northwestern
C445,C446,northern
C445,C433,northwestern
C446,C445,southern
C446,C442,southwestern
C446,C443,eastern
C446,C457,western
C446,C455,northwestern
C446,C436,northern
C447,C615,southeastern
C447,C444,eastern
C447,C467,northwestern
C447,C445,northeastern
C447,C619,southwestern
C447,C433,northern
C448,C454,southern
C448,C451,southwestern
C448,C452,northwestern
C448,C434,northeastern
C449,C469,southwestern
C449,C454,northern
C449,C433,eastern
C450,C468,southern
C450,C589,southwestern
C450,C594,western
C450,C453,northeastern
C450,C644,northwestern
C451,C468,southwestern
C451,C466,southern
C451,C469,southeastern
C451,C454,eastern
C451,C453,northwestern
C451,C448,northeastern
C451,C452,northern
C452,C451,southern
C452,C453,southwestern
C452,C448,southeastern
C452,C643,western
C452,C434,northeastern
C452,C638,northern
C453,C468,southern
C453,C450,southwestern
C453,C451,southeastern
C453,C644,western
C453,C452,northeastern
C453,C643,northwestern
C454,C469,southern
C454,C449,southern
C454,C451,western
C454,C448,northern
C454,C434,northern
C454,C433,southeastern
C455,C457,southwestern
C455,C446,southeastern
C455,C456,northern
C455,C436,northeastern
C455,C435,northwestern
C456,C455,southern
C456,C436,northeastern
C456,C435,northwestern
C457,C445,southeastern
C457,C442,southeastern
C457,C446,eastern
C457,C433,western
C457,C455,northeastern
C457,C435,northern
C458,C512,southern
C458,C461,western
C458,C462,northeastern
C459,C444,southwestern
C459,C461,southern
C459,C462,eastern
C459,C445,western
C459,C463,northern
C460,C462,southern
C460,C464,southeastern
C460,C463,western
C460,C465,northwestern
C460,C517,northeastern
C460,C438,northern
C461,C512,southern
C461,C444,southwestern
C461,C458,eastern
C461,C462,northeastern
C461,C459,northern
C462,C512,southern
C462,C510,southeastern
C462,C458,southwestern
C462,C461,southwestern
C462,C528,eastern
C462,C459,western
C462,C464,northeastern
C462,C463,northwestern
C462,C460,northern
C463,C462,southeastern
C463,C459,southern
C463,C445,western
C463,C460,eastern
C463,C465,northeastern
C463,C443,northwestern
C463,C517,eastern
C464,C528,southern
C464,C462,southwestern
C464,C525,southeastern
C464,C526,eastern
C464,C460,northwestern
C464,C517,northeastern
C465,C463,southwestern
C465,C460,southeastern
C465,C443,western
C465,C438,northeastern
C466,C474,southwestern
C466,C472,southeastern
C466,C468,western
C466,C469,eastern
C466,C451,northern
C467,C447,southeastern
C467,C619,southern
C467,C473,southwestern
C467,C472,northwestern
C467,C433,northern
C468,C572,southwestern
C468,C474,southern
C468,C472,southeastern
C468,C593,southwestern
C468,C466,eastern
C468,C589,western
C468,C450,northern
C468,C451,northeastern
C468,C453,northern
C469,C472,southern
C469,C466,western
C469,C449,northeastern
C469,C454,northern
C469,C451,northwestern
C469,C433,eastern
C470,C619,southeastern
C470,C569,southern
C470,C573,southwestern
C470,C571,southwestern
C470,C471,eastern
C470,C572,western
C470,C474,northern
C470,C472,northeastern
C471,C619,southern
C471,C470,western
C471,C473,eastern
C471,C474,northwestern
C471,C472,northern
C472,C467,southeastern
C472,C471,southern
C472,C470,southwestern
C472,C473,southeastern
C472,C474,western
C472,C468,northwestern
C472,C466,northwestern
C472,C469,northern
C472,C433,northeastern
C473,C467,northeastern
C473,C619,southern
C473,C471,western
C473,C472,northwestern
C474,C471,southeastern
C474,C470,southern
C474,C572,southwestern
C474,C472,eastern
C474,C468,northern
C474,C466,northeastern
C475,C502,southwestern
C475,C479,eastern
C475,C476,western
C475,C477,northwestern
C476,C502,southeastern
C476,C498,southwestern
C476,C475,eastern
C476,C477,northeastern
C477,C502,southern
C477,C475,southeastern
C477,C476,southwestern
C478,C493,southwestern
C478,C502,northeastern
C478,C498,northwestern
C479,C475,western
C480,C483,southern
C480,C487,southeastern
C480,C481,southwestern
C480,C507,northwestern
C481,C485,southwestern
C481,C483,eastern
C481,C486,western
C481,C482,western
C481,C480,northeastern
C481,C484,northwestern
C481,C507,northwestern
C482,C683,southwestern
C482,C489,southern
C482,C486,southeastern
C482,C481,eastern
C482,C503,western
C482,C484,northeastern
C482,C523,northwestern
C483,C496,southern
C483,C498,southeastern
C483,C485,western
C483,C487,eastern
C483,C481,western
C483,C480,northern
C484,C481,southeastern
C484,C482,southwestern
C484,C523,western
C484,C488,northwestern
C484,C507,northern
C485,C496,southeastern
C485,C492,southern
C485,C489,western
C485,C483,eastern
C485,C486,northwestern
C485,C481,northeastern
C486,C485,southeastern
C486,C489,southwestern
C486,C481,eastern
C486,C482,northwestern
C487,C498,southern
C487,C483,western
C487,C480,northwestern
C488,C484,southeastern
C488,C523,southwestern
C488,C524,western
C488,C507,northeastern
C488,C505,northwestern
C489,C492,southeastern
C489,C682,southwestern
C489,C499,southeastern
C489,C485,eastern
C489,C683,western
C489,C486,northeastern
C489,C503,northwestern
C489,C482,northern
C490,C497,western
C490,C491,northern
C491,C490,southern
C491,C497,southwestern
C491,C684,western
C491,C494,eastern
C491,C682,northwestern
C491,C499,northern
C492,C501,southeastern
C492,C494,southern
C492,C496,eastern
C492,C499,western
C492,C485,northern
C492,C489,northwestern
C493,C495,western
C493,C500,northwestern
C493,C478,northeastern
C493,C498,northern
C494,C501,eastern
C494,C491,western
C494,C492,northern
C494,C499,northwestern
C495,C493,eastern
C495,C501,western
C495,C500,northeastern
C495,C496,northern
C496,C495,southern
C496,C501,southwestern
C496,C500,southeastern
C496,C492,western
C496,C498,eastern
C496,C485,northwestern
C496,C483,northern
C497,C703,western
C497,C490,eastern
C497,C684,northwestern
C497,C491,northeastern
C498,C493,southern
C498,C500,southwestern
C498,C478,southeastern
C498,C496,western
C498,C502,eastern
C498,C476,northeastern
C498,C483,northwestern
C498,C487,northern
C499,C494,southeastern
C499,C491,southern
C499,C492,eastern
C499,C682,western
C499,C489,northwestern
C500,C495,southwestern
C500,C493,southeastern
C500,C496,northwestern
C500,C498,northeastern
C501,C495,eastern
C501,C494,western
C501,C496,northeastern
C501,C492,northwestern
C502,C478,southwestern
C502,C498,western
C502,C475,northeastern
C502,C476,northwestern
C502,C477,northern
C503,C683,southern
C503,C489,southeastern
C503,C694,western
C503,C482,eastern
C503,C520,northwestern
C503,C523,northern
C504,C506,southwestern
C504,C546,northeastern
C504,C513,western
C504,C540,northern
C505,C522,southern
C505,C524,southeastern
C505,C488,southeastern
C505,C521,southern
C505,C507,eastern
C505,C534,western
C505,C544,western
C505,C542,northwestern
C506,C532,southern
C506,C531,southwestern
C506,C530,southern
C506,C538,southeastern
C506,C527,southwestern
C506,C533,eastern
C506,C535,eastern
C506,C525,western
C506,C526,western
C506,C504,northeastern
C506,C518,northwestern
C506,C546,northeastern
C506,C513,northern
C507,C481,southeastern
C507,C480,southeastern
C507,C484,southern
C507,C488,southwestern
C507,C505,western
C508,C511,southwestern
C508,C512,northwestern
C508,C510,northern
C508,C509,eastern
C509,C700,southern
C509,C511,southwestern
C509,C508,western
C509,C510,northwestern
C509,C693,southeastern
C509,C529,eastern
C509,C531,northern
C510,C508,southern
C510,C512,western
C510,C509,southeastern
C510,C531,eastern
C510,C527,northeastern
C510,C528,northern
C510,C462,northwestern
C511,C617,southern
C511,C700,southeastern
C511,C615,western
C511,C508,northeastern
C511,C512,northern
C511,C509,northeastern
C512,C511,southern
C512,C615,western
C512,C508,southeastern
C512,C510,eastern
C512,C444,northwestern
C512,C458,northern
C512,C461,northern
C512,C462,northern
C513,C506,southern
C513,C504,eastern
C513,C518,southwestern
C513,C517,western
C513,C540,northeastern
C513,C519,northern
C513,C514,northern
C514,C513,southern
C514,C540,eastern
C514,C519,southwestern
C514,C441,northern
C514,C440,northwestern
C515,C517,southwestern
C515,C519,southeastern
C515,C438,western
C515,C439,northwestern
C515,C440,northern
C516,C525,southern
C516,C526,southeastern
C516,C518,eastern
C516,C517,northwestern
C517,C464,southwestern
C517,C463,western
C517,C526,southeastern
C517,C516,southeastern
C517,C518,southeastern
C517,C460,southwestern
C517,C443,western
C517,C513,eastern
C517,C515,northeastern
C517,C519,eastern
C517,C438,northwestern
C518,C506,southeastern
C518,C526,southern
C518,C516,western
C518,C517,northwestern
C518,C513,northeastern
C519,C517,western
C519,C513,southern
C519,C515,northwestern
C519,C514,northeastern
C519,C440,northern
C520,C694,southern
C520,C503,southeastern
C520,C523,eastern
C520,C688,western
C520,C522,northwestern
C521,C522,southwestern
C521,C524,eastern
C521,C505,northern
C522,C520,southeastern
C522,C523,eastern
C522,C688,southwestern
C522,C536,northwestern
C522,C524,eastern
C522,C521,northeastern
C522,C505,northern
C522,C534,northwestern
C523,C503,southern
C523,C482,southeastern
C523,C520,western
C523,C484,eastern
C523,C522,western
C523,C524,northern
C523,C488,northeastern
C524,C523,southern
C524,C522,western
C524,C488,eastern
C524,C521,western
C524,C505,northwestern
C525,C527,southern
C525,C528,southwestern
C525,C464,northwestern
C525,C506,eastern
C525,C526,eastern
C525,C516,northern
C526,C464,western
C526,C506,eastern
C526,C525,western
C526,C516,northwestern
C526,C518,northern
C526,C517,northwestern
C527,C510,southwestern
C527,C531,southeastern
C527,C528,northwestern
C527,C506,northeastern
C527,C525,northern
C528,C510,southern
C528,C527,southeastern
C528,C462,western
C528,C464,northern
C528,C525,northeastern
C529,C693,southern
C529,C509,western
C529,C678,eastern
C529,C532,northeastern
C529,C531,northwestern
C530,C678,southeastern
C530,C532,southwestern
C530,C538,northeastern
C530,C506,northern
C531,C510,western
C531,C509,southern
C531,C529,southeastern
C531,C532,eastern
C531,C527,northwestern
C531,C506,northeastern
C532,C529,southwestern
C532,C678,southeastern
C532,C531,western
C532,C530,northeastern
C532,C506,northern
C533,C537,southeastern
C533,C538,southwestern
C533,C535,northeastern
C533,C506,western
C534,C536,southern
C534,C522,southeastern
C534,C505,eastern
C534,C535,southwestern
C534,C545,western
C534,C544,northwestern
C535,C537,southern
C535,C536,southeastern
C535,C533,southwestern
C535,C506,western
C535,C534,northeastern
C535,C545,northern
C535,C546,northwestern
C536,C688,southern
C536,C537,southwestern
C536,C522,southeastern
C536,C535,northwestern
C536,C534,northern
C537,C678,southwestern
C537,C688,southeastern
C537,C538,western
C537,C536,northeastern
C537,C533,northwestern
C537,C535,northern
C538,C678,southern
C538,C530,southwestern
C538,C537,eastern
C538,C533,northeastern
C538,C506,northwestern
C539,C540,southwestern
C539,C543,eastern
C539,C441,western
C540,C504,southern
C540,C546,southeastern
C540,C513,southwestern
C540,C541,eastern
C540,C514,western
C540,C543,eastern
C540,C539,northeastern
C540,C441,northwestern
C541,C545,southern
C541,C546,southwestern
C541,C544,southeastern
C541,C540,western
C541,C542,eastern
C541,C543,northeastern
C542,C505,southeastern
C542,C544,southern
C542,C541,western
C542,C543,western
C543,C541,southwestern
C543,C540,western
C543,C542,eastern
C543,C539,western
C544,C505,eastern
C544,C534,southeastern
C544,C545,southwestern
C544,C541,northwestern
C544,C542,northern
C545,C535,southern
C545,C534,eastern
C545,C546,western
C545,C544,northeastern
C545,C541,northern
C546,C535,southeastern
C546,C506,southwestern
C546,C504,southwestern
C546,C545,eastern
C546,C541,northeastern
C546,C540,northwestern
C547,C548,western
C547,C709,southeastern
C547,C608,eastern
C547,C610,eastern
C547,C607,northeastern
C547,C552,northwestern
C548,C550,western
C548,C549,northwestern
C548,C709,southeastern
C548,C547,eastern
C548,C552,northern
C549,C548,southeastern
C549,C550,southwestern
C549,C551,western
C549,C554,northeastern
C549,C556,northern
C549,C408,northwestern
C549,C552,eastern
C549,C557,northeastern
C550,C548,eastern
C550,C549,northeastern
C550,C551,northwestern
C551,C550,southeastern
C551,C549,eastern
C551,C938,northwestern
C551,C408,northern
C551,C940,western
C551,C945,northwestern
C552,C548,southern
C552,C549,western
C552,C547,southeastern
C552,C607,eastern
C552,C605,eastern
C552,C603,northeastern
C552,C557,northern
C552,C559,northern
C553,C556,southeastern
C553,C408,western
C553,C555,eastern
C553,C407,northern
C554,C549,southwestern
C554,C556,northwestern
C554,C555,northern
C554,C557,northeastern
C555,C554,southern
C555,C556,southwestern
C555,C553,western
C555,C407,northern
C555,C557,southeastern
C555,C559,eastern
C556,C549,southern
C556,C554,southeastern
C556,C553,northwestern
C556,C408,western
C556,C555,northeastern
C557,C549,southwestern
C557,C554,southwestern
C557,C555,northwestern
C557,C552,southern
C557,C559,northeastern
C558,C559,southwestern
C558,C584,southern
C558,C580,southeastern
C558,C581,southeastern
C558,C647,eastern
C558,C674,northeastern
C558,C578,western
C558,C576,northwestern
C558,C574,northwestern
C558,C671,northern
C558,C412,northern
C558,C411,northwestern
C558,C676,northern
C558,C677,northeastern
C559,C555,western
C559,C407,northwestern
C559,C552,southern
C559,C603,southern
C559,C583,southeastern
C559,C582,southeastern
C559,C557,southwestern
C559,C586,eastern
C559,C584,eastern
C559,C575,northern
C559,C578,northern
C559,C558,northeastern
C560,C568,southern
C560,C567,southern
C560,C596,southwestern
C560,C565,southeastern
C560,C598,western
C560,C597,northwestern
C560,C601,western
C560,C561,northeastern
C560,C612,northwestern
C560,C600,northwestern
C560,C564,eastern
C561,C618,southeastern
C561,C560,southwestern
C561,C612,western
C561,C566,southeastern
C561,C564,southern
C561,C619,eastern
C561,C569,eastern
C561,C573,eastern
C561,C571,northeastern
C561,C570,northern
C561,C611,northwestern
C561,C588,northern
C562,C707,southwestern
C562,C622,southern
C562,C618,northeastern
C562,C563,northern
C562,C620,eastern
C562,C567,northwestern
C562,C565,northwestern
C562,C566,northern
C562,C564,northern
C563,C562,southern
C563,C565,western
C563,C564,northeastern
C564,C562,southern
C564,C563,southwestern
C564,C565,western
C564,C560,western
C564,C561,northern
C564,C566,eastern
C565,C562,southeastern
C565,C563,eastern
C565,C567,southwestern
C565,C560,northwestern
C565,C564,eastern
C566,C562,southern
C566,C618,southeastern
C566,C561,northwestern
C566,C564,western
C567,C707,southern
C567,C562,southeastern
C567,C568,southwestern
C567,C565,northeastern
C567,C560,northern
C568,C707,southern
C568,C567,northeastern
C568,C596,northwestern
C568,C560,northern
C569,C561,western
C569,C619,southeastern
C569,C573,northwestern
C569,C470,northern
C570,C561,southern
C570,C571,eastern
C570,C572,eastern
C570,C592,northern
C570,C588,northwestern
C571,C561,southwestern
C571,C573,eastern
C571,C470,northeastern
C571,C572,northern
C571,C570,western
C572,C573,southeastern
C572,C571,southern
C572,C470,eastern
C572,C474,northeastern
C572,C592,northwestern
C572,C593,northern
C572,C468,northeastern
C572,C570,western
C573,C561,western
C573,C569,southeastern
C573,C571,western
C573,C470,northeastern
C573,C572,northwestern
C574,C558,southeastern
C574,C576,southwestern
C574,C412,northeastern
C574,C411,northwestern
C575,C407,western
C575,C559,southern
C575,C578,northeastern
C575,C577,northern
C576,C410,northwestern
C576,C578,southern
C576,C577,southwestern
C576,C558,southeastern
C576,C574,northeastern
C576,C411,northern
C577,C407,southwestern
C577,C410,northwestern
C577,C575,southern
C577,C578,southeastern
C577,C576,northeastern
C578,C559,southern
C578,C575,southwestern
C578,C577,northwestern
C578,C558,eastern
C578,C576,northern
C579,C613,southeastern
C579,C586,western
C579,C648,eastern
C579,C580,northwestern
C579,C650,northeastern
C579,C581,northern
C580,C579,southeastern
C580,C586,southwestern
C580,C584,western
C580,C581,northeastern
C580,C558,northwestern
C581,C579,southern
C581,C580,southwestern
C581,C650,eastern
C581,C647,northern
C581,C558,northwestern
C582,C614,southeastern
C582,C585,northeastern
C582,C606,southern
C582,C583,western
C582,C586,northern
C582,C559,northwestern
C583,C606,southeastern
C583,C603,western
C583,C582,eastern
C583,C559,northwestern
C584,C586,southeastern
C584,C559,western
C584,C580,eastern
C584,C558,northern
C585,C614,southern
C585,C613,eastern
C585,C582,southwestern
C585,C586,northwestern
C586,C585,southeastern
C586,C613,eastern
C586,C579,eastern
C586,C582,southern
C586,C559,western
C586,C584,northwestern
C586,C580,northeastern
C587,C592,eastern
C587,C611,southwestern
C587,C588,southeastern
C587,C590,northern
C587,C613,northwestern
C588,C561,southern
C588,C592,northeastern
C588,C570,southeastern
C588,C611,western
C588,C587,northwestern
C589,C592,southwestern
C589,C593,southern
C589,C468,eastern
C589,C591,western
C589,C594,northwestern
C589,C450,northeastern
C590,C592,southeastern
C590,C587,southern
C590,C594,northeastern
C590,C613,western
C591,C592,southern
C591,C593,southeastern
C591,C589,eastern
C591,C594,northwestern
C592,C572,southeastern
C592,C593,eastern
C592,C589,northeastern
C592,C591,northern
C592,C570,southern
C592,C588,southwestern
C592,C587,western
C592,C590,northwestern
C592,C594,northern
C592,C595,northern
C592,C644,northern
C593,C572,southern
C593,C592,western
C593,C468,northeastern
C593,C589,northern
C593,C591,northwestern
C593,C594,northwestern
C594,C592,southern
C594,C593,southeastern
C594,C589,southeastern
C594,C591,southeastern
C594,C590,southwestern
C594,C613,western
C594,C450,eastern
C594,C595,northeastern
C594,C644,northeastern
C594,C648,northwestern
C595,C592,southern
C595,C594,southwestern
C595,C644,northeastern
C595,C648,northwestern
C596,C707,southern
C596,C708,southwestern
C596,C599,western
C596,C568,southeastern
C596,C598,northern
C596,C560,northeastern
C597,C598,southwestern
C597,C560,southeastern
C597,C601,western
C598,C599,southwestern
C598,C596,southern
C598,C560,eastern
C598,C597,northeastern
C598,C601,northwestern
C598,C602,western
C599,C708,southwestern
C599,C596,eastern
C599,C598,northeastern
C599,C709,northwestern
C599,C602,northern
C600,C560,southeastern
C600,C601,southern
C600,C612,northeastern
C600,C709,southwestern
C600,C608,western
C600,C604,northwestern
C601,C598,southeastern
C601,C560,eastern
C601,C597,eastern
C601,C709,southwestern
C601,C602,southern
C601,C600,northern
C602,C599,southern
C602,C598,eastern
C602,C601,northern
C602,C709,western
C603,C606,southeastern
C603,C552,southwestern
C603,C605,southern
C603,C583,eastern
C603,C559,northern
C604,C612,eastern
C604,C608,southwestern
C604,C600,southeastern
C604,C610,southwestern
C604,C607,western
C604,C609,northwestern
C604,C614,northeastern
C604,C606,northern
C605,C607,southern
C605,C609,southeastern
C605,C606,eastern
C605,C552,western
C605,C603,northern
C606,C604,southern
C606,C609,southwestern
C606,C614,northeastern
C606,C605,western
C606,C603,northwestern
C606,C583,northwestern
C606,C582,northern
C607,C547,southwestern
C607,C610,southern
C607,C604,eastern
C607,C609,eastern
C607,C552,western
C607,C605,northern
C608,C709,southern
C608,C547,western
C608,C600,eastern
C608,C610,northwestern
C608,C604,northeastern
C609,C604,southeastern
C609,C607,western
C609,C606,northeastern
C609,C605,northwestern
C610,C608,southeastern
C610,C547,western
C610,C604,northeastern
C610,C607,northern
C611,C561,southeastern
C611,C612,southwestern
C611,C588,eastern
C611,C587,northeastern
C611,C614,western
C611,C613,northern
C612,C560,southeastern
C612,C561,eastern
C612,C600,southwestern
C612,C604,western
C612,C611,northeastern
C612,C614,northern
C613,C611,southern
C613,C587,southeastern
C613,C614,southwestern
C613,C590,eastern
C613,C594,eastern
C613,C585,western
C613,C579,northwestern
C613,C586,western
C613,C648,northeastern
C614,C612,southern
C614,C604,southwestern
C614,C611,eastern
C614,C585,northern
C614,C613,northeastern
C614,C606,southwestern
C614,C582,northwestern
C615,C617,southeastern
C615,C620,southwestern
C615,C511,eastern
C615,C512,eastern
C615,C444,northeastern
C615,C447,northwestern
C615,C619,western
C616,C637,southern
C616,C622,southwestern
C616,C621,eastern
C616,C620,northeastern
C617,C385,southern
C617,C621,southwestern
C617,C620,western
C617,C700,eastern
C617,C511,northern
C617,C615,northwestern
C618,C562,southwestern
C618,C620,southeastern
C618,C561,northwestern
C618,C566,northwestern
C618,C619,northeastern
C619,C618,southwestern
C619,C620,southern
C619,C615,eastern
C619,C447,northeastern
C619,C467,northern
C619,C561,western
C619,C569,northwestern
C619,C471,northern
C619,C470,northwestern
C619,C473,northern
C620,C622,southwestern
C620,C616,southwestern
C620,C562,western
C620,C618,northwestern
C620,C621,southeastern
C620,C617,eastern
C620,C615,northeastern
C620,C619,northern
C621,C383,southern
C621,C390,southeastern
C621,C403,southwestern
C621,C385,eastern
C621,C637,southwestern
C621,C616,western
C621,C617,northeastern
C621,C620,northwestern
C622,C633,southeastern
C622,C626,southern
C622,C628,southwestern
C622,C630,western
C622,C707,northwestern
C622,C624,southern
C622,C627,southern
C622,C637,eastern
C622,C616,northeastern
C622,C562,northern
C622,C620,northeastern
C623,C634,southern
C623,C317,southern
C623,C629,western
C623,C628,northwestern
C623,C625,southeastern
C623,C627,eastern
C624,C626,southeastern
C624,C625,western
C624,C627,northwestern
C624,C622,northern
C625,C634,southern
C625,C626,eastern
C625,C624,eastern
C625,C623,northwestern
C625,C627,northeastern
C626,C636,southern
C626,C634,western
C626,C633,eastern
C626,C625,western
C626,C624,northwestern
C626,C622,northern
C627,C628,western
C627,C625,southwestern
C627,C624,southeastern
C627,C623,western
C627,C622,northern
C628,C629,southwestern
C628,C631,western
C628,C630,western
C628,C623,southeastern
C628,C627,eastern
C628,C622,northeastern
C629,C317,southern
C629,C631,western
C629,C628,northeastern
C629,C623,eastern
C630,C631,southern
C630,C628,eastern
C630,C706,northwestern
C630,C707,northern
C630,C622,eastern
C631,C317,southeastern
C631,C318,southern
C631,C314,southwestern
C631,C629,eastern
C631,C628,eastern
C631,C328,northwestern
C631,C630,northern
C631,C706,northwestern
C632,C387,eastern
C632,C388,eastern
C632,C194,southern
C632,C635,southern
C632,C636,western
C632,C633,northern
C633,C388,eastern
C633,C632,southern
C633,C636,southwestern
C633,C626,western
C633,C637,northeastern
C633,C622,northwestern
C634,C187,southern
C634,C636,southeastern
C634,C626,eastern
C634,C317,southwestern
C634,C625,northern
C634,C623,northern
C635,C187,southwestern
C635,C194,southern
C635,C632,northern
C635,C636,northwestern
C636,C187,southwestern
C636,C194,southeastern
C636,C635,southeastern
C636,C632,eastern
C636,C634,northwestern
C636,C633,northeastern
C636,C626,northern
C637,C388,southeastern
C637,C403,eastern
C637,C633,southwestern
C637,C622,western
C637,C616,northern
C637,C621,northeastern
C638,C452,southern
C638,C643,southwestern
C638,C434,southeastern
C638,C642,southwestern
C638,C656,northwestern
C638,C661,northwestern
C638,C640,northern
C639,C641,southeastern
C639,C673,southern
C639,C672,southwestern
C639,C418,western
C639,C667,northwestern
C640,C434,southeastern
C640,C638,southern
C640,C661,western
C640,C660,northwestern
C640,C662,northwestern
C640,C657,northwestern
C641,C645,southern
C641,C646,southwestern
C641,C654,southeastern
C641,C652,southeastern
C641,C659,eastern
C641,C669,western
C641,C673,western
C641,C639,northwestern
C642,C644,southwestern
C642,C643,southeastern
C642,C651,western
C642,C638,northeastern
C642,C653,northwestern
C642,C656,northern
C643,C453,southeastern
C643,C644,southwestern
C643,C452,eastern
C643,C642,northwestern
C643,C638,northeastern
C644,C592,southern
C644,C594,southwestern
C644,C450,southeastern
C644,C595,southwestern
C644,C453,eastern
C644,C643,northeastern
C644,C648,western
C644,C651,northwestern
C644,C642,northeastern
C645,C651,southern
C645,C649,southern
C645,C646,western
C645,C655,eastern
C645,C654,eastern
C645,C641,northern
C646,C649,southeastern
C646,C647,southwestern
C646,C645,eastern
C646,C674,northwestern
C646,C669,northern
C646,C641,northeastern
C647,C650,southeastern
C647,C581,southern
C647,C649,eastern
C647,C646,northeastern
C647,C674,northern
C647,C558,western
C648,C594,southeastern
C648,C613,southwestern
C648,C579,western
C648,C595,southeastern
C648,C644,eastern
C648,C650,northwestern
C648,C651,northeastern
C648,C649,northern
C649,C648,southern
C649,C650,southwestern
C649,C651,southeastern
C649,C647,western
C649,C645,northern
C649,C646,northwestern
C650,C579,southwestern
C650,C648,southeastern
C650,C581,western
C650,C649,northeastern
C650,C647,northwestern
C651,C644,southeastern
C651,C648,southwestern
C651,C649,northwestern
C651,C645,northern
C651,C642,eastern
C651,C653,northeastern
C651,C655,northeastern
C652,C658,southeastern
C652,C654,southern
C652,C662,northeastern
C652,C659,northern
C652,C641,northwestern
C653,C651,southwestern
C653,C642,southeastern
C653,C656,northeastern
C653,C655,northern
C654,C645,western
C654,C655,southeastern
C654,C658,eastern
C654,C652,northern
C654,C641,northwestern
C655,C651,southwestern
C655,C645,western
C655,C653,southern
C655,C656,southeastern
C655,C661,eastern
C655,C658,northeastern
C655,C654,northwestern
C656,C642,southern
C656,C638,southeastern
C656,C653,southwestern
C656,C655,northwestern
C656,C661,northern
C657,C640,southeastern
C657,C662,western
C657,C659,western
C658,C655,southwestern
C658,C661,southeastern
C658,C654,western
C658,C660,northeastern
C658,C652,northwestern
C658,C662,northern
C659,C652,southern
C659,C662,southeastern
C659,C657,eastern
C659,C641,western
C660,C661,southern
C660,C658,southwestern
C660,C640,southeastern
C660,C662,northwestern
C661,C638,southeastern
C661,C656,southern
C661,C655,western
C661,C658,northwestern
C661,C640,eastern
C661,C660,northern
C662,C658,southern
C662,C640,southeastern
C662,C660,southeastern
C662,C652,southwestern
C662,C657,eastern
C662,C659,northwestern
C663,C425,southern
C663,C432,southern
C663,C666,southeastern
C663,C423,southwestern
C663,C419,western
C663,C665,eastern
C664,C667,southern
C664,C666,southwestern
C664,C665,western
C665,C666,southern
C665,C664,eastern
C665,C663,western
C666,C425,southwestern
C666,C432,western
C666,C418,southern
C666,C667,eastern
C666,C664,northeastern
C666,C663,northwestern
C666,C665,northern
C667,C639,southeastern
C667,C418,southwestern
C667,C666,western
C667,C664,northern
C668,C676,southwestern
C668,C677,southern
C668,C675,eastern
C668,C416,northwestern
C669,C646,southern
C669,C674,southwestern
C669,C641,eastern
C669,C675,northwestern
C669,C673,northern
C670,C675,southern
C670,C673,southeastern
C670,C416,western
C670,C672,northwestern
C671,C558,southern
C671,C676,northern
C671,C677,northeastern
C672,C673,southeastern
C672,C416,southwestern
C672,C670,southeastern
C672,C639,northeastern
C672,C417,western
C672,C418,northwestern
C673,C669,southern
C673,C641,eastern
C673,C675,western
C673,C670,northwestern
C673,C672,northwestern
C673,C639,northern
C674,C647,southern
C674,C646,southeastern
C674,C558,southwestern
C674,C677,northwestern
C674,C669,northeastern
C674,C675,northern
C675,C674,southern
C675,C677,southwestern
C675,C669,southeastern
C675,C668,western
C675,C673,eastern
C675,C416,northwestern
C675,C670,northern
C676,C558,southern
C676,C671,southern
C676,C412,western
C676,C677,southeastern
C676,C668,northeastern
C676,C416,northern
C676,C413,northwestern
C677,C674,southeastern
C677,C558,southwestern
C677,C671,southwestern
C677,C676,northwestern
C677,C675,northeastern
C677,C668,northern
C678,C696,southern
C678,C693,southwestern
C678,C695,southeastern
C678,C529,western
C678,C688,eastern
C678,C532,northwestern
C678,C530,northwestern
C678,C537,northeastern
C678,C538,northern
C679,C687,southwestern
C679,C704,southern
C679,C686,western
C679,C684,eastern
C679,C681,eastern
C679,C680,northeastern
C679,C699,northeastern
C679,C698,western
C679,C692,northern
C679,C691,northwestern
C679,C690,northern
C679,C689,northern
C680,C679,southwestern
C680,C684,southeastern
C680,C681,southern
C680,C682,eastern
C680,C699,northern
C681,C679,western
C681,C684,southeastern
C681,C680,northern
C682,C684,southern
C682,C491,southeastern
C682,C499,eastern
C682,C680,western
C682,C683,northern
C682,C699,northwestern
C682,C489,northeastern
C683,C682,southern
C683,C699,western
C683,C489,eastern
C683,C694,northwestern
C683,C503,northern
C683,C482,northeastern
C684,C704,southwestern
C684,C679,western
C684,C703,southern
C684,C497,southeastern
C684,C491,eastern
C684,C681,northwestern
C684,C682,northern
C684,C680,northwestern
C685,C390,southwestern
C685,C385,southwestern
C685,C687,southeastern
C685,C686,northeastern
C685,C700,northern
C685,C698,northeastern
C686,C687,southern
C686,C685,southwestern
C686,C679,eastern
C686,C698,northern
C687,C390,western
C687,C389,southwestern
C687,C704,eastern
C687,C685,northwestern
C687,C686,northern
C687,C679,northeastern
C688,C689,southern
C688,C697,southeastern
C688,C695,southwestern
C688,C694,southeastern
C688,C520,eastern
C688,C678,western
C688,C537,northwestern
C688,C536,northern
C688,C522,northeastern
C689,C679,southern
C689,C699,eastern
C689,C692,southern
C689,C690,southwestern
C689,C696,western
C689,C697,northeastern
C689,C695,northwestern
C689,C688,northern
C690,C679,southern
C690,C692,southeastern
C690,C691,western
C690,C696,northwestern
C690,C689,northeastern
C691,C679,southeastern
C691,C700,western
C691,C698,southern
C691,C690,eastern
C691,C696,northeastern
C691,C693,northwestern
C692,C679,southern
C692,C690,northwestern
C692,C689,northern
C693,C700,southwestern
C693,C691,southeastern
C693,C696,eastern
C693,C509,northwestern
C693,C529,northern
C693,C678,northeastern
C694,C683,southeastern
C694,C699,southern
C694,C697,western
C694,C503,eastern
C694,C520,northern
C694,C688,northwestern
C695,C696,southwestern
C695,C689,southeastern
C695,C678,northwestern
C695,C688,northeastern
C696,C691,southwestern
C696,C690,southeastern
C696,C693,western
C696,C689,eastern
C696,C695,northeastern
C696,C678,northern
C697,C699,southeastern
C697,C689,southwestern
C697,C694,eastern
C697,C688,northwestern
C698,C685,southwestern
C698,C686,southern
C698,C679,eastern
C698,C700,western
C698,C691,northern
C699,C679,southwestern
C699,C682,southeastern
C699,C680,southern
C699,C683,eastern
C699,C689,western
C699,C697,northwestern
C699,C694,northern
C700,C385,southern
C700,C685,southern
C700,C617,western
C700,C511,northwestern
C700,C698,eastern
C700,C691,eastern
C700,C693,northeastern
C700,C509,northern
C701,C704,northwestern
C701,C702,southwestern
C701,C703,northeastern
C702,C6,southeastern
C702,C22,southwestern
C702,C23,western
C702,C704,northern
C702,C701,northeastern
C703,C704,western
C703,C701,southwestern
C703,C497,eastern
C703,C684,northern
C704,C389,southwestern
C704,C23,southwestern
C704,C687,western
C704,C679,northern
C704,C702,southern
C704,C701,southeastern
C704,C703,eastern
C704,C684,northeastern
C705,C204,western
C705,C715,southern
C705,C714,southwestern
C705,C708,eastern
C705,C710,northern
C705,C709,northeastern
C706,C631,southeastern
C706,C325,southern
C706,C327,southern
C706,C328,southern
C706,C630,southeastern
C706,C707,northeastern
C706,C711,northern
C706,C329,western
C707,C630,southern
C707,C706,southwestern
C707,C711,western
C707,C622,southeastern
C707,C562,northeastern
C707,C708,northwestern
C707,C568,northern
C707,C567,northern
C707,C596,northern
C708,C707,southeastern
C708,C711,southeastern
C708,C712,southern
C708,C715,southwestern
C708,C705,western
C708,C599,northeastern
C708,C596,northeastern
C708,C709,northern
C709,C548,northwestern
C709,C708,southern
C709,C705,southwestern
C709,C599,southeastern
C709,C601,northeastern
C709,C710,southwestern
C709,C602,eastern
C709,C608,northern
C709,C547,northwestern
C709,C600,northeastern
C710,C705,southern
C710,C709,northeastern
C711,C706,southern
C711,C707,eastern
C711,C329,southwestern
C711,C712,western
C711,C708,northwestern
C712,C711,eastern
C712,C329,southern
C712,C217,southwestern
C712,C218,western
C712,C715,northwestern
C712,C708,northern
C713,C201,western
C713,C219,southern
C713,C218,southeastern
C713,C715,northeastern
C713,C714,northern
C714,C201,southwestern
C714,C204,western
C714,C713,southern
C714,C715,eastern
C714,C705,northeastern
C715,C218,southern
C715,C713,southwestern
C715,C712,southeastern
C715,C714,western
C715,C708,northeastern
C715,C705,northern
C716,C891,southwestern
C716,C888,southern
C716,C199,southeastern
C716,C879,western
C716,C942,northern
C717,C859,southeastern
C717,C861,eastern
C717,C731,northern
C717,C734,northwestern
C717,C732,eastern
C717,C737,northeastern
C718,C881,southeastern
C718,C883,southwestern
C718,C882,eastern
C718,C723,western
C718,C722,western
C718,C940,northeastern
C718,C726,northwestern
C718,C724,northern
C719,C902,southern
C719,C904,southwestern
C719,C898,eastern
C719,C897,northeastern
C719,C1182,western
C719,C908,northern
C720,C827,western
C720,C826,southwestern
C720,C828,northwestern
C721,C723,southeastern
C721,C752,southern
C721,C874,western
C721,C725,northeastern
C721,C864,northern
C722,C723,southern
C722,C718,eastern
C722,C725,northwestern
C722,C726,northeastern
C723,C753,southern
C723,C883,southeastern
C723,C718,eastern
C723,C758,southwestern
C723,C752,western
C723,C721,northwestern
C723,C725,northern
C723,C722,northern
C724,C718,southern
C724,C940,eastern
C724,C726,western
C724,C944,northeastern
C724,C941,northern
C724,C831,northwestern
C725,C723,southern
C725,C721,southwestern
C725,C864,northwestern
C725,C722,southeastern
C725,C726,eastern
C725,C830,northeastern
C725,C832,northern
C726,C718,southeastern
C726,C725,western
C726,C722,southwestern
C726,C724,eastern
C726,C830,northwestern
C726,C831,northern
C727,C732,southwestern
C727,C737,western
C727,C958,northwestern
C727,C730,northwestern
C727,C960,northern
C727,C957,northern
C727,C964,northwestern
C727,C729,southern
C727,C738,southeastern
C727,C946,eastern
C727,C950,northeastern
C727,C949,northeastern
C729,C864,southeastern
C729,C870,southern
C729,C861,southwestern
C729,C872,southwestern
C729,C732,western
C729,C727,northern
C729,C869,southeastern
C729,C738,eastern
C730,C737,southern
C730,C727,southeastern
C730,C743,southwestern
C730,C740,southwestern
C730,C958,southeastern
C730,C749,western
C730,C959,northeastern
C730,C746,western
C730,C747,northwestern
C730,C739,northern
C731,C717,southern
C731,C734,western
C731,C745,northern
C731,C737,northeastern
C732,C861,southern
C732,C717,western
C732,C737,northwestern
C732,C727,northeastern
C732,C729,eastern
C734,C717,southeastern
C734,C731,eastern
C734,C745,eastern
C734,C744,northeastern
C734,C742,northeastern
C734,C735,northern
C735,C734,southern
C735,C742,southeastern
C735,C749,eastern
C735,C750,northeastern
C735,C748,northeastern
C737,C717,southwestern
C737,C731,southwestern
C737,C745,western
C737,C744,northwestern
C737,C732,southeastern
C737,C727,eastern
C737,C743,northern
C737,C730,northern
C738,C864,southern
C738,C727,northwestern
C738,C729,western
C738,C946,northeastern
C739,C730,southern
C739,C964,southern
C739,C959,southern
C739,C962,southeastern
C739,C747,southwestern
C739,C963,southeastern
C739,C961,southeastern
C739,C952,eastern
C739,C748,western
C739,C951,eastern
C740,C741,southwestern
C740,C742,western
C740,C743,southeastern
C740,C749,northwestern
C740,C730,northeastern
C741,C745,southwestern
C741,C744,southern
C741,C742,northwestern
C741,C743,eastern
C741,C740,northeastern
C742,C734,southwestern
C742,C745,southern
C742,C744,southeastern
C742,C741,southeastern
C742,C735,northwestern
C742,C740,eastern
C742,C749,northeastern
C743,C744,southwestern
C743,C741,western
C743,C737,southern
C743,C740,northwestern
C743,C730,northeastern
C744,C734,southwestern
C744,C745,southwestern
C744,C741,northern
C744,C742,northwestern
C744,C737,southeastern
C744,C743,northeastern
C745,C731,southern
C745,C734,western
C745,C744,northeastern
C745,C741,northeastern
C745,C742,northern
C745,C737,eastern
C746,C749,southwestern
C746,C730,eastern
C746,C747,northwestern
C746,C748,northern
C747,C749,southern
C747,C730,southeastern
C747,C746,southeastern
C747,C750,western
C747,C748,northern
C747,C739,northeastern
C748,C735,southwestern
C748,C746,southern
C748,C747,southern
C748,C750,southern
C748,C739,eastern
C749,C742,southwestern
C749,C735,western
C749,C740,southeastern
C749,C730,eastern
C749,C746,northeastern
C749,C747,northern
C749,C750,northwestern
C750,C735,southwestern
C750,C749,southeastern
C750,C747,eastern
C750,C748,northern
C752,C723,eastern
C752,C758,southern
C752,C764,southwestern
C752,C862,western
C752,C874,northwestern
C752,C721,northern
C753,C759,southern
C753,C883,eastern
C753,C723,northern
C753,C758,western
C754,C757,southwestern
C754,C927,southeastern
C754,C935,eastern
C754,C756,northeastern
C754,C760,western
C754,C755,northwestern
C755,C754,southeastern
C755,C756,eastern
C755,C760,southwestern
C755,C763,western
C755,C759,northern
C756,C935,southeastern
C756,C754,southwestern
C756,C936,eastern
C756,C755,western
C756,C880,northeastern
C756,C759,northwestern
C757,C929,southeastern
C757,C913,southern
C757,C927,eastern
C757,C754,northeastern
C757,C911,southwestern
C757,C762,western
C757,C760,northwestern
C758,C763,southern
C758,C759,southeastern
C758,C753,eastern
C758,C723,northeastern
C758,C823,southern
C758,C822,southwestern
C758,C821,southwestern
C758,C807,western
C758,C806,western
C758,C764,northwestern
C758,C752,northern
C759,C756,southeastern
C759,C763,southwestern
C759,C755,southern
C759,C880,eastern
C759,C753,northern
C759,C883,northeastern
C759,C758,northwestern
C760,C757,southeastern
C760,C754,eastern
C760,C762,southwestern
C760,C761,northwestern
C760,C763,northern
C760,C755,northeastern
C761,C762,southern
C761,C760,southeastern
C761,C824,western
C761,C763,northeastern
C761,C823,northern
C762,C757,eastern
C762,C911,southeastern
C762,C790,southwestern
C762,C791,western
C762,C760,northeastern
C762,C761,northern
C762,C824,northwestern
C763,C760,southern
C763,C761,southwestern
C763,C755,eastern
C763,C759,northeastern
C763,C823,western
C763,C758,northern
C764,C806,southwestern
C764,C758,southeastern
C764,C804,southwestern
C764,C752,northeastern
C764,C862,northwestern
C765,C773,southern
C765,C819,eastern
C765,C850,southwestern
C765,C845,western
C765,C817,eastern
C765,C769,northern
C765,C835,northwestern
C766,C769,southeastern
C766,C835,southern
C766,C798,eastern
C766,C768,northeastern
C766,C770,northern
C766,C774,northwestern
C767,C770,southeastern
C767,C815,eastern
C767,C793,northeastern
C767,C774,southwestern
C767,C795,northern
C767,C794,northern
C767,C797,northern
C768,C803,southeastern
C768,C802,southern
C768,C766,southwestern
C768,C798,southern
C768,C799,southern
C768,C770,western
C768,C812,northern
C768,C810,northern
C768,C789,southeastern
C768,C790,eastern
C768,C791,northeastern
C769,C817,southeastern
C769,C765,southern
C769,C787,southeastern
C769,C788,eastern
C769,C801,eastern
C769,C835,western
C769,C766,northwestern
C769,C798,northeastern
C770,C766,southern
C770,C768,eastern
C770,C812,northeastern
C770,C815,northeastern
C770,C774,western
C770,C767,northwestern
C771,C777,southwestern
C771,C772,western
C771,C808,southeastern
C771,C781,southern
C771,C779,southwestern
C771,C863,northeastern
C771,C866,northern
C771,C865,northern
C772,C777,southern
C772,C771,eastern
C772,C865,northeastern
C772,C867,northern
C773,C1194,southern
C773,C1185,southern
C773,C1189,southeastern
C773,C819,northeastern
C773,C847,southwestern
C773,C849,western
C773,C850,western
C773,C817,northeastern
C773,C765,northern
C774,C835,southern
C774,C841,southern
C774,C837,southwestern
C774,C766,southeastern
C774,C770,eastern
C774,C839,southwestern
C774,C767,northeastern
C775,C782,southern
C775,C777,northeastern
C775,C778,southeastern
C775,C776,eastern
C776,C775,western
C776,C777,northwestern
C776,C783,southeastern
C776,C778,southern
C776,C780,eastern
C776,C808,eastern
C776,C781,northeastern
C776,C779,northern
C777,C775,southwestern
C777,C772,northern
C777,C776,southeastern
C777,C779,eastern
C777,C771,northeastern
C778,C797,western
C778,C782,western
C778,C775,northwestern
C778,C796,southeastern
C778,C792,southern
C778,C783,eastern
C778,C776,northern
C779,C777,western
C779,C776,southern
C779,C781,eastern
C779,C771,northeastern
C780,C816,southern
C780,C783,southwestern
C780,C809,southeastern
C780,C776,western
C780,C808,northeastern
C781,C776,southwestern
C781,C808,eastern
C781,C779,western
C781,C771,northern
C782,C797,southern
C782,C775,northern
C782,C778,eastern
C783,C796,southwestern
C783,C816,southeastern
C783,C778,western
C783,C780,northeastern
C783,C776,northwestern
C784,C923,eastern
C784,C800,northern
C784,C922,northeastern
C784,C786,southwestern
C784,C802,northwestern
C785,C817,southwestern
C785,C818,southeastern
C785,C787,northwestern
C785,C786,northeastern
C786,C1175,southeastern
C786,C923,eastern
C786,C784,northeastern
C786,C818,southern
C786,C785,southwestern
C786,C787,western
C786,C788,northwestern
C786,C801,northwestern
C786,C802,northern
C787,C817,southern
C787,C785,southeastern
C787,C786,eastern
C787,C788,northeastern
C787,C769,northwestern
C787,C801,northern
C788,C787,southwestern
C788,C786,southeastern
C788,C769,western
C788,C801,northern
C788,C802,northeastern
C789,C803,southern
C789,C921,eastern
C789,C768,northwestern
C789,C790,northeastern
C790,C921,southeastern
C790,C768,western
C790,C789,southwestern
C790,C911,eastern
C790,C762,northeastern
C790,C791,northern
C791,C768,southwestern
C791,C810,western
C791,C811,northwestern
C791,C790,southern
C791,C762,eastern
C791,C820,northern
C791,C824,northern
C792,C793,southern
C792,C794,western
C792,C797,western
C792,C796,eastern
C792,C778,northern
C793,C815,southeastern
C793,C813,eastern
C793,C767,southwestern
C793,C795,western
C793,C794,western
C793,C796,northeastern
C793,C792,northern
C794,C793,eastern
C794,C767,southern
C794,C795,southwestern
C794,C797,northwestern
C794,C792,eastern
C795,C793,eastern
C795,C767,southern
C795,C794,northeastern
C796,C813,southeastern
C796,C793,southwestern
C796,C816,eastern
C796,C792,western
C796,C783,northeastern
C796,C778,northwestern
C797,C767,southern
C797,C794,southeastern
C797,C782,northern
C797,C792,eastern
C797,C778,eastern
C798,C769,southwestern
C798,C801,southeastern
C798,C766,western
C798,C799,eastern
C798,C768,northern
C799,C801,southern
C799,C802,southeastern
C799,C798,western
C799,C768,northern
C800,C923,southeastern
C800,C784,southern
C800,C922,eastern
C800,C803,northern
C800,C802,western
C801,C787,southern
C801,C786,southeastern
C801,C788,southern
C801,C769,western
C801,C802,eastern
C801,C798,northwestern
C801,C799,northern
C802,C784,southeastern
C802,C800,eastern
C802,C803,northeastern
C802,C786,southern
C802,C788,southwestern
C802,C801,western
C802,C799,northwestern
C802,C768,northern
C803,C800,southern
C803,C922,eastern
C803,C921,eastern
C803,C802,southwestern
C803,C768,northwestern
C803,C789,northern
C804,C808,southwestern
C804,C806,southeastern
C804,C764,northeastern
C804,C862,northern
C804,C863,northern
C805,C809,southwestern
C805,C808,northwestern
C805,C821,southeastern
C805,C806,northeastern
C806,C808,western
C806,C821,southern
C806,C805,southwestern
C806,C807,eastern
C806,C758,eastern
C806,C804,northwestern
C806,C764,northeastern
C807,C821,southwestern
C807,C806,western
C807,C758,eastern
C808,C809,southern
C808,C780,southwestern
C808,C776,western
C808,C781,western
C808,C805,southeastern
C808,C806,eastern
C808,C804,northeastern
C808,C771,northwestern
C808,C863,northern
C809,C816,southwestern
C809,C780,northwestern
C809,C808,northern
C809,C814,southeastern
C809,C821,eastern
C809,C805,northeastern
C810,C768,southern
C810,C812,southwestern
C810,C811,eastern
C810,C815,western
C810,C813,northern
C810,C791,eastern
C811,C810,western
C811,C813,northwestern
C811,C791,southeastern
C811,C820,northeastern
C812,C768,southern
C812,C770,southwestern
C812,C810,northeastern
C812,C815,northwestern
C813,C810,southern
C813,C811,southeastern
C813,C815,southwestern
C813,C793,western
C813,C796,northwestern
C813,C816,northern
C813,C820,eastern
C813,C824,eastern
C813,C814,northeastern
C814,C813,southwestern
C814,C816,western
C814,C809,northwestern
C814,C824,southeastern
C814,C822,northeastern
C814,C821,northeastern
C815,C770,southwestern
C815,C812,southeastern
C815,C810,eastern
C815,C813,northeastern
C815,C793,northwestern
C815,C767,western
C816,C813,southern
C816,C796,western
C816,C783,northwestern
C816,C809,northeastern
C816,C780,northern
C816,C814,eastern
C817,C773,southwestern
C817,C819,southern
C817,C818,eastern
C817,C765,western
C817,C785,northeastern
C817,C787,northern
C817,C769,northwestern
C818,C1174,southern
C818,C1175,eastern
C818,C819,southwestern
C818,C817,western
C818,C785,northwestern
C818,C786,northern
C819,C1174,southeastern
C819,C1189,southern
C819,C773,southwestern
C819,C817,northern
C819,C818,northeastern
C819,C765,western
C820,C811,southwestern
C820,C813,western
C820,C791,southern
C820,C824,northeastern
C821,C809,western
C821,C814,southwestern
C821,C822,southeastern
C821,C805,northwestern
C821,C807,northeastern
C821,C806,northern
C821,C758,northeastern
C822,C824,southern
C822,C814,southwestern
C822,C823,eastern
C822,C821,northwestern
C822,C758,northeastern
C823,C761,southern
C823,C824,southwestern
C823,C763,eastern
C823,C822,western
C823,C758,northern
C824,C813,western
C824,C762,southeastern
C824,C791,southern
C824,C820,southwestern
C824,C761,eastern
C824,C814,northwestern
C824,C823,northeastern
C824,C822,northern
C825,C946,southern
C825,C827,eastern
C825,C949,western
C825,C828,northern
C826,C832,southern
C826,C946,western
C826,C827,northern
C826,C720,northeastern
C827,C946,southwestern
C827,C825,western
C827,C826,southern
C827,C720,eastern
C827,C828,northern
C828,C825,southern
C828,C827,southern
C828,C949,southwestern
C828,C720,southeastern
C830,C725,southwestern
C830,C726,southeastern
C830,C831,eastern
C830,C832,northwestern
C831,C726,southern
C831,C724,southeastern
C831,C941,eastern
C831,C830,western
C832,C725,southern
C832,C864,southwestern
C832,C830,southeastern
C832,C946,northwestern
C832,C826,northern
C833,C1137,southwestern
C833,C1187,southeastern
C833,C850,eastern
C833,C848,northeastern
C833,C846,northern
C833,C834,northern
C834,C833,southern
C834,C846,southern
C834,C845,southeastern
C834,C843,northwestern
C834,C835,northeastern
C834,C844,northern
C835,C845,southern
C835,C834,southwestern
C835,C765,southeastern
C835,C769,eastern
C835,C844,western
C835,C841,northwestern
C835,C766,northern
C835,C774,northern
C836,C837,southeastern
C836,C839,eastern
C836,C857,southern
C836,C838,western
C837,C852,southwestern
C837,C840,southern
C837,C844,southeastern
C837,C841,eastern
C837,C836,northwestern
C837,C839,northern
C837,C774,northeastern
C837,C857,southwestern
C838,C836,eastern
C838,C856,southern
C838,C857,southeastern
C839,C837,southern
C839,C836,western
C839,C774,northeastern
C840,C843,southern
C840,C852,western
C840,C844,eastern
C840,C837,northern
C841,C835,southeastern
C841,C844,southwestern
C841,C837,western
C841,C774,northern
C842,C853,western
C842,C843,northern
C843,C834,southeastern
C843,C842,southern
C843,C853,southwestern
C843,C855,western
C843,C852,northwestern
C843,C840,northern
C843,C844,northeastern
C844,C834,southern
C844,C843,southwestern
C844,C835,eastern
C844,C840,western
C844,C841,northeastern
C844,C837,northwestern
C845,C850,southern
C845,C848,southern
C845,C846,southwestern
C845,C834,northwestern
C845,C765,eastern
C845,C835,northern
C846,C833,southern
C846,C848,southeastern
C846,C845,northeastern
C846,C834,northern
C847,C1187,southwestern
C847,C1194,southern
C847,C773,northeastern
C847,C849,northwestern
C848,C833,southwestern
C848,C850,southeastern
C848,C846,northwestern
C848,C845,northern
C849,C1187,southwestern
C849,C773,eastern
C849,C847,southeastern
C849,C850,northwestern
C850,C1187,southern
C850,C773,eastern
C850,C849,southeastern
C850,C833,western
C850,C848,northwestern
C850,C845,northern
C850,C765,northeastern
C851,C854,northwestern
C851,C853,eastern
C851,C855,northeastern
C852,C855,southwestern
C852,C843,southeastern
C852,C840,eastern
C852,C837,northeastern
C852,C857,western
C853,C851,western
C853,C842,eastern
C853,C855,northwestern
C853,C843,northeastern
C854,C851,southeastern
C854,C855,eastern
C854,C856,northwestern
C854,C857,northeastern
C855,C851,southwestern
C855,C854,western
C855,C853,southeastern
C855,C843,eastern
C855,C852,northeastern
C855,C857,northwestern
C856,C854,southeastern
C856,C857,eastern
C856,C838,northern
C857,C854,southwestern
C857,C855,southeastern
C857,C852,eastern
C857,C837,northeastern
C857,C836,northern
C857,C856,western
C857,C838,northwestern
C859,C865,southern
C859,C860,eastern
C859,C861,northeastern
C859,C867,southwestern
C859,C717,northwestern
C860,C874,eastern
C860,C871,northeastern
C860,C863,southeastern
C860,C866,southern
C860,C865,southwestern
C860,C876,eastern
C860,C868,northeastern
C860,C859,western
C860,C861,northern
C861,C871,southeastern
C861,C870,eastern
C861,C860,southern
C861,C859,southwestern
C861,C717,western
C861,C872,eastern
C861,C732,northern
C861,C729,northeastern
C862,C804,southern
C862,C764,southeastern
C862,C752,eastern
C862,C874,northern
C862,C863,southwestern
C863,C808,southern
C863,C804,southern
C863,C862,northeastern
C863,C874,northeastern
C863,C771,southwestern
C863,C866,western
C863,C860,northwestern
C864,C874,southwestern
C864,C721,southern
C864,C875,southwestern
C864,C725,southeastern
C864,C870,western
C864,C873,western
C864,C832,northeastern
C864,C869,western
C864,C729,northwestern
C864,C738,northern
C864,C946,northern
C865,C772,southwestern
C865,C771,southern
C865,C866,eastern
C865,C860,northeastern
C865,C859,northern
C865,C867,northwestern
C866,C771,southern
C866,C863,eastern
C866,C865,western
C866,C860,northern
C867,C772,southern
C867,C865,southeastern
C867,C859,northeastern
C868,C875,eastern
C868,C871,northeastern
C868,C876,southern
C868,C860,southwestern
C869,C864,eastern
C869,C870,southwestern
C869,C873,southern
C869,C729,northwestern
C870,C875,southern
C870,C871,southern
C870,C864,eastern
C870,C873,eastern
C870,C861,western
C870,C872,northwestern
C870,C869,northeastern
C870,C729,northern
C871,C875,southeastern
C871,C870,northern
C871,C860,southwestern
C871,C868,southwestern
C871,C861,northwestern
C872,C870,southeastern
C872,C861,western
C872,C729,northeastern
C873,C864,eastern
C873,C870,western
C873,C869,northern
C874,C752,southeastern
C874,C862,southern
C874,C721,eastern
C874,C875,northern
C874,C864,northeastern
C874,C863,southwestern
C874,C876,northwestern
C874,C860,western
C875,C874,southern
C875,C871,northwestern
C875,C864,northeastern
C875,C870,northern
C875,C876,western
C875,C868,western
C876,C874,southeastern
C876,C875,eastern
C876,C860,western
C876,C868,northern
C878,C884,southern
C878,C880,western
C878,C881,northwestern
C878,C891,eastern
C878,C879,northeastern
C879,C881,western
C879,C882,northwestern
C879,C891,southern
C879,C878,southwestern
C879,C716,eastern
C879,C942,northeastern
C879,C937,northern
C880,C936,southeastern
C880,C756,southwestern
C880,C884,southeastern
C880,C759,western
C880,C881,northeastern
C880,C883,northwestern
C880,C878,eastern
C881,C880,southwestern
C881,C883,western
C881,C882,northeastern
C881,C718,northwestern
C881,C878,southeastern
C881,C879,eastern
C882,C881,southwestern
C882,C718,western
C882,C879,southeastern
C882,C937,northeastern
C882,C940,northern
C883,C880,southeastern
C883,C759,southwestern
C883,C753,western
C883,C881,eastern
C883,C723,northwestern
C883,C718,northeastern
C884,C930,southern
C884,C936,southwestern
C884,C886,southeastern
C884,C892,eastern
C884,C880,northwestern
C884,C891,northeastern
C884,C878,northern
C885,C202,southern
C885,C197,eastern
C885,C892,western
C885,C889,northern
C885,C887,northeastern
C886,C930,southwestern
C886,C202,southeastern
C886,C892,northern
C886,C884,northwestern
C887,C197,southeastern
C887,C885,southwestern
C887,C889,western
C887,C890,northeastern
C887,C888,northern
C888,C889,southwestern
C888,C887,southern
C888,C890,southeastern
C888,C891,southwestern
C888,C199,eastern
C888,C716,northern
C889,C885,southern
C889,C892,southwestern
C889,C887,eastern
C889,C891,northwestern
C889,C888,northeastern
C890,C197,southeastern
C890,C887,southwestern
C890,C888,northwestern
C890,C199,northeastern
C891,C892,southern
C891,C889,southeastern
C891,C884,southwestern
C891,C878,western
C891,C888,northeastern
C891,C879,northern
C891,C716,northeastern
C892,C202,southeastern
C892,C886,southern
C892,C885,eastern
C892,C889,northeastern
C892,C884,western
C892,C891,northern
C893,C906,southern
C893,C898,southwestern
C893,C1265,eastern
C893,C1267,northern
C893,C907,northwestern
C893,C899,northwestern
C894,C909,southwestern
C894,C895,southern
C894,C1181,western
C894,C905,eastern
C894,C903,northwestern
C894,C902,northern
C895,C1203,southern
C895,C1220,southeastern
C895,C909,western
C895,C896,eastern
C895,C894,northern
C895,C905,northeastern
C896,C1220,southern
C896,C895,western
C896,C901,northeastern
C896,C905,northern
C897,C898,southeastern
C897,C719,southwestern
C897,C908,western
C897,C907,northeastern
C897,C900,northwestern
C898,C905,southern
C898,C906,southeastern
C898,C902,southwestern
C898,C719,western
C898,C893,northeastern
C898,C897,northwestern
C898,C907,northern
C899,C893,southeastern
C899,C1267,eastern
C899,C907,southwestern
C899,C211,northeastern
C899,C206,northeastern
C899,C933,northwestern
C899,C928,northern
C900,C897,southeastern
C900,C1182,southern
C900,C1193,southwestern
C900,C925,western
C900,C924,northwestern
C900,C908,southern
C900,C907,eastern
C900,C914,northern
C900,C920,northern
C900,C933,northeastern
C900,C915,northwestern
C901,C1220,southern
C901,C1209,southeastern
C901,C896,southwestern
C901,C905,northwestern
C901,C906,northeastern
C902,C894,southern
C902,C905,southeastern
C902,C903,western
C902,C904,northwestern
C902,C898,northeastern
C902,C719,northern
C903,C1181,southern
C903,C1180,western
C903,C1192,western
C903,C894,southeastern
C903,C902,eastern
C903,C904,northern
C904,C1192,western
C904,C903,southern
C904,C902,southeastern
C904,C719,northeastern
C904,C1182,northern
C905,C895,southwestern
C905,C896,southern
C905,C901,southeastern
C905,C894,western
C905,C906,eastern
C905,C902,northwestern
C905,C898,northern
C906,C1221,southern
C906,C1209,southern
C906,C901,southwestern
C906,C1229,southeastern
C906,C1222,eastern
C906,C1228,northeastern
C906,C905,western
C906,C898,northwestern
C906,C893,northern
C906,C1265,northeastern
C907,C898,southern
C907,C893,southeastern
C907,C897,southwestern
C907,C899,northeastern
C907,C900,western
C907,C933,northwestern
C908,C719,southern
C908,C897,eastern
C908,C1182,southwestern
C908,C900,northern
C909,C1207,southern
C909,C1203,southeastern
C909,C895,eastern
C909,C1202,western
C909,C1181,northwestern
C909,C894,northeastern
C910,C931,southeastern
C910,C918,southern
C910,C929,eastern
C910,C916,southern
C910,C912,western
C910,C913,northern
C910,C911,western
C911,C910,eastern
C911,C917,southern
C911,C919,southern
C911,C912,southeastern
C911,C921,southwestern
C911,C913,eastern
C911,C757,northeastern
C911,C790,western
C911,C762,northwestern
C912,C910,eastern
C912,C915,southern
C912,C916,southeastern
C912,C919,southwestern
C912,C911,northwestern
C913,C910,southern
C913,C929,eastern
C913,C757,northern
C913,C911,western
C914,C900,southern
C914,C920,eastern
C914,C915,northwestern
C914,C916,northern
C915,C924,southwestern
C915,C900,southeastern
C915,C914,southeastern
C915,C916,northeastern
C915,C917,northwestern
C915,C919,northern
C915,C912,northern
C916,C914,southern
C916,C920,southeastern
C916,C918,eastern
C916,C910,northern
C916,C915,southwestern
C916,C912,northwestern
C917,C924,southern
C917,C923,southwestern
C917,C915,southeastern
C917,C922,western
C917,C919,northeastern
C917,C921,northwestern
C917,C911,northern
C918,C920,southern
C918,C933,southeastern
C918,C931,eastern
C918,C910,northern
C918,C916,western
C919,C915,southern
C919,C917,southwestern
C919,C912,northeastern
C919,C911,northern
C920,C900,southern
C920,C914,western
C920,C933,eastern
C920,C918,northern
C920,C916,northwestern
C921,C922,southern
C921,C917,southeastern
C921,C803,western
C921,C789,western
C921,C911,northeastern
C921,C790,northwestern
C922,C923,southern
C922,C784,southwestern
C922,C800,western
C922,C917,eastern
C922,C803,western
C922,C921,northern
C923,C1175,southern
C923,C926,southeastern
C923,C924,eastern
C923,C784,western
C923,C800,northwestern
C923,C922,northern
C923,C917,northeastern
C923,C786,western
C924,C925,southern
C924,C926,southwestern
C924,C923,western
C924,C900,southeastern
C924,C915,northeastern
C924,C917,northern
C925,C1193,southern
C925,C1184,southern
C925,C1188,southwestern
C925,C926,northwestern
C925,C924,northern
C925,C900,eastern
C926,C1188,southern
C926,C1175,southwestern
C926,C925,southeastern
C926,C924,northeastern
C926,C923,northwestern
C927,C929,southern
C927,C932,southeastern
C927,C757,western
C927,C935,eastern
C927,C754,northwestern
C928,C899,southern
C928,C206,eastern
C928,C933,western
C928,C207,eastern
C928,C931,northwestern
C928,C934,northern
C928,C198,northeastern
C929,C931,southern
C929,C910,western
C929,C932,eastern
C929,C913,western
C929,C757,northwestern
C929,C927,northern
C930,C212,southeastern
C930,C213,southern
C930,C935,southwestern
C930,C936,northwestern
C930,C202,eastern
C930,C886,northeastern
C930,C884,northern
C931,C933,southern
C931,C928,southeastern
C931,C918,western
C931,C934,eastern
C931,C910,northwestern
C931,C929,northern
C931,C932,northeastern
C932,C931,southwestern
C932,C934,southern
C932,C198,southeastern
C932,C929,western
C932,C927,northwestern
C932,C935,northern
C933,C907,southeastern
C933,C899,southeastern
C933,C900,southwestern
C933,C920,western
C933,C928,eastern
C933,C931,northern
C933,C918,northwestern
C934,C928,southern
C934,C931,western
C934,C198,eastern
C934,C932,northern
C935,C198,southern
C935,C932,southern
C935,C213,southeastern
C935,C927,western
C935,C930,northeastern
C935,C754,western
C935,C936,northern
C935,C756,northwestern
C936,C935,southern
C936,C930,southeastern
C936,C756,western
C936,C884,northeastern
C936,C880,northwestern
C937,C882,southwestern
C937,C879,southern
C937,C942,eastern
C937,C940,northwestern
C938,C551,southeastern
C938,C408,eastern
C938,C940,southern
C938,C944,western
C938,C945,northwestern
C939,C945,southern
C939,C943,southeastern
C940,C882,southern
C940,C718,southwestern
C940,C937,southeastern
C940,C551,eastern
C940,C938,northern
C940,C724,western
C940,C944,northern
C941,C724,southern
C941,C944,southeastern
C941,C831,western
C941,C945,northeastern
C942,C879,southwestern
C942,C716,southern
C942,C937,western
C943,C945,southwestern
C943,C405,eastern
C943,C939,northwestern
C944,C938,eastern
C944,C940,southern
C944,C724,southwestern
C944,C941,northwestern
C944,C945,northern
C945,C551,southeastern
C945,C938,southeastern
C945,C408,southeastern
C945,C944,southern
C945,C941,southwestern
C945,C405,eastern
C945,C943,northeastern
C945,C939,northern
C946,C864,southern
C946,C727,western
C946,C832,southeastern
C946,C738,southwestern
C946,C825,northern
C946,C827,northeastern
C946,C949,northern
C946,C826,eastern
C949,C727,southwestern
C949,C946,southern
C949,C825,eastern
C949,C950,western
C949,C955,northwestern
C949,C828,northeastern
C949,C956,northern
C949,C954,northwestern
C950,C727,southwestern
C950,C957,western
C950,C953,northwestern
C950,C949,eastern
C950,C955,northern
C951,C953,southern
C951,C952,southwestern
C951,C739,western
C951,C955,southeastern
C951,C954,northeastern
C952,C953,southeastern
C952,C961,southwestern
C952,C739,western
C952,C951,northeastern
C953,C960,southwestern
C953,C957,southern
C953,C961,western
C953,C952,northwestern
C953,C950,southeastern
C953,C955,northeastern
C953,C951,northern
C954,C949,southeastern
C954,C955,southern
C954,C951,southwestern
C954,C956,southeastern
C955,C953,southwestern
C955,C950,southern
C955,C949,southeastern
C955,C951,northwestern
C955,C956,northeastern
C955,C954,northern
C956,C949,southern
C956,C955,southwestern
C956,C954,northwestern
C957,C727,southern
C957,C960,western
C957,C953,northern
C957,C950,eastern
C958,C727,southeastern
C958,C730,northwestern
C958,C964,northern
C958,C959,northern
C959,C958,southern
C959,C730,southwestern
C959,C964,southeastern
C959,C739,northern
C960,C727,southern
C960,C957,eastern
C960,C964,western
C960,C962,northwestern
C960,C953,northeastern
C960,C963,northern
C960,C961,northern
C961,C960,southern
C961,C953,eastern
C961,C963,western
C961,C952,northeastern
C961,C739,northwestern
C962,C960,southeastern
C962,C964,southwestern
C962,C963,northeastern
C962,C739,northwestern
C963,C960,southern
C963,C962,southwestern
C963,C961,eastern
C963,C739,northwestern
C964,C727,southeastern
C964,C958,southern
C964,C960,eastern
C964,C959,northwestern
C964,C962,northeastern
C964,C739,northern
C965,C997,southern
C965,C995,southeastern
C965,C994,southeastern
C965,C1001,southern
C965,C1007,southwestern
C965,C1006,northwestern
C965,C991,eastern
C965,C996,eastern
C965,C998,northeastern
C965,C966,northern
C966,C965,southern
C966,C1006,southern
C966,C998,southeastern
C966,C968,southwestern
C966,C1023,western
C966,C970,eastern
C966,C971,northeastern
C966,C1025,northwestern
C966,C1019,northern
C967,C998,southwestern
C967,C993,southern
C967,C999,southeastern
C967,C1286,southeastern
C967,C970,western
C967,C1278,eastern
C967,C971,northwestern
C967,C1131,northern
C967,C1130,northwestern
C967,C1164,northern
C968,C1017,southwestern
C968,C1006,southeastern
C968,C1015,western
C968,C1011,western
C968,C1024,northern
C968,C966,northeastern
C968,C1023,northern
C969,C1080,southwestern
C969,C1003,southeastern
C969,C1089,western
C969,C1005,eastern
C969,C1014,northwestern
C969,C1017,northeastern
C969,C1016,northern
C970,C998,southern
C970,C966,western
C970,C967,eastern
C970,C971,northern
C971,C966,southwestern
C971,C970,southern
C971,C967,southeastern
C971,C1130,northeastern
C971,C1019,northwestern
C972,C1110,southern
C972,C973,western
C972,C1093,southeastern
C972,C1098,eastern
C972,C974,northwestern
C973,C995,southwestern
C973,C1106,southern
C973,C1110,southeastern
C973,C994,western
C973,C972,eastern
C973,C992,northwestern
C973,C974,northeastern
C974,C973,southwestern
C974,C972,southeastern
C974,C1098,eastern
C974,C1288,northeastern
C974,C992,southwestern
C974,C996,western
C974,C1000,northwestern
C974,C999,northwestern
C974,C1289,northeastern
C974,C1286,northern
C974,C1284,eastern
C975,C988,southeastern
C975,C978,southwestern
C975,C980,eastern
C975,C983,northwestern
C976,C980,southern
C976,C985,southeastern
C976,C983,southwestern
C977,C987,southern
C977,C981,southeastern
C977,C979,eastern
C977,C982,northern
C977,C1027,northern
C978,C990,southeastern
C978,C988,eastern
C978,C975,northeastern
C978,C984,northwestern
C978,C983,northern
C979,C981,southern
C979,C986,southern
C979,C1022,eastern
C979,C977,western
C979,C1018,northeastern
C979,C1027,northern
C980,C988,southern
C980,C1030,southeastern
C980,C975,western
C980,C985,eastern
C980,C983,northwestern
C980,C976,northern
C981,C1011,southeastern
C981,C989,southwestern
C981,C987,western
C981,C986,eastern
C981,C979,northern
C981,C977,northwestern
C982,C977,southern
C982,C1027,northeastern
C982,C990,northwestern
C982,C988,northern
C983,C978,southern
C983,C980,southeastern
C983,C975,southeastern
C983,C984,western
C983,C976,northeastern
C984,C978,southeastern
C984,C983,eastern
C985,C1029,southeastern
C985,C1030,southern
C985,C1020,eastern
C985,C980,western
C985,C1140,northern
C985,C976,northwestern
C986,C1011,southern
C986,C1024,eastern
C986,C981,western
C986,C1022,northeastern
C986,C979,northern
C987,C1012,southern
C987,C989,southeastern
C987,C981,eastern
C987,C977,northern
C988,C982,southern
C988,C1027,southeastern
C988,C990,southwestern
C988,C978,western
C988,C1030,eastern
C988,C980,northern
C988,C975,northwestern
C989,C1012,southwestern
C989,C1010,southern
C989,C1011,eastern
C989,C987,northwestern
C989,C981,northeastern
C990,C982,southeastern
C990,C988,northeastern
C990,C978,northwestern
C991,C994,southern
C991,C965,western
C991,C992,eastern
C991,C996,northeastern
C992,C973,southeastern
C992,C994,southwestern
C992,C991,western
C992,C974,northeastern
C992,C996,northern
C993,C1000,southeastern
C993,C998,western
C993,C999,eastern
C993,C967,northern
C994,C995,southern
C994,C973,eastern
C994,C965,northwestern
C994,C992,northeastern
C994,C991,northern
C995,C1033,southeastern
C995,C997,western
C995,C1106,eastern
C995,C973,northeastern
C995,C994,northern
C995,C965,northwestern
C996,C965,western
C996,C992,southern
C996,C991,southwestern
C996,C974,eastern
C996,C1000,northeastern
C996,C998,northwestern
C997,C1032,southern
C997,C1033,southeastern
C997,C995,eastern
C997,C1001,western
C997,C965,northern
C998,C965,southwestern
C998,C996,southeastern
C998,C1000,eastern
C998,C993,eastern
C998,C966,northwestern
C998,C970,northern
C998,C967,northeastern
C999,C974,southeastern
C999,C1000,southwestern
C999,C993,western
C999,C1286,northeastern
C999,C967,northwestern
C1000,C974,southeastern
C1000,C996,southwestern
C1000,C998,western
C1000,C993,northwestern
C1000,C999,northeastern
C1001,C1032,southeastern
C1001,C1067,southern
C1001,C1008,southwestern
C1001,C997,eastern
C1001,C1002,western
C1001,C1007,northwestern
C1001,C965,northern
C1002,C1059,southwestern
C1002,C1008,southeastern
C1002,C1003,western
C1002,C1001,eastern
C1002,C1007,northeastern
C1002,C1005,northern
C1003,C1057,southwestern
C1003,C1059,southern
C1003,C1080,western
C1003,C1002,eastern
C1003,C969,northwestern
C1003,C1005,northern
C1004,C1007,southeastern
C1004,C1005,southwestern
C1004,C1017,northwestern
C1004,C1006,northeastern
C1005,C1002,southern
C1005,C1003,southern
C1005,C969,western
C1005,C1007,eastern
C1005,C1004,northeastern
C1005,C1017,northern
C1006,C1007,southern
C1006,C1004,southwestern
C1006,C965,southeastern
C1006,C1017,western
C1006,C968,northwestern
C1006,C966,northern
C1007,C1002,southwestern
C1007,C1001,southeastern
C1007,C1005,western
C1007,C1004,northwestern
C1007,C965,northeastern
C1007,C1006,northern
C1008,C1060,southern
C1008,C1067,southeastern
C1008,C1059,southwestern
C1008,C1002,northwestern
C1008,C1001,northeastern
C1009,C1013,southern
C1009,C1014,southeastern
C1009,C1012,northeastern
C1010,C1016,southern
C1010,C1012,western
C1010,C1015,eastern
C1010,C1011,northeastern
C1010,C989,northern
C1011,C1015,southern
C1011,C1010,southwestern
C1011,C968,eastern
C1011,C989,western
C1011,C1024,northeastern
C1011,C981,northwestern
C1011,C986,northern
C1012,C1014,southern
C1012,C1009,southwestern
C1012,C1016,southeastern
C1012,C1010,eastern
C1012,C989,northeastern
C1012,C987,northern
C1013,C1089,southeastern
C1013,C1014,eastern
C1013,C1009,northern
C1014,C1089,southern
C1014,C969,southeastern
C1014,C1013,western
C1014,C1009,northwestern
C1014,C1016,northeastern
C1014,C1012,northern
C1015,C1017,southeastern
C1015,C1016,southwestern
C1015,C1010,western
C1015,C968,eastern
C1015,C1011,northern
C1016,C969,southern
C1016,C1014,southwestern
C1016,C1017,eastern
C1016,C1012,northwestern
C1016,C1015,northeastern
C1016,C1010,northern
C1017,C969,southwestern
C1017,C1005,southern
C1017,C1004,southeastern
C1017,C1016,western
C1017,C1006,eastern
C1017,C1015,northwestern
C1017,C968,northeastern
C1018,C1022,southern
C1018,C979,southwestern
C1018,C1025,southeastern
C1018,C1027,western
C1018,C1029,northeastern
C1018,C1030,northwestern
C1019,C966,southern
C1019,C971,southeastern
C1019,C1130,eastern
C1019,C1025,western
C1019,C1028,western
C1019,C1021,northern
C1020,C1021,southeastern
C1020,C1029,southern
C1020,C1026,eastern
C1020,C1142,eastern
C1020,C985,western
C1020,C1144,northeastern
C1020,C1140,northwestern
C1020,C1134,northern
C1021,C1130,southeastern
C1021,C1019,southern
C1021,C1028,southwestern
C1021,C1029,western
C1021,C1026,northeastern
C1021,C1020,northwestern
C1022,C1024,southern
C1022,C986,southwestern
C1022,C1023,southeastern
C1022,C979,western
C1022,C1025,northeastern
C1022,C1018,northern
C1023,C968,southern
C1023,C1024,western
C1023,C966,eastern
C1023,C1022,northwestern
C1023,C1025,northern
C1024,C968,southern
C1024,C1011,southwestern
C1024,C986,western
C1024,C1023,eastern
C1024,C1022,northern
C1025,C966,southeastern
C1025,C1023,southern
C1025,C1022,southwestern
C1025,C1019,eastern
C1025,C1018,northwestern
C1025,C1028,northeastern
C1025,C1029,northern
C1026,C1130,southern
C1026,C1021,southwestern
C1026,C1020,western
C1026,C1142,northern
C1026,C1163,eastern
C1027,C979,southern
C1027,C977,southwestern
C1027,C982,southwestern
C1027,C1018,eastern
C1027,C988,northwestern
C1027,C1030,northeastern
C1028,C1025,southwestern
C1028,C1019,eastern
C1028,C1021,northeastern
C1028,C1029,northwestern
C1029,C1025,southern
C1029,C1018,southwestern
C1029,C1028,southeastern
C1029,C1021,eastern
C1029,C1030,western
C1029,C1020,northern
C1029,C985,northwestern
C1030,C1018,southeastern
C1030,C1027,southwestern
C1030,C1029,eastern
C1030,C988,western
C1030,C980,northwestern
C1030,C985,northern
C1031,C1118,southwestern
C1031,C1128,southern
C1031,C1111,western
C1031,C1113,northwestern
C1031,C1124,northeastern
C1031,C1112,southeastern
C1031,C1116,eastern
C1031,C1121,northern
C1031,C1127,northern
C1032,C1064,western
C1032,C1121,southern
C1032,C1127,southeastern
C1032,C1061,southwestern
C1032,C1068,southern
C1032,C1065,southwestern
C1032,C1109,eastern
C1032,C1103,eastern
C1032,C1067,northwestern
C1032,C1033,northern
C1032,C997,northern
C1032,C1001,northwestern
C1033,C1032,southern
C1033,C1103,southeastern
C1033,C1107,eastern
C1033,C1104,northeastern
C1033,C997,northwestern
C1033,C995,northwestern
C1033,C1106,northeastern
C1034,C1040,southeastern
C1034,C1042,eastern
C1034,C1043,northern
C1034,C1037,northeastern
C1034,C1038,northern
C1035,C1043,southern
C1035,C1037,southeastern
C1035,C1038,western
C1035,C1044,northeastern
C1035,C1036,northern
C1036,C1038,southwestern
C1036,C1035,southern
C1036,C1044,eastern
C1036,C1086,western
C1036,C1082,northwestern
C1036,C1052,northeastern
C1037,C1042,southern
C1037,C1034,southwestern
C1037,C1051,southeastern
C1037,C1043,western
C1037,C1048,northeastern
C1037,C1035,northwestern
C1037,C1044,northern
C1038,C1034,southern
C1038,C1043,southeastern
C1038,C1035,eastern
C1038,C1036,northeastern
C1038,C1086,northern
C1039,C1073,southeastern
C1039,C1077,eastern
C1039,C1041,northeastern
C1040,C1041,southeastern
C1040,C1042,northern
C1040,C1034,northwestern
C1041,C1039,southwestern
C1041,C1077,southeastern
C1041,C1046,eastern
C1041,C1040,northwestern
C1041,C1054,northeastern
C1041,C1047,northern
C1041,C1042,northern
C1042,C1041,southern
C1042,C1040,southern
C1042,C1047,southeastern
C1042,C1034,western
C1042,C1051,northeastern
C1042,C1037,northern
C1043,C1034,southern
C1043,C1037,eastern
C1043,C1038,northwestern
C1043,C1035,northern
C1044,C1037,southern
C1044,C1048,southeastern
C1044,C1035,southwestern
C1044,C1036,western
C1044,C1049,northeastern
C1044,C1052,northern
C1045,C1047,southwestern
C1045,C1050,southern
C1045,C1051,western
C1045,C1056,eastern
C1045,C1053,northeastern
C1045,C1048,northwestern
C1045,C1055,northern
C1046,C1077,southern
C1046,C1075,eastern
C1046,C1041,western
C1046,C1054,northern
C1046,C1079,northeastern
C1047,C1041,southern
C1047,C1054,southeastern
C1047,C1050,eastern
C1047,C1042,northwestern
C1047,C1051,northern
C1047,C1045,northeastern
C1048,C1051,southern
C1048,C1045,southeastern
C1048,C1037,southwestern
C1048,C1055,northeastern
C1048,C1044,northwestern
C1048,C1049,northern
C1049,C1048,southern
C1049,C1055,southeastern
C1049,C1044,southwestern
C1049,C1052,northwestern
C1049,C1057,northeastern
C1050,C1054,southern
C1050,C1047,western
C1050,C1058,eastern
C1050,C1045,northern
C1050,C1056,northeastern
C1051,C1047,southern
C1051,C1042,southwestern
C1051,C1045,eastern
C1051,C1037,northwestern
C1051,C1048,northern
C1052,C1044,southern
C1052,C1036,southwestern
C1052,C1049,southeastern
C1052,C1082,western
C1052,C1057,eastern
C1052,C1084,northwestern
C1052,C1080,northern
C1053,C1045,southwestern
C1053,C1056,southeastern
C1053,C1066,northeastern
C1053,C1055,northwestern
C1053,C1062,northern
C1054,C1041,southwestern
C1054,C1046,southern
C1054,C1079,eastern
C1054,C1047,northwestern
C1054,C1050,northern
C1054,C1058,northeastern
C1055,C1045,southern
C1055,C1053,southeastern
C1055,C1048,southwestern
C1055,C1049,northwestern
C1055,C1062,northeastern
C1055,C1057,northern
C1056,C1050,southwestern
C1056,C1058,southern
C1056,C1063,eastern
C1056,C1045,western
C1056,C1053,northwestern
C1056,C1066,northern
C1057,C1055,southern
C1057,C1049,southwestern
C1057,C1062,southeastern
C1057,C1052,western
C1057,C1059,eastern
C1057,C1080,northwestern
C1057,C1003,northeastern
C1058,C1054,southwestern
C1058,C1079,southeastern
C1058,C1050,western
C1058,C1063,northeastern
C1058,C1056,northern
C1059,C1062,southern
C1059,C1060,southeastern
C1059,C1057,western
C1059,C1008,northeastern
C1059,C1002,northeastern
C1059,C1003,northern
C1060,C1066,southern
C1060,C1064,southeastern
C1060,C1062,southwestern
C1060,C1067,northeastern
C1060,C1059,northwestern
C1060,C1008,northern
C1061,C1078,southern
C1061,C1113,southeastern
C1061,C1063,western
C1061,C1068,eastern
C1061,C1065,northern
C1061,C1032,northeastern
C1062,C1053,southern
C1062,C1066,southeastern
C1062,C1055,southwestern
C1062,C1060,northeastern
C1062,C1057,northwestern
C1062,C1059,northern
C1063,C1078,southeastern
C1063,C1079,southwestern
C1063,C1058,southwestern
C1063,C1056,western
C1063,C1066,northwestern
C1063,C1061,eastern
C1063,C1065,northeastern
C1064,C1066,southwestern
C1064,C1060,northwestern
C1064,C1065,southeastern
C1064,C1032,eastern
C1064,C1067,northern
C1065,C1063,southwestern
C1065,C1066,western
C1065,C1064,northwestern
C1065,C1061,southern
C1065,C1032,northeastern
C1066,C1063,southeastern
C1066,C1056,southern
C1066,C1053,southwestern
C1066,C1064,northeastern
C1066,C1062,northwestern
C1066,C1060,northern
C1066,C1065,eastern
C1067,C1064,southern
C1067,C1060,southwestern
C1067,C1032,southeastern
C1067,C1008,northwestern
C1067,C1001,northern
C1068,C1113,southern
C1068,C1121,eastern
C1068,C1061,western
C1068,C1032,northern
C1069,C1076,western
C1069,C1075,northwestern
C1069,C1122,northeastern
C1069,C1072,northern
C1070,C1071,western
C1070,C1076,northern
C1071,C1070,eastern
C1071,C1073,northwestern
C1071,C1076,northeastern
C1072,C1069,southern
C1072,C1075,southwestern
C1072,C1122,eastern
C1072,C1126,northeastern
C1072,C1078,northern
C1072,C1079,northwestern
C1073,C1071,southeastern
C1073,C1076,eastern
C1073,C1074,northeastern
C1073,C1039,northwestern
C1073,C1077,northern
C1074,C1073,southwestern
C1074,C1076,eastern
C1074,C1077,northwestern
C1074,C1075,northeastern
C1075,C1076,southern
C1075,C1074,southwestern
C1075,C1069,southeastern
C1075,C1077,western
C1075,C1046,western
C1075,C1072,northeastern
C1075,C1079,northern
C1076,C1071,southwestern
C1076,C1070,southern
C1076,C1073,western
C1076,C1074,western
C1076,C1069,eastern
C1076,C1075,northern
C1077,C1073,southern
C1077,C1074,southeastern
C1077,C1039,western
C1077,C1075,eastern
C1077,C1041,northwestern
C1077,C1046,northern
C1078,C1126,southeastern
C1078,C1113,northeastern
C1078,C1072,southern
C1078,C1079,southwestern
C1078,C1063,northwestern
C1078,C1061,northern
C1079,C1075,southern
C1079,C1078,northeastern
C1079,C1046,southwestern
C1079,C1072,southeastern
C1079,C1054,western
C1079,C1058,northwestern
C1079,C1063,northeastern
C1080,C1052,southern
C1080,C1057,southeastern
C1080,C1084,western
C1080,C1003,eastern
C1080,C1088,western
C1080,C1089,northwestern
C1080,C969,northeastern
C1081,C1086,southeastern
C1081,C1082,eastern
C1081,C1085,western
C1081,C1083,northeastern
C1081,C1087,northern
C1082,C1036,southeastern
C1082,C1086,southern
C1082,C1052,eastern
C1082,C1081,western
C1082,C1084,northeastern
C1082,C1083,northern
C1083,C1082,southern
C1083,C1081,southwestern
C1083,C1084,eastern
C1083,C1087,western
C1083,C1088,northern
C1084,C1082,southwestern
C1084,C1052,southeastern
C1084,C1083,western
C1084,C1080,eastern
C1084,C1088,northwestern
C1085,C1081,eastern
C1085,C1087,northeastern
C1086,C1038,southern
C1086,C1036,eastern
C1086,C1082,northern
C1086,C1081,northwestern
C1087,C1081,southern
C1087,C1085,southwestern
C1087,C1083,eastern
C1088,C1084,southeastern
C1088,C1083,southern
C1088,C1080,eastern
C1088,C1089,northeastern
C1089,C1080,southeastern
C1089,C1088,southwestern
C1089,C969,eastern
C1089,C1013,northwestern
C1089,C1014,northern
C1090,C1099,southern
C1090,C1320,eastern
C1090,C1092,western
C1091,C1119,southern
C1091,C1108,southwestern
C1091,C1101,eastern
C1091,C1094,northwestern
C1091,C1092,northeastern
C1092,C1101,southern
C1092,C1091,southwestern
C1092,C1094,western
C1092,C1095,northwestern
C1092,C1099,southeastern
C1092,C1320,eastern
C1092,C1090,eastern
C1092,C1312,northeastern
C1093,C1110,southwestern
C1093,C972,northwestern
C1093,C1102,southeastern
C1093,C1098,northern
C1094,C1108,southwestern
C1094,C1105,western
C1094,C1091,southeastern
C1094,C1095,northeastern
C1094,C1102,northern
C1094,C1092,eastern
C1095,C1094,southwestern
C1095,C1102,northwestern
C1095,C1092,southeastern
C1095,C1312,eastern
C1095,C1310,northern
C1096,C1129,southwestern
C1096,C1100,western
C1096,C1099,northern
C1097,C1123,southwestern
C1097,C1119,western
C1097,C1101,northern
C1097,C1100,southeastern
C1097,C1099,northeastern
C1098,C972,western
C1098,C1102,southern
C1098,C1093,southern
C1098,C1306,eastern
C1098,C1283,northeastern
C1098,C974,western
C1098,C1284,northern
C1099,C1097,southwestern
C1099,C1101,western
C1099,C1096,southern
C1099,C1100,southwestern
C1099,C1325,eastern
C1099,C1320,northeastern
C1099,C1092,northwestern
C1099,C1090,northern
C1100,C1123,western
C1100,C1097,northwestern
C1100,C1129,southern
C1100,C1096,eastern
C1100,C1099,northeastern
C1101,C1119,southwestern
C1101,C1097,southern
C1101,C1091,western
C1101,C1099,eastern
C1101,C1092,northern
C1102,C1105,southwestern
C1102,C1110,western
C1102,C1094,southern
C1102,C1095,southeastern
C1102,C1093,northwestern
C1102,C1306,northeastern
C1102,C1098,northern
C1102,C1310,eastern
C1103,C1108,eastern
C1103,C1109,southern
C1103,C1032,western
C1103,C1105,northeastern
C1103,C1107,northern
C1103,C1033,northwestern
C1104,C1107,southeastern
C1104,C1033,southwestern
C1104,C1106,northwestern
C1104,C1110,eastern
C1105,C1108,southern
C1105,C1103,southwestern
C1105,C1107,western
C1105,C1110,northern
C1105,C1094,eastern
C1105,C1102,northeastern
C1106,C1033,southwestern
C1106,C1104,southeastern
C1106,C995,western
C1106,C1110,eastern
C1106,C973,northern
C1107,C1103,southern
C1107,C1105,eastern
C1107,C1033,western
C1107,C1104,northwestern
C1107,C1110,northeastern
C1108,C1120,southern
C1108,C1119,southeastern
C1108,C1117,southern
C1108,C1109,southwestern
C1108,C1103,western
C1108,C1105,northern
C1108,C1091,northeastern
C1108,C1094,northeastern
C1109,C1108,northeastern
C1109,C1127,southern
C1109,C1117,southeastern
C1109,C1032,western
C1109,C1103,northern
C1110,C1105,southern
C1110,C1107,southwestern
C1110,C1104,western
C1110,C1106,western
C1110,C973,northwestern
C1110,C972,northern
C1110,C1102,eastern
C1110,C1093,northeastern
C1111,C1122,southern
C1111,C1118,southern
C1111,C1126,southwestern
C1111,C1031,eastern
C1111,C1113,northwestern
C1112,C1031,northwestern
C1112,C1116,northern
C1113,C1126,southern
C1113,C1031,southeastern
C1113,C1111,southeastern
C1113,C1078,southwestern
C1113,C1121,northeastern
C1113,C1061,northwestern
C1113,C1068,northern
C1114,C1115,western
C1114,C1123,northern
C1114,C1129,eastern
C1115,C1124,western
C1115,C1125,northwestern
C1115,C1116,southwestern
C1115,C1114,eastern
C1115,C1123,northeastern
C1115,C1120,northern
C1116,C1031,western
C1116,C1124,northwestern
C1116,C1112,southern
C1116,C1115,northeastern
C1117,C1125,southern
C1117,C1120,eastern
C1117,C1108,northern
C1117,C1127,southwestern
C1117,C1109,northwestern
C1118,C1122,western
C1118,C1128,eastern
C1118,C1031,northeastern
C1118,C1111,northern
C1119,C1123,southern
C1119,C1120,southwestern
C1119,C1097,eastern
C1119,C1108,northwestern
C1119,C1101,northeastern
C1119,C1091,northern
C1120,C1125,southwestern
C1120,C1115,southern
C1120,C1123,eastern
C1120,C1119,northeastern
C1120,C1108,northern
C1120,C1117,western
C1121,C1031,southern
C1121,C1113,southwestern
C1121,C1127,eastern
C1121,C1068,western
C1121,C1032,northern
C1122,C1069,southwestern
C1122,C1118,eastern
C1122,C1126,northern
C1122,C1111,northern
C1122,C1072,western
C1123,C1115,southwestern
C1123,C1114,southern
C1123,C1120,western
C1123,C1119,northern
C1123,C1097,northeastern
C1123,C1129,southeastern
C1123,C1100,eastern
C1124,C1031,southwestern
C1124,C1125,northeastern
C1124,C1116,southeastern
C1124,C1115,eastern
C1124,C1127,northwestern
C1125,C1124,southwestern
C1125,C1115,southeastern
C1125,C1120,northeastern
C1125,C1127,western
C1125,C1117,northern
C1126,C1122,southern
C1126,C1111,northeastern
C1126,C1078,northwestern
C1126,C1113,northern
C1126,C1072,southwestern
C1127,C1031,southern
C1127,C1124,southeastern
C1127,C1125,eastern
C1127,C1121,western
C1127,C1117,northeastern
C1127,C1109,northern
C1127,C1032,northwestern
C1128,C1118,western
C1128,C1031,northern
C1129,C1114,western
C1129,C1123,northwestern
C1129,C1096,northeastern
C1129,C1100,northern
C1130,C967,southeastern
C1130,C971,southwestern
C1130,C1164,eastern
C1130,C1019,western
C1130,C1021,northwestern
C1130,C1026,northern
C1130,C1163,northern
C1131,C967,southern
C1131,C1278,southeastern
C1131,C1282,eastern
C1131,C1164,western
C1131,C1166,northeastern
C1131,C1167,northern
C1131,C1163,northern
C1132,C1150,southern
C1132,C1198,southeastern
C1132,C1204,southeastern
C1132,C1200,eastern
C1132,C1160,southwestern
C1132,C1154,western
C1132,C1171,northwestern
C1132,C1205,eastern
C1132,C1173,northern
C1133,C1146,southern
C1133,C1141,southeastern
C1133,C1138,eastern
C1133,C1137,northeastern
C1133,C1149,western
C1134,C1020,southern
C1134,C1144,eastern
C1134,C1140,western
C1135,C1142,southern
C1135,C1163,southeastern
C1135,C1139,eastern
C1135,C1148,northeastern
C1135,C1147,northern
C1135,C1144,western
C1136,C1143,southern
C1136,C1148,southwestern
C1136,C1152,eastern
C1136,C1147,western
C1136,C1146,northwestern
C1136,C1159,northeastern
C1136,C1141,northeastern
C1137,C1133,southwestern
C1137,C1138,southeastern
C1137,C1187,eastern
C1137,C833,northeastern
C1138,C1141,southern
C1138,C1145,southeastern
C1138,C1133,western
C1138,C1183,eastern
C1138,C1137,northwestern
C1138,C1187,northeastern
C1139,C1142,southwestern
C1139,C1163,southern
C1139,C1143,eastern
C1139,C1148,northern
C1139,C1135,western
C1140,C1020,southeastern
C1140,C985,southern
C1140,C1134,eastern
C1141,C1136,southwestern
C1141,C1146,southwestern
C1141,C1159,southeastern
C1141,C1145,northeastern
C1141,C1133,northwestern
C1141,C1138,northern
C1142,C1026,southern
C1142,C1020,western
C1142,C1163,southeastern
C1142,C1139,northeastern
C1142,C1144,northwestern
C1142,C1135,northern
C1143,C1163,southwestern
C1143,C1165,southeastern
C1143,C1139,western
C1143,C1153,eastern
C1143,C1148,northwestern
C1143,C1152,northeastern
C1143,C1136,northern
C1144,C1020,southwestern
C1144,C1142,southeastern
C1144,C1135,eastern
C1144,C1134,western
C1145,C1159,southern
C1145,C1141,southwestern
C1145,C1138,northwestern
C1145,C1183,northern
C1145,C1176,eastern
C1146,C1136,southeastern
C1146,C1147,southwestern
C1146,C1141,northeastern
C1146,C1133,northern
C1146,C1149,northwestern
C1147,C1148,southeastern
C1147,C1136,eastern
C1147,C1146,northeastern
C1147,C1135,southern
C1147,C1149,northern
C1148,C1139,southern
C1148,C1143,southeastern
C1148,C1136,northeastern
C1148,C1147,northwestern
C1148,C1135,southwestern
C1149,C1147,southern
C1149,C1146,southeastern
C1149,C1133,eastern
C1150,C1281,southeastern
C1150,C1360,southern
C1150,C1198,northeastern
C1150,C1156,southwestern
C1150,C1160,northwestern
C1150,C1132,northern
C1151,C1152,southwestern
C1151,C1157,southeastern
C1151,C1154,eastern
C1151,C1171,northeastern
C1151,C1159,western
C1151,C1179,northeastern
C1152,C1143,southwestern
C1152,C1153,southeastern
C1152,C1136,western
C1152,C1157,eastern
C1152,C1151,northeastern
C1152,C1159,northern
C1153,C1165,southwestern
C1153,C1143,western
C1153,C1152,northwestern
C1153,C1155,southeastern
C1153,C1160,eastern
C1153,C1157,northeastern
C1154,C1160,southern
C1154,C1157,southwestern
C1154,C1151,western
C1154,C1171,northern
C1154,C1132,eastern
C1155,C1165,western
C1155,C1153,northwestern
C1155,C1358,southeastern
C1155,C1158,southern
C1155,C1156,southeastern
C1155,C1160,northeastern
C1156,C1360,southeastern
C1156,C1150,northeastern
C1156,C1358,southwestern
C1156,C1155,northwestern
C1156,C1160,northern
C1157,C1153,southwestern
C1157,C1152,western
C1157,C1160,southeastern
C1157,C1154,northeastern
C1157,C1151,northwestern
C1158,C1165,western
C1158,C1162,southwestern
C1158,C1358,eastern
C1158,C1155,northern
C1159,C1152,southern
C1159,C1136,southwestern
C1159,C1151,eastern
C1159,C1141,northwestern
C1159,C1145,northern
C1159,C1179,northeastern
C1159,C1176,northeastern
C1160,C1150,southeastern
C1160,C1153,western
C1160,C1156,southern
C1160,C1155,southwestern
C1160,C1157,northwestern
C1160,C1154,northern
C1160,C1132,northeastern
C1161,C1279,southeastern
C1161,C1170,northeastern
C1161,C1278,southwestern
C1161,C1282,southwestern
C1161,C1169,northwestern
C1161,C1162,northern
C1162,C1161,southern
C1162,C1170,southeastern
C1162,C1169,southwestern
C1162,C1168,western
C1162,C1165,northwestern
C1162,C1358,eastern
C1162,C1158,northeastern
C1163,C1131,southern
C1163,C1130,southern
C1163,C1164,southern
C1163,C1026,western
C1163,C1142,northwestern
C1163,C1167,southeastern
C1163,C1165,eastern
C1163,C1139,northern
C1163,C1143,northeastern
C1163,C1135,northwestern
C1164,C967,southern
C1164,C1131,eastern
C1164,C1130,western
C1164,C1163,northern
C1165,C1168,southern
C1165,C1167,southwestern
C1165,C1163,western
C1165,C1143,northwestern
C1165,C1153,northeastern
C1165,C1162,southeastern
C1165,C1158,eastern
C1165,C1155,eastern
C1166,C1282,southeastern
C1166,C1131,southwestern
C1166,C1169,eastern
C1166,C1167,northern
C1167,C1131,southern
C1167,C1166,southern
C1167,C1169,southeastern
C1167,C1168,eastern
C1167,C1163,northwestern
C1167,C1165,northeastern
C1168,C1169,southern
C1168,C1167,western
C1168,C1165,northern
C1168,C1162,eastern
C1169,C1161,southeastern
C1169,C1282,southern
C1169,C1166,western
C1169,C1168,northern
C1169,C1167,northwestern
C1169,C1162,northeastern
C1170,C1279,southeastern
C1170,C1161,southwestern
C1170,C1356,eastern
C1170,C1162,northwestern
C1170,C1358,northeastern
C1171,C1154,southern
C1171,C1151,southwestern
C1171,C1132,southeastern
C1171,C1173,northeastern
C1171,C1179,western
C1171,C1186,northern
C1171,C1191,northwestern
C1172,C1173,southeastern
C1172,C1190,eastern
C1172,C1174,northern
C1172,C1186,southern
C1172,C1191,western
C1172,C1185,northwestern
C1172,C1189,northern
C1173,C1171,southwestern
C1173,C1132,southern
C1173,C1205,southeastern
C1173,C1202,eastern
C1173,C1178,northeastern
C1173,C1190,northern
C1173,C1186,western
C1173,C1172,northwestern
C1174,C1190,southern
C1174,C1177,eastern
C1174,C1175,northern
C1174,C1172,southern
C1174,C1189,western
C1174,C819,northwestern
C1174,C818,northern
C1175,C1177,southern
C1175,C1174,southern
C1175,C1188,southeastern
C1175,C926,northeastern
C1175,C923,northern
C1175,C818,western
C1175,C786,northwestern
C1176,C1159,southwestern
C1176,C1145,western
C1176,C1183,northwestern
C1176,C1179,southeastern
C1176,C1191,northeastern
C1177,C1190,southwestern
C1177,C1192,southeastern
C1177,C1174,western
C1177,C1193,northeastern
C1177,C1184,northeastern
C1177,C1188,northern
C1177,C1175,northern
C1178,C1202,southeastern
C1178,C1173,southwestern
C1178,C1181,eastern
C1178,C1180,northeastern
C1178,C1190,northwestern
C1178,C1192,northern
C1179,C1151,southwestern
C1179,C1171,eastern
C1179,C1159,southwestern
C1179,C1176,northwestern
C1179,C1191,northern
C1180,C1181,southeastern
C1180,C1178,southwestern
C1180,C1192,northern
C1180,C903,eastern
C1181,C909,southeastern
C1181,C1202,southwestern
C1181,C1178,western
C1181,C1180,northwestern
C1181,C894,eastern
C1181,C903,northern
C1182,C1192,southwestern
C1182,C904,southern
C1182,C719,eastern
C1182,C1193,northwestern
C1182,C908,northeastern
C1182,C900,northern
C1183,C1145,southern
C1183,C1138,western
C1183,C1187,northern
C1183,C1176,southeastern
C1183,C1191,eastern
C1184,C1177,southwestern
C1184,C1193,eastern
C1184,C1188,northwestern
C1184,C925,northern
C1185,C1191,southern
C1185,C1172,southeastern
C1185,C1194,western
C1185,C1189,northeastern
C1185,C773,northern
C1186,C1171,southern
C1186,C1173,eastern
C1186,C1191,northwestern
C1186,C1172,northern
C1187,C1138,southwestern
C1187,C1183,southern
C1187,C1137,western
C1187,C1191,southeastern
C1187,C1194,eastern
C1187,C847,northeastern
C1187,C849,northeastern
C1187,C833,northwestern
C1187,C850,northern
C1188,C1177,southern
C1188,C1184,southeastern
C1188,C1175,northwestern
C1188,C925,northeastern
C1188,C926,northern
C1189,C1174,eastern
C1189,C1172,southern
C1189,C1185,southwestern
C1189,C773,northwestern
C1189,C819,northern
C1190,C1173,southern
C1190,C1178,southeastern
C1190,C1192,northeastern
C1190,C1177,northeastern
C1190,C1174,northern
C1190,C1172,western
C1191,C1171,southeastern
C1191,C1183,western
C1191,C1187,northwestern
C1191,C1179,southern
C1191,C1176,southwestern
C1191,C1186,southeastern
C1191,C1172,eastern
C1191,C1194,northwestern
C1191,C1185,northern
C1192,C1178,southern
C1192,C1180,southern
C1192,C1190,southwestern
C1192,C1177,northwestern
C1192,C903,eastern
C1192,C904,eastern
C1192,C1182,northeastern
C1192,C1193,northern
C1193,C1192,southern
C1193,C1177,southwestern
C1193,C1182,southeastern
C1193,C1184,western
C1193,C925,northern
C1193,C900,northeastern
C1194,C1187,western
C1194,C1191,southeastern
C1194,C1185,eastern
C1194,C773,northern
C1194,C847,northern
C1195,C1342,southeastern
C1195,C1281,southwestern
C1195,C1198,western
C1195,C1204,northwestern
C1195,C1196,eastern
C1195,C1199,northeastern
C1196,C1342,southern
C1196,C1206,eastern
C1196,C1195,western
C1196,C1201,northeastern
C1196,C1199,northern
C1197,C1201,southern
C1197,C1199,southwestern
C1197,C1213,eastern
C1197,C1207,western
C1197,C1212,northeastern
C1197,C1203,northwestern
C1198,C1281,southeastern
C1198,C1195,eastern
C1198,C1150,southwestern
C1198,C1204,northeastern
C1198,C1132,northwestern
C1199,C1195,southwestern
C1199,C1204,western
C1199,C1196,southern
C1199,C1201,southeastern
C1199,C1197,northeastern
C1199,C1207,northwestern
C1200,C1204,southwestern
C1200,C1207,eastern
C1200,C1132,western
C1200,C1205,northwestern
C1201,C1206,southern
C1201,C1196,southwestern
C1201,C1214,southeastern
C1201,C1215,eastern
C1201,C1199,northwestern
C1201,C1213,northeastern
C1201,C1197,northern
C1202,C1207,southeastern
C1202,C909,eastern
C1202,C1205,southwestern
C1202,C1173,western
C1202,C1181,northeastern
C1202,C1178,northwestern
C1203,C1197,southeastern
C1203,C1207,southwestern
C1203,C1212,eastern
C1203,C1220,eastern
C1203,C909,northwestern
C1203,C895,northern
C1204,C1195,southeastern
C1204,C1198,southwestern
C1204,C1200,northeastern
C1204,C1199,eastern
C1204,C1207,northeastern
C1204,C1132,northwestern
C1205,C1200,southeastern
C1205,C1207,southeastern
C1205,C1132,western
C1205,C1202,northeastern
C1205,C1173,northwestern
C1206,C1342,southwestern
C1206,C1343,southeastern
C1206,C1196,western
C1206,C1214,northeastern
C1206,C1201,northern
C1207,C1204,southwestern
C1207,C1200,western
C1207,C1199,southeastern
C1207,C1197,eastern
C1207,C1203,northeastern
C1207,C909,northern
C1207,C1205,northwestern
C1207,C1202,northwestern
C1208,C1219,southern
C1208,C1210,southwestern
C1208,C1217,southeastern
C1208,C1254,southeastern
C1208,C1252,eastern
C1208,C1242,northeastern
C1208,C1224,northeastern
C1208,C1223,northern
C1208,C1218,western
C1208,C1221,northwestern
C1208,C1229,northern
C1209,C1220,southwestern
C1209,C1211,southeastern
C1209,C1221,eastern
C1209,C901,northwestern
C1209,C906,northern
C1210,C1216,southern
C1210,C1219,southeastern
C1210,C1215,southwestern
C1210,C1213,western
C1210,C1212,northwestern
C1210,C1208,northeastern
C1210,C1218,northern
C1211,C1212,southwestern
C1211,C1218,southeastern
C1211,C1220,western
C1211,C1221,northeastern
C1211,C1209,northwestern
C1212,C1213,southern
C1212,C1210,southeastern
C1212,C1197,southwestern
C1212,C1218,eastern
C1212,C1203,western
C1212,C1220,northern
C1212,C1211,northeastern
C1213,C1201,southwestern
C1213,C1215,southeastern
C1213,C1210,eastern
C1213,C1197,western
C1213,C1212,northern
C1214,C1343,southern
C1214,C1206,southwestern
C1214,C1216,northeastern
C1214,C1201,northwestern
C1214,C1215,northern
C1215,C1216,southeastern
C1215,C1214,southern
C1215,C1201,western
C1215,C1213,northwestern
C1215,C1210,northeastern
C1216,C1343,southern
C1216,C1272,southeastern
C1216,C1219,northeastern
C1216,C1214,southwestern
C1216,C1215,northwestern
C1216,C1210,northern
C1217,C1273,southern
C1217,C1256,southeastern
C1217,C1219,western
C1217,C1241,eastern
C1217,C1254,northern
C1217,C1208,northwestern
C1218,C1210,southern
C1218,C1212,western
C1218,C1208,eastern
C1218,C1211,northwestern
C1218,C1221,northern
C1219,C1272,southern
C1219,C1216,southwestern
C1219,C1273,southeastern
C1219,C1210,northwestern
C1219,C1217,eastern
C1219,C1208,northern
C1220,C1212,southern
C1220,C1203,western
C1220,C1211,eastern
C1220,C1209,northeastern
C1220,C895,northwestern
C1220,C896,northern
C1220,C901,northern
C1221,C1208,southeastern
C1221,C1218,southern
C1221,C1211,southwestern
C1221,C1209,western
C1221,C1229,northeastern
C1221,C906,northern
C1222,C1223,southern
C1222,C1229,southwestern
C1222,C1225,southeastern
C1222,C1226,eastern
C1222,C1228,northwestern
C1222,C1260,northeastern
C1222,C906,western
C1223,C1208,southern
C1223,C1224,eastern
C1223,C1229,western
C1223,C1225,eastern
C1223,C1222,northern
C1224,C1208,southwestern
C1224,C1242,southeastern
C1224,C1223,western
C1224,C1230,eastern
C1224,C1225,northern
C1224,C1227,northeastern
C1225,C1224,southern
C1225,C1223,western
C1225,C1227,northeastern
C1225,C1222,northwestern
C1225,C1226,northern
C1226,C1225,southern
C1226,C1227,southeastern
C1226,C1222,western
C1226,C1260,northern
C1227,C1224,southwestern
C1227,C1230,southeastern
C1227,C1225,southwestern
C1227,C1226,northwestern
C1227,C1257,northeastern
C1227,C1260,northwestern
C1228,C1222,southeastern
C1228,C1260,eastern
C1228,C906,southwestern
C1228,C1265,northern
C1229,C1208,southern
C1229,C1223,eastern
C1229,C1221,southwestern
C1229,C1222,northeastern
C1229,C906,northwestern
C1230,C1242,southwestern
C1230,C1224,western
C1230,C1227,northwestern
C1230,C1257,northern
C1230,C1251,southern
C1230,C1249,eastern
C1230,C1264,northeastern
C1231,C1274,southwestern
C1231,C1240,southern
C1231,C1234,eastern
C1231,C1268,western
C1231,C1237,northeastern
C1231,C1238,northern
C1232,C1233,southwestern
C1232,C279,eastern
C1232,C277,northeastern
C1232,C278,northeastern
C1232,C276,northeastern
C1232,C1235,northern
C1232,C1234,northwestern
C1232,C93,eastern
C1233,C1232,northeastern
C1233,C1239,southwestern
C1233,C1240,western
C1233,C1234,northern
C1234,C1233,southern
C1234,C1232,southeastern
C1234,C1235,northeastern
C1234,C1236,northern
C1234,C1240,southwestern
C1234,C1231,western
C1234,C1237,northwestern
C1235,C1232,southern
C1235,C302,southeastern
C1235,C276,southeastern
C1235,C271,eastern
C1235,C1236,northwestern
C1235,C1234,southwestern
C1235,C284,northeastern
C1235,C289,northern
C1235,C272,northeastern
C1235,C1253,northern
C1236,C1235,southeastern
C1236,C1234,southern
C1236,C1237,western
C1236,C1255,northwestern
C1236,C1253,northern
C1237,C1236,eastern
C1237,C1234,southeastern
C1237,C1231,southwestern
C1237,C1238,northwestern
C1237,C1255,northeastern
C1238,C1231,southern
C1238,C1268,southwestern
C1238,C1237,southeastern
C1238,C1248,western
C1238,C1255,northeastern
C1239,C1297,southwestern
C1239,C1274,northwestern
C1239,C1233,northeastern
C1239,C1240,northern
C1240,C1274,western
C1240,C1233,eastern
C1240,C1239,southern
C1240,C1234,northeastern
C1240,C1231,northern
C1241,C1256,southeastern
C1241,C1217,western
C1241,C1245,eastern
C1241,C1254,northwestern
C1241,C1250,northern
C1242,C1250,southern
C1242,C1252,southwestern
C1242,C1208,southwestern
C1242,C1224,northwestern
C1242,C1230,northeastern
C1242,C1251,southeastern
C1243,C1244,southwestern
C1243,C244,eastern
C1243,C242,northeastern
C1243,C1246,northwestern
C1243,C1247,northern
C1244,C1245,western
C1244,C1248,southwestern
C1244,C1255,southeastern
C1244,C1253,eastern
C1244,C244,eastern
C1244,C1243,northeastern
C1244,C1246,northern
C1244,C1251,northwestern
C1245,C1256,southern
C1245,C1241,western
C1245,C1250,northwestern
C1245,C1248,southeastern
C1245,C1244,eastern
C1245,C1251,northern
C1246,C1244,southern
C1246,C1243,southeastern
C1246,C1251,western
C1246,C1247,northeastern
C1246,C1249,northwestern
C1247,C242,eastern
C1247,C1243,southern
C1247,C1246,southwestern
C1247,C1249,western
C1247,C348,northern
C1248,C1269,southwestern
C1248,C1256,western
C1248,C1245,northwestern
C1248,C1268,southern
C1248,C1238,eastern
C1248,C1255,eastern
C1248,C1244,northeastern
C1249,C1230,western
C1249,C1246,southeastern
C1249,C1251,southern
C1249,C1247,eastern
C1249,C348,northeastern
C1249,C1264,northern
C1250,C1241,southern
C1250,C1245,southeastern
C1250,C1254,southwestern
C1250,C1252,northwestern
C1250,C1242,northern
C1250,C1251,northeastern
C1251,C1245,southern
C1251,C1250,southwestern
C1251,C1242,northwestern
C1251,C1230,northern
C1251,C1244,southeastern
C1251,C1246,eastern
C1251,C1249,northern
C1252,C1254,southern
C1252,C1250,southeastern
C1252,C1208,western
C1252,C1242,northeastern
C1253,C1235,southern
C1253,C1236,southern
C1253,C1255,western
C1253,C1244,western
C1253,C289,eastern
C1253,C290,eastern
C1253,C244,northern
C1254,C1217,southern
C1254,C1241,southeastern
C1254,C1250,northeastern
C1254,C1252,northern
C1254,C1208,northwestern
C1255,C1236,southeastern
C1255,C1237,southwestern
C1255,C1238,southwestern
C1255,C1248,western
C1255,C1244,northwestern
C1255,C1253,eastern
C1256,C1269,southern
C1256,C1273,western
C1256,C1217,northwestern
C1256,C1241,northwestern
C1256,C1245,northern
C1256,C1248,eastern
C1257,C1230,southern
C1257,C1227,southwestern
C1257,C1260,northwestern
C1257,C1262,northeastern
C1257,C1259,northern
C1257,C1264,eastern
C1258,C1261,southern
C1258,C1265,southwestern
C1258,C1259,southeastern
C1258,C1267,northwestern
C1258,C320,northeastern
C1258,C1266,northern
C1259,C1257,southern
C1259,C1260,southwestern
C1259,C1261,western
C1259,C1262,eastern
C1259,C1258,northwestern
C1259,C320,northern
C1259,C1263,northeastern
C1260,C1227,southeastern
C1260,C1222,southwestern
C1260,C1226,southern
C1260,C1257,southeastern
C1260,C1228,western
C1260,C1261,northwestern
C1260,C1265,northwestern
C1260,C1259,northeastern
C1261,C1260,southeastern
C1261,C1265,western
C1261,C1259,eastern
C1261,C1258,northern
C1262,C1257,southwestern
C1262,C1259,western
C1262,C1264,southeastern
C1262,C346,eastern
C1262,C1263,northeastern
C1263,C1262,southwestern
C1263,C1259,southwestern
C1263,C323,northwestern
C1263,C320,western
C1263,C346,southern
C1263,C364,southeastern
C1263,C368,eastern
C1263,C321,northwestern
C1263,C310,northeastern
C1263,C337,northeastern
C1263,C338,northern
C1264,C1230,southwestern
C1264,C1257,western
C1264,C1262,northwestern
C1264,C1249,southern
C1264,C348,southeastern
C1264,C354,eastern
C1264,C346,northeastern
C1265,C1228,southern
C1265,C1260,southeastern
C1265,C1261,eastern
C1265,C906,southwestern
C1265,C893,western
C1265,C1258,northeastern
C1265,C1267,northern
C1266,C1258,southern
C1266,C1267,western
C1266,C320,eastern
C1266,C203,northern
C1267,C893,southern
C1267,C1265,southern
C1267,C1258,southeastern
C1267,C1266,eastern
C1267,C205,northern
C1267,C899,western
C1267,C211,northwestern
C1267,C208,northwestern
C1267,C210,northwestern
C1267,C203,northeastern
C1268,C1274,southern
C1268,C1275,western
C1268,C1269,northwestern
C1268,C1231,eastern
C1268,C1238,northeastern
C1268,C1248,northern
C1269,C1275,southwestern
C1269,C1273,northwestern
C1269,C1256,northern
C1269,C1268,southeastern
C1269,C1248,northeastern
C1270,C1277,southern
C1270,C1274,southeastern
C1270,C1276,western
C1270,C1275,northern
C1271,C1294,southern
C1271,C1345,southwestern
C1271,C1277,eastern
C1271,C1341,northwestern
C1271,C1276,northern
C1272,C1343,southwestern
C1272,C1276,southeastern
C1272,C1275,eastern
C1272,C1216,northwestern
C1272,C1273,northeastern
C1272,C1219,northern
C1273,C1275,southeastern
C1273,C1272,southwestern
C1273,C1269,southeastern
C1273,C1256,eastern
C1273,C1219,northwestern
C1273,C1217,northern
C1274,C1297,southern
C1274,C1277,southwestern
C1274,C1270,northwestern
C1274,C1275,northwestern
C1274,C1239,southeastern
C1274,C1240,eastern
C1274,C1231,northeastern
C1274,C1268,northern
C1275,C1274,southeastern
C1275,C1270,southern
C1275,C1276,southwestern
C1275,C1272,western
C1275,C1269,northeastern
C1275,C1273,northwestern
C1275,C1268,eastern
C1276,C1277,southeastern
C1276,C1271,southern
C1276,C1343,western
C1276,C1341,southwestern
C1276,C1270,eastern
C1276,C1275,northeastern
C1276,C1272,northwestern
C1277,C1294,southwestern
C1277,C1297,southeastern
C1277,C1271,western
C1277,C1274,northeastern
C1277,C1270,northern
C1277,C1276,northwestern
C1278,C1286,southern
C1278,C1291,southeastern
C1278,C1279,eastern
C1278,C1161,northeastern
C1278,C967,western
C1278,C1282,northern
C1278,C1131,northwestern
C1279,C1357,southeastern
C1279,C1354,eastern
C1279,C1359,eastern
C1279,C1355,northeastern
C1279,C1280,southern
C1279,C1287,southern
C1279,C1291,southwestern
C1279,C1161,northwestern
C1279,C1356,northern
C1279,C1170,northwestern
C1279,C1278,western
C1280,C1317,southeastern
C1280,C1283,southern
C1280,C1314,southeastern
C1280,C1309,eastern
C1280,C1357,northeastern
C1280,C1284,southwestern
C1280,C1285,western
C1280,C1290,western
C1280,C1287,northwestern
C1280,C1279,northern
C1281,C1359,southwestern
C1281,C1349,southeastern
C1281,C1348,southeastern
C1281,C1342,eastern
C1281,C1355,southwestern
C1281,C1352,southwestern
C1281,C1351,western
C1281,C1360,western
C1281,C1195,northeastern
C1281,C1150,northwestern
C1281,C1198,northwestern
C1282,C1161,northeastern
C1282,C1278,southern
C1282,C1131,western
C1282,C1166,northwestern
C1282,C1169,northern
C1283,C1306,southern
C1283,C1098,southwestern
C1283,C1317,eastern
C1283,C1284,western
C1283,C1280,northern
C1284,C1098,southern
C1284,C1283,eastern
C1284,C1288,western
C1284,C974,western
C1284,C1285,northern
C1284,C1280,northeastern
C1285,C1288,southwestern
C1285,C1289,western
C1285,C1284,southern
C1285,C1280,eastern
C1285,C1290,northern
C1286,C974,southern
C1286,C999,southwestern
C1286,C1289,southeastern
C1286,C1291,northeastern
C1286,C967,northwestern
C1286,C1278,northern
C1287,C1280,southeastern
C1287,C1290,southwestern
C1287,C1291,western
C1287,C1279,northern
C1288,C974,southwestern
C1288,C1289,northern
C1288,C1284,eastern
C1288,C1285,northeastern
C1289,C1288,southern
C1289,C974,southwestern
C1289,C1286,northwestern
C1289,C1285,eastern
C1289,C1290,northeastern
C1289,C1291,northeastern
C1290,C1289,southwestern
C1290,C1285,southern
C1290,C1280,eastern
C1290,C1287,northeastern
C1290,C1291,northern
C1291,C1289,southwestern
C1291,C1286,southwestern
C1291,C1290,southern
C1291,C1287,eastern
C1291,C1279,northeastern
C1291,C1278,northwestern
C1292,C1302,southern
C1292,C1299,southeastern
C1292,C1347,eastern
C1292,C1305,southwestern
C1292,C1313,western
C1292,C1350,northwestern
C1292,C1344,northeastern
C1292,C1339,northern
C1293,C1301,southern
C1293,C1299,western
C1293,C1347,northwestern
C1293,C1303,southeastern
C1293,C1300,eastern
C1293,C1345,northern
C1294,C1300,southwestern
C1294,C1297,eastern
C1294,C1345,northwestern
C1294,C1277,northeastern
C1294,C1271,northern
C1295,C1323,southwestern
C1295,C1321,southwestern
C1295,C1301,southeastern
C1295,C1302,northwestern
C1295,C1299,northeastern
C1296,C1326,southwestern
C1296,C1303,northwestern
C1296,C1298,northeastern
C1297,C1294,western
C1297,C1277,northwestern
C1297,C1274,northern
C1297,C1239,northeastern
C1298,C1296,southwestern
C1298,C1303,western
C1299,C1301,southern
C1299,C1295,southwestern
C1299,C1302,western
C1299,C1293,eastern
C1299,C1292,northwestern
C1299,C1347,northern
C1300,C1301,southwestern
C1300,C1293,western
C1300,C1303,southern
C1300,C1294,northeastern
C1300,C1345,northern
C1301,C1326,southeastern
C1301,C1323,western
C1301,C1295,northwestern
C1301,C1299,northern
C1301,C1293,northern
C1301,C1303,eastern
C1301,C1300,northeastern
C1302,C1316,southwestern
C1302,C1315,western
C1302,C1321,southern
C1302,C1295,southeastern
C1302,C1299,eastern
C1302,C1292,northern
C1302,C1305,western
C1303,C1326,southwestern
C1303,C1301,western
C1303,C1293,northwestern
C1303,C1296,southeastern
C1303,C1298,eastern
C1303,C1300,northern
C1304,C1317,western
C1304,C1311,southwestern
C1304,C1318,southeastern
C1304,C1315,eastern
C1304,C1314,northwestern
C1304,C1307,northeastern
C1304,C1309,northern
C1305,C1315,southern
C1305,C1302,eastern
C1305,C1292,northeastern
C1305,C1307,northwestern
C1305,C1313,northern
C1306,C1102,southwestern
C1306,C1098,western
C1306,C1317,northeastern
C1306,C1283,northern
C1306,C1310,southeastern
C1306,C1311,eastern
C1307,C1304,southwestern
C1307,C1315,southern
C1307,C1305,southeastern
C1307,C1309,western
C1307,C1313,northern
C1308,C1312,southern
C1308,C1319,southeastern
C1308,C1316,eastern
C1308,C1311,northwestern
C1308,C1318,northern
C1309,C1304,southern
C1309,C1314,southwestern
C1309,C1307,eastern
C1309,C1357,northwestern
C1309,C1313,northeastern
C1309,C1354,northern
C1309,C1353,northeastern
C1309,C1280,western
C1310,C1095,southern
C1310,C1102,western
C1310,C1306,northwestern
C1310,C1312,eastern
C1310,C1311,northeastern
C1311,C1306,western
C1311,C1317,northwestern
C1311,C1312,southeastern
C1311,C1310,southwestern
C1311,C1308,southeastern
C1311,C1318,northeastern
C1311,C1304,northeastern
C1312,C1095,western
C1312,C1320,southeastern
C1312,C1092,southwestern
C1312,C1319,eastern
C1312,C1310,western
C1312,C1308,northern
C1312,C1311,northwestern
C1313,C1292,eastern
C1313,C1305,southern
C1313,C1307,southern
C1313,C1309,southwestern
C1313,C1350,northeastern
C1313,C1353,northwestern
C1314,C1317,southwestern
C1314,C1304,southeastern
C1314,C1309,northeastern
C1314,C1280,northwestern
C1315,C1316,southern
C1315,C1318,southwestern
C1315,C1304,western
C1315,C1302,eastern
C1315,C1305,northern
C1315,C1307,northern
C1316,C1319,southern
C1316,C1308,western
C1316,C1318,northwestern
C1316,C1315,northern
C1316,C1321,eastern
C1316,C1302,northeastern
C1317,C1306,southwestern
C1317,C1283,western
C1317,C1311,southeastern
C1317,C1304,eastern
C1317,C1314,northeastern
C1317,C1280,northwestern
C1318,C1308,southern
C1318,C1316,southeastern
C1318,C1311,southwestern
C1318,C1304,northwestern
C1318,C1315,northeastern
C1319,C1320,southwestern
C1319,C1324,southern
C1319,C1312,western
C1319,C1308,northwestern
C1319,C1316,northern
C1319,C1323,eastern
C1319,C1321,northeastern
C1320,C1099,southwestern
C1320,C1325,southeastern
C1320,C1092,western
C1320,C1090,western
C1320,C1324,eastern
C1320,C1312,northwestern
C1320,C1319,northeastern
C1321,C1319,southwestern
C1321,C1316,western
C1321,C1323,southeastern
C1321,C1295,northeastern
C1321,C1302,northern
C1322,C1324,western
C1322,C1331,southwestern
C1322,C1330,southern
C1322,C1328,southeastern
C1322,C1326,eastern
C1322,C1323,northern
C1323,C1324,southwestern
C1323,C1326,eastern
C1323,C1319,western
C1323,C1322,southern
C1323,C1321,northwestern
C1323,C1301,eastern
C1323,C1295,northeastern
C1324,C1325,southern
C1324,C1320,western
C1324,C1331,southeastern
C1324,C1319,northern
C1324,C1322,eastern
C1324,C1323,northeastern
C1325,C1329,southern
C1325,C1099,western
C1325,C1320,northwestern
C1325,C1324,northern
C1325,C1335,southeastern
C1325,C1331,eastern
C1326,C1332,southern
C1326,C1328,southwestern
C1326,C1322,western
C1326,C1323,western
C1326,C1301,northwestern
C1326,C1296,northeastern
C1326,C1303,northeastern
C1327,C1334,northwestern
C1327,C1336,northern
C1328,C1333,southwestern
C1328,C1332,southeastern
C1328,C1330,western
C1328,C1326,northeastern
C1328,C1322,northwestern
C1329,C1325,northern
C1329,C1335,eastern
C1330,C1333,southern
C1330,C1331,western
C1330,C1328,eastern
C1330,C1322,northern
C1331,C1325,western
C1331,C1324,northwestern
C1331,C1335,southern
C1331,C1333,southeastern
C1331,C1330,eastern
C1331,C1322,northeastern
C1332,C1333,western
C1332,C1328,northwestern
C1332,C1326,northern
C1333,C1336,southern
C1333,C1335,western
C1333,C1332,eastern
C1333,C1331,northwestern
C1333,C1330,northern
C1333,C1328,northeastern
C1334,C1327,southeastern
C1334,C1336,northeastern
C1334,C1335,northern
C1335,C1329,western
C1335,C1325,northwestern
C1335,C1334,southern
C1335,C1336,southeastern
C1335,C1333,eastern
C1335,C1331,northern
C1336,C1327,southern
C1336,C1334,southwestern
C1336,C1335,northwestern
C1336,C1333,northern
C1337,C1347,southern
C1337,C1345,southeastern
C1337,C1338,northwestern
C1337,C1340,northern
C1338,C1347,southeastern
C1338,C1344,southern
C1338,C1337,southeastern
C1338,C1346,western
C1338,C1340,eastern
C1338,C1342,northwestern
C1338,C1343,northeastern
C1339,C1292,southern
C1339,C1350,western
C1339,C1349,northwestern
C1339,C1344,eastern
C1339,C1346,northeastern
C1340,C1345,southeastern
C1340,C1337,southern
C1340,C1338,western
C1340,C1343,northern
C1340,C1341,eastern
C1341,C1345,southern
C1341,C1271,southeastern
C1341,C1340,western
C1341,C1343,northwestern
C1341,C1276,northeastern
C1342,C1346,southern
C1342,C1338,southeastern
C1342,C1348,southwestern
C1342,C1343,eastern
C1342,C1206,northeastern
C1342,C1281,western
C1342,C1195,northwestern
C1342,C1196,northern
C1343,C1338,southwestern
C1343,C1340,southern
C1343,C1342,western
C1343,C1206,northwestern
C1343,C1341,southeastern
C1343,C1276,eastern
C1343,C1272,northeastern
C1343,C1216,northern
C1343,C1214,northern
C1344,C1292,southwestern
C1344,C1347,eastern
C1344,C1339,western
C1344,C1346,northern
C1344,C1338,northern
C1345,C1293,southern
C1345,C1347,southwestern
C1345,C1300,southern
C1345,C1294,southeastern
C1345,C1271,northeastern
C1345,C1337,northwestern
C1345,C1340,northwestern
C1345,C1341,northern
C1346,C1349,western
C1346,C1344,southern
C1346,C1339,southwestern
C1346,C1338,eastern
C1346,C1348,northwestern
C1346,C1342,northern
C1347,C1299,southern
C1347,C1293,southeastern
C1347,C1292,western
C1347,C1345,northeastern
C1347,C1344,western
C1347,C1337,northern
C1347,C1338,northwestern
C1348,C1349,southwestern
C1348,C1346,southeastern
C1348,C1342,northeastern
C1348,C1281,northwestern
C1349,C1350,southern
C1349,C1359,western
C1349,C1339,southeastern
C1349,C1346,eastern
C1349,C1348,northeastern
C1349,C1281,northwestern
C1350,C1292,southeastern
C1350,C1313,southwestern
C1350,C1353,western
C1350,C1359,northwestern
C1350,C1349,northern
C1350,C1339,eastern
C1351,C1355,southeastern
C1351,C1281,eastern
C1351,C1360,northern
C1351,C1356,western
C1352,C1359,southwestern
C1352,C1355,western
C1352,C1281,northeastern
C1353,C1309,southwestern
C1353,C1313,southeastern
C1353,C1354,western
C1353,C1350,eastern
C1353,C1359,northwestern
C1354,C1309,southern
C1354,C1357,southwestern
C1354,C1353,eastern
C1354,C1359,northeastern
C1354,C1279,western
C1355,C1359,southeastern
C1355,C1352,eastern
C1355,C1351,northwestern
C1355,C1281,northeastern
C1355,C1279,southwestern
C1355,C1356,western
C1356,C1355,eastern
C1356,C1351,eastern
C1356,C1360,northeastern
C1356,C1279,southern
C1356,C1170,western
C1356,C1358,northern
C1357,C1309,southeastern
C1357,C1354,northeastern
C1357,C1280,southwestern
C1357,C1279,northwestern
C1358,C1360,eastern
C1358,C1356,southern
C1358,C1170,southwestern
C1358,C1162,western
C1358,C1158,western
C1358,C1156,northeastern
C1358,C1155,northwestern
C1359,C1354,southwestern
C1359,C1350,southeastern
C1359,C1353,southeastern
C1359,C1349,eastern
C1359,C1355,northwestern
C1359,C1352,northeastern
C1359,C1281,northeastern
C1359,C1279,western
C1360,C1351,southern
C1360,C1281,eastern
C1360,C1150,northern
C1360,C1356,southwestern
C1360,C1358,western
C1360,C1156,northwestern
V1,V2,southwestern
V1,V52,western
V1,V56,southern
V1,V60,southeastern
V1,V55,eastern
V1,V24,northeastern
V1,V12,northern
V1,V53,northwestern
V2,V21,southern
V2,V16,southern
V2,V57,southeastern
V2,V59,eastern
V2,V58,southwestern
V2,V142,northwestern
V2,V50,northwestern
V2,V52,northern
V2,V56,eastern
V2,V1,northeastern
V3,V23,southern
V3,V24,southwestern
V3,V30,eastern
V3,V10,western
V3,V7,northern
V3,V8,northern
V4,V11,western
V4,V10,southeastern
V4,V5,eastern
V4,V13,northern
V5,V10,southwestern
V5,V7,southeastern
V5,V4,western
V5,V8,eastern
V5,V13,northwestern
V6,V8,southeastern
V6,V13,southwestern
V6,V9,western
V6,V279,northern
V7,V3,southern
V7,V10,southwestern
V7,V5,northwestern
V7,V8,northeastern
V8,V30,southern
V8,V3,southern
V8,V7,southwestern
V8,V14,southeastern
V8,V5,western
V8,V13,western
V8,V6,northwestern
V9,V13,southern
V9,V6,eastern
V9,V190,southwestern
V9,V187,western
V9,V279,northeastern
V10,V24,southeastern
V10,V12,southwestern
V10,V11,northwestern
V10,V3,eastern
V10,V7,northeastern
V10,V4,northern
V10,V5,northeastern
V11,V12,southeastern
V11,V48,southwestern
V11,V102,western
V11,V10,southeastern
V11,V4,eastern
V11,V13,northeastern
V11,V189,northwestern
V11,V190,northern
V12,V1,southern
V12,V24,eastern
V12,V53,southwestern
V12,V48,western
V12,V11,northwestern
V12,V10,northeastern
V13,V11,southwestern
V13,V4,southern
V13,V5,southeastern
V13,V8,eastern
V13,V6,northeastern
V13,V9,northern
V13,V190,western
V14,V8,northwestern
V15,V22,southwestern
V15,V19,northwestern
V16,V21,southwestern
V16,V19,southeastern
V16,V57,eastern
V16,V2,northern
V17,V40,southern
V17,V66,southern
V17,V22,southeastern
V17,V36,western
V17,V21,northeastern
V17,V144,northwestern
V17,V132,northern
V18,V84,western
V18,V22,northwestern
V18,V67,southwestern
V19,V22,southern
V19,V21,western
V19,V16,northwestern
V19,V15,southeastern
V19,V57,northeastern
V20,V84,southeastern
V20,V22,eastern
V21,V22,southeastern
V21,V17,southwestern
V21,V16,northeastern
V21,V132,northwestern
V21,V19,eastern
V21,V58,northern
V21,V2,northern
V22,V75,southern
V22,V84,southern
V22,V40,western
V22,V66,western
V22,V20,western
V22,V17,northwestern
V22,V21,northwestern
V22,V79,southeastern
V22,V67,southern
V22,V18,southeastern
V22,V15,northeastern
V22,V19,northern
V23,V61,southern
V23,V60,southwestern
V23,V29,southeastern
V23,V33,southern
V23,V55,western
V23,V27,eastern
V23,V24,northwestern
V23,V30,northeastern
V23,V3,northern
V24,V55,southern
V24,V1,southwestern
V24,V23,southeastern
V24,V12,western
V24,V3,northeastern
V24,V10,northwestern
V25,V28,southwestern
V25,V35,northwestern
V25,V26,northern
V25,V29,northwestern
V26,V25,southern
V26,V29,western
V26,V32,northeastern
V26,V34,northern
V26,V27,northern
V27,V26,southern
V27,V29,southern
V27,V23,western
V27,V34,southeastern
V27,V30,northern
V28,V61,western
V28,V25,northeastern
V28,V35,northern
V28,V64,northern
V29,V61,southwestern
V29,V25,southeastern
V29,V35,southern
V29,V64,southwestern
V29,V31,southwestern
V29,V26,eastern
V29,V33,western
V29,V23,northwestern
V29,V27,northern
V30,V23,southwestern
V30,V34,southern
V30,V27,southern
V30,V3,western
V30,V8,northern
V31,V61,southwestern
V31,V64,southeastern
V31,V63,southern
V31,V29,northeastern
V32,V26,southwestern
V32,V34,northwestern
V33,V61,southern
V33,V60,western
V33,V62,southern
V33,V29,eastern
V33,V23,northern
V34,V26,southern
V34,V32,southeastern
V34,V27,northwestern
V34,V30,northern
V35,V28,southern
V35,V25,southeastern
V35,V64,western
V35,V29,northern
V36,V46,southwestern
V36,V143,northwestern
V36,V40,southern
V36,V17,eastern
V36,V144,northern
V37,V47,northeastern
V38,V42,southeastern
V38,V46,eastern
V38,V152,northwestern
V38,V47,southwestern
V38,V148,western
V38,V158,western
V39,V65,southern
V39,V69,southeastern
V39,V43,eastern
V39,V45,western
V39,V42,northern
V40,V41,southern
V40,V44,southwestern
V40,V76,southeastern
V40,V46,western
V40,V66,eastern
V40,V22,eastern
V40,V17,northern
V40,V36,northern
V41,V69,southwestern
V41,V43,western
V41,V83,southern
V41,V81,southeastern
V41,V82,eastern
V41,V44,northwestern
V41,V76,northeastern
V41,V40,northern
V42,V43,southeastern
V42,V45,southwestern
V42,V44,eastern
V42,V39,southern
V42,V38,northwestern
V42,V46,northern
V42,V47,western
V43,V69,southern
V43,V41,eastern
V43,V44,northern
V43,V39,western
V43,V42,northwestern
V44,V43,southern
V44,V41,southeastern
V44,V42,western
V44,V46,northwestern
V44,V40,northeastern
V45,V74,southern
V45,V65,southeastern
V45,V39,eastern
V45,V42,northeastern
V45,V150,western
V45,V47,northwestern
V46,V44,southeastern
V46,V42,southern
V46,V38,western
V46,V152,northwestern
V46,V159,northwestern
V46,V154,northwestern
V46,V143,northern
V46,V147,northwestern
V46,V40,eastern
V46,V36,northeastern
V47,V45,southeastern
V47,V42,eastern
V47,V38,northeastern
V47,V152,northern
V47,V37,southwestern
V47,V150,western
V47,V148,northwestern
V48,V12,eastern
V48,V51,southern
V48,V53,southeastern
V48,V95,western
V48,V102,northwestern
V48,V11,northeastern
V49,V141,southern
V49,V136,southwestern
V49,V54,eastern
V49,V130,western
V49,V51,northeastern
V49,V100,northwestern
V49,V95,northern
V50,V2,southeastern
V50,V142,western
V50,V52,northeastern
V50,V54,northwestern
V51,V52,southeastern
V51,V54,southern
V51,V49,southwestern
V51,V53,eastern
V51,V95,northwestern
V51,V48,northern
V52,V2,southern
V52,V50,southwestern
V52,V54,western
V52,V1,eastern
V52,V51,northwestern
V52,V53,northern
V53,V52,southern
V53,V1,southeastern
V53,V12,northeastern
V53,V51,western
V53,V48,northwestern
V54,V141,southwestern
V54,V142,southern
V54,V50,southeastern
V54,V52,eastern
V54,V49,western
V54,V51,northern
V55,V60,southern
V55,V1,western
V55,V23,eastern
V55,V24,northern
V56,V59,southern
V56,V61,eastern
V56,V2,western
V56,V60,northeastern
V56,V1,northern
V57,V16,western
V57,V19,southwestern
V57,V59,northern
V57,V2,northwestern
V58,V21,southern
V58,V132,southwestern
V58,V138,western
V58,V2,northeastern
V58,V142,northern
V59,V57,southern
V59,V61,eastern
V59,V2,western
V59,V56,northern
V60,V61,southeastern
V60,V56,southwestern
V60,V62,eastern
V60,V33,eastern
V60,V55,northern
V60,V1,northwestern
V60,V23,northeastern
V61,V59,western
V61,V28,eastern
V61,V64,northeastern
V61,V56,western
V61,V63,northeastern
V61,V31,northeastern
V61,V60,northwestern
V61,V62,northern
V61,V29,northeastern
V61,V33,northern
V61,V23,northern
V62,V61,southern
V62,V60,western
V62,V33,northern
V63,V61,southwestern
V63,V64,southeastern
V63,V31,northern
V64,V28,southern
V64,V61,southwestern
V64,V35,eastern
V64,V63,northwestern
V64,V31,northwestern
V64,V29,northeastern
V65,V74,southern
V65,V80,southern
V65,V73,eastern
V65,V69,eastern
V65,V45,northwestern
V65,V39,northern
V66,V84,southeastern
V66,V76,southern
V66,V40,western
V66,V22,eastern
V66,V17,northern
V67,V75,western
V67,V84,northern
V67,V22,northern
V67,V68,eastern
V67,V18,northeastern
V68,V84,northwestern
V68,V79,eastern
V68,V67,western
V69,V73,southern
V69,V65,western
V69,V43,northern
V69,V83,eastern
V69,V41,northeastern
V69,V39,northwestern
V70,V72,western
V70,V83,northwestern
V70,V81,northern
V70,V75,northeastern
V71,V77,northwestern
V71,V73,northern
V71,V72,northeastern
V72,V71,southwestern
V72,V73,northwestern
V72,V70,eastern
V72,V83,northern
V73,V71,southern
V73,V77,southwestern
V73,V80,southwestern
V73,V65,western
V73,V69,northern
V73,V72,southeastern
V73,V83,eastern
V74,V78,southern
V74,V77,eastern
V74,V80,northeastern
V74,V65,northern
V74,V45,northern
V75,V70,southwestern
V75,V81,western
V75,V82,northwestern
V75,V84,northeastern
V75,V22,northern
V75,V67,eastern
V76,V82,southern
V76,V41,southwestern
V76,V84,eastern
V76,V40,northwestern
V76,V66,northern
V77,V71,southeastern
V77,V74,western
V77,V80,western
V77,V73,northeastern
V78,V74,northern
V79,V84,northwestern
V79,V22,northwestern
V79,V68,western
V80,V74,southwestern
V80,V77,eastern
V80,V73,northeastern
V80,V65,northern
V81,V70,southern
V81,V83,southwestern
V81,V82,northern
V81,V75,eastern
V81,V41,northwestern
V82,V81,southern
V82,V75,southeastern
V82,V41,western
V82,V84,eastern
V82,V76,northern
V83,V73,western
V83,V69,western
V83,V72,southern
V83,V70,southeastern
V83,V81,northeastern
V83,V41,northern
V84,V82,western
V84,V75,southwestern
V84,V76,western
V84,V66,northwestern
V84,V22,northern
V84,V20,northwestern
V84,V68,southeastern
V84,V79,southeastern
V84,V67,southern
V84,V18,eastern
V85,V93,southeastern
V85,V91,southern
V85,V98,southwestern
V85,V92,northeastern
V85,V94,northwestern
V85,V100,southeastern
V85,V95,eastern
V85,V90,southwestern
V85,V99,western
V85,V89,northwestern
V86,V101,southeastern
V86,V122,southern
V86,V104,southeastern
V86,V179,southwestern
V86,V90,eastern
V86,V176,northwestern
V86,V99,northeastern
V86,V105,northwestern
V87,V92,western
V87,V88,northwestern
V87,V100,southern
V87,V95,southern
V87,V102,eastern
V87,V191,northeastern
V88,V92,southern
V88,V87,southeastern
V88,V103,western
V88,V184,northern
V88,V185,northern
V88,V191,eastern
V89,V85,southeastern
V89,V94,eastern
V89,V99,southern
V89,V105,western
V89,V96,northwestern
V89,V103,northeastern
V90,V98,eastern
V90,V85,northeastern
V90,V104,southern
V90,V86,western
V90,V99,northern
V91,V97,southern
V91,V93,eastern
V91,V98,western
V91,V85,northern
V91,V101,southwestern
V92,V85,southwestern
V92,V94,western
V92,V88,northern
V92,V100,southeastern
V92,V95,southeastern
V92,V87,eastern
V92,V103,northwestern
V93,V140,southern
V93,V97,southwestern
V93,V91,western
V93,V85,northwestern
V93,V130,eastern
V93,V100,northeastern
V94,V85,southeastern
V94,V92,eastern
V94,V89,western
V94,V103,northern
V95,V85,western
V95,V92,northwestern
V95,V49,southern
V95,V51,southeastern
V95,V100,southwestern
V95,V48,eastern
V95,V102,northeastern
V95,V87,northern
V96,V105,southern
V96,V89,southeastern
V96,V161,southwestern
V96,V167,western
V96,V164,northwestern
V96,V103,eastern
V96,V261,northeastern
V97,V140,eastern
V97,V93,northeastern
V97,V91,northern
V97,V139,southern
V97,V101,southwestern
V98,V91,eastern
V98,V85,northeastern
V98,V101,southern
V98,V104,southwestern
V98,V90,western
V99,V85,eastern
V99,V90,southern
V99,V86,southwestern
V99,V105,northwestern
V99,V89,northern
V100,V93,southwestern
V100,V85,northwestern
V100,V92,northwestern
V100,V130,southern
V100,V49,southeastern
V100,V95,northeastern
V100,V87,northern
V101,V97,northeastern
V101,V91,northeastern
V101,V98,northern
V101,V128,southern
V101,V134,southeastern
V101,V139,eastern
V101,V124,southwestern
V101,V122,western
V101,V104,northern
V101,V86,northwestern
V102,V95,southwestern
V102,V48,southeastern
V102,V87,western
V102,V11,eastern
V102,V191,northwestern
V102,V189,northern
V103,V92,southeastern
V103,V94,southern
V103,V88,eastern
V103,V89,southwestern
V103,V96,western
V103,V185,northeastern
V103,V261,northern
V104,V98,northeastern
V104,V101,southern
V104,V90,northern
V104,V86,northwestern
V105,V86,southeastern
V105,V176,southern
V105,V99,southeastern
V105,V180,western
V105,V89,eastern
V105,V161,western
V105,V96,northern
V106,V119,southern
V106,V111,southwestern
V106,V116,eastern
V106,V110,northeastern
V106,V382,northwestern
V106,V108,northern
V107,V118,eastern
V107,V115,northeastern
V107,V114,southern
V107,V405,southwestern
V107,V411,western
V107,V409,northwestern
V107,V412,northern
V108,V106,southern
V108,V110,southeastern
V108,V382,southwestern
V108,V113,eastern
V108,V288,northwestern
V109,V117,southern
V109,V120,eastern
V109,V115,western
V109,V119,northern
V109,V162,southeastern
V110,V116,southeastern
V110,V106,southwestern
V110,V287,eastern
V110,V108,northwestern
V110,V113,northern
V111,V115,southwestern
V111,V119,eastern
V111,V407,western
V111,V106,northeastern
V111,V382,northern
V112,V118,northwestern
V112,V117,northeastern
V112,V165,southeastern
V112,V114,western
V113,V110,southern
V113,V287,eastern
V113,V108,western
V113,V280,eastern
V114,V118,northeastern
V114,V107,northern
V114,V112,eastern
V114,V389,southwestern
V114,V405,western
V115,V118,southern
V115,V117,southeastern
V115,V107,southwestern
V115,V109,eastern
V115,V119,eastern
V115,V407,northwestern
V115,V111,northeastern
V115,V412,western
V116,V166,eastern
V116,V168,southern
V116,V120,southern
V116,V119,southwestern
V116,V106,western
V116,V110,northwestern
V116,V287,northern
V117,V118,western
V117,V109,northern
V117,V115,northwestern
V117,V165,southeastern
V117,V112,southwestern
V117,V162,eastern
V118,V117,eastern
V118,V107,western
V118,V115,northern
V118,V114,southwestern
V118,V112,southeastern
V119,V109,southern
V119,V120,southeastern
V119,V115,western
V119,V111,western
V119,V116,northeastern
V119,V106,northern
V120,V168,eastern
V120,V109,western
V120,V119,northwestern
V120,V116,northern
V120,V162,southern
V121,V123,southern
V121,V125,eastern
V121,V126,northeastern
V121,V127,northern
V121,V172,northwestern
V122,V101,eastern
V122,V124,southeastern
V122,V126,southwestern
V122,V127,western
V122,V179,northwestern
V122,V86,northern
V123,V151,eastern
V123,V125,northeastern
V123,V121,northern
V124,V151,southern
V124,V128,southeastern
V124,V101,northeastern
V124,V125,southwestern
V124,V126,western
V124,V122,northwestern
V125,V151,southeastern
V125,V123,southwestern
V125,V121,western
V125,V124,northeastern
V125,V126,northern
V126,V125,southern
V126,V121,southwestern
V126,V124,eastern
V126,V127,northwestern
V126,V122,northeastern
V127,V121,southern
V127,V126,southeastern
V127,V122,eastern
V127,V169,northern
V127,V179,northeastern
V127,V172,western
V128,V152,southern
V128,V151,southwestern
V128,V146,eastern
V128,V134,northeastern
V128,V101,northern
V128,V124,northwestern
V129,V143,southeastern
V129,V147,southern
V129,V144,eastern
V129,V156,southwestern
V129,V145,northeastern
V129,V146,northwestern
V130,V136,southern
V130,V140,western
V130,V93,western
V130,V49,eastern
V130,V100,northern
V131,V144,southern
V131,V132,southeastern
V131,V138,eastern
V131,V141,northeastern
V131,V145,southwestern
V131,V133,western
V131,V137,northwestern
V132,V17,southern
V132,V21,southeastern
V132,V144,southwestern
V132,V131,northwestern
V132,V138,northern
V132,V58,northeastern
V133,V131,eastern
V133,V145,southwestern
V133,V146,western
V133,V137,northern
V134,V146,southeastern
V134,V128,southwestern
V134,V139,northeastern
V134,V101,northwestern
V135,V136,eastern
V135,V140,northwestern
V135,V137,southeastern
V135,V139,southwestern
V136,V141,southeastern
V136,V135,western
V136,V140,western
V136,V130,northern
V136,V49,northeastern
V136,V137,southwestern
V137,V131,southeastern
V137,V141,eastern
V137,V136,northeastern
V137,V135,northwestern
V137,V146,southwestern
V137,V133,southern
V137,V139,western
V138,V132,southern
V138,V131,western
V138,V58,eastern
V138,V141,northern
V138,V142,northern
V139,V135,northeastern
V139,V140,northeastern
V139,V97,northern
V139,V146,southern
V139,V134,southwestern
V139,V137,eastern
V139,V101,western
V140,V136,eastern
V140,V135,southeastern
V140,V97,western
V140,V93,northern
V140,V130,eastern
V140,V139,southwestern
V141,V131,southwestern
V141,V138,southern
V141,V142,eastern
V141,V136,northwestern
V141,V54,northeastern
V141,V49,northern
V141,V137,western
V142,V138,southern
V142,V58,southern
V142,V2,southeastern
V142,V141,western
V142,V50,eastern
V142,V54,northern
V143,V46,southern
V143,V147,western
V143,V36,southeastern
V143,V144,northeastern
V143,V129,northwestern
V143,V145,northern
V144,V143,southwestern
V144,V17,southeastern
V144,V36,southern
V144,V132,northeastern
V144,V131,northern
V144,V129,western
V144,V145,northwestern
V145,V143,southern
V145,V144,southeastern
V145,V131,northeastern
V145,V129,southwestern
V145,V146,western
V145,V133,northeastern
V146,V152,southern
V146,V147,southern
V146,V155,southern
V146,V156,southern
V146,V129,southeastern
V146,V145,eastern
V146,V128,western
V146,V133,eastern
V146,V134,northwestern
V146,V137,northeastern
V146,V139,northern
V147,V46,southeastern
V147,V159,southern
V147,V143,eastern
V147,V156,western
V147,V129,northern
V147,V146,northern
V148,V38,eastern
V148,V152,northeastern
V148,V150,southwestern
V148,V47,southeastern
V148,V153,southwestern
V148,V158,northeastern
V148,V157,northern
V148,V149,northern
V149,V152,eastern
V149,V148,southern
V149,V158,southeastern
V149,V157,southern
V149,V151,northwestern
V150,V45,eastern
V150,V47,eastern
V150,V153,northern
V150,V148,northeastern
V151,V152,southeastern
V151,V149,southeastern
V151,V123,western
V151,V128,northeastern
V151,V125,northwestern
V151,V124,northern
V152,V38,southeastern
V152,V46,southeastern
V152,V159,eastern
V152,V154,eastern
V152,V155,northeastern
V152,V47,southern
V152,V148,southwestern
V152,V158,southwestern
V152,V157,southwestern
V152,V149,western
V152,V151,northwestern
V152,V146,northern
V152,V128,northern
V153,V150,southern
V153,V148,northeastern
V154,V46,southeastern
V154,V152,western
V154,V159,eastern
V154,V155,northwestern
V154,V156,northern
V155,V152,southwestern
V155,V154,southeastern
V155,V156,eastern
V155,V146,northern
V156,V159,southeastern
V156,V154,southern
V156,V147,eastern
V156,V155,western
V156,V129,northeastern
V156,V146,northern
V157,V152,northeastern
V157,V148,southern
V157,V158,eastern
V157,V149,northern
V158,V38,eastern
V158,V152,northeastern
V158,V148,southwestern
V158,V157,western
V158,V149,northwestern
V159,V46,southeastern
V159,V152,western
V159,V154,western
V159,V147,northern
V159,V156,northwestern
V160,V167,southwestern
V160,V164,eastern
V160,V163,northern
V160,V168,western
V161,V177,southern
V161,V180,southeastern
V161,V105,eastern
V161,V167,northwestern
V161,V96,northeastern
V162,V167,southeastern
V162,V117,western
V162,V168,northeastern
V162,V109,northwestern
V162,V120,northern
V162,V165,southwestern
V163,V160,southern
V163,V164,southeastern
V163,V260,northeastern
V163,V166,northwestern
V163,V168,southwestern
V164,V167,southwestern
V164,V96,southeastern
V164,V160,western
V164,V163,northwestern
V164,V259,northeastern
V164,V260,northern
V164,V261,eastern
V165,V167,eastern
V165,V117,northwestern
V165,V112,northwestern
V165,V162,northeastern
V166,V163,southeastern
V166,V260,eastern
V166,V281,northeastern
V166,V168,southern
V166,V116,western
V166,V287,northwestern
V166,V286,northern
V167,V161,southeastern
V167,V96,eastern
V167,V160,northeastern
V167,V164,northeastern
V167,V168,northern
V167,V165,western
V167,V162,northwestern
V168,V167,southern
V168,V160,eastern
V168,V163,northeastern
V168,V166,northern
V168,V120,western
V168,V116,northern
V168,V162,southwestern
V169,V127,southern
V169,V171,western
V169,V179,northeastern
V169,V173,northern
V169,V172,southwestern
V169,V174,western
V170,V171,southeastern
V170,V177,northeastern
V170,V174,southeastern
V170,V178,eastern
V171,V169,eastern
V171,V173,northeastern
V171,V174,southwestern
V171,V170,northwestern
V171,V178,northern
V172,V121,southeastern
V172,V127,eastern
V172,V169,northeastern
V172,V174,northern
V173,V169,southern
V173,V171,southwestern
V173,V179,eastern
V173,V175,northeastern
V173,V177,northwestern
V173,V178,western
V174,V169,eastern
V174,V171,northeastern
V174,V172,southern
V174,V170,northwestern
V175,V179,southeastern
V175,V173,southwestern
V175,V176,eastern
V175,V177,western
V175,V180,northern
V176,V179,southern
V176,V86,southeastern
V176,V175,western
V176,V180,northwestern
V176,V105,northern
V177,V173,southeastern
V177,V175,eastern
V177,V180,northeastern
V177,V161,northern
V177,V170,southwestern
V177,V178,southern
V178,V171,southern
V178,V173,eastern
V178,V177,northern
V178,V170,western
V179,V127,southwestern
V179,V122,southeastern
V179,V169,southwestern
V179,V173,western
V179,V86,northeastern
V179,V175,northwestern
V179,V176,northern
V180,V175,southern
V180,V176,southeastern
V180,V177,southwestern
V180,V105,eastern
V180,V161,northwestern
V181,V186,southwestern
V181,V192,western
V181,V257,northern
V181,V182,southern
V181,V187,eastern
V181,V188,eastern
V182,V184,western
V182,V186,northwestern
V182,V191,southern
V182,V189,southeastern
V182,V190,eastern
V182,V187,northeastern
V182,V181,northern
V183,V257,western
V183,V188,southern
V183,V277,eastern
V183,V253,northern
V183,V278,northeastern
V184,V88,southern
V184,V185,western
V184,V186,northwestern
V184,V191,southeastern
V184,V182,eastern
V185,V88,southern
V185,V103,southwestern
V185,V184,eastern
V185,V261,western
V185,V186,northeastern
V186,V184,southeastern
V186,V185,southwestern
V186,V261,western
V186,V192,northern
V186,V262,northwestern
V186,V182,southeastern
V186,V181,northeastern
V187,V9,eastern
V187,V190,southern
V187,V182,southwestern
V187,V181,western
V187,V188,northwestern
V187,V277,northeastern
V187,V279,northeastern
V188,V257,northwestern
V188,V187,southeastern
V188,V181,western
V188,V183,northern
V188,V277,northeastern
V189,V102,southern
V189,V11,southeastern
V189,V191,western
V189,V190,northeastern
V189,V182,northwestern
V190,V11,southern
V190,V13,eastern
V190,V9,northeastern
V190,V189,southwestern
V190,V182,western
V190,V187,northern
V191,V88,western
V191,V102,southeastern
V191,V87,southwestern
V191,V184,northwestern
V191,V189,eastern
V191,V182,northern
V192,V186,southern
V192,V262,western
V192,V257,northeastern
V192,V181,eastern
V193,V202,southeastern
V193,V198,southwestern
V194,V197,southern
V194,V422,western
V194,V196,eastern
V194,V420,western
V194,V195,northeastern
V195,V196,southeastern
V195,V194,southwestern
V195,V199,northern
V196,V237,southern
V196,V197,southwestern
V196,V239,southeastern
V196,V194,western
V196,V245,northeastern
V196,V195,northwestern
V196,V199,northern
V197,V233,southeastern
V197,V235,southern
V197,V237,eastern
V197,V415,western
V197,V422,northwestern
V197,V196,northeastern
V197,V194,northern
V198,V202,eastern
V198,V193,northeastern
V198,V199,southeastern
V199,V202,northeastern
V199,V196,southern
V199,V245,southeastern
V199,V195,southern
V199,V200,eastern
V199,V198,northwestern
V200,V238,southeastern
V200,V273,eastern
V200,V201,northeastern
V200,V202,northwestern
V200,V245,southern
V200,V199,western
V201,V273,southeastern
V201,V264,eastern
V201,V272,northern
V201,V202,western
V201,V200,southwestern
V202,V201,eastern
V202,V272,northeastern
V202,V193,northwestern
V202,V199,southwestern
V202,V200,southeastern
V202,V198,western
V203,V210,southeastern
V203,V214,southwestern
V203,V212,eastern
V203,V211,northwestern
V203,V205,northern
V203,V204,northern
V204,V203,southern
V204,V211,southwestern
V204,V205,southeastern
V204,V263,northwestern
V204,V265,northwestern
V205,V206,eastern
V205,V203,southern
V205,V212,southern
V205,V204,northwestern
V206,V210,southern
V206,V208,eastern
V206,V207,eastern
V206,V212,southwestern
V206,V205,western
V207,V208,southeastern
V207,V206,western
V208,V210,southwestern
V208,V213,southern
V208,V225,southeastern
V208,V207,northwestern
V208,V206,western
V208,V209,northeastern
V209,V225,southern
V209,V208,southwestern
V209,V230,southeastern
V210,V224,southeastern
V210,V251,southern
V210,V213,eastern
V210,V225,eastern
V210,V208,northeastern
V210,V206,northern
V210,V255,southwestern
V210,V214,western
V210,V203,northwestern
V210,V212,northern
V211,V214,southern
V211,V203,southeastern
V211,V267,northwestern
V211,V204,northeastern
V211,V263,northern
V211,V247,southwestern
V212,V210,southern
V212,V206,northeastern
V212,V203,western
V212,V205,northern
V213,V224,southern
V213,V210,western
V213,V227,eastern
V213,V225,northeastern
V213,V208,northern
V214,V210,eastern
V214,V255,southern
V214,V244,southwestern
V214,V203,northeastern
V214,V211,northern
V214,V247,western
V215,V217,western
V215,V218,southern
V216,V217,southern
V216,V276,southwestern
V216,V219,western
V216,V226,northwestern
V216,V223,northern
V216,V221,northwestern
V217,V279,western
V217,V218,eastern
V217,V276,western
V217,V215,eastern
V217,V216,northern
V218,V217,western
V218,V215,northern
V219,V276,southern
V219,V278,western
V219,V216,eastern
V219,V226,northwestern
V220,V222,southwestern
V220,V225,western
V220,V230,northeastern
V221,V216,southeastern
V221,V226,southern
V221,V229,southwestern
V221,V223,eastern
V221,V230,western
V222,V228,southern
V222,V227,western
V222,V225,northwestern
V222,V229,eastern
V222,V220,northeastern
V222,V230,northeastern
V223,V216,southern
V223,V221,western
V224,V253,southern
V224,V278,eastern
V224,V251,western
V224,V228,northeastern
V224,V210,northwestern
V224,V227,northeastern
V224,V213,northern
V225,V210,western
V225,V227,southern
V225,V222,southeastern
V225,V213,southwestern
V225,V208,northwestern
V225,V220,eastern
V225,V230,eastern
V225,V209,northern
V226,V278,southwestern
V226,V219,southeastern
V226,V216,southeastern
V226,V229,northwestern
V226,V221,northern
V227,V224,southwestern
V227,V228,southeastern
V227,V222,eastern
V227,V213,western
V227,V225,northern
V228,V278,southeastern
V228,V274,southeastern
V228,V224,southwestern
V228,V227,northwestern
V228,V222,northern
V228,V229,northeastern
V229,V278,southern
V229,V274,southwestern
V229,V228,southwestern
V229,V222,western
V229,V226,southeastern
V229,V221,northeastern
V229,V230,northern
V230,V222,southwestern
V230,V225,western
V230,V229,southern
V230,V220,southwestern
V230,V221,eastern
V230,V209,northwestern
V231,V284,southeastern
V231,V232,western
V231,V249,northeastern
V231,V236,northwestern
V232,V284,southeastern
V232,V231,eastern
V232,V234,western
V232,V233,northwestern
V232,V236,northern
V233,V232,southeastern
V233,V234,southwestern
V233,V236,eastern
V233,V235,western
V233,V237,northeastern
V233,V197,northwestern
V234,V232,eastern
V234,V233,northeastern
V234,V235,northwestern
V235,V234,southeastern
V235,V417,western
V235,V233,eastern
V235,V415,northwestern
V235,V197,northern
V235,V422,northwestern
V236,V232,southern
V236,V231,southeastern
V236,V249,eastern
V236,V233,western
V236,V237,northwestern
V236,V239,northern
V237,V233,southwestern
V237,V236,southeastern
V237,V197,western
V237,V239,northeastern
V237,V196,northern
V238,V239,southwestern
V238,V246,southern
V238,V268,eastern
V238,V273,northeastern
V238,V245,western
V238,V200,northwestern
V239,V249,southern
V239,V236,southern
V239,V237,southwestern
V239,V246,eastern
V239,V238,northeastern
V239,V196,northwestern
V239,V245,northern
V240,V243,southeastern
V240,V248,western
V240,V241,northeastern
V240,V250,northern
V241,V243,southern
V241,V240,southwestern
V241,V250,northwestern
V241,V254,southeastern
V241,V255,eastern
V241,V244,northeastern
V241,V247,northern
V242,V256,eastern
V242,V258,southern
V242,V282,southwestern
V242,V243,northwestern
V242,V254,northeastern
V243,V282,southwestern
V243,V242,southeastern
V243,V248,western
V243,V240,northwestern
V243,V241,northern
V243,V254,eastern
V244,V241,southwestern
V244,V255,southeastern
V244,V214,northeastern
V244,V247,northwestern
V245,V239,southern
V245,V238,eastern
V245,V196,southwestern
V245,V199,northwestern
V245,V200,northern
V246,V250,southeastern
V246,V249,southwestern
V246,V239,western
V246,V269,eastern
V246,V238,northern
V246,V268,northeastern
V247,V241,southern
V247,V250,western
V247,V244,southeastern
V247,V214,eastern
V247,V211,northeastern
V247,V267,northeastern
V247,V269,northern
V248,V282,southern
V248,V283,southern
V248,V243,eastern
V248,V240,eastern
V248,V250,northern
V248,V284,western
V248,V249,northwestern
V249,V248,southeastern
V249,V250,eastern
V249,V284,southern
V249,V231,southwestern
V249,V236,western
V249,V239,northern
V249,V246,northeastern
V250,V248,southern
V250,V240,southern
V250,V241,southeastern
V250,V249,western
V250,V247,eastern
V250,V246,northwestern
V250,V269,northeastern
V251,V256,southwestern
V251,V253,southeastern
V251,V224,eastern
V251,V210,northern
V251,V255,western
V252,V262,southern
V252,V257,eastern
V252,V256,northeastern
V252,V258,southwestern
V253,V257,southwestern
V253,V256,western
V253,V183,southern
V253,V278,eastern
V253,V224,northern
V253,V251,northwestern
V254,V256,southeastern
V254,V242,southwestern
V254,V243,western
V254,V241,northwestern
V254,V255,northeastern
V255,V256,southern
V255,V241,western
V255,V251,eastern
V255,V210,northeastern
V255,V254,southwestern
V255,V244,northwestern
V255,V214,northern
V256,V252,southwestern
V256,V257,southeastern
V256,V258,southwestern
V256,V242,western
V256,V253,eastern
V256,V251,northeastern
V256,V254,northwestern
V256,V255,northern
V257,V192,southwestern
V257,V262,southwestern
V257,V252,western
V257,V256,northwestern
V257,V181,southern
V257,V188,southeastern
V257,V183,eastern
V257,V253,northeastern
V258,V259,southern
V258,V260,southwestern
V258,V261,southern
V258,V262,eastern
V258,V252,northeastern
V258,V256,northeastern
V258,V282,northwestern
V258,V242,northern
V259,V164,southwestern
V259,V260,western
V259,V261,southeastern
V259,V258,northern
V260,V164,southern
V260,V163,southwestern
V260,V259,eastern
V260,V166,western
V260,V281,northwestern
V260,V258,northeastern
V260,V282,northern
V261,V96,southwestern
V261,V164,western
V261,V259,northwestern
V261,V103,southern
V261,V185,eastern
V261,V186,eastern
V261,V262,northeastern
V261,V258,northern
V262,V261,southwestern
V262,V186,southeastern
V262,V192,eastern
V262,V252,northern
V262,V257,northeastern
V262,V258,western
V263,V211,southern
V263,V267,southwestern
V263,V204,southeastern
V263,V265,northern
V263,V270,northwestern
V263,V271,northwestern
V264,V273,southwestern
V264,V266,southeastern
V264,V201,western
V264,V272,northwestern
V265,V204,southeastern
V265,V263,southern
V265,V271,northwestern
V266,V268,southwestern
V266,V270,southeastern
V266,V271,southeastern
V266,V273,western
V266,V264,northwestern
V267,V211,southeastern
V267,V263,northeastern
V267,V247,southwestern
V267,V269,western
V267,V270,northern
V268,V246,southwestern
V268,V269,southeastern
V268,V238,western
V268,V270,eastern
V268,V273,northwestern
V268,V266,northeastern
V269,V250,southwestern
V269,V267,eastern
V269,V247,southern
V269,V246,western
V269,V268,northwestern
V269,V270,northeastern
V270,V267,southern
V270,V263,southeastern
V270,V269,southwestern
V270,V268,western
V270,V271,northern
V270,V266,northwestern
V271,V263,southeastern
V271,V265,southeastern
V271,V270,southern
V271,V266,northwestern
V272,V201,southern
V272,V264,southeastern
V272,V202,western
V273,V238,southwestern
V273,V268,southeastern
V273,V266,eastern
V273,V201,northwestern
V273,V264,northeastern
V273,V200,western
V274,V278,southern
V274,V228,northwestern
V274,V229,northeastern
V275,V277,southwestern
V275,V279,southeastern
V275,V276,eastern
V275,V278,northwestern
V276,V279,southwestern
V276,V217,eastern
V276,V275,western
V276,V278,western
V276,V219,northern
V276,V216,northeastern
V277,V187,southwestern
V277,V188,southwestern
V277,V183,western
V277,V279,eastern
V277,V275,northeastern
V277,V278,northern
V278,V183,southwestern
V278,V277,southern
V278,V253,western
V278,V275,southeastern
V278,V276,eastern
V278,V219,eastern
V278,V274,northern
V278,V224,western
V278,V228,northwestern
V278,V226,northeastern
V278,V229,northern
V279,V6,southern
V279,V9,southwestern
V279,V187,southwestern
V279,V277,western
V279,V217,eastern
V279,V275,northwestern
V279,V276,northeastern
V280,V287,southern
V280,V113,western
V280,V283,eastern
V280,V285,northern
V280,V284,northeastern
V281,V260,southeastern
V281,V166,southwestern
V281,V282,northeastern
V281,V286,northern
V282,V260,southern
V282,V281,southwestern
V282,V258,southeastern
V282,V286,western
V282,V242,northeastern
V282,V283,northwestern
V282,V243,northeastern
V282,V248,northern
V283,V287,southwestern
V283,V280,western
V283,V282,southeastern
V283,V286,southeastern
V283,V248,northern
V283,V284,northern
V284,V280,southwestern
V284,V283,southern
V284,V248,eastern
V284,V285,southwestern
V284,V232,northwestern
V284,V231,northwestern
V284,V249,northern
V285,V280,southern
V285,V284,northeastern
V286,V166,southern
V286,V281,southern
V286,V287,western
V286,V282,eastern
V286,V283,northwestern
V287,V166,southeastern
V287,V116,southern
V287,V110,western
V287,V113,western
V287,V280,northern
V287,V286,eastern
V287,V283,northeastern
V288,V382,southern
V288,V108,southeastern
V288,V376,western
V288,V419,northern
V289,V363,southeastern
V289,V365,eastern
V289,V304,eastern
V289,V303,northern
V289,V306,northwestern
V289,V309,northeastern
V290,V379,eastern
V290,V378,southeastern
V290,V380,southwestern
V290,V295,western
V290,V294,western
V290,V298,northwestern
V290,V296,northern
V290,V417,northeastern
V291,V392,southern
V291,V394,southwestern
V291,V388,eastern
V291,V387,northeastern
V291,V398,northern
V292,V348,southwestern
V292,V349,western
V292,V350,northwestern
V293,V295,southeastern
V293,V315,southern
V293,V297,northeastern
V293,V373,western
V293,V368,northern
V294,V295,southern
V294,V290,eastern
V294,V297,northwestern
V294,V298,northeastern
V295,V321,southwestern
V295,V316,southern
V295,V380,southeastern
V295,V315,western
V295,V290,eastern
V295,V294,northern
V295,V293,northwestern
V295,V297,northern
V296,V290,southern
V296,V298,western
V296,V417,eastern
V296,V421,northeastern
V296,V418,northern
V296,V353,northwestern
V297,V295,southern
V297,V294,southeastern
V297,V293,southwestern
V297,V298,eastern
V297,V368,northwestern
V297,V352,northeastern
V297,V354,northern
V298,V290,southeastern
V298,V294,southwestern
V298,V297,western
V298,V296,eastern
V298,V352,northwestern
V298,V353,northern
V299,V301,southern
V299,V423,eastern
V299,V304,southwestern
V299,V310,southeastern
V299,V309,western
V299,V302,northwestern
V299,V428,northern
V299,V426,northeastern
V299,V427,northern
V301,V372,southern
V301,V365,southwestern
V301,V368,southeastern
V301,V304,western
V301,V310,eastern
V301,V299,northern
V302,V309,southern
V302,V299,southeastern
V302,V312,southwestern
V302,V428,eastern
V302,V313,northwestern
V302,V311,northern
V303,V289,southern
V303,V306,western
V303,V309,northeastern
V303,V312,northern
V304,V365,southern
V304,V289,western
V304,V301,eastern
V304,V309,northwestern
V304,V299,northeastern
V306,V289,southeastern
V306,V303,eastern
V306,V312,northeastern
V306,V307,northern
V307,V306,southern
V307,V312,southeastern
V307,V313,northeastern
V309,V289,southwestern
V309,V304,southeastern
V309,V303,southwestern
V309,V299,eastern
V309,V312,northwestern
V309,V302,northern
V310,V301,western
V310,V368,southern
V310,V423,northeastern
V310,V299,northwestern
V311,V302,southern
V311,V428,southeastern
V311,V313,southwestern
V311,V427,eastern
V312,V303,southern
V312,V306,southwestern
V312,V309,southeastern
V312,V302,northeastern
V312,V307,northwestern
V312,V313,northern
V313,V312,southern
V313,V302,southeastern
V313,V307,southwestern
V313,V311,northeastern
V315,V321,southern
V315,V327,southwestern
V315,V366,western
V315,V295,eastern
V315,V293,northern
V315,V373,northwestern
V316,V322,southern
V316,V321,western
V316,V380,eastern
V316,V295,northern
V317,V320,southwestern
V317,V404,southeastern
V317,V412,eastern
V317,V323,western
V317,V319,northeastern
V317,V318,northwestern
V318,V317,southeastern
V318,V323,southwestern
V318,V319,eastern
V318,V326,western
V318,V322,northern
V319,V412,southeastern
V319,V317,southwestern
V319,V413,eastern
V319,V318,western
V319,V377,northeastern
V319,V322,northwestern
V320,V400,southwestern
V320,V406,southeastern
V320,V404,eastern
V320,V325,western
V320,V317,northeastern
V320,V323,northwestern
V321,V326,southern
V321,V322,southeastern
V321,V316,eastern
V321,V346,southwestern
V321,V343,western
V321,V327,northwestern
V321,V295,northeastern
V321,V315,northern
V322,V319,southeastern
V322,V318,southern
V322,V326,southwestern
V322,V377,eastern
V322,V321,northwestern
V322,V316,northern
V322,V380,northeastern
V323,V320,southeastern
V323,V325,southwestern
V323,V317,eastern
V323,V324,northwestern
V323,V318,northeastern
V323,V326,northern
V324,V325,southern
V324,V323,southeastern
V324,V326,northeastern
V324,V346,northwestern
V325,V340,western
V325,V400,southeastern
V325,V320,eastern
V325,V323,northeastern
V325,V324,northern
V325,V346,northern
V326,V323,southern
V326,V324,southwestern
V326,V318,eastern
V326,V322,northeastern
V326,V321,northern
V326,V346,western
V327,V321,southeastern
V327,V343,southwestern
V327,V366,northwestern
V327,V315,northeastern
V328,V336,southern
V328,V360,southwestern
V328,V345,eastern
V328,V332,northern
V328,V357,northwestern
V329,V332,southeastern
V329,V357,southern
V329,V342,eastern
V329,V337,northwestern
V329,V331,northeastern
V329,V333,northern
V330,V337,southwestern
V330,V333,southeastern
V330,V344,eastern
V330,V341,northeastern
V331,V342,southern
V331,V329,southwestern
V331,V333,western
V331,V340,eastern
V331,V344,northern
V332,V345,southeastern
V332,V328,southern
V332,V339,southeastern
V332,V357,western
V332,V342,northeastern
V332,V329,northwestern
V333,V329,southern
V333,V337,western
V333,V331,eastern
V333,V330,northwestern
V333,V344,northeastern
V334,V338,southwestern
V334,V343,southeastern
V334,V335,western
V334,V367,northeastern
V334,V370,northern
V334,V369,northern
V335,V338,southeastern
V335,V334,eastern
V335,V369,northeastern
V335,V371,northern
V336,V360,western
V336,V345,northeastern
V336,V328,northern
V337,V359,southern
V337,V357,southern
V337,V358,southwestern
V337,V329,southeastern
V337,V333,eastern
V337,V330,northeastern
V338,V344,southeastern
V338,V341,southern
V338,V343,eastern
V338,V334,northeastern
V338,V335,northwestern
V339,V345,southern
V339,V332,northwestern
V339,V342,northern
V339,V402,northeastern
V340,V342,southwestern
V340,V402,southern
V340,V331,western
V340,V400,eastern
V340,V325,eastern
V340,V344,northwestern
V340,V346,northern
V341,V330,southwestern
V341,V344,eastern
V341,V338,northern
V342,V339,southern
V342,V332,southwestern
V342,V402,eastern
V342,V329,western
V342,V331,northern
V342,V340,northeastern
V343,V321,eastern
V343,V344,southern
V343,V346,southeastern
V343,V338,western
V343,V334,northwestern
V343,V327,northeastern
V343,V367,northern
V343,V366,northern
V344,V331,southern
V344,V333,southwestern
V344,V340,southeastern
V344,V330,western
V344,V341,western
V344,V346,eastern
V344,V338,northwestern
V344,V343,northern
V345,V336,southwestern
V345,V328,western
V345,V339,northern
V345,V332,northwestern
V346,V340,southern
V346,V325,southern
V346,V324,southeastern
V346,V326,eastern
V346,V321,northeastern
V346,V344,western
V346,V343,northwestern
V347,V423,southern
V347,V349,eastern
V347,V426,western
V347,V350,northern
V348,V354,southern
V348,V423,western
V348,V349,northern
V348,V292,northeastern
V349,V423,southwestern
V349,V348,southern
V349,V347,western
V349,V292,eastern
V349,V350,northern
V350,V347,southern
V350,V349,southern
V350,V292,southeastern
V350,V426,southwestern
V352,V297,southwestern
V352,V298,southeastern
V352,V353,eastern
V352,V354,northwestern
V353,V298,southern
V353,V296,southeastern
V353,V418,eastern
V353,V352,western
V354,V297,southern
V354,V368,southwestern
V354,V352,southeastern
V354,V423,northwestern
V354,V348,northern
V355,V360,northeastern
V355,V356,northern
V356,V355,southern
V356,V360,southeastern
V356,V359,northwestern
V356,V357,northeastern
V357,V360,southern
V357,V328,southeastern
V357,V356,southwestern
V357,V332,eastern
V357,V359,western
V357,V329,northern
V357,V337,northern
V358,V361,southern
V358,V359,southeastern
V358,V337,northeastern
V359,V356,southeastern
V359,V361,western
V359,V357,eastern
V359,V358,northwestern
V359,V337,northern
V360,V355,southwestern
V360,V336,eastern
V360,V328,northeastern
V360,V356,northwestern
V360,V357,northern
V361,V359,eastern
V361,V358,northern
V363,V369,southern
V363,V371,southwestern
V363,V364,eastern
V363,V365,northeastern
V363,V289,northwestern
V364,V367,southeastern
V364,V370,southern
V364,V369,southwestern
V364,V373,eastern
V364,V363,western
V364,V372,northeastern
V364,V365,northern
V365,V364,southern
V365,V363,southwestern
V365,V372,eastern
V365,V289,western
V365,V301,northeastern
V365,V304,northern
V366,V343,southern
V366,V327,southeastern
V366,V367,southwestern
V366,V315,eastern
V366,V373,northern
V367,V343,southern
V367,V334,southwestern
V367,V366,northeastern
V367,V370,western
V367,V373,northeastern
V367,V364,northwestern
V368,V293,southern
V368,V297,southeastern
V368,V373,southwestern
V368,V372,western
V368,V301,northwestern
V368,V354,northeastern
V368,V423,northern
V368,V310,northern
V369,V334,southern
V369,V335,southwestern
V369,V370,eastern
V369,V371,northwestern
V369,V364,northeastern
V369,V363,northern
V370,V334,southern
V370,V367,eastern
V370,V369,western
V370,V364,northern
V371,V335,southern
V371,V369,southeastern
V371,V363,northeastern
V372,V373,southern
V372,V364,southwestern
V372,V365,western
V372,V301,northern
V372,V368,eastern
V373,V367,southwestern
V373,V366,southern
V373,V315,southeastern
V373,V293,eastern
V373,V364,western
V373,V372,northern
V373,V368,northeastern
V375,V381,southern
V375,V382,southeastern
V375,V376,northeastern
V375,V377,western
V375,V378,northwestern
V376,V382,southern
V376,V375,southwestern
V376,V288,eastern
V376,V379,northwestern
V376,V419,northeastern
V376,V414,northern
V376,V378,western
V377,V381,southeastern
V377,V375,eastern
V377,V413,southeastern
V377,V319,southwestern
V377,V322,western
V377,V378,northeastern
V377,V380,northwestern
V378,V375,southeastern
V378,V376,eastern
V378,V379,northeastern
V378,V377,southwestern
V378,V380,western
V378,V290,northwestern
V379,V376,southeastern
V379,V414,northeastern
V379,V378,southwestern
V379,V290,western
V379,V417,northern
V380,V377,southeastern
V380,V322,southwestern
V380,V316,western
V380,V378,eastern
V380,V295,northwestern
V380,V290,northeastern
V381,V407,southern
V381,V382,eastern
V381,V375,northern
V381,V413,southwestern
V381,V377,northwestern
V382,V407,southwestern
V382,V111,southern
V382,V106,southeastern
V382,V381,western
V382,V375,northwestern
V382,V108,northeastern
V382,V376,northern
V382,V288,northern
V383,V388,southwestern
V383,V396,southern
V383,V397,northwestern
V383,V389,northwestern
V384,V399,southwestern
V384,V385,southern
V384,V395,eastern
V384,V393,northwestern
V384,V392,northern
V385,V399,western
V385,V386,eastern
V385,V384,northern
V385,V395,northeastern
V386,V385,western
V386,V391,northeastern
V386,V395,northern
V387,V388,southeastern
V387,V291,southwestern
V387,V398,western
V387,V397,northeastern
V387,V390,northwestern
V388,V395,southern
V388,V392,southwestern
V388,V396,southeastern
V388,V383,northeastern
V388,V291,western
V388,V387,northwestern
V388,V397,northern
V389,V383,southeastern
V389,V114,northeastern
V389,V397,southwestern
V389,V410,northwestern
V389,V405,northern
V390,V387,southeastern
V390,V398,southern
V390,V397,eastern
V390,V403,western
V390,V410,northeastern
V390,V401,northern
V391,V386,southwestern
V391,V395,northwestern
V391,V396,northeastern
V392,V384,southern
V392,V395,southeastern
V392,V393,western
V392,V394,northwestern
V392,V388,northeastern
V392,V291,northern
V393,V384,southeastern
V393,V392,eastern
V393,V394,northern
V394,V393,southern
V394,V392,southeastern
V394,V291,northeastern
V395,V385,southwestern
V395,V386,southern
V395,V391,southeastern
V395,V384,western
V395,V392,northwestern
V395,V388,northern
V395,V396,eastern
V396,V391,southwestern
V396,V395,western
V396,V388,northwestern
V396,V383,northern
V397,V388,southern
V397,V383,southeastern
V397,V387,southwestern
V397,V389,northeastern
V397,V390,western
V397,V410,northwestern
V398,V291,southern
V398,V387,eastern
V398,V390,northern
V399,V385,eastern
V399,V384,northeastern
V400,V401,southern
V400,V402,southwestern
V400,V340,western
V400,V408,southeastern
V400,V406,eastern
V400,V320,northeastern
V400,V325,northwestern
V401,V390,southern
V401,V403,southwestern
V401,V410,eastern
V401,V402,western
V401,V408,eastern
V401,V400,northern
V402,V339,southwestern
V402,V403,southeastern
V402,V401,eastern
V402,V342,western
V402,V340,northern
V402,V400,northeastern
V403,V390,eastern
V403,V401,northeastern
V403,V402,northwestern
V404,V406,southern
V404,V409,southeastern
V404,V320,western
V404,V412,eastern
V404,V317,northwestern
V405,V107,northeastern
V405,V114,eastern
V405,V389,southern
V405,V410,western
V405,V408,northwestern
V405,V411,northern
V406,V408,southern
V406,V400,western
V406,V409,eastern
V406,V320,northwestern
V406,V404,northern
V407,V115,southeastern
V407,V111,eastern
V407,V381,northern
V407,V382,northeastern
V407,V412,southwestern
V407,V413,northwestern
V408,V410,southern
V408,V405,southeastern
V408,V401,western
V408,V411,eastern
V408,V400,northwestern
V408,V406,northern
V408,V409,northeastern
V409,V107,southeastern
V409,V408,southwestern
V409,V411,southern
V409,V406,western
V409,V404,northwestern
V409,V412,northern
V410,V397,southeastern
V410,V389,southeastern
V410,V390,southwestern
V410,V405,eastern
V410,V401,western
V410,V408,northern
V411,V107,eastern
V411,V405,southern
V411,V408,western
V411,V409,northern
V412,V107,southern
V412,V115,eastern
V412,V407,northeastern
V412,V409,southern
V412,V404,western
V412,V317,western
V412,V413,northern
V412,V319,northwestern
V413,V407,southeastern
V413,V381,northeastern
V413,V412,southern
V413,V319,western
V413,V377,northwestern
V414,V376,southern
V414,V379,southwestern
V414,V419,eastern
V414,V417,northwestern
V415,V417,southern
V415,V235,southeastern
V415,V421,western
V415,V197,eastern
V415,V422,northwestern
V416,V422,southern
V416,V420,southeastern
V417,V379,southern
V417,V414,southeastern
V417,V290,southwestern
V417,V296,western
V417,V235,eastern
V417,V421,northern
V417,V415,northern
V418,V296,southern
V418,V421,southeastern
V418,V353,western
V418,V422,northeastern
V419,V376,southwestern
V419,V288,southern
V419,V414,western
V420,V422,southwestern
V420,V194,eastern
V420,V416,northwestern
V421,V296,southwestern
V421,V417,southern
V421,V415,eastern
V421,V418,northwestern
V421,V422,northern
V422,V235,southeastern
V422,V421,southern
V422,V415,southeastern
V422,V197,southeastern
V422,V418,southwestern
V422,V194,eastern
V422,V420,northeastern
V422,V416,northern
V423,V368,southern
V423,V354,southeastern
V423,V348,eastern
V423,V347,northern
V423,V349,northeastern
V423,V310,southwestern
V423,V299,western
V423,V426,northern
V426,V423,southern
V426,V347,eastern
V426,V299,southwestern
V426,V427,northwestern
V426,V350,northeastern
V427,V299,southern
V427,V428,southwestern
V427,V426,southeastern
V427,V311,western
V428,V299,southern
V428,V302,western
V428,V427,northeastern
V428,V311,northwestern
D1,D2,southwestern
D1,D9,southern
D1,D6,eastern
D1,D8,western
D1,D4,northern
D2,D5,southern
D2,D14,western
D2,D9,eastern
D2,D1,northeastern
D2,D8,northern
D3,D6,southeastern
D3,D4,northwestern
D4,D6,southeastern
D4,D1,southern
D4,D8,southwestern
D4,D11,western
D4,D3,southeastern
D4,D18,northwestern
D4,D27,northern
D5,D10,southwestern
D5,D7,western
D5,D14,northwestern
D5,D2,northern
D5,D9,northeastern
D6,D9,southwestern
D6,D1,western
D6,D3,northwestern
D6,D4,northwestern
D7,D83,western
D7,D10,southeastern
D7,D15,northwestern
D7,D5,eastern
D7,D14,northern
D8,D14,southwestern
D8,D2,southern
D8,D1,eastern
D8,D11,western
D8,D4,northeastern
D9,D5,southwestern
D9,D14,western
D9,D2,western
D9,D6,northeastern
D9,D1,northern
D10,D7,northwestern
D10,D5,northeastern
D11,D14,southeastern
D11,D13,southwestern
D11,D16,northwestern
D11,D17,western
D11,D8,eastern
D11,D4,eastern
D11,D18,northeastern
D11,D25,northern
D12,D85,southern
D12,D42,southwestern
D12,D16,southeastern
D12,D43,western
D12,D28,northeastern
D12,D41,northwestern
D12,D29,northern
D13,D84,southwestern
D13,D15,southeastern
D13,D14,eastern
D13,D17,northwestern
D13,D11,northeastern
D14,D7,southern
D14,D15,southwestern
D14,D5,southeastern
D14,D13,western
D14,D2,eastern
D14,D9,eastern
D14,D8,northeastern
D14,D11,northern
D15,D83,southwestern
D15,D84,western
D15,D7,southeastern
D15,D14,northeastern
D15,D13,northwestern
D16,D85,southwestern
D16,D12,northwestern
D16,D28,northern
D16,D17,southern
D16,D11,southeastern
D16,D25,northeastern
D17,D84,southwestern
D17,D13,southeastern
D17,D85,western
D17,D16,northern
D17,D11,northeastern
D18,D11,southwestern
D18,D4,southeastern
D18,D25,northwestern
D18,D27,northeastern
D19,D24,southeastern
D19,D26,eastern
D19,D23,southern
D19,D44,southwestern
D20,D25,southern
D20,D22,eastern
D20,D24,western
D20,D26,northwestern
D21,D27,western
D21,D22,northwestern
D22,D25,southwestern
D22,D27,southern
D22,D21,southeastern
D22,D20,western
D23,D28,southeastern
D23,D24,eastern
D23,D44,northwestern
D23,D19,northern
D24,D28,southern
D24,D25,southeastern
D24,D20,eastern
D24,D26,northern
D24,D23,western
D24,D19,northwestern
D25,D16,southwestern
D25,D28,western
D25,D11,southern
D25,D18,southeastern
D25,D27,eastern
D25,D22,northeastern
D25,D24,northwestern
D25,D20,northern
D26,D24,southern
D26,D20,southeastern
D26,D19,western
D27,D4,southern
D27,D18,southwestern
D27,D25,western
D27,D21,eastern
D27,D22,northern
D28,D16,southern
D28,D12,southwestern
D28,D25,eastern
D28,D24,northern
D28,D23,northwestern
D29,D12,southern
D29,D41,western
D29,D44,northwestern
D30,D40,southeastern
D30,D35,northeastern
D31,D41,southeastern
D31,D34,northwestern
D31,D44,northeastern
D32,D78,western
D32,D42,northern
D33,D38,southwestern
D34,D36,southern
D34,D40,western
D34,D41,southeastern
D34,D31,southeastern
D34,D44,northeastern
D34,D38,northern
D35,D40,southern
D35,D30,southwestern
D35,D45,eastern
D36,D37,southwestern
D36,D40,northwestern
D36,D42,southern
D36,D43,southeastern
D36,D41,eastern
D36,D34,northern
D37,D39,southwestern
D37,D78,southern
D37,D36,northeastern
D37,D40,northern
D37,D42,southeastern
D38,D40,southwestern
D38,D45,western
D38,D34,southern
D38,D44,southeastern
D38,D33,northeastern
D39,D75,southern
D39,D78,southeastern
D39,D37,northeastern
D40,D37,southern
D40,D36,southeastern
D40,D30,northwestern
D40,D35,northern
D40,D45,northeastern
D40,D34,eastern
D40,D38,northeastern
D41,D36,western
D41,D43,southern
D41,D12,southeastern
D41,D29,eastern
D41,D31,northwestern
D41,D34,northwestern
D41,D44,northern
D42,D79,southern
D42,D78,southwestern
D42,D37,northwestern
D42,D36,northern
D42,D81,southeastern
D42,D82,southeastern
D42,D32,southern
D42,D85,eastern
D42,D43,northern
D42,D12,northeastern
D43,D36,northwestern
D43,D42,southern
D43,D12,eastern
D43,D41,northern
D44,D41,southern
D44,D29,southeastern
D44,D31,southwestern
D44,D34,southwestern
D44,D23,southeastern
D44,D38,northwestern
D44,D19,northeastern
D45,D40,southwestern
D45,D35,western
D45,D38,eastern
D46,D58,southwestern
D46,D57,eastern
D46,D47,northern
D47,D58,southern
D47,D57,southeastern
D47,D46,southern
D47,D49,southwestern
D47,D51,eastern
D47,D52,northeastern
D47,D60,northern
D48,D92,southeastern
D48,D87,eastern
D48,D57,southern
D48,D51,western
D48,D52,northwestern
D48,D73,northern
D48,D72,northwestern
D48,D77,northern
D49,D58,southern
D49,D59,western
D49,D47,northeastern
D49,D60,northern
D50,D68,southwestern
D50,D58,eastern
D50,D59,northwestern
D51,D57,southern
D51,D48,eastern
D51,D47,western
D51,D52,northern
D52,D51,southern
D52,D48,southeastern
D52,D47,southwestern
D52,D72,northeastern
D52,D60,northwestern
D53,D54,western
D53,D70,southern
D53,D69,southeastern
D53,D55,northwestern
D54,D70,southeastern
D54,D53,eastern
D54,D55,northeastern
D54,D57,northwestern
D55,D54,southwestern
D55,D69,southeastern
D55,D53,southeastern
D55,D92,northeastern
D55,D57,western
D56,D59,southern
D56,D60,eastern
D56,D75,northeastern
D57,D62,southern
D57,D63,southern
D57,D54,southeastern
D57,D70,southeastern
D57,D55,eastern
D57,D92,eastern
D57,D58,southwestern
D57,D46,western
D57,D51,northern
D57,D48,northern
D57,D47,northwestern
D58,D65,southern
D58,D66,southern
D58,D62,southeastern
D58,D68,western
D58,D50,western
D58,D57,northeastern
D58,D46,northeastern
D58,D59,northwestern
D58,D49,northern
D58,D47,northern
D59,D68,southwestern
D59,D50,southeastern
D59,D58,southeastern
D59,D49,eastern
D59,D60,northeastern
D59,D56,northern
D60,D59,southwestern
D60,D49,southern
D60,D47,southern
D60,D52,southeastern
D60,D72,eastern
D60,D56,western
D60,D75,northeastern
D60,D77,eastern
D61,D71,northeastern
D62,D66,western
D62,D63,northern
D62,D71,southeastern
D62,D70,northeastern
D62,D58,northwestern
D62,D57,northern
D63,D62,southern
D63,D70,eastern
D63,D57,northern
D64,D67,southeastern
D64,D65,northeastern
D64,D68,northern
D65,D67,southeastern
D65,D64,southwestern
D65,D66,northeastern
D65,D68,northwestern
D65,D58,northern
D66,D67,southern
D66,D65,southwestern
D66,D62,eastern
D66,D71,southeastern
D66,D58,northern
D67,D64,northwestern
D67,D65,northwestern
D67,D66,northern
D67,D71,northeastern
D68,D64,southern
D68,D65,southeastern
D68,D50,northeastern
D68,D58,eastern
D68,D59,northeastern
D69,D71,southwestern
D69,D70,western
D69,D95,eastern
D69,D53,northwestern
D69,D55,northwestern
D69,D94,northeastern
D69,D92,northern
D70,D62,southwestern
D70,D63,western
D70,D54,northwestern
D70,D71,southern
D70,D69,eastern
D70,D53,northern
D70,D57,northwestern
D71,D67,southwestern
D71,D61,southwestern
D71,D66,northwestern
D71,D62,northwestern
D71,D70,northern
D71,D69,northeastern
D72,D48,southeastern
D72,D52,southwestern
D72,D60,western
D72,D77,northeastern
D73,D87,southeastern
D73,D48,southern
D73,D91,eastern
D73,D77,northeastern
D74,D76,southwestern
D74,D79,eastern
D74,D78,northern
D75,D60,southwestern
D75,D56,southwestern
D75,D39,northern
D75,D77,southeastern
D75,D76,eastern
D75,D78,northeastern
D76,D75,western
D76,D98,southeastern
D76,D90,southeastern
D76,D77,southwestern
D76,D79,eastern
D76,D74,northeastern
D76,D78,northern
D77,D87,southern
D77,D48,southern
D77,D73,southwestern
D77,D72,southwestern
D77,D60,western
D77,D75,northwestern
D77,D88,southeastern
D77,D91,southern
D77,D98,eastern
D77,D76,northeastern
D78,D75,southwestern
D78,D39,northwestern
D78,D76,southern
D78,D79,southeastern
D78,D74,southern
D78,D37,northern
D78,D32,eastern
D78,D42,northeastern
D79,D90,southern
D79,D76,western
D79,D74,western
D79,D78,northwestern
D79,D97,southeastern
D79,D81,eastern
D79,D42,northern
D80,D81,southwestern
D80,D84,eastern
D80,D82,northern
D81,D79,western
D81,D97,southern
D81,D86,southeastern
D81,D84,eastern
D81,D80,northeastern
D81,D82,northeastern
D81,D42,northwestern
D82,D81,southwestern
D82,D84,southeastern
D82,D80,southern
D82,D85,northern
D82,D42,northwestern
D83,D93,southwestern
D83,D86,western
D83,D84,northwestern
D83,D7,eastern
D83,D15,northeastern
D84,D86,southwestern
D84,D83,southeastern
D84,D81,western
D84,D80,western
D84,D82,northwestern
D84,D15,eastern
D84,D13,northeastern
D84,D85,northern
D84,D17,northeastern
D85,D84,southern
D85,D82,southern
D85,D42,western
D85,D16,northeastern
D85,D12,northern
D85,D17,eastern
D86,D93,southwestern
D86,D97,western
D86,D83,eastern
D86,D81,northwestern
D86,D84,northeastern
D87,D92,southeastern
D87,D48,western
D87,D73,northwestern
D87,D88,eastern
D87,D91,northern
D87,D77,northern
D88,D89,southern
D88,D92,southwestern
D88,D87,western
D88,D98,northeastern
D88,D77,northwestern
D89,D94,southeastern
D89,D92,western
D89,D88,northern
D89,D98,northern
D90,D98,southwestern
D90,D76,northwestern
D90,D79,northern
D90,D97,eastern
D91,D87,southern
D91,D73,western
D91,D77,northern
D92,D69,southern
D92,D55,southwestern
D92,D94,eastern
D92,D89,eastern
D92,D87,northwestern
D92,D57,western
D92,D48,northwestern
D92,D88,northeastern
D93,D95,southwestern
D93,D94,western
D93,D96,southern
D93,D97,northern
D93,D86,northeastern
D93,D83,northeastern
D94,D69,southwestern
D94,D95,southeastern
D94,D89,northwestern
D94,D92,western
D94,D98,northern
D94,D93,eastern
D94,D97,northeastern
D95,D69,western
D95,D94,northwestern
D95,D96,southeastern
D95,D93,northeastern
D96,D95,northwestern
D96,D93,northern
D97,D94,southwestern
D97,D98,western
D97,D90,northwestern
D97,D79,northwestern
D97,D93,southern
D97,D86,eastern
D97,D81,northern
D98,D94,southern
D98,D89,southern
D98,D88,southwestern
D98,D90,northeastern
D98,D77,western
D98,D76,northwestern
D98,D97,eastern
A1,A2,southern
A1,A5,eastern
A1,A3,northeastern
A2,A5,northeastern
A2,A1,northern
A3,A5,southeastern
A3,A1,southwestern
A3,A4,eastern
A4,A5,southwestern
A4,A3,western
A5,A2,southwestern
A5,A1,western
A5,A3,northwestern
A5,A4,northeastern
