Start_Point,End_Point
C1,V1
C2,V2
C3,V3
C4,V4
C5,V5
C6,V6
C7,V7
C8,V7
C9,V7
C10,V7
C11,V7
C12,V7
C13,V7
C14,V7
C15,V7
C16,V7
C17,V7
C18,V7
C19,V7
C20,V7
C21,V8
C22,V8
C23,V8
C24,V8
C25,V8
C26,V8
C27,V8
C28,V8
C29,V8
C30,V8
C31,V8
C32,V8
C33,V8
C34,V9
C35,V9
C36,V9
C37,V9
C38,V9
C39,V9
C40,V9
C41,V9
C42,V9
C43,V9
C44,V9
C45,V9
C46,V9
C47,V9
C48,V9
C49,V9
C50,V9
C51,V9
C52,V9
C53,V9
C54,V9
C55,V9
C56,V9
C57,V9
C58,V9
C59,V9
C60,V9
C61,V9
C62,V9
C63,V9
C64,V9
C65,V9
C66,V9
C67,V9
C68,V10
C69,V10
C70,V10
C71,V10
C72,V10
C73,V10
C74,V10
C75,V10
C76,V10
C77,V10
C78,V10
C79,V11
C80,V11
C81,V11
C82,V11
C83,V11
C84,V11
C85,V11
C86,V11
C87,V11
C88,V11
C89,V11
C90,V11
C91,V11
C92,V11
C93,V11
C94,V11
C95,V11
C96,V11
C97,V11
C98,V11
C99,V11
C100,V11
C101,V11
C102,V11
C103,V12
C104,V12
C105,V12
C106,V12
C107,V12
C108,V12
C109,V12
C110,V12
C111,V12
C112,V12
C113,V12
C114,V12
C115,V12
C116,V12
C117,V12
C118,V12
C119,V12
C120,V12
C121,V13
C122,V14
C123,V15
C124,V16
C125,V17
C126,V18
C127,V19
C128,V19
C129,V19
C130,V19
C131,V19
C132,V19
C133,V19
C134,V19
C135,V19
C136,V19
C137,V19
C138,V20
C139,V20
C140,V20
C141,V20
C142,V20
C143,V20
C144,V20
C145,V20
C146,V20
C147,V20
C148,V20
C149,V21
C150,V21
C151,V21
C152,V21
C153,V21
C154,V21
C155,V21
C156,V21
C157,V21
C158,V21
C159,V21
C160,V21
C161,V21
C162,V21
C163,V21
C164,V22
C165,V22
C166,V22
C167,V22
C168,V22
C169,V22
C170,V22
C171,V22
C172,V22
C173,V22
C174,V23
C175,V23
C176,V23
C177,V23
C178,V23
C179,V23
C180,V23
C181,V23
C182,V23
C183,V23
C184,V24
C185,V24
C186,V24
C187,V24
C188,V24
C189,V24
C190,V24
C191,V24
C192,V24
C193,V24
C194,V24
C195,V24
C196,V24
C197,V24
C198,V24
C199,V24
C200,V24
C201,V24
C202,V24
C203,V24
C204,V24
C205,V24
C206,V24
C207,V24
C208,V24
C209,V25
C210,V25
C211,V25
C212,V25
C213,V25
C214,V25
C215,V25
C216,V25
C217,V25
C218,V25
C219,V25
C220,V25
C221,V25
C222,V25
C223,V25
C224,V25
C225,V25
C226,V25
C227,V25
C228,V26
C229,V26
C230,V26
C231,V26
C232,V26
C233,V26
C234,V26
C235,V26
C236,V26
C237,V26
C238,V26
C239,V26
C240,V26
C241,V26
C242,V26
C243,V26
C244,V26
C245,V26
C246,V26
C247,V26
C248,V26
C249,V26
C250,V26
C251,V26
C252,V26
C253,V27
C254,V28
C255,V29
C256,V30
C257,V31
C258,V32
C259,V33
C260,V33
C261,V33
C262,V33
C263,V33
C264,V33
C265,V33
C266,V33
C267,V33
C268,V33
C269,V33
C270,V33
C271,V33
C272,V33
C273,V33
C274,V33
C275,V34
C276,V34
C277,V34
C278,V34
C279,V35
C280,V35
C281,V35
C282,V35
C283,V35
C284,V35
C285,V35
C286,V35
C287,V35
C288,V35
C289,V35
C290,V35
C291,V35
C292,V36
C293,V36
C294,V36
C295,V36
C296,V37
C297,V37
C298,V37
C299,V37
C300,V37
C301,V37
C302,V37
C303,V37
C304,V37
C305,V37
C306,V37
C307,V37
C308,V37
C309,V37
C310,V37
C311,V38
C312,V38
C313,V38
C314,V38
C315,V38
C316,V38
C317,V38
C318,V38
C319,V38
C320,V38
C321,V38
C322,V38
C323,V38
C324,V38
C325,V38
C326,V38
C327,V38
C328,V38
C329,V38
C330,V38
C331,V38
C332,V38
C333,V38
C334,V38
C335,V38
C336,V38
C337,V38
C338,V38
C339,V38
C340,V38
C341,V39
C342,V39
C343,V39
C344,V39
C345,V39
C346,V39
C347,V39
C348,V39
C349,V39
C350,V39
C351,V39
C352,V39
C353,V39
C354,V39
C355,V39
C356,V39
C357,V39
C358,V39
C359,V39
C360,V39
C361,V39
C362,V39
C363,V39
C364,V39
C365,V39
C366,V39
C367,V39
C368,V40
C369,V40
C370,V40
C371,V40
C372,V40
C373,V40
C374,V40
C375,V40
C376,V40
C377,V40
C378,V40
C379,V40
C380,V40
C381,V40
C382,V40
C383,V40
C384,V40
C385,V40
C386,V40
C387,V41
C388,V42
C389,V43
C390,V44
C391,V45
C392,V46
C393,V47
C394,V48
C395,V49
C396,V50
C397,V51
C398,V52
C399,V53
C400,V54
C401,V55
C402,V56
C403,V57
C404,V58
C405,V59
C406,V59
C407,V59
C408,V59
C409,V59
C410,V59
C411,V60
C412,V60
C413,V60
C414,V60
C415,V60
C416,V60
C417,V60
C418,V61
C419,V61
C420,V61
C421,V61
C422,V61
C423,V62
C424,V63
C425,V64
C426,V65
C427,V66
C428,V67
C429,V68
C430,V69
C431,V70
C432,V71
C433,V72
C434,V73
C435,V74
C436,V75
C437,V75
C438,V75
C439,V75
C440,V75
C441,V75
C442,V75
C443,V76
C444,V76
C445,V76
C446,V76
C447,V77
C448,V77
C449,V77
C450,V77
C451,V77
C452,V77
C453,V77
C454,V77
C455,V77
C456,V77
C457,V78
C458,V78
C459,V78
C460,V78
C461,V78
C462,V79
C463,V79
C464,V79
C465,V79
C466,V79
C467,V79
C468,V79
C469,V79
C470,V79
C471,V79
C472,V80
C473,V81
C474,V82
C475,V83
C476,V84
C477,V85
C478,V86
C479,V86
C480,V86
C481,V86
C482,V86
C483,V86
C484,V86
C485,V86
C486,V86
C487,V86
C488,V86
C489,V86
C490,V86
C491,V86
C492,V86
C493,V87
C494,V87
C495,V87
C496,V87
C497,V87
C498,V87
C499,V87
C500,V87
C501,V87
C502,V88
C503,V88
C504,V88
C505,V88
C506,V88
C507,V88
C508,V88
C509,V88
C510,V88
C511,V88
C512,V88
C513,V88
C514,V88
C515,V88
C516,V88
C517,V88
C518,V88
C519,V89
C520,V89
C521,V89
C522,V89
C523,V89
C524,V89
C525,V89
C526,V89
C527,V89
C528,V89
C529,V89
C530,V89
C531,V89
C532,V89
C533,V89
C534,V89
C535,V89
C536,V89
C537,V89
C538,V89
C539,V90
C540,V90
C541,V90
C542,V90
C543,V90
C544,V90
C545,V90
C546,V91
C547,V91
C548,V91
C549,V92
C550,V92
C551,V92
C552,V92
C553,V92
C554,V92
C555,V92
C556,V92
C557,V93
C558,V94
C559,V95
C560,V96
C561,V97
C562,V98
C563,V99
C564,V99
C565,V99
C566,V99
C567,V99
C568,V99
C569,V99
C570,V99
C571,V100
C572,V100
C573,V100
C574,V100
C575,V101
C576,V101
C577,V101
C578,V101
C579,V101
C580,V101
C581,V101
C582,V101
C583,V102
C584,V102
C585,V102
C586,V102
C587,V103
C588,V103
C589,V103
C590,V103
C591,V103
C592,V103
C593,V103
C594,V103
C595,V103
C596,V103
C597,V103
C598,V103
C599,V104
C600,V104
C601,V104
C602,V104
C603,V104
C604,V104
C605,V104
C606,V104
C607,V104
C608,V104
C609,V105
C610,V105
C611,V105
C612,V105
C613,V105
C614,V105
C615,V105
C616,V105
C617,V105
C618,V105
C619,V105
C620,V105
C621,V105
C622,V105
C623,V105
C624,V105
C625,V105
C626,V106
C627,V106
C628,V106
C629,V106
C630,V106
C631,V106
C632,V106
C633,V107
C634,V107
C635,V107
C636,V107
C637,V107
C638,V107
C639,V107
C640,V107
C641,V107
C642,V107
C643,V107
C644,V107
C645,V107
C646,V107
C647,V108
C648,V108
C649,V108
C650,V108
C651,V108
C652,V108
C653,V108
C654,V108
C655,V108
C656,V108
C657,V108
C658,V108
C659,V108
C660,V108
C661,V108
C662,V108
C663,V109
C664,V109
C665,V109
C666,V109
C667,V109
C668,V109
C669,V109
C670,V109
C671,V109
C672,V109
C673,V109
C674,V109
C675,V109
C676,V109
C677,V109
C678,V109
C679,V109
C680,V109
C681,V109
C682,V110
C683,V110
C684,V110
C685,V110
C686,V110
C687,V110
C688,V110
C689,V110
C690,V110
C691,V110
C692,V110
C693,V110
C694,V110
C695,V110
C696,V110
C697,V110
C698,V110
C699,V110
C700,V110
C701,V110
C702,V110
C703,V110
C704,V110
C705,V110
C706,V110
C707,V110
C708,V110
C709,V110
C710,V110
C711,V110
C712,V111
C713,V111
C714,V111
C715,V111
C716,V111
C717,V111
C718,V111
C719,V111
C720,V111
C721,V111
C722,V112
C723,V113
C724,V114
C725,V115
C726,V116
C727,V117
C728,V117
C729,V117
C730,V117
C731,V117
C732,V117
C733,V117
C734,V117
C735,V118
C736,V118
C737,V118
C738,V118
C739,V118
C740,V118
C741,V118
C742,V118
C743,V119
C744,V119
C745,V119
C746,V119
C747,V119
C748,V120
C749,V120
C750,V120
C751,V120
C752,V121
C753,V121
C754,V121
C755,V121
C756,V121
C757,V121
C758,V121
C759,V122
C760,V122
C761,V122
C762,V123
C763,V123
C764,V123
C765,V124
C766,V124
C767,V124
C768,V124
C769,V124
C770,V124
C771,V124
C772,V124
C773,V124
C774,V124
C775,V124
C776,V124
C777,V124
C778,V125
C779,V125
C780,V125
C781,V125
C782,V125
C783,V125
C784,V125
C785,V125
C786,V125
C787,V125
C788,V125
C789,V125
C790,V125
C791,V126
C792,V126
C793,V126
C794,V126
C795,V126
C796,V126
C797,V126
C798,V126
C799,V126
C800,V126
C801,V126
C802,V126
C803,V126
C804,V126
C805,V126
C806,V127
C807,V127
C808,V127
C809,V127
C810,V127
C811,V127
C812,V127
C813,V127
C814,V127
C815,V127
C816,V127
C817,V127
C818,V127
C819,V127
C820,V127
C821,V127
C822,V128
C823,V128
C824,V128
C825,V128
C826,V128
C827,V128
C828,V128
C829,V128
C830,V128
C831,V129
C832,V129
C833,V129
C834,V129
C835,V129
C836,V129
C837,V129
C838,V129
C839,V129
C840,V129
C841,V129
C842,V129
C843,V129
C844,V129
C845,V130
C846,V131
C847,V132
C848,V133
C849,V134
C850,V135
C851,V136
C852,V137
C853,V137
C854,V137
C855,V137
C856,V137
C857,V137
C858,V137
C859,V137
C860,V137
C861,V137
C862,V137
C863,V137
C864,V137
C865,V137
C866,V138
C867,V138
C868,V138
C869,V138
C870,V138
C871,V138
C872,V138
C873,V138
C874,V139
C875,V139
C876,V139
C877,V139
C878,V139
C879,V139
C880,V140
C881,V140
C882,V140
C883,V140
C884,V140
C885,V140
C886,V141
C887,V141
C888,V141
C889,V141
C890,V141
C891,V141
C892,V141
C893,V141
C894,V141
C895,V142
C896,V142
C897,V142
C898,V142
C899,V142
C900,V142
C901,V142
C902,V142
C903,V142
C904,V142
C905,V142
C906,V142
C907,V143
C908,V143
C909,V143
C910,V143
C911,V143
C912,V143
C913,V144
C914,V144
C915,V144
C916,V144
C917,V144
C918,V144
C919,V144
C920,V144
C921,V144
C922,V144
C923,V144
C924,V144
C925,V144
C926,V144
C927,V144
C928,V144
C929,V144
C930,V144
C931,V144
C932,V144
C933,V144
C934,V144
C935,V144
C936,V144
C937,V144
C938,V144
C939,V144
C940,V145
C941,V146
C942,V147
C943,V148
C944,V149
C945,V149
C946,V149
C947,V149
C948,V149
C949,V149
C950,V149
C951,V149
C952,V149
C953,V149
C954,V149
C955,V150
C956,V150
C957,V150
C958,V150
C959,V150
C960,V150
C961,V150
C962,V150
C963,V150
C964,V150
C965,V150
C966,V150
C967,V151
C968,V151
C969,V151
C970,V151
C971,V151
C972,V151
C973,V151
C974,V151
C975,V151
C976,V151
C977,V151
C978,V151
C979,V151
C980,V151
C981,V151
C982,V151
C983,V151
C984,V151
C985,V151
C986,V151
C987,V152
C988,V152
C989,V152
C990,V152
C991,V152
C992,V152
C993,V152
C994,V152
C995,V152
C996,V152
C997,V153
C998,V153
C999,V153
C1000,V153
C1001,V153
C1002,V153
C1003,V153
C1004,V153
C1005,V153
C1006,V153
C1007,V153
C1008,V153
C1009,V153
C1010,V153
C1011,V153
C1012,V153
C1013,V153
C1014,V153
C1015,V153
C1016,V153
C1017,V153
C1018,V153
C1019,V154
C1020,V154
C1021,V154
C1022,V154
C1023,V154
C1024,V154
C1025,V154
C1026,V154
C1027,V154
C1028,V154
C1029,V154
C1030,V154
C1031,V154
C1032,V154
C1033,V155
C1034,V155
C1035,V155
C1036,V155
C1037,V155
C1038,V155
C1039,V155
C1040,V155
C1041,V155
C1042,V155
C1043,V155
C1044,V155
C1045,V155
C1046,V155
C1047,V155
C1048,V155
C1049,V155
C1050,V155
C1051,V155
C1052,V156
C1053,V157
C1054,V158
C1055,V159
C1056,V160
C1057,V161
C1058,V162
C1059,V163
C1060,V164
C1061,V165
C1062,V166
C1063,V167
C1064,V167
C1065,V167
C1066,V167
C1067,V167
C1068,V167
C1069,V167
C1070,V167
C1071,V167
C1072,V168
C1073,V168
C1074,V168
C1075,V168
C1076,V168
C1077,V168
C1078,V168
C1079,V168
C1080,V169
C1081,V169
C1082,V169
C1083,V169
C1084,V169
C1085,V169
C1086,V169
C1087,V169
C1088,V169
C1089,V169
C1090,V169
C1091,V169
C1092,V170
C1093,V170
C1094,V170
C1095,V170
C1096,V170
C1097,V171
C1098,V171
C1099,V171
C1100,V171
C1101,V171
C1102,V171
C1103,V171
C1104,V171
C1105,V171
C1106,V171
C1107,D16
C1108,V172
C1109,V173
C1110,V174
C1111,V175
C1112,V176
C1113,V177
C1114,V178
C1115,V178
C1116,V178
C1117,V178
C1118,V178
C1119,V178
C1120,V179
C1121,V179
C1122,V179
C1123,V179
C1124,V179
C1125,V179
C1126,V179
C1127,V180
C1128,V180
C1129,V180
C1130,V180
C1131,V180
C1132,V181
C1133,V181
C1134,V181
C1135,V181
C1136,V182
C1137,V182
C1138,V182
C1139,V182
C1140,V183
C1141,V183
C1142,V183
C1143,V183
C1144,V183
C1145,V183
C1146,V184
C1147,V184
C1148,V184
C1149,V184
C1150,V184
C1151,V184
C1152,V185
C1153,V186
C1154,V187
C1155,V188
C1156,V189
C1157,V190
C1158,V191
C1159,V192
C1160,V193
C1161,V194
C1162,V195
C1163,V196
C1164,V197
C1165,V198
C1166,V198
C1167,V198
C1168,V198
C1169,V199
C1170,V199
C1171,V199
C1172,V199
C1173,V200
C1174,V200
C1175,V200
C1176,V200
C1177,V200
C1178,V200
C1179,V201
C1180,V201
C1181,V201
C1182,V201
C1183,V201
C1184,V202
C1185,V203
C1186,V204
C1187,V205
C1188,V206
C1189,V207
C1190,V208
C1191,V209
C1192,V210
C1193,V211
C1194,V212
C1195,V213
C1196,V214
C1197,V215
C1198,V216
C1199,V217
C1200,V218
C1201,V219
C1202,V220
C1203,V221
C1204,V222
C1205,V223
C1206,V224
C1207,V225
C1208,V226
C1209,V227
C1210,V228
C1211,V229
C1212,V229
C1213,V229
C1214,V229
C1215,V229
C1216,V229
C1217,V230
C1218,V230
C1219,V230
C1220,V230
C1221,V230
C1222,V230
C1223,V231
C1224,V231
C1225,V231
C1226,V231
C1227,V231
C1228,V232
C1229,V232
C1230,V232
C1231,V232
C1232,V232
C1233,V232
C1234,V232
C1235,V232
C1236,V232
C1237,V232
C1238,V232
C1239,V232
C1240,V233
C1241,V234
C1242,V235
C1243,V236
C1244,V237
C1245,V238
C1246,V239
C1247,V240
C1248,V241
C1249,V242
C1250,V243
C1251,V244
C1252,V245
C1253,V246
C1254,V247
C1255,V248
C1256,V249
C1257,V250
C1258,V251
C1259,V251
C1260,V251
C1261,V251
C1262,V251
C1263,V252
C1264,V252
C1265,V252
C1266,V252
C1267,V252
C1268,V252
C1269,V252
C1270,V252
C1271,V252
C1272,V252
C1273,V253
C1274,V253
C1275,V253
C1276,V253
C1277,V254
C1278,V254
C1279,V254
C1280,V254
C1281,V254
C1282,V255
C1283,V256
C1284,V257
C1285,V258
C1286,V259
C1287,V260
C1288,V261
C1289,V262
C1290,V263
C1291,V264
C1292,V265
C1293,V266
C1294,V267
C1295,V268
C1296,V269
C1297,V270
C1298,V271
C1299,V272
C1300,V273
C1301,V274
C1302,V275
C1303,V276
C1304,V277
C1305,V278
C1306,V279
C1307,V280
C1308,V281
C1309,V282
C1310,V283
C1311,V284
C1312,V285
C1313,V285
C1314,V285
C1315,V285
C1316,V285
C1317,V285
C1318,V285
C1319,V286
C1320,V286
C1321,V286
C1322,V286
C1323,V287
C1324,V287
C1325,V287
C1326,V287
C1327,V288
C1328,V288
C1329,V288
C1330,V288
C1331,V288
C1332,V288
C1333,V289
C1334,V289
C1335,V289
C1336,V289
C1337,V289
C1338,V290
C1339,V290
C1340,V290
C1341,V290
C1342,V290
C1343,V290
C1344,V291
C1345,V291
C1346,V291
C1347,V291
C1348,V291
C1349,V292
C1350,V293
C1351,V294
C1352,V295
C1353,V296
C1354,V297
C1355,V298
C1356,V299
C1357,V300
C1358,V301
C1359,V302
C1360,V303
C1361,V304
C1362,V305
C1363,V306
C1364,V307
C1365,V308
C1366,V309
C1367,V310
C1368,V311
C1369,V312
C1370,V313
C1371,V314
C1372,V315
C1373,V316
C1374,V317
C1375,V317
C1376,V317
C1377,V318
C1378,V319
C1379,V320
C1380,V320
C1381,V320
C1382,V320
C1383,V321
C1384,V321
C1385,V321
C1386,V321
C1387,V322
C1388,V322
C1389,V322
C1390,V322
C1391,V322
C1392,V322
C1393,V322
C1394,V322
C1395,V322
C1396,V322
C1397,V322
C1398,V323
C1399,V323
C1400,V323
C1401,V323
C1402,V323
C1403,V323
C1404,V323
C1405,V323
C1406,V323
C1407,V323
C1408,V323
C1409,V324
C1410,V325
C1411,V326
C1412,V327
C1413,V328
C1414,V329
C1415,V330
C1416,V331
C1417,V332
C1418,V333
C1419,V334
C1420,V334
C1421,V334
C1422,V334
C1423,V335
C1424,V335
C1425,V335
C1426,V335
C1427,V336
C1428,V336
C1429,V336
C1430,V336
C1431,V337
C1432,V337
C1433,V337
C1434,V337
C1435,V337
C1436,V337
C1437,V337
C1438,V337
C1439,V337
C1440,V337
C1441,V338
C1442,V338
C1443,V338
C1444,V338
C1445,V338
C1446,V339
C1447,V339
C1448,V339
C1449,V339
C1450,V339
C1451,V339
C1452,V340
C1453,V341
C1454,V342
C1455,V343
C1456,V344
C1457,V345
C1458,V345
C1459,V345
C1460,V345
C1461,V345
C1462,V346
C1463,V346
C1464,V346
C1465,V346
C1466,V347
C1467,V347
C1468,V347
C1469,V347
C1470,V348
C1471,V348
C1472,V348
C1473,V348
C1474,V348
C1475,V348
C1476,V349
C1477,V349
C1478,V349
C1479,V349
C1480,V350
C1481,V350
C1482,V350
C1483,V350
C1484,V350
C1485,V350
C1486,V351
C1487,V351
C1488,V351
C1489,V351
C1490,V352
C1491,V353
C1492,V354
C1493,V355
C1494,V356
C1495,V357
C1496,V358
C1497,V359
C1498,V360
C1499,V360
C1500,V360
C1501,V360
C1502,V361
C1503,V361
C1504,V361
C1505,V361
C1506,V361
C1507,V362
C1508,V362
C1509,V362
C1510,V363
C1511,V364
C1512,V365
C1513,V366
C1514,V367
C1515,V368
C1516,V369
C1517,V370
C1518,V371
C1519,V371
C1520,V371
C1521,V371
C1522,V371
C1523,V372
C1524,V372
C1525,V372
C1526,V373
C1527,V373
C1528,V373
C1529,V373
C1530,V373
C1531,V373
C1532,V373
C1533,V373
C1534,V373
C1535,V373
C1536,V373
C1537,V373
C1538,V373
C1539,V373
C1540,V374
C1541,V375
C1542,V376
C1543,V377
C1544,V378
C1545,V379
C1546,V380
C1547,V380
C1548,V380
C1549,V381
C1550,V381
C1551,V381
C1552,V381
C1553,V381
C1554,V381
C1555,V382
C1556,V382
C1557,V382
C1558,V382
C1559,V382
C1560,V382
C1561,V382
C1562,V383
C1563,V383
C1564,V383
C1565,V384
C1566,V384
C1567,V384
C1568,V384
C1569,V384
C1570,V384
C1571,V384
C1572,V384
C1573,V385
C1574,V385
C1575,V385
C1576,V385
C1577,V385
C1578,V385
C1579,V385
C1580,V385
C1581,V385
C1582,V386
C1583,V386
C1584,V386
C1585,V386
C1586,V386
C1587,V387
C1588,V387
C1589,V387
C1590,V387
C1591,V387
C1592,V387
C1593,V387
C1594,V387
C1595,V387
C1596,V387
C1597,V388
C1598,V388
C1599,V388
C1600,V388
C1601,V388
C1602,V388
C1603,V388
C1604,V388
C1605,V388
C1606,V388
C1607,V388
C1608,V388
C1609,V389
C1610,V390
C1611,V391
C1612,V392
C1613,V393
C1614,V394
C1615,V395
C1616,V395
C1617,V395
C1618,V395
C1619,V395
C1620,V396
C1621,V396
C1622,V396
C1623,V396
C1624,V396
C1625,V396
C1626,V396
C1627,V397
C1628,V397
C1629,V397
C1630,V397
C1631,V397
C1632,V398
C1633,V398
C1634,V398
C1635,V398
C1636,V399
C1637,V399
C1638,V399
C1639,V399
C1640,V400
C1641,V400
C1642,V400
C1643,V400
C1644,V400
C1645,V400
C1646,V401
C1647,V401
C1648,V401
C1649,V401
C1650,V401
C1651,V401
C1652,V401
C1653,V401
C1654,V402
C1655,V403
C1656,V404
C1657,V405
C1658,V406
C1659,V407
C1660,V408
C1661,V408
C1662,V408
C1663,V408
C1664,V408
C1665,V409
C1666,V410
C1667,V411
C1668,V412
C1669,V413
C1670,V414
C1671,V414
C1672,V414
C1673,V414
C1674,V414
C1675,V414
C1676,V415
C1677,V415
C1678,V415
C1679,V415
C1680,V415
C1681,V416
C1682,V416
C1683,V416
C1684,V416
C1685,V416
C1686,V417
C1687,V417
C1688,V417
C1689,V417
C1690,V417
C1691,V417
C1692,V417
C1693,V417
C1694,V418
C1695,V418
C1696,V418
C1697,V418
C1698,V418
C1699,V418
C1700,V418
C1701,V418
C1702,V418
C1703,V419
C1704,V419
C1705,V419
C1706,V419
C1707,V419
C1708,V419
C1709,V419
C1710,V420
C1711,V420
C1712,V420
C1713,V420
C1714,V420
C1715,V420
C1716,V420
C1717,V420
C1718,V421
C1719,V421
C1720,V421
C1721,V421
C1722,V422
C1723,V423
C1724,V424
C1725,V425
C1726,V426
C1727,V427
C1728,V428
C1729,V429
C1730,V430
C1731,V430
C1732,V430
C1733,V430
C1734,V430
C1735,V431
C1736,V431
C1737,V431
C1738,V431
C1739,V432
C1740,V432
C1741,V432
C1742,V432
C1743,V432
C1744,V433
C1745,V434
C1746,V435
C1747,V436
C1748,V437
C1749,V438
C1750,V438
C1751,V438
C1752,V439
C1753,V439
C1754,V439
C1755,V440
C1756,V440
C1757,V440
C1758,V440
C1759,V441
C1760,V441
C1761,V441
C1762,V441
C1763,V441
C1764,V442
C1765,V442
C1766,V442
C1767,V442
C1768,V442
C1769,V442
C1770,V443
C1771,V443
C1772,V443
C1773,V443
C1774,V443
C1775,V444
C1776,V444
C1777,V444
C1778,V444
C1779,V444
C1780,V444
C1781,V444
C1782,V444
C1783,V444
C1784,V444
C1785,V445
C1786,V446
C1787,V447
C1788,V447
C1789,V447
C1790,V447
C1791,V447
C1792,V448
C1793,V448
C1794,V448
C1795,V449
C1796,V449
C1797,V449
C1798,V449
C1799,V449
C1800,V449
C1801,V449
C1802,V449
C1803,V449
C1804,V449
C1805,V449
C1806,V449
C1807,V449
C1808,V450
C1809,V450
C1810,V450
C1811,V450
C1812,V451
C1813,V452
C1814,V453
C1815,V454
C1816,V455
C1817,V456
C1818,V457
C1819,V458
C1820,V458
C1821,V458
C1822,V458
C1823,V459
C1824,V460
C1825,V461
C1826,V462
C1827,V463
C1828,V464
C1829,V465
C1830,V466
C1831,V467
C1832,V468
C1833,V469
C1834,V470
C1835,V471
C1836,V472
C1837,V473
C1838,V474
C1839,V475
C1840,V476
C1841,V477
C1842,V478
C1843,V479
C1844,V480
C1845,V481
C1846,V482
C1847,V483
C1848,V483
C1849,V483
C1850,V483
C1851,V483
C1852,V483
C1853,V484
C1854,V484
C1855,V484
C1856,V484
C1857,V484
C1858,V485
C1859,V486
C1860,V487
C1861,V488
C1862,V489
C1863,V490
C1864,V491
C1865,V492
C1866,V493
C1867,V494
C1868,V495
C1869,V496
C1870,V497
C1871,V498
C1872,V499
C1873,V500
C1874,V501
C1875,V502
C1876,V503
C1877,V504
C1878,V505
C1879,V506
C1880,V507
C1881,V508
C1882,V509
C1883,V509
C1884,V509
C1885,V509
C1886,V509
C1887,V509
C1888,V509
C1889,V509
C1890,V509
C1891,V510
C1892,V510
C1893,V510
C1894,V510
C1895,V510
C1896,V511
C1897,V511
C1898,V511
C1899,V512
C1900,V512
C1901,V512
C1902,V512
C1903,V512
C1904,V512
C1905,V513
C1906,V513
C1907,V513
C1908,V513
C1909,V513
C1910,V513
C1911,V514
C1912,V514
C1913,V514
C1914,V514
C1915,V514
C1916,V515
C1917,V515
C1918,V515
C1919,V515
C1920,V515
C1921,V515
C1922,V515
C1923,V515
C1924,V516
C1925,V516
C1926,V516
C1927,V517
C1928,V517
C1929,V517
C1930,V517
C1931,V517
C1932,V518
C1933,V519
C1934,V520
C1935,V521
C1936,V522
C1937,V523
C1938,V524
C1939,V525
C1940,V526
C1941,V527
C1942,V528
C1943,V529
C1944,V529
C1945,V529
C1946,V529
C1947,V530
C1948,V530
C1949,V530
C1950,V530
C1951,V530
C1952,V531
C1953,V531
C1954,V531
C1955,V531
C1956,V531
C1957,V531
C1958,V532
C1959,V532
C1960,V532
C1961,V532
C1962,V532
C1963,V532
C1964,V532
C1965,V533
C1966,V534
C1967,V535
C1968,V536
C1969,V537
C1970,V538
C1971,V539
C1972,V540
C1973,V541
C1974,V542
C1975,V543
C1976,V543
C1977,V543
C1978,V543
C1979,V543
C1980,V543
C1981,V544
C1982,V544
C1983,V544
C1984,V545
C1985,V546
C1986,V547
C1987,V548
C1988,V549
C1989,V550
C1990,V551
C1991,V552
C1992,V553
C1993,V553
C1994,V553
C1995,V553
C1996,V553
C1997,V553
C1998,V553
C1999,V553
C2000,V554
C2001,V555
C2002,V556
C2003,V557
C2004,V558
C2005,V559
C2006,V560
C2007,V561
C2008,V562
C2009,V563
C2010,V564
C2011,V565
C2012,V566
C2013,V567
C2014,V568
C2015,V569
C2016,V570
C2017,V571
C2018,V571
C2019,V571
C2020,V571
C2021,V572
C2022,V572
C2023,V572
C2024,V572
C2025,V572
C2026,V572
C2027,V572
C2028,V573
C2029,V573
C2030,V573
C2031,V574
C2032,V574
C2033,V574
C2034,V575
C2035,V576
C2036,V577
C2037,V578
C2038,V579
C2039,V580
C2040,V581
C2041,V582
C2042,V583
C2043,V584
C2044,V585
C2045,V586
C2046,V587
C2047,V588
C2048,V589
C2049,V590
C2050,V591
C2051,V592
C2052,V593
C2053,V594
C2054,V595
C2055,V596
C2056,V597
C2057,V598
C2058,V598
C2059,V598
C2060,V598
C2061,V598
C2062,V598
C2063,V598
C2064,V599
C2065,V599
C2066,V599
C2067,V599
C2068,V599
C2069,V599
C2070,V599
C2071,V599
C2072,D62
C2073,D63
C2074,D64
C2075,D65
C2076,D66
C2077,D67
C2078,D68
C2079,D69
C2080,D70
C2081,D71
C2082,D72
C2083,D73
C2084,D74
C2085,D74
C2086,D74
C2087,D74
C2088,D74
C2089,D74
C2090,D74
C2091,D74
C2092,D74
C2093,D74
C2094,D74
C2095,D74
C2096,D74
C2097,D74
C2098,D74
C2099,D74
C2100,D75
C2101,D75
C2102,D75
C2103,D75
C2104,D75
C2105,D75
C2106,D75
C2107,D75
C2108,D75
C2109,D75
C2110,D76
C2111,D76
C2112,D76
C2113,D76
C2114,D76
C2115,D76
C2116,D76
C2117,D76
C2118,D77
C2119,D77
C2120,D77
C2121,D77
C2122,D77
C2123,D77
C2124,D77
C2125,D77
C2126,D77
C2127,D78
C2128,D78
C2129,D78
C2130,D78
C2131,D78
C2132,D78
C2133,D78
C2134,D78
C2135,D78
C2136,D78
C2137,D78
C2138,D78
C2139,D78
C2140,D79
C2141,D80
C2142,D81
C2143,D82
C2144,D82
C2145,D82
C2146,D82
C2147,D82
C2148,D82
C2149,D82
C2150,D82
C2151,D82
C2152,D82
C2153,D83
C2154,D83
C2155,D83
C2156,D83
C2157,D83
C2158,D83
C2159,D83
C2160,D83
C2161,D83
C2162,D83
C2163,D83
C2164,D83
C2165,D83
C2166,D83
C2167,D83
C2168,D84
C2169,D84
C2170,D84
C2171,D84
C2172,D84
C2173,D84
C2174,D84
C2175,D84
C2176,D84
C2177,D84
C2178,D85
C2179,D85
C2180,D85
C2181,D85
C2182,D85
C2183,D85
C2184,D85
C2185,D85
C2186,D85
C2187,D85
C2188,D85
C2189,D86
C2190,D86
C2191,D86
C2192,D86
C2193,D86
C2194,D86
C2195,D86
C2196,D86
C2197,D86
C2198,D86
C2199,D87
C2200,D87
C2201,D87
C2202,D87
C2203,D87
C2204,D87
C2205,D87
C2206,D87
C2207,D87
C2208,D87
C2209,D87
C2210,D87
C2211,D87
C2212,D88
C2213,D88
C2214,D88
C2215,D88
C2216,D88
C2217,D88
C2218,D88
C2219,D88
C2220,D89
C2221,D89
C2222,D89
C2223,D89
C2224,D89
C2225,D89
C2226,D89
C2227,D89
C2228,D89
C2229,D89
C2230,D89
C2231,D89
C2232,D89
C2233,D89
C2234,D89
C2235,D89
C2236,D89
C2237,D89
C2238,D89
C2239,D90
C2240,D91
C2241,D92
C2242,D93
C2243,D93
C2244,D93
C2245,D93
C2246,D93
C2247,D93
C2248,D93
C2249,D93
C2250,D93
C2251,D93
C2252,D93
C2253,D93
C2254,D93
C2255,D93
C2256,D93
C2257,D93
C2258,D93
C2259,D94
C2260,D94
C2261,D94
C2262,D94
C2263,D94
C2264,D94
C2265,D94
C2266,D94
C2267,D94
C2268,D94
C2269,D94
C2270,D95
C2271,D95
C2272,D95
C2273,D95
C2274,D95
C2275,D95
C2276,D95
C2277,D95
C2278,D95
C2279,D95
C2280,D96
C2281,D96
C2282,D96
C2283,D96
C2284,D96
C2285,D96
C2286,D96
C2287,D96
C2288,D96
C2289,D96
C2290,D96
C2291,D96
C2292,D96
C2293,D96
C2294,D96
C2295,D96
C2296,D96
C2297,D96
C2298,D96
C2299,D96
C2300,D96
C2301,D96
C2302,D96
C2303,D96
C2304,D97
C2305,D97
C2306,D97
C2307,D97
C2308,D97
C2309,D97
C2310,D97
C2311,D97
C2312,D97
C2313,D97
C2314,D97
C2315,D97
C2316,D97
C2317,D98
C2318,D99
C2319,D99
C2320,D99
C2321,D99
C2322,D99
C2323,D99
C2324,D99
C2325,D99
C2326,D99
C2327,D99
C2328,D99
C2329,D99
C2330,D99
C2331,D100
C2332,D100
C2333,D100
C2334,D100
C2335,D100
C2336,D100
C2337,D100
C2338,D100
C2339,D100
C2340,D101
C2341,D101
C2342,D101
C2343,D101
C2344,D101
C2345,D101
C2346,D101
C2347,D101
C2348,D101
C2349,D101
C2350,D102
C2351,D102
C2352,D102
C2353,D102
C2354,D102
C2355,D102
C2356,D102
C2357,D102
C2358,D102
C2359,D102
C2360,D102
C2361,D102
C2362,D102
C2363,D102
C2364,D102
C2365,D102
C2366,D103
C2367,D103
C2368,D103
C2369,D103
C2370,D103
C2371,D103
C2372,D103
C2373,D103
C2374,D103
C2375,D103
C2376,D103
C2377,D104
C2378,D104
C2379,D104
C2380,D104
C2381,D104
C2382,D104
C2383,D104
C2384,D104
C2385,D104
C2386,D104
C2387,D105
C2388,D106
C2389,D107
C2390,D108
C2391,D109
C2392,D110
C2393,D110
C2394,D110
C2395,D110
C2396,D110
C2397,D110
C2398,D110
C2399,D110
C2400,D110
C2401,D111
C2402,D111
C2403,D111
C2404,D111
C2405,D111
C2406,D111
C2407,D111
C2408,D111
C2409,D111
C2410,D111
C2411,D111
C2412,D111
C2413,D112
C2414,D112
C2415,D112
C2416,D112
C2417,D112
C2418,D112
C2419,D112
C2420,D112
C2421,D112
C2422,D112
C2423,D112
C2424,D112
C2425,D112
C2426,D112
C2427,D112
C2428,D113
C2429,D113
C2430,D113
C2431,D113
C2432,D113
C2433,D113
C2434,D113
C2435,D114
C2436,D114
C2437,D114
C2438,D114
C2439,D114
C2440,D114
C2441,D114
C2442,D114
C2443,D114
C2444,D114
C2445,D114
C2446,D115
C2447,D115
C2448,D115
C2449,D115
C2450,D115
C2451,D115
C2452,D115
C2453,D115
C2454,D115
C2455,D115
C2456,D115
C2457,D115
C2458,D115
C2459,D115
C2460,D116
C2461,D116
C2462,D116
C2463,D116
C2464,D116
C2465,D116
C2466,D116
C2467,D116
C2468,D116
C2469,D116
C2470,D117
C2471,D118
C2472,D119
C2473,D120
C2474,D121
C2475,D121
C2476,D121
C2477,D121
C2478,D121
C2479,D121
C2480,D121
C2481,D121
C2482,D121
C2483,D121
C2484,D121
C2485,D121
C2486,D121
C2487,D121
C2488,D121
C2489,D121
C2490,D121
C2491,D121
C2492,D121
C2493,D121
C2494,D121
C2495,D121
C2496,D121
C2497,D122
C2498,D122
C2499,D122
C2500,D122
C2501,D122
C2502,D122
C2503,D122
C2504,D122
C2505,D122
C2506,D122
C2507,D122
C2508,D122
C2509,D122
C2510,D122
C2511,D122
C2512,D122
C2513,D122
C2514,D122
C2515,D122
C2516,D122
C2517,D122
C2518,D122
C2519,D122
C2520,D123
C2521,D123
C2522,D123
C2523,D123
C2524,D123
C2525,D123
C2526,D123
C2527,D123
C2528,D123
C2529,D123
C2530,D123
C2531,D123
C2532,D123
C2533,D123
C2534,D124
C2535,D124
C2536,D124
C2537,D124
C2538,D124
C2539,D124
C2540,D124
C2541,D124
C2542,D124
C2543,D124
C2544,D124
C2545,D124
C2546,D124
C2547,D125
C2548,D125
C2549,D125
C2550,D125
C2551,D125
C2552,D125
C2553,D125
C2554,D125
C2555,D125
C2556,D125
C2557,D125
C2558,D125
C2559,D125
C2560,D125
C2561,D125
C2562,D125
C2563,D125
C2564,D125
C2565,D125
C2566,D125
C2567,D125
C2568,D125
C2569,D125
C2570,D125
C2571,D125
C2572,D125
C2573,D125
C2574,D125
C2575,D125
C2576,D125
C2577,D126
C2578,D126
C2579,D126
C2580,D126
C2581,D126
C2582,D126
C2583,D126
C2584,D126
C2585,D126
C2586,D126
C2587,D126
C2588,D126
C2589,D127
C2590,D127
C2591,D127
C2592,D127
C2593,D127
C2594,D127
C2595,D127
C2596,D127
C2597,D127
C2598,D127
C2599,D127
C2600,D127
C2601,D128
C2602,D128
C2603,D128
C2604,D128
C2605,D128
C2606,D128
C2607,D128
C2608,D128
C2609,D128
C2610,D128
C2611,D128
C2612,D128
C2613,D128
C2614,D129
C2615,D129
C2616,D129
C2617,D129
C2618,D129
C2619,D129
C2620,D129
C2621,D129
C2622,D129
C2623,D129
C2624,D129
C2625,D129
C2626,D129
C2627,D129
C2628,D129
C2629,D129
C2630,D129
C2631,D130
C2632,D130
C2633,D130
C2634,D130
C2635,D130
C2636,D130
C2637,D130
C2638,D130
C2639,D130
C2640,D130
C2641,D130
C2642,D130
C2643,D130
C2644,D130
C2645,D130
C2646,D130
C2647,D130
C2648,D130
C2649,D130
C2650,D130
C2651,D130
C2652,D130
C2653,D130
C2654,D130
C2655,D130
C2656,D131
C2657,D131
C2658,D131
C2659,D131
C2660,D131
C2661,D131
C2662,D131
C2663,D131
C2664,D131
C2665,D131
C2666,D131
C2667,D131
C2668,D131
C2669,D131
C2670,D131
C2671,D131
C2672,D131
C2673,D131
C2674,D132
C2675,D132
C2676,D132
C2677,D132
C2678,D132
C2679,D132
C2680,D132
C2681,D132
C2682,D132
C2683,D132
C2684,D132
C2685,D132
C2686,D132
C2687,D132
C2688,D132
C2689,D132
C2690,D132
C2691,D132
C2692,D132
C2693,D132
C2694,D132
C2695,D132
C2696,D132
C2697,D133
C2698,D133
C2699,D133
C2700,D133
C2701,D133
C2702,D133
C2703,D133
C2704,D133
C2705,D133
C2706,D133
C2707,D133
C2708,D133
C2709,D133
C2710,D133
C2711,D133
C2712,D133
C2713,D133
C2714,D133
C2715,D133
C2716,D134
C2717,D134
C2718,D134
C2719,D134
C2720,D134
C2721,D134
C2722,D134
C2723,D134
C2724,D134
C2725,D134
C2726,D134
C2727,D134
C2728,D134
C2729,D134
C2730,D134
C2731,D134
C2732,D134
C2733,D134
C2734,D134
C2735,D134
C2736,D134
C2737,D134
C2738,D135
C2739,D135
C2740,D135
C2741,D135
C2742,D135
C2743,D135
C2744,D135
C2745,D135
C2746,D135
C2747,D135
C2748,D135
C2749,D135
C2750,D135
C2751,D135
C2752,D135
C2753,D135
C2754,D135
C2755,D135
C2756,D135
C2757,D136
C2758,D137
C2759,D137
C2760,D137
C2761,D137
C2762,D137
C2763,D137
C2764,D137
C2765,D137
C2766,D137
C2767,D137
C2768,D137
C2769,D137
C2770,D137
C2771,D137
C2772,D137
C2773,D137
C2774,D137
C2775,D137
C2776,D137
C2777,D137
C2778,D137
C2779,D137
C2780,D137
C2781,D138
C2782,D138
C2783,D138
C2784,D138
C2785,D138
C2786,D138
C2787,D138
C2788,D138
C2789,D138
C2790,D138
C2791,D138
C2792,D138
C2793,D138
C2794,D138
C2795,D138
C2796,D138
C2797,D138
C2798,D138
C2799,D138
C2800,D138
C2801,D139
C2802,D139
C2803,D139
C2804,D139
C2805,D139
C2806,D139
C2807,D139
C2808,D139
C2809,D139
C2810,D139
C2811,D139
C2812,D139
C2813,D139
C2814,D139
C2815,D139
C2816,D139
C2817,D139
C2818,D139
C2819,D139
C2820,D139
C2821,D139
C2822,D139
C2823,D139
C2824,D139
C2825,D139
C2826,D139
C2827,D139
C2828,D139
C2829,D139
C2830,D140
C2831,D140
C2832,D140
C2833,D140
C2834,D140
C2835,D140
C2836,D140
C2837,D140
C2838,D140
C2839,D140
C2840,D140
C2841,D140
C2842,D140
C2843,D140
C2844,D140
C2845,D140
C2846,D140
C2847,D140
C2848,D140
C2849,D140
C2850,D140
C2851,D140
C2852,D140
C2853,D140
C2854,D140
C2855,D140
C2856,D140
C2857,D141
C2858,D141
C2859,D141
C2860,D141
C2861,D141
C2862,D141
C2863,D141
C2864,D141
C2865,D141
C2866,D141
C2867,D141
C2868,D141
C2869,D141
C2870,D141
C2871,D141
C2872,D141
C2873,D141
C2874,D141
C2875,D141
C2876,D141
C2877,D141
C2878,D142
C2879,D142
C2880,D142
C2881,D142
C2882,D142
C2883,D142
C2884,D142
C2885,D142
C2886,D142
C2887,D142
C2888,D142
C2889,D142
C2890,D142
C2891,D142
C2892,D142
C2893,D142
C2894,D142
C2895,V600
C2896,V601
C2897,V602
C2898,V603
C2899,V604
C2900,V605
C2901,V605
C2902,V605
C2903,V605
C2904,V605
C2905,V605
C2906,V605
C2907,V605
C2908,V605
C2909,V605
C2910,V605
C2911,V605
C2912,V605
C2913,V605
C2914,V605
C2915,V605
C2916,V605
C2917,V605
C2918,V605
C2919,V605
C2920,V605
C2921,V605
C2922,V605
C2923,V605
C2924,V605
C2925,V605
C2926,V605
C2927,V605
C2928,V605
C2929,V605
C2930,V605
C2931,V605
C2932,V605
C2933,V605
C2934,V605
C2935,V605
C2936,V605
C2937,V606
C2938,V606
C2939,V606
C2940,V606
C2941,V606
C2942,V606
C2943,V606
C2944,V606
C2945,V606
C2946,V606
C2947,V606
C2948,V606
C2949,V607
C2950,V607
C2951,V607
C2952,V607
C2953,V608
C2954,V608
C2955,V608
C2956,V608
C2957,V608
C2958,V608
C2959,V608
C2960,V608
C2961,V608
C2962,V608
C2963,V608
C2964,V608
C2965,V608
C2966,V608
C2967,V608
C2968,V608
C2969,V608
C2970,V609
C2971,V609
C2972,V609
C2973,V609
C2974,V609
C2975,V609
C2976,V609
C2977,V609
C2978,V609
C2979,V609
C2980,V610
C2981,V610
C2982,V610
C2983,V610
C2984,V610
C2985,V610
C2986,V610
C2987,V610
C2988,V610
C2989,V610
C2990,V610
C2991,V610
C2992,V611
C2993,V611
C2994,V611
C2995,V611
C2996,V611
C2997,V611
C2998,V612
C2999,V612
C3000,V612
C3001,V612
C3002,V612
C3003,V612
C3004,V613
C3005,V613
C3006,V613
C3007,V613
C3008,V613
C3009,V613
C3010,V613
C3011,V613
C3012,V613
C3013,V613
C3014,V613
C3015,V613
C3016,V613
C3017,V613
C3018,V613
C3019,V613
C3020,V613
C3021,V614
C3022,V614
C3023,V614
C3024,V614
C3025,V614
C3026,V614
C3027,V614
C3028,V614
C3029,V614
C3030,V614
C3031,V614
C3032,V614
C3033,V614
C3034,V614
C3035,V614
C3036,V614
C3037,V614
C3038,V614
C3039,V614
C3040,V614
C3041,V614
C3042,V614
C3043,V614
C3044,V614
C3045,V614
C3046,V614
C3047,V614
C3048,V614
C3049,V614
C3050,V614
C3051,V614
C3052,V614
C3053,V614
C3054,V614
C3055,V614
C3056,V614
C3057,V614
C3058,V614
C3059,V614
C3060,V614
C3061,V614
C3062,V614
C3063,V614
C3064,V614
C3065,V614
C3066,V614
C3067,V614
C3068,V614
C3069,V614
C3070,V614
C3071,V614
C3072,V614
C3073,V614
C3074,V614
C3075,V614
C3076,V614
C3077,V614
C3078,V614
C3079,V614
C3080,V614
C3081,V614
C3082,V614
C3083,V614
C3084,V614
C3085,V614
C3086,V614
C3087,V614
C3088,V615
C3089,V616
C3090,V616
C3091,V616
C3092,V616
C3093,V616
C3094,V616
C3095,V616
C3096,V616
C3097,V616
C3098,V616
C3099,V616
C3100,V616
C3101,V616
C3102,V617
C3103,V617
C3104,V617
C3105,V617
C3106,V617
C3107,V617
C3108,V617
C3109,V617
C3110,V617
C3111,V617
C3112,V617
C3113,V617
C3114,V617
C3115,V617
C3116,V617
C3117,V617
C3118,V617
C3119,V617
C3120,V617
C3121,V617
C3122,V617
C3123,V617
C3124,V617
C3125,V617
C3126,V617
C3127,V617
C3128,V617
C3129,V617
C3130,V617
C3131,V617
C3132,V617
C3133,V617
C3134,V618
C3135,V618
C3136,V618
C3137,V618
C3138,V618
C3139,V618
C3140,V618
C3141,V618
C3142,V618
C3143,V618
C3144,V618
C3145,V618
C3146,V618
C3147,V618
C3148,V618
C3149,V618
C3150,V618
C3151,V618
C3152,V618
C3153,V618
C3154,V618
C3155,V619
C3156,V619
C3157,V619
C3158,V619
C3159,V619
C3160,V619
C3161,V619
C3162,V619
C3163,V619
C3164,V619
C3165,V619
C3166,V619
C3167,V619
C3168,V619
C3169,V619
C3170,V619
C3171,V619
C3172,V619
C3173,V619
C3174,V619
C3175,V619
C3176,V619
C3177,V619
C3178,V619
C3179,V619
C3180,V619
C3181,V619
C3182,V619
C3183,V619
C3184,V619
C3185,V619
C3186,V619
C3187,V619
C3188,V619
C3189,V620
C3190,V620
C3191,V620
C3192,V620
C3193,V620
C3194,V620
C3195,V620
C3196,V620
C3197,V620
C3198,V620
C3199,V620
C3200,V620
C3201,V620
C3202,V620
C3203,V620
C3204,V620
C3205,V620
C3206,V621
C3207,V622
C3208,V622
C3209,V622
C3210,V622
C3211,V622
C3212,V622
C3213,V622
C3214,V622
C3215,V622
C3216,V622
C3217,V622
C3218,V622
C3219,V622
C3220,V622
C3221,V623
C3222,V623
C3223,V623
C3224,V623
C3225,V623
C3226,V623
C3227,V623
C3228,V623
C3229,V623
C3230,V623
C3231,V623
C3232,V623
C3233,V623
C3234,V623
C3235,V623
C3236,V623
C3237,V623
C3238,V623
C3239,V623
C3240,V623
C3241,V623
C3242,V623
C3243,V623
C3244,V623
C3245,V623
C3246,V623
C3247,V623
C3248,V623
C3249,V623
C3250,V623
C3251,V623
C3252,V624
C3253,V624
C3254,V624
C3255,V624
C3256,V624
C3257,V624
C3258,V624
C3259,V624
C3260,V624
C3261,V624
C3262,V624
C3263,V624
C3264,V624
C3265,V624
C3266,V624
C3267,V624
C3268,V624
C3269,V624
C3270,V624
C3271,V624
C3272,V624
C3273,V624
C3274,V624
C3275,V624
C3276,V624
C3277,V624
C3278,V624
C3279,V624
C3280,V624
C3281,V624
C3282,V624
C3283,V624
C3284,V624
C3285,V624
C3286,V624
C3287,V624
C3288,V624
C3289,V624
C3290,V624
C3291,V624
C3292,V624
C3293,V624
C3294,V624
C3295,V624
C3296,V624
C3297,V624
C3298,V624
C3299,V624
C3300,V624
C3301,V624
C3302,V625
C3303,V625
C3304,V625
C3305,V625
C3306,V625
C3307,V625
C3308,V625
C3309,V625
C3310,V625
C3311,V625
C3312,V625
C3313,V625
C3314,V625
C3315,V625
C3316,V625
C3317,V625
C3318,V625
C3319,V625
C3320,V625
C3321,V625
C3322,V625
C3323,V625
C3324,V625
C3325,V626
C3326,V626
C3327,V626
C3328,V626
C3329,V626
C3330,V626
C3331,V626
C3332,V626
C3333,V626
C3334,V626
C3335,V626
C3336,V626
C3337,V626
C3338,V626
C3339,V626
C3340,V626
C3341,V626
C3342,V626
C3343,V626
C3344,V626
C3345,V626
C3346,V626
C3347,V626
C3348,V626
C3349,V626
C3350,V626
C3351,V627
C3352,V627
C3353,V627
C3354,V627
C3355,V627
C3356,V627
C3357,V627
C3358,V627
C3359,V627
C3360,V627
C3361,V627
C3362,V627
C3363,V627
C3364,V627
C3365,V627
C3366,V627
C3367,V628
C3368,V628
C3369,V628
C3370,V628
C3371,V628
C3372,V628
C3373,V628
C3374,V628
C3375,V628
C3376,V628
C3377,V628
C3378,V628
C3379,V628
C3380,V628
C3381,V628
C3382,V628
C3383,V628
C3384,V628
C3385,V628
C3386,V628
C3387,V628
C3388,V628
C3389,V628
C3390,V628
C3391,V629
C3392,V630
C3393,V631
C3394,V632
C3395,V632
C3396,V632
C3397,V632
C3398,V632
C3399,V633
C3400,V633
C3401,V633
C3402,V633
C3403,V633
C3404,V633
C3405,V633
C3406,V633
C3407,V633
C3408,V633
C3409,V633
C3410,V633
C3411,V633
C3412,V633
C3413,V633
C3414,V633
C3415,V633
C3416,V633
C3417,V634
C3418,V634
C3419,V634
C3420,V634
C3421,V634
C3422,V634
C3423,V634
C3424,V634
C3425,V634
C3426,V634
C3427,V634
C3428,V634
C3429,V634
C3430,V634
C3431,V634
C3432,V634
C3433,V634
C3434,V634
C3435,V634
C3436,V634
C3437,V634
C3438,V634
C3439,V634
C3440,V634
C3441,V634
C3442,V634
C3443,V634
C3444,V635
C3445,V635
C3446,V635
C3447,V635
C3448,V635
C3449,V636
C3450,V636
C3451,V636
C3452,V636
C3453,V637
C3454,V637
C3455,V637
C3456,V637
C3457,V637
C3458,V637
C3459,V637
C3460,V638
C3461,V638
C3462,V638
C3463,V638
C3464,V638
C3465,V638
C3466,V638
C3467,V638
C3468,V638
C3469,V638
C3470,V638
C3471,V638
C3472,V638
C3473,V638
C3474,V638
C3475,V638
C3476,V638
C3477,V638
C3478,V639
C3479,V640
C3480,V640
C3481,V640
C3482,V640
C3483,V641
C3484,V641
C3485,V641
C3486,V641
C3487,V642
C3488,V642
C3489,V642
C3490,V642
C3491,V642
C3492,V642
C3493,V643
C3494,V643
C3495,V643
C3496,V643
C3497,V643
C3498,V643
C3499,V643
C3500,V644
C3501,V644
C3502,V644
C3503,V644
C3504,V644
C3505,V644
C3506,V644
C3507,V644
C3508,V644
C3509,V644
C3510,V644
C3511,V644
C3512,V644
C3513,V644
C3514,V644
C3515,V644
C3516,V645
C3517,V645
C3518,V645
C3519,V645
C3520,V646
C3521,V646
C3522,V646
C3523,V646
C3524,V646
C3525,V646
C3526,V646
C3527,V646
C3528,V646
C3529,V646
C3530,V646
C3531,V646
C3532,V646
C3533,V646
C3534,V646
C3535,V646
C3536,V646
C3537,V646
C3538,V646
C3539,V646
C3540,V647
C3541,V648
C3542,V648
C3543,V648
C3544,V648
C3545,V648
C3546,V648
C3547,V648
C3548,V648
C3549,V648
C3550,V648
C3551,V648
C3552,V648
C3553,V648
C3554,V648
C3555,V648
C3556,V648
C3557,V648
C3558,V648
C3559,V648
C3560,V649
C3561,V649
C3562,V649
C3563,V649
C3564,V649
C3565,V649
C3566,V649
C3567,V649
C3568,V649
C3569,V649
C3570,V649
C3571,V649
C3572,V649
C3573,V649
C3574,V649
C3575,V649
C3576,V649
C3577,V649
C3578,V649
C3579,V649
C3580,V649
C3581,V649
C3582,V649
C3583,V649
C3584,V649
C3585,V649
C3586,V649
C3587,V649
C3588,V649
C3589,V649
C3590,V649
C3591,V649
C3592,V649
C3593,V649
C3594,V649
C3595,V649
C3596,V649
C3597,V649
C3598,V649
C3599,V649
C3600,V650
C3601,V650
C3602,V650
C3603,V650
C3604,V650
C3605,V650
C3606,V650
C3607,V650
C3608,V650
C3609,V650
C3610,V650
C3611,V650
C3612,V650
C3613,V650
C3614,V650
C3615,V650
C3616,V650
C3617,V650
C3618,V650
C3619,V650
C3620,V650
C3621,V650
C3622,V650
C3623,V650
C3624,V650
C3625,V650
C3626,V650
C3627,V650
C3628,V650
C3629,V650
C3630,V650
C3631,V650
C3632,V650
C3633,V650
C3634,V650
C3635,V650
C3636,V650
C3637,V650
C3638,V650
C3639,V650
C3640,V650
C3641,V650
C3642,V650
C3643,V650
C3644,V651
C3645,V651
C3646,V651
C3647,V651
C3648,V651
C3649,V651
C3650,V651
C3651,V651
C3652,V651
C3653,V651
C3654,V651
C3655,V651
C3656,V651
C3657,V651
C3658,V651
C3659,V651
C3660,V651
C3661,V651
C3662,V651
C3663,V651
C3664,V651
C3665,V651
C3666,V651
C3667,V651
C3668,V651
C3669,V651
C3670,V651
C3671,V651
C3672,V651
C3673,V651
C3674,V651
C3675,V651
C3676,V651
C3677,V652
C3678,V653
C3679,V653
C3680,V653
C3681,V653
C3682,V653
C3683,V653
C3684,V653
C3685,V653
C3686,V653
C3687,V653
C3688,V653
C3689,V653
C3690,V653
C3691,V653
C3692,V653
C3693,V653
C3694,V653
C3695,V653
C3696,V653
C3697,V653
C3698,V653
C3699,V653
C3700,V653
C3701,V654
C3702,V654
C3703,V654
C3704,V654
C3705,V654
C3706,V654
C3707,V654
C3708,V654
C3709,V654
C3710,V654
C3711,V654
C3712,V654
C3713,V654
C3714,V654
C3715,V654
C3716,V654
C3717,V654
C3718,V654
C3719,V654
C3720,V654
C3721,V654
C3722,V654
C3723,V654
C3724,V654
C3725,V654
C3726,V654
C3727,V654
C3728,V654
C3729,V654
C3730,V654
C3731,V654
C3732,V654
C3733,V655
C3734,V655
C3735,V655
C3736,V655
C3737,V655
C3738,V655
C3739,V655
C3740,V655
C3741,V655
C3742,V655
C3743,V655
C3744,V655
C3745,V655
C3746,V655
C3747,V655
C3748,V655
C3749,V655
C3750,V655
C3751,V655
C3752,V655
C3753,V655
C3754,V655
C3755,V656
C3756,V656
C3757,V656
C3758,V656
C3759,V656
C3760,V656
C3761,V656
C3762,V656
C3763,V656
C3764,V656
C3765,V656
C3766,V656
C3767,V656
C3768,V656
C3769,V656
C3770,V656
C3771,V656
C3772,V656
C3773,V656
C3774,V656
C3775,V656
C3776,V656
C3777,V656
C3778,V656
C3779,V656
C3780,V656
C3781,V656
C3782,V656
C3783,V657
C3784,V657
C3785,V657
C3786,V657
C3787,V657
C3788,V657
C3789,V657
C3790,V657
C3791,V657
C3792,V657
C3793,V657
C3794,V657
C3795,V657
C3796,V657
C3797,V657
C3798,V657
C3799,V657
C3800,V657
C3801,V657
C3802,V657
C3803,V657
C3804,V657
C3805,V657
C3806,V657
C3807,V657
C3808,V657
C3809,V657
C3810,V657
C3811,V657
C3812,V657
C3813,V657
C3814,V658
C3815,V658
C3816,V658
C3817,V658
C3818,V658
C3819,V658
C3820,V658
C3821,V658
C3822,V658
C3823,V658
C3824,V658
C3825,V658
C3826,V658
C3827,V658
C3828,V658
C3829,V658
C3830,V658
C3831,V658
C3832,V659
C3833,V659
C3834,V659
C3835,V659
C3836,V659
C3837,V659
C3838,V659
C3839,V659
C3840,V659
C3841,V659
C3842,V659
C3843,V659
C3844,V659
C3845,V659
C3846,V659
C3847,V659
C3848,V659
C3849,V659
C3850,V659
C3851,V659
C3852,V659
C3853,V659
C3854,V659
C3855,V659
C3856,V659
C3857,V659
C3858,V659
C3859,V659
C3860,V659
C3861,V659
C3862,V659
C3863,V659
C3864,V659
C3865,V660
C3866,V660
C3867,V660
C3868,V660
C3869,V661
C3870,V661
C3871,V661
C3872,V661
C3873,V661
C3874,V661
C3875,V661
C3876,V661
C3877,V661
C3878,V661
C3879,V661
C3880,V661
C3881,V661
C3882,V661
C3883,V661
C3884,V661
C3885,V661
C3886,V661
C3887,V661
C3888,V661
C3889,V661
C3890,V661
C3891,V661
C3892,V661
C3893,V661
C3894,V662
C3895,V662
C3896,V662
C3897,V662
C3898,V662
C3899,V662
C3900,V662
C3901,V662
C3902,V662
C3903,V662
C3904,V662
C3905,V663
C3906,V663
C3907,V663
C3908,V663
C3909,V663
C3910,V663
C3911,V663
C3912,V663
C3913,V663
C3914,V663
C3915,V663
C3916,V663
C3917,V663
C3918,V663
C3919,V663
C3920,V663
C3921,V663
C3922,V663
C3923,V663
C3924,V663
C3925,V663
C3926,V663
C3927,V663
C3928,V664
C3929,V664
C3930,V664
C3931,V664
C3932,V664
C3933,V664
C3934,V664
C3935,V664
C3936,V664
C3937,V664
C3938,V664
C3939,V664
C3940,V664
C3941,V664
C3942,V664
C3943,V664
C3944,V664
C3945,V664
C3946,V664
C3947,V664
C3948,V664
C3949,V665
C3950,V665
C3951,V665
C3952,V665
C3953,V665
C3954,V665
C3955,V665
C3956,V665
C3957,V665
C3958,V665
C3959,V665
C3960,V665
C3961,V665
C3962,V665
C3963,V665
C3964,V665
C3965,V665
C3966,V665
C3967,V665
C3968,V665
C3969,V665
C3970,V666
C3971,V666
C3972,V666
C3973,V666
C3974,V666
C3975,V666
C3976,V666
C3977,V666
C3978,V666
C3979,V666
C3980,V666
C3981,V666
C3982,V666
C3983,V666
C3984,V666
C3985,V666
C3986,V666
C3987,V666
C3988,V666
C3989,V666
C3990,V666
C3991,V666
C3992,V666
C3993,V666
C3994,V667
C3995,V667
C3996,V667
C3997,V667
C3998,V667
C3999,V667
C4000,V667
C4001,V667
C4002,V667
C4003,V667
C4004,V667
C4005,V667
C4006,V668
C4007,V669
C4008,V670
C4009,V671
C4010,V671
C4011,V671
C4012,V671
C4013,V671
C4014,V671
C4015,V671
C4016,V671
C4017,V671
C4018,V671
C4019,V671
C4020,V671
C4021,V671
C4022,V671
C4023,V671
C4024,V671
C4025,V671
C4026,V671
C4027,V671
C4028,V671
C4029,V671
C4030,V671
C4031,V671
C4032,V672
C4033,V672
C4034,V672
C4035,V672
C4036,V672
C4037,V672
C4038,V672
C4039,V672
C4040,V672
C4041,V672
C4042,V672
C4043,V672
C4044,V672
C4045,V672
C4046,V672
C4047,V672
C4048,V672
C4049,V672
C4050,V672
C4051,V672
C4052,V672
C4053,V673
C4054,V673
C4055,V673
C4056,V673
C4057,V673
C4058,V673
C4059,V673
C4060,V673
C4061,V673
C4062,V673
C4063,V673
C4064,V673
C4065,V673
C4066,V673
C4067,V673
C4068,V673
C4069,V673
C4070,V673
C4071,V673
C4072,V673
C4073,V673
C4074,V673
C4075,V673
C4076,V673
C4077,V673
C4078,V673
C4079,V673
C4080,V673
C4081,V673
C4082,V673
C4083,V673
C4084,V673
C4085,V673
C4086,V673
C4087,V673
C4088,V673
C4089,V673
C4090,V673
C4091,V673
C4092,V673
C4093,V673
C4094,V673
C4095,V673
C4096,V673
C4097,V673
C4098,V674
C4099,V674
C4100,V674
C4101,V674
C4102,V674
C4103,V674
C4104,V674
C4105,V674
C4106,V674
C4107,V674
C4108,V674
C4109,V674
C4110,V674
C4111,V674
C4112,V674
C4113,V674
C4114,V675
C4115,V676
C4116,V676
C4117,V676
C4118,V676
C4119,V676
C4120,V676
C4121,V676
C4122,V676
C4123,V676
C4124,V676
C4125,V676
C4126,V676
C4127,V676
C4128,V676
C4129,V676
C4130,V676
C4131,V676
C4132,V676
C4133,V676
C4134,V676
C4135,V676
C4136,V676
C4137,V676
C4138,V676
C4139,V676
C4140,V676
C4141,V676
C4142,V676
C4143,V676
C4144,V676
C4145,V676
C4146,V676
C4147,V676
C4148,V676
C4149,V676
C4150,V676
C4151,V676
C4152,V676
C4153,V676
C4154,V676
C4155,V676
C4156,V676
C4157,V676
C4158,V677
C4159,V677
C4160,V677
C4161,V677
C4162,V677
C4163,V677
C4164,V677
C4165,V677
C4166,V677
C4167,V677
C4168,V677
C4169,V677
C4170,V677
C4171,V677
C4172,V677
C4173,V677
C4174,V677
C4175,V677
C4176,V677
C4177,V677
C4178,V677
C4179,V677
C4180,V677
C4181,V677
C4182,V677
C4183,V677
C4184,V677
C4185,V677
C4186,V677
C4187,V677
C4188,V677
C4189,V677
C4190,V677
C4191,V677
C4192,V677
C4193,V677
C4194,V677
C4195,V677
C4196,V677
C4197,V677
C4198,V677
C4199,V677
C4200,V677
C4201,V677
C4202,V677
C4203,V677
C4204,V677
C4205,V677
C4206,V677
C4207,V677
C4208,V677
C4209,V677
C4210,V677
C4211,V677
C4212,V677
C4213,V677
C4214,V677
C4215,V677
C4216,V677
C4217,V677
C4218,V677
C4219,V677
C4220,V677
C4221,V677
C4222,V677
C4223,V677
C4224,V678
C4225,V678
C4226,V678
C4227,V678
C4228,V678
C4229,V678
C4230,V678
C4231,V678
C4232,V678
C4233,V678
C4234,V678
C4235,V678
C4236,V678
C4237,V678
C4238,V678
C4239,V678
C4240,V678
C4241,V678
C4242,V678
C4243,V678
C4244,V678
C4245,V678
C4246,V678
C4247,V678
C4248,V678
C4249,V678
C4250,V678
C4251,V678
C4252,V678
C4253,V678
C4254,V678
C4255,V678
C4256,V678
C4257,V678
C4258,V678
C4259,V678
C4260,V678
C4261,V678
C4262,V678
C4263,V678
C4264,V678
C4265,V678
C4266,V678
C4267,V678
C4268,V679
C4269,V679
C4270,V679
C4271,V679
C4272,V679
C4273,V679
C4274,V679
C4275,V679
C4276,V679
C4277,V680
C4278,V680
C4279,V680
C4280,V680
C4281,V680
C4282,V680
C4283,V680
C4284,V680
C4285,V680
C4286,V680
C4287,V680
C4288,V680
C4289,V680
C4290,V680
C4291,V680
C4292,V680
C4293,V680
C4294,V680
C4295,V680
C4296,V680
C4297,V680
C4298,V680
C4299,V680
C4300,V680
C4301,V680
C4302,V680
C4303,V680
C4304,V680
C4305,V680
C4306,V680
C4307,V680
C4308,V680
C4309,V680
C4310,V680
C4311,V680
C4312,V680
C4313,V680
C4314,V680
C4315,V680
C4316,V680
C4317,V680
C4318,V680
C4319,V680
C4320,V680
C4321,V680
C4322,V680
C4323,V680
C4324,V680
C4325,V680
C4326,V680
C4327,V680
C4328,V680
C4329,V680
C4330,V680
C4331,V680
C4332,V680
C4333,V680
C4334,V680
C4335,V680
C4336,V680
C4337,V680
C4338,V680
C4339,V680
C4340,V680
C4341,V680
C4342,V680
C4343,V680
C4344,V680
C4345,V680
C4346,V680
C4347,V680
C4348,V681
C4349,V681
C4350,V681
C4351,V681
C4352,V681
C4353,V681
C4354,V681
C4355,V681
C4356,V681
C4357,V681
C4358,V681
C4359,V681
C4360,V681
C4361,V681
C4362,V681
C4363,V681
C4364,V681
C4365,V681
C4366,V681
C4367,V681
C4368,V681
C4369,V681
C4370,V681
C4371,V681
C4372,V681
C4373,V681
C4374,V681
C4375,V681
C4376,V681
C4377,V681
C4378,V681
C4379,V681
C4380,V681
C4381,V681
C4382,V681
C4383,V681
C4384,V681
C4385,V681
C4386,V682
C4387,V682
C4388,V682
C4389,V682
C4390,V682
C4391,V682
C4392,V682
C4393,V682
C4394,V682
C4395,V682
C4396,V682
C4397,V682
C4398,V682
C4399,V682
C4400,V682
C4401,V682
C4402,V682
C4403,V682
C4404,V682
C4405,V682
C4406,V682
C4407,V682
C4408,V682
C4409,V682
C4410,V682
C4411,V682
C4412,V682
C4413,V682
C4414,V682
C4415,V682
C4416,V682
C4417,V682
C4418,V682
C4419,V683
C4420,V683
C4421,V683
C4422,V683
C4423,V683
C4424,V683
C4425,V683
C4426,V683
C4427,V683
C4428,V683
C4429,V683
C4430,V683
C4431,V683
C4432,V683
C4433,V683
C4434,V683
C4435,V683
C4436,V683
C4437,V683
C4438,V683
C4439,V683
C4440,V683
C4441,V683
C4442,V683
C4443,V683
C4444,V683
C4445,V683
C4446,V683
C4447,V683
C4448,V683
C4449,V683
C4450,V683
C4451,V683
C4452,V683
C4453,V683
C4454,V683
C4455,V683
C4456,V683
C4457,V684
C4458,V684
C4459,V684
C4460,V684
C4461,V684
C4462,V684
C4463,V684
C4464,V684
C4465,V684
C4466,V684
C4467,V684
C4468,V684
C4469,V684
C4470,V685
C4471,V685
C4472,V685
C4473,V685
C4474,V685
C4475,V685
C4476,V685
C4477,V685
C4478,V685
C4479,V685
C4480,V685
C4481,V685
C4482,V686
C4483,V686
C4484,V686
C4485,V686
C4486,V686
C4487,V686
C4488,V686
C4489,V686
C4490,V686
C4491,V686
C4492,V686
C4493,V686
C4494,V686
C4495,V686
C4496,V686
C4497,V686
C4498,V686
C4499,V686
C4500,V686
C4501,V686
C4502,V687
C4503,V687
C4504,V687
C4505,V687
C4506,V687
C4507,V687
C4508,V687
C4509,V687
C4510,V687
C4511,V687
C4512,V687
C4513,V687
C4514,V687
C4515,V687
C4516,V687
C4517,V687
C4518,V687
C4519,V687
C4520,V687
C4521,V688
C4522,V688
C4523,V688
C4524,V688
C4525,V688
C4526,V688
C4527,V688
C4528,V688
C4529,V688
C4530,V688
C4531,V688
C4532,V689
C4533,V689
C4534,V689
C4535,V689
C4536,V689
C4537,V689
C4538,V689
C4539,V689
C4540,V689
C4541,V689
C4542,V689
C4543,V689
C4544,V689
C4545,V689
C4546,V689
C4547,V689
C4548,V689
C4549,V689
C4550,V689
C4551,V689
C4552,V689
C4553,V689
C4554,V689
C4555,V689
C4556,V689
C4557,V689
C4558,V689
C4559,V689
C4560,V689
C4561,V690
C4562,V691
C4563,V692
C4564,V693
C4565,V694
C4566,V695
C4567,V696
C4568,V697
C4569,V698
C4570,V699
C4571,V700
C4572,V701
C4573,V701
C4574,V701
C4575,V701
C4576,V701
C4577,V701
C4578,V701
C4579,V701
C4580,V701
C4581,V701
C4582,V701
C4583,V701
C4584,V701
C4585,V701
C4586,V701
C4587,V701
C4588,V701
C4589,V701
C4590,V701
C4591,V701
C4592,V701
C4593,V701
C4594,V701
C4595,V701
C4596,V702
C4597,V702
C4598,V702
C4599,V702
C4600,V702
C4601,V703
C4602,V703
C4603,V703
C4604,V703
C4605,V703
C4606,V703
C4607,V703
C4608,V704
C4609,V704
C4610,V704
C4611,V704
C4612,V704
C4613,V704
C4614,V704
C4615,V704
C4616,V705
C4617,V705
C4618,V705
C4619,V705
C4620,V705
C4621,V705
C4622,V705
C4623,V705
C4624,V705
C4625,V705
C4626,V705
C4627,V705
C4628,V705
C4629,V706
C4630,V706
C4631,V706
C4632,V706
C4633,V706
C4634,V706
C4635,V706
C4636,V706
C4637,V706
C4638,V706
C4639,V706
C4640,V707
C4641,V708
C4642,V709
C4643,V710
C4644,V710
C4645,V710
C4646,V710
C4647,V710
C4648,V711
C4649,V711
C4650,V711
C4651,V711
C4652,V711
C4653,V711
C4654,V711
C4655,V711
C4656,V712
C4657,V712
C4658,V712
C4659,V712
C4660,V712
C4661,V712
C4662,V712
C4663,V713
C4664,V713
C4665,V713
C4666,V713
C4667,V714
C4668,V714
C4669,V714
C4670,V714
C4671,V714
C4672,V714
C4673,V714
C4674,V714
C4675,V714
C4676,V714
C4677,V714
C4678,V714
C4679,V714
C4680,V714
C4681,V714
C4682,V714
C4683,V714
C4684,V714
C4685,V714
C4686,V714
C4687,V714
C4688,V715
C4689,V715
C4690,V715
C4691,V716
C4692,V716
C4693,V716
C4694,V716
C4695,V716
C4696,V716
C4697,V716
C4698,V716
C4699,V716
C4700,V716
C4701,V716
C4702,V716
C4703,V716
C4704,V717
C4705,V717
C4706,V717
C4707,V717
C4708,V717
C4709,V717
C4710,V717
C4711,V717
C4712,V717
C4713,V717
C4714,V717
C4715,V717
C4716,V717
C4717,V717
C4718,V717
C4719,V717
C4720,V718
C4721,V718
C4722,V718
C4723,V718
C4724,V718
C4725,V718
C4726,V718
C4727,V718
C4728,V718
C4729,V718
C4730,V718
C4731,V718
C4732,V718
C4733,V719
C4734,V719
C4735,V719
C4736,V719
C4737,V719
C4738,V719
C4739,V719
C4740,V719
C4741,V719
C4742,V719
C4743,V719
C4744,V719
C4745,V719
C4746,V719
C4747,V719
C4748,V719
C4749,V719
C4750,V719
C4751,V719
C4752,V719
C4753,V719
C4754,V719
C4755,V719
C4756,V719
C4757,V719
C4758,V719
C4759,V719
C4760,V719
C4761,V719
C4762,V719
C4763,V719
C4764,V719
C4765,V719
C4766,V719
C4767,V719
C4768,V719
C4769,V720
C4770,V721
C4771,V722
C4772,V722
C4773,V722
C4774,V722
C4775,V723
C4776,V723
C4777,V723
C4778,V723
C4779,V724
C4780,V724
C4781,V724
C4782,V724
C4783,V725
C4784,V725
C4785,V725
C4786,V725
C4787,V725
C4788,V725
C4789,V725
C4790,V726
C4791,V726
C4792,V726
C4793,V726
C4794,V726
C4795,V726
C4796,V727
C4797,V727
C4798,V727
C4799,V727
C4800,V728
C4801,V728
C4802,V728
C4803,V728
C4804,V728
C4805,V729
C4806,V729
C4807,V729
C4808,V729
C4809,V729
C4810,V729
C4811,V729
C4812,V729
C4813,V730
C4814,V730
C4815,V730
C4816,V730
C4817,V730
C4818,V731
C4819,V731
C4820,V731
C4821,V731
C4822,V731
C4823,V731
C4824,V731
C4825,V731
C4826,V732
C4827,V732
C4828,V732
C4829,V732
C4830,V732
C4831,V732
C4832,V732
C4833,V732
C4834,V732
C4835,V732
C4836,V732
C4837,V732
C4838,V733
C4839,V733
C4840,V733
C4841,V733
C4842,V733
C4843,V733
C4844,V733
C4845,V733
C4846,V733
C4847,V733
C4848,V733
C4849,V733
C4850,V734
C4851,V734
C4852,V734
C4853,V734
C4854,V734
C4855,V734
C4856,V734
C4857,V734
C4858,V734
C4859,V734
C4860,V734
C4861,V734
C4862,V734
C4863,V734
C4864,V734
C4865,V734
C4866,V734
C4867,V734
C4868,V734
C4869,V734
C4870,V734
C4871,V734
C4872,V734
C4873,V734
C4874,V734
C4875,V734
C4876,V734
C4877,V734
C4878,V734
C4879,V734
C4880,V734
C4881,V734
C4882,V734
C4883,V734
C4884,V734
C4885,V734
C4886,V734
C4887,V734
C4888,V734
C4889,V734
C4890,V734
C4891,V735
C4892,V735
C4893,V735
C4894,V735
C4895,V735
C4896,V735
C4897,V735
C4898,V735
C4899,V735
C4900,V735
C4901,V735
C4902,V735
C4903,V735
C4904,V735
C4905,V735
C4906,V735
C4907,V735
C4908,V735
C4909,V735
C4910,V735
C4911,V735
C4912,V735
C4913,V735
C4914,V736
C4915,V736
C4916,V736
C4917,V736
C4918,V736
C4919,V736
C4920,V736
C4921,V736
C4922,V736
C4923,V736
C4924,V736
C4925,V736
C4926,V736
C4927,V736
C4928,V736
C4929,V736
C4930,V736
C4931,V736
C4932,V736
C4933,V736
C4934,V736
C4935,V736
C4936,V736
C4937,V736
C4938,V736
C4939,V736
C4940,V736
C4941,V736
C4942,V736
C4943,V736
C4944,V736
C4945,V736
C4946,V736
C4947,V736
C4948,V737
C4949,V737
C4950,V737
C4951,V737
C4952,V737
C4953,V737
C4954,V737
C4955,V737
C4956,V737
C4957,V737
C4958,V737
C4959,V737
C4960,V737
C4961,V738
C4962,V738
C4963,V738
C4964,V738
C4965,V738
C4966,V738
C4967,V738
C4968,V738
C4969,V738
C4970,V738
C4971,V738
C4972,V738
C4973,V738
C4974,V738
C4975,V738
C4976,V738
C4977,V738
C4978,V738
C4979,V738
C4980,V738
C4981,V738
C4982,V739
C4983,V739
C4984,V739
C4985,V739
C4986,V739
C4987,V739
C4988,V739
C4989,V739
C4990,V739
C4991,V739
C4992,V739
C4993,V739
C4994,V739
C4995,V739
C4996,V739
C4997,V739
C4998,V740
C4999,V740
C5000,V740
C5001,V740
C5002,V741
C5003,V741
C5004,V741
C5005,V741
C5006,V741
C5007,V741
C5008,V741
C5009,V741
C5010,V741
C5011,V741
C5012,V741
C5013,V741
C5014,V741
C5015,V741
C5016,V742
C5017,V742
C5018,V742
C5019,V743
C5020,V743
C5021,V743
C5022,V743
C5023,V744
C5024,V745
C5025,V746
C5026,V747
C5027,V748
C5028,V749
C5029,V749
C5030,V749
C5031,V750
C5032,V750
C5033,V750
C5034,V751
C5035,V751
C5036,V751
C5037,V751
C5038,V751
C5039,V751
C5040,V752
C5041,V752
C5042,V752
C5043,V752
C5044,V753
C5045,V753
C5046,V753
C5047,V753
C5048,V754
C5049,V755
C5050,V756
C5051,V757
C5052,V757
C5053,V757
C5054,V757
C5055,V757
C5056,V757
C5057,V757
C5058,V757
C5059,V757
C5060,V757
C5061,V758
C5062,V758
C5063,V758
C5064,V758
C5065,V758
C5066,V759
C5067,V759
C5068,V759
C5069,V759
C5070,V759
C5071,V759
C5072,V759
C5073,V759
C5074,V760
C5075,V760
C5076,V760
C5077,V760
C5078,V760
C5079,V760
C5080,V760
C5081,V760
C5082,V761
C5083,V761
C5084,V761
C5085,V761
C5086,V761
C5087,V761
C5088,V761
C5089,V761
C5090,V761
C5091,V761
C5092,V761
C5093,V761
C5094,V761
C5095,V761
C5096,V761
C5097,V761
C5098,V761
C5099,V761
C5100,V761
C5101,V761
C5102,V762
C5103,V762
C5104,V762
C5105,V762
C5106,V762
C5107,V762
C5108,V762
C5109,V762
C5110,V762
C5111,V762
C5112,V763
C5113,V763
C5114,V763
C5115,V763
C5116,V763
C5117,V763
C5118,V763
C5119,V763
C5120,V763
C5121,V763
C5122,V763
C5123,V763
C5124,V763
C5125,V763
C5126,V763
C5127,V764
C5128,V764
C5129,V764
C5130,V764
C5131,V764
C5132,V764
C5133,V764
C5134,V764
C5135,V765
C5136,V765
C5137,V765
C5138,V765
C5139,V765
C5140,V765
C5141,V765
C5142,V765
C5143,V765
C5144,V765
C5145,V766
C5146,V766
C5147,V766
C5148,V766
C5149,V766
C5150,V766
C5151,V767
C5152,V767
C5153,V767
C5154,V767
C5155,V767
C5156,V767
C5157,V767
C5158,V767
C5159,V768
C5160,V768
C5161,V768
C5162,V768
C5163,V768
C5164,V768
C5165,V768
C5166,V768
C5167,V768
C5168,V768
C5169,V768
C5170,V768
C5171,V768
C5172,V768
C5173,V768
C5174,V768
C5175,V768
C5176,V769
C5177,V769
C5178,V769
C5179,V769
C5180,V769
C5181,V769
C5182,V769
C5183,V769
C5184,V769
C5185,V769
C5186,V769
C5187,V769
C5188,V769
C5189,V769
C5190,V769
C5191,V769
C5192,V769
C5193,V769
C5194,V769
C5195,V769
C5196,V770
C5197,V771
C5198,V772
C5199,V773
C5200,V774
C5201,V775
C5202,V776
C5203,V777
C5204,V778
C5205,V779
C5206,V780
C5207,V781
C5208,V781
C5209,V782
C5210,V782
C5211,V783
C5212,V783
C5213,V783
C5214,V784
C5215,V784
C5216,V784
C5217,V785
C5218,V785
C5219,V785
C5220,V785
C5221,V786
C5222,V786
C5223,V787
C5224,V788
C5225,V789
C5226,V790
C5227,V791
C5228,V792
C5229,V793
C5230,V794
C5231,V795
C5232,V796
C5233,V796
C5234,V796
C5235,V797
C5236,V797
C5237,V797
C5238,V798
C5239,V798
C5240,V798
C5241,V798
C5242,V798
C5243,V798
C5244,V799
C5245,V799
C5246,V799
C5247,V800
C5248,V800
C5249,V800
C5250,V800
C5251,V800
C5252,V800
C5253,V801
C5254,V801
C5255,V801
C5256,V802
C5257,V802
C5258,V802
C5259,V802
C5260,V803
C5261,V803
C5262,V803
C5263,V803
C5264,V803
C5265,V804
C5266,V804
C5267,V805
C5268,V806
C5269,V806
C5270,V807
C5271,V807
C5272,V808
C5273,V808
C5274,V808
C5275,V809
C5276,V809
C5277,V809
C5278,V810
C5279,V810
C5280,V810
C5281,V810
C5282,V811
C5283,V811
C5284,V811
C5285,V811
C5286,V812
C5287,V812
C5288,V812
C5289,V812
C5290,V812
C5291,V813
C5292,V813
C5293,V813
C5294,V813
C5295,V814
C5296,V814
C5297,V814
C5298,V814
C5299,V814
C5300,V814
C5301,V815
C5302,V815
C5303,V816
C5304,V816
C5305,V817
C5306,V818
C5307,V819
C5308,V820
C5309,V821
C5310,V822
C5311,V823
C5312,V824
C5313,V825
C5314,V826
C5315,V827
C5316,V828
C5317,V829
C5318,V829
C5319,V829
C5320,V829
C5321,V829
C5322,V829
C5323,V829
C5324,V830
C5325,V830
C5326,V830
C5327,V831
C5328,V831
C5329,V831
C5330,V832
C5331,V832
C5332,V833
C5333,V833
C5334,V833
C5335,V833
C5336,V834
C5337,V834
C5338,V835
C5339,V835
C5340,V836
C5341,V836
C5342,V836
C5343,V836
C5344,V837
C5345,V838
C5346,V839
C5347,V840
C5348,V841
C5349,V842
C5350,V843
C5351,V844
C5352,V845
C5353,V846
C5354,V847
C5355,V847
C5356,V847
C5357,V847
C5358,V847
C5359,V847
C5360,V847
C5361,V847
C5362,V847
C5363,V848
C5364,V848
C5365,V849
C5366,V849
C5367,V850
C5368,V850
C5369,V850
C5370,V851
C5371,V851
C5372,V852
C5373,V852
C5374,V852
C5375,V853
C5376,V854
C5377,V855
C5378,V856
C5379,V857
C5380,V858
C5381,V859
C5382,V859
C5383,V859
C5384,V860
C5385,V860
C5386,V860
C5387,V861
C5388,V861
C5389,V862
C5390,V862
C5391,V862
C5392,V863
C5393,V863
C5394,V864
C5395,V864
C5396,V864
C5397,V865
C5398,V865
C5399,V865
C5400,V865
C5401,V866
C5402,V866
C5403,V866
C5404,V867
C5405,V867
C5406,V867
C5407,V868
C5408,V868
C5409,V868
C5410,V869
C5411,V869
C5412,V870
C5413,V870
C5414,V870
C5415,V870
C5416,V871
C5417,V871
C5418,V872
C5419,V872
C5420,V872
C5421,V872
C5422,V873
C5423,V874
C5424,V875
C5425,V875
C5426,V875
C5427,V876
C5428,V876
C5429,V876
C5430,V877
C5431,V877
C5432,V878
C5433,V878
C5434,V878
C5435,V879
C5436,V879
C5437,V879
C5438,V880
C5439,V881
C5440,V882
C5441,V883
C5442,V883
C5443,V884
C5444,V884
C5445,V884
C5446,V884
C5447,V885
C5448,V885
C5449,V886
C5450,V886
C5451,V887
C5452,V887
C5453,V887
C5454,V888
C5455,V888
C5456,V888
C5457,V888
C5458,V889
C5459,V889
C5460,V889
C5461,V890
C5462,V890
C5463,V890
C5464,V891
C5465,V891
C5466,V891
C5467,V891
C5468,V892
C5469,V893
C5470,V894
C5471,V895
C5472,V896
C5473,V897
C5474,V898
C5475,V899
C5476,V899
C5477,V899
C5478,V900
C5479,V900
C5480,V901
C5481,V901
C5482,V902
C5483,V902
C5484,V902
C5485,V902
C5486,V903
C5487,V904
C5488,V905
C5489,V906
C5490,V907
C5491,V908
C5492,V908
C5493,V909
C5494,V909
C5495,V910
C5496,V910
C5497,V911
C5498,V912
C5499,V913
C5500,V914
C5501,V915
C5502,V916
C5503,V916
C5504,V916
C5505,V917
C5506,V917
C5507,V917
C5508,V918
C5509,V918
C5510,V918
C5511,V918
C5512,V918
C5513,V918
C5514,V918
C5515,V918
C5516,V919
C5517,V919
C5518,V920
C5519,V920
C5520,V920
C5521,V920
C5522,V920
C5523,V920
C5524,V921
C5525,V921
C5526,V921
C5527,V921
C5528,V921
C5529,V922
C5530,V922
C5531,V923
C5532,V923
C5533,V923
C5534,V923
C5535,V923
C5536,V924
C5537,V924
C5538,V924
C5539,V925
C5540,V926
C5541,V927
C5542,V928
C5543,V929
C5544,V930
C5545,V931
C5546,V932
C5547,V933
C5548,V934
C5549,V935
C5550,V936
C5551,V937
C5552,V938
C5553,V939
C5554,V940
C5555,V941
C5556,V942
C5557,V943
C5558,V943
C5559,V944
C5560,V944
C5561,V945
C5562,V945
C5563,V945
C5564,V945
C5565,V946
C5566,V946
C5567,V947
C5568,V947
C5569,V948
C5570,V948
C5571,V949
C5572,V949
C5573,V950
C5574,V951
C5575,V952
C5576,V953
C5577,V953
C5578,V954
C5579,V954
C5580,V955
C5581,V955
C5582,V955
C5583,V955
C5584,V956
C5585,V956
C5586,V956
C5587,V957
C5588,V957
C5589,V957
C5590,V957
C5591,V957
C5592,V958
C5593,V958
C5594,V959
C5595,V959
C5596,V960
C5597,V961
C5598,V962
C5599,V963
C5600,V964
C5601,V964
C5602,V964
C5603,V965
C5604,V965
C5605,V966
C5606,V966
C5607,V966
C5608,V967
C5609,V967
C5610,V968
C5611,V968
C5612,V968
C5613,V968
C5614,V969
C5615,V969
C5616,V969
C5617,V969
C5618,V970
C5619,V970
C5620,V970
C5621,V971
C5622,V971
C5623,V972
C5624,V972
C5625,V973
C5626,V974
C5627,V975
C5628,V976
C5629,V977
C5630,V978
C5631,V979
C5632,V980
C5633,V981
C5634,V982
C5635,V983
C5636,V984
C5637,V985
C5638,V986
C5639,V987
C5640,V988
C5641,V989
C5642,V990
C5643,V991
C5644,V992
C5645,V992
C5646,V993
C5647,V993
C5648,V993
C5649,V993
C5650,V993
C5651,V994
C5652,V994
C5653,V995
C5654,V995
C5655,V995
C5656,V995
C5657,V996
C5658,V996
C5659,V996
C5660,V996
C5661,V997
C5662,V997
C5663,V997
C5664,V998
C5665,V998
C5666,V998
C5667,V998
C5668,V999
C5669,V999
C5670,V999
C5671,V1000
C5672,V1000
C5673,V1000
C5674,V1000
C5675,V1000
C5676,V1000
C5677,V1001
C5678,V1001
C5679,V1002
C5680,V1003
C5681,V1004
C5682,V1005
C5683,V1005
C5684,V1005
C5685,V1006
C5686,V1006
C5687,V1006
C5688,V1006
C5689,V1007
C5690,V1007
C5691,V1008
C5692,V1008
C5693,V1009
C5694,V1009
C5695,V1009
C5696,V1010
C5697,V1010
C5698,V1011
C5699,V1011
C5700,V1011
C5701,V1011
C5702,V1012
C5703,V1012
C5704,V1012
C5705,V1013
C5706,V1014
C5707,V1015
C5708,V1016
C5709,V1017
C5710,V1018
C5711,V1019
C5712,V1020
C5713,V1021
C5714,V1021
C5715,V1021
C5716,V1021
C5717,V1021
C5718,V1021
C5719,V1022
C5720,V1022
C5721,V1022
C5722,V1023
C5723,V1023
C5724,V1024
C5725,V1024
C5726,V1025
C5727,V1025
C5728,V1026
C5729,V1026
C5730,V1026
C5731,V1027
C5732,V1027
C5733,V1028
C5734,V1029
C5735,V1030
C5736,V1031
C5737,V1031
C5738,V1031
C5739,V1031
C5740,V1032
C5741,V1032
C5742,V1032
C5743,V1033
C5744,V1033
C5745,V1033
C5746,V1034
C5747,V1034
C5748,V1034
C5749,V1035
C5750,V1036
C5751,V1037
C5752,V1038
C5753,V1039
C5754,V1039
C5755,V1040
C5756,V1040
C5757,V1040
C5758,V1041
C5759,V1041
C5760,V1041
C5761,V1041
C5762,V1042
C5763,V1042
C5764,V1043
C5765,V1043
C5766,V1044
C5767,V1044
C5768,V1044
C5769,V1045
C5770,V1045
C5771,V1045
C5772,V1045
C5773,V1045
C5774,V1046
C5775,V1046
C5776,V1047
C5777,V1047
C5778,V1047
C5779,V1048
C5780,V1048
C5781,V1049
C5782,V1049
C5783,V1050
C5784,V1050
C5785,V1050
C5786,V1050
C5787,V1050
C5788,V1051
C5789,V1051
C5790,V1051
C5791,V1052
C5792,V1052
C5793,V1052
C5794,V1053
C5795,V1053
C5796,V1054
C5797,V1054
C5798,V1055
C5799,V1055
C5800,V1056
C5801,V1056
C5802,V1056
C5803,V1057
C5804,V1057
C5805,V1057
C5806,V1058
C5807,V1058
C5808,V1058
C5809,V1058
C5810,V1058
C5811,V1059
C5812,V1059
C5813,V1059
C5814,V1059
C5815,V1060
C5816,V1060
C5817,V1060
C5818,V1060
C5819,V1060
C5820,V1060
C5821,V1061
C5822,V1061
C5823,V1061
C5824,V1062
C5825,V1063
C5826,V1064
C5827,V1065
C5828,V1066
C5829,V1067
C5830,V1068
C5831,V1069
C5832,V1069
C5833,V1069
C5834,V1069
C5835,V1070
C5836,V1070
C5837,V1070
C5838,V1070
C5839,V1070
C5840,V1071
C5841,V1071
C5842,V1071
C5843,V1072
C5844,V1072
C5845,V1072
C5846,V1072
C5847,V1072
C5848,V1073
C5849,V1073
C5850,V1074
C5851,V1074
C5852,V1074
C5853,V1075
C5854,V1075
C5855,V1076
C5856,V1076
C5857,V1077
C5858,V1077
C5859,V1077
C5860,V1078
C5861,V1078
C5862,V1078
C5863,V1078
C5864,V1078
C5865,V1079
C5866,V1079
C5867,V1080
C5868,V1080
C5869,V1081
C5870,V1081
C5871,V1082
C5872,V1082
C5873,V1082
C5874,V1082
C5875,V1083
C5876,V1084
C5877,V1085
C5878,V1085
C5879,V1086
C5880,V1086
C5881,V1086
C5882,V1087
C5883,V1087
C5884,V1087
C5885,V1087
C5886,V1087
C5887,V1088
C5888,V1088
C5889,V1089
C5890,V1089
C5891,V1089
C5892,V1089
C5893,V1090
C5894,V1090
C5895,V1091
C5896,V1091
C5897,V1092
C5898,V1093
C5899,V1094
C5900,V1095
C5901,V1096
C5902,V1097
C5903,V1097
C5904,V1097
C5905,V1098
C5906,V1098
C5907,V1099
C5908,V1099
C5909,V1099
C5910,V1100
C5911,V1100
C5912,V1100
C5913,V1100
C5914,V1100
C5915,V1100
C5916,V1100
C5917,V1101
C5918,V1101
C5919,V1101
C5920,V1101
C5921,V1101
C5922,V1101
C5923,V1101
C5924,V1102
C5925,V1102
C5926,V1102
C5927,V1102
C5928,V1102
C5929,V1102
C5930,V1102
C5931,V1103
C5932,V1103
C5933,V1104
C5934,V1104
C5935,V1104
C5936,V1104
C5937,V1104
C5938,V1104
C5939,V1104
C5940,V1104
C5941,V1104
C5942,V1105
C5943,V1105
C5944,V1105
C5945,V1105
C5946,V1106
C5947,V1106
C5948,V1106
C5949,V1106
C5950,V1106
C5951,V1106
C5952,V1107
C5953,V1108
C5954,V1109
C5955,V1110
C5956,V1110
C5957,V1110
C5958,V1111
C5959,V1111
C5960,V1111
C5961,V1112
C5962,V1112
C5963,V1112
C5964,V1113
C5965,V1113
C5966,V1113
C5967,V1114
C5968,V1114
C5969,V1114
C5970,V1114
C5971,V1115
C5972,V1115
C5973,V1115
C5974,V1115
C5975,V1115
C5976,V1115
C5977,V1116
C5978,V1117
C5979,V1118
C5980,V1119
C5981,V1120
C5982,V1121
C5983,V1122
C5984,V1122
C5985,V1123
C5986,V1123
C5987,V1124
C5988,V1124
C5989,V1125
C5990,V1125
C5991,V1126
C5992,V1126
C5993,V1126
C5994,V1126
C5995,V1126
C5996,V1126
C5997,V1126
C5998,V1126
C5999,V1126
C6000,V1127
C6001,V1127
C6002,V1127
C6003,V1127
C6004,V1128
C6005,V1128
C6006,V1128
C6007,V1128
C6008,V1128
C6009,V1128
C6010,V1129
C6011,V1129
C6012,V1130
C6013,V1131
C6014,V1132
C6015,V1133
C6016,V1134
C6017,V1135
C6018,V1136
C6019,V1136
C6020,V1137
C6021,V1137
C6022,V1137
C6023,V1138
C6024,V1138
C6025,V1139
C6026,V1139
C6027,V1140
C6028,V1140
C6029,V1140
C6030,V1140
C6031,V1141
C6032,V1141
C6033,V1141
C6034,V1141
C6035,V1141
C6036,V1141
C6037,V1141
C6038,V1142
C6039,V1142
C6040,V1142
C6041,V1142
C6042,V1143
C6043,V1143
C6044,V1144
C6045,V1145
C6046,V1146
C6047,V1147
C6048,V1148
C6049,V1149
C6050,V1150
C6051,V1151
C6052,V1152
C6053,V1153
C6054,V1153
C6055,V1154
C6056,V1154
C6057,V1154
C6058,V1155
C6059,V1155
C6060,V1155
C6061,V1156
C6062,V1156
C6063,V1157
C6064,V1157
C6065,V1157
C6066,V1157
C6067,V1158
C6068,V1158
C6069,V1158
C6070,V1159
C6071,V1160
C6072,V1161
C6073,V1162
C6074,V1163
C6075,V1164
C6076,V1165
C6077,V1165
C6078,V1165
C6079,V1166
C6080,V1166
C6081,V1166
C6082,V1167
C6083,V1167
C6084,V1167
C6085,V1167
C6086,V1168
C6087,V1169
C6088,V1170
C6089,V1171
C6090,V1171
C6091,V1172
C6092,V1172
C6093,V1173
C6094,V1173
C6095,V1174
C6096,V1174
C6097,V1174
C6098,V1175
C6099,V1175
C6100,V1175
C6101,V1176
C6102,V1176
C6103,V1176
C6104,V1176
C6105,V1176
C6106,V1176
C6107,V1176
C6108,V1176
C6109,V1177
C6110,V1177
C6111,V1178
C6112,V1179
C6113,V1180
C6114,V1181
C6115,V1182
C6116,V1182
C6117,V1183
C6118,V1183
C6119,V1184
C6120,V1184
C6121,V1184
C6122,V1185
C6123,V1185
C6124,V1185
C6125,V1186
C6126,V1186
C6127,V1186
C6128,V1186
C6129,V1187
C6130,V1187
C6131,V1187
C6132,V1187
C6133,V1188
C6134,V1188
C6135,V1188
C6136,V1188
C6137,V1188
C6138,V1189
C6139,V1189
C6140,V1189
C6141,V1189
C6142,V1189
C6143,V1189
C6144,V1189
C6145,V1189
C6146,V1189
C6147,V1189
C6148,V1189
C6149,V1189
C6150,V1189
C6151,V1189
C6152,V1190
C6153,V1190
C6154,V1191
C6155,V1191
C6156,V1191
C6157,V1191
C6158,V1191
C6159,V1191
C6160,V1191
C6161,V1191
C6162,V1191
C6163,V1191
C6164,V1191
C6165,V1191
C6166,V1191
C6167,V1192
C6168,V1193
C6169,V1193
C6170,V1193
C6171,V1193
C6172,V1193
C6173,V1193
C6174,V1193
C6175,V1193
C6176,V1193
C6177,V1193
C6178,V1194
C6179,V1194
C6180,V1195
C6181,V1195
C6182,V1195
C6183,V1195
C6184,V1195
C6185,V1195
C6186,V1195
C6187,V1195
C6188,V1196
C6189,V1196
C6190,V1196
C6191,V1196
C6192,V1196
C6193,V1197
C6194,V1197
C6195,V1197
C6196,V1197
C6197,V1198
C6198,V1198
C6199,V1198
C6200,V1198
C6201,V1199
C6202,V1199
C6203,V1199
C6204,V1199
C6205,V1199
C6206,V1199
C6207,V1199
C6208,V1200
C6209,V1200
C6210,V1201
C6211,V1201
C6212,V1202
C6213,V1203
C6214,V1203
C6215,V1203
C6216,V1204
C6217,V1204
C6218,V1205
C6219,V1205
C6220,V1205
C6221,V1205
C6222,V1206
C6223,V1206
C6224,V1206
C6225,V1206
C6226,V1206
C6227,V1207
C6228,V1207
C6229,V1207
C6230,V1208
C6231,V1208
C6232,V1209
C6233,V1209
C6234,V1209
C6235,V1210
C6236,V1211
C6237,V1212
C6238,V1213
C6239,V1214
C6240,V1215
C6241,V1215
C6242,V1215
C6243,V1215
C6244,V1215
C6245,V1215
C6246,V1215
C6247,V1215
C6248,V1215
C6249,V1215
C6250,V1215
C6251,V1216
C6252,V1216
C6253,V1217
C6254,V1217
C6255,V1217
C6256,V1217
C6257,V1218
C6258,V1218
C6259,V1218
C6260,V1219
C6261,V1219
C6262,V1219
C6263,V1219
C6264,V1219
C6265,V1220
C6266,V1220
C6267,V1221
C6268,V1221
C6269,V1221
C6270,V1222
C6271,V1222
C6272,V1223
C6273,V1223
C6274,V1224
C6275,V1225
C6276,V1225
C6277,V1225
C6278,V1225
C6279,V1226
C6280,V1226
C6281,V1226
C6282,V1227
C6283,V1227
C6284,V1227
C6285,V1228
C6286,V1228
C6287,V1228
C6288,V1228
C6289,V1229
C6290,V1229
C6291,V1230
C6292,V1230
C6293,V1230
C6294,V1230
C6295,V1230
C6296,V1230
C6297,V1231
C6298,V1231
C6299,V1232
C6300,V1233
C6301,V1234
C6302,V1235
C6303,V1236
C6304,V1237
C6305,V1238
C6306,V1239
C6307,V1240
C6308,V1241
C6309,V1242
C6310,V1243
C6311,V1244
C6312,V1245
C6313,V1246
C6314,V1246
C6315,V1247
C6316,V1247
C6317,V1247
C6318,V1247
C6319,V1248
C6320,V1248
C6321,V1249
C6322,V1249
C6323,V1249
C6324,V1250
C6325,V1250
C6326,V1251
C6327,V1252
C6328,V1253
C6329,V1254
C6330,V1255
C6331,V1256
C6332,V1257
C6333,V1258
C6334,V1259
C6335,V1260
C6336,V1261
C6337,V1262
C6338,V1263
C6339,V1264
C6340,V1265
C6341,V1266
C6342,V1267
C6343,V1268
C6344,V1269
C6345,V1270
C6346,V1271
C6347,V1272
C6348,V1273
C6349,V1274
C6350,V1275
C6351,V1276
C6352,V1277
C6353,V1278
C6354,V1279
C6355,V1280
C6356,V1281
C6357,V1282
C6358,V1282
C6359,V1283
C6360,V1283
C6361,V1284
C6362,V1284
C6363,V1284
C6364,V1285
C6365,V1286
C6366,V1287
C6367,V1288
C6368,V1289
C6369,V1290
C6370,V1291
C6371,V1292
C6372,V1293
C6373,V1294
C6374,V1295
C6375,V1296
C6376,V1297
C6377,V1298
C6378,V1299
C6379,V1300
C6380,V1301
C6381,V1302
C6382,V1303
C6383,V1304
C6384,V1305
C6385,V1306
C6386,V1307
C6387,V1308
C6388,V1309
C6389,V1310
C6390,V1311
C6391,V1312
C6392,V1313
C6393,V1314
C6394,V1315
C6395,V1316
C6396,V1316
C6397,V1316
C6398,V1317
C6399,V1317
C6400,V1317
C6401,V1317
C6402,V1317
C6403,V1317
C6404,V1318
C6405,V1319
C6406,V1320
C6407,V1321
C6408,V1322
C6409,V1323
C6410,V1324
C6411,V1325
C6412,V1326
C6413,V1327
C6414,V1328
C6415,V1329
C6416,V1330
C6417,V1331
C6418,V1332
C6419,V1333
C6420,V1334
C6421,V1335
C6422,V1336
C6423,V1337
C6424,V1338
C6425,V1339
C6426,V1340
C6427,V1340
C6428,V1340
C6429,V1341
C6430,V1341
C6431,V1342
C6432,V1342
C6433,V1342
C6434,V1343
C6435,V1343
C6436,V1343
C6437,V1344
C6438,V1345
C6439,V1346
C6440,V1347
C6441,V1348
C6442,V1349
C6443,V1350
C6444,V1351
C6445,V1352
C6446,V1353
C6447,V1354
C6448,V1355
C6449,V1356
C6450,V1356
C6451,V1357
C6452,V1357
C6453,V1358
C6454,V1358
C6455,V1359
C6456,V1359
C6457,V1360
C6458,V1360
C6459,V1360
C6460,V1360
C6461,V1361
C6462,V1361
C6463,V1361
C6464,V1362
C6465,V1363
C6466,V1364
C6467,V1365
C6468,V1366
C6469,V1367
C6470,V1368
C6471,V1369
C6472,V1370
C6473,V1371
C6474,V1372
C6475,V1373
C6476,V1374
C6477,V1375
C6478,V1376
C6479,V1376
C6480,V1377
C6481,V1377
C6482,V1377
C6483,V1377
C6484,V1378
C6485,V1378
C6486,V1378
C6487,V1378
C6488,V1379
C6489,V1380
C6490,V1381
C6491,V1382
C6492,V1383
C6493,V1384
C6494,V1385
C6495,V1386
C6496,V1387
C6497,V1388
C6498,V1389
C6499,V1390
C6500,V1391
C6501,V1391
C6502,V1391
C6503,V1391
C6504,V1391
C6505,V1391
C6506,V1391
C6507,V1391
C6508,V1392
C6509,V1392
C6510,V1392
C6511,V1393
C6512,V1394
C6513,V1395
C6514,V1396
C6515,V1397
C6516,V1398
C6517,V1399
C6518,V1400
C6519,V1401
C6520,V1402
C6521,V1403
C6522,V1404
C6523,V1404
C6524,V1405
C6525,V1405
C6526,V1406
C6527,V1406
C6528,V1406
C6529,V1406
C6530,V1407
C6531,V1407
C6532,V1407
C6533,V1408
C6534,V1409
C6535,V1410
C6536,V1411
C6537,V1412
C6538,V1413
C6539,V1414
C6540,V1415
C6541,V1416
C6542,V1417
C6543,V1418
C6544,V1418
C6545,V1419
C6546,V1419
C6547,V1419
C6548,V1420
C6549,V1420
C6550,V1421
C6551,V1421
C6552,V1421
C6553,V1422
C6554,V1422
C6555,V1422
C6556,V1422
C6557,V1422
C6558,V1422
C6559,V1423
C6560,V1423
C6561,V1423
C6562,V1424
C6563,V1424
C6564,V1424
C6565,V1425
C6566,V1426
C6567,V1427
C6568,V1428
C6569,V1429
C6570,V1430
C6571,V1431
C6572,V1432
C6573,V1433
C6574,V1434
C6575,V1435
C6576,V1436
C6577,V1437
C6578,V1438
C6579,V1439
C6580,V1440
C6581,V1441
C6582,V1442
C6583,V1443
C6584,V1444
C6585,V1445
C6586,V1446
C6587,V1447
C6588,V1448
C6589,V1449
C6590,V1450
C6591,V1451
C6592,V1452
C6593,V1452
C6594,V1453
C6595,V1453
C6596,V1454
C6597,V1454
C6598,V1455
C6599,V1455
C6600,V1455
C6601,V1456
C6602,V1456
C6603,V1457
C6604,V1457
C6605,V1457
C6606,V1457
C6607,V1458
C6608,V1458
C6609,V1459
C6610,V1459
C6611,V1459
C6612,V1460
C6613,V1460
C6614,V1461
C6615,V1462
C6616,V1463
C6617,V1464
C6618,V1465
C6619,V1466
C6620,V1467
C6621,V1468
C6622,V1469
C6623,V1470
C6624,V1471
C6625,V1472
C6626,V1473
C6627,V1474
C6628,V1475
C6629,V1476
C6630,V1477
C6631,V1478
C6632,V1479
C6633,V1480
C6634,V1481
C6635,V1482
C6636,V1483
C6637,V1484
C6638,V1485
C6639,V1486
C6640,V1487
C6641,V1488
C6642,V1489
C6643,V1490
C6644,V1491
C6645,V1492
C6646,V1493
C6647,V1494
C6648,V1495
C6649,V1496
C6650,V1497
C6651,V1498
C6652,V1499
C6653,V1500
C6654,V1501
C6655,V1502
C6656,V1503
C6657,V1504
C6658,V1505
C6659,V1505
C6660,V1506
C6661,V1506
C6662,V1506
C6663,V1506
C6664,V1506
C6665,V1507
C6666,V1508
C6667,V1509
C6668,V1510
C6669,V1511
C6670,V1512
C6671,V1513
C6672,V1514
C6673,V1515
C6674,V1516
C6675,V1517
C6676,V1518
C6677,V1519
C6678,V1520
C6679,V1520
C6680,V1521
C6681,V1521
C6682,V1522
C6683,V1522
C6684,V1523
C6685,V1524
C6686,V1525
C6687,V1526
C6688,V1527
C6689,V1528
C6690,V1529
C6691,V1530
C6692,V1531
C6693,V1532
C6694,V1533
C6695,V1534
C6696,V1535
C6697,V1536
C6698,V1537
C6699,V1538
C6700,V1539
C6701,V1540
C6702,V1541
C6703,V1542
C6704,V1543
C6705,V1544
C6706,V1545
C6707,V1546
C6708,V1547
C6709,V1548
C6710,V1549
C6711,V1550
C6712,V1551
C6713,V1552
C6714,V1553
C6715,V1554
C6716,V1555
C6717,V1556
C6718,V1557
C6719,V1558
C6720,V1559
C6721,V1559
C6722,V1559
C6723,V1560
C6724,V1560
C6725,V1560
C6726,V1561
C6727,V1561
C6728,V1562
C6729,V1562
C6730,V1563
C6731,V1564
C6732,V1565
C6733,V1566
C6734,V1567
C6735,V1568
C6736,V1569
C6737,V1570
C6738,V1571
C6739,V1572
C6740,V1573
C6741,V1574
C6742,V1575
C6743,V1576
C6744,V1577
C6745,V1578
C6746,V1579
C6747,V1580
C6748,V1581
C6749,V1582
C6750,V1583
C6751,V1584
C6752,V1585
C6753,V1586
C6754,V1587
C6755,V1588
C6756,V1589
C6757,V1590
C6758,V1591
C6759,V1592
C6760,V1593
C6761,V1594
C6762,V1595
C6763,V1596
C6764,V1597
C6765,V1598
C6766,V1599
C6767,V1600
C6768,V1601
C6769,V1602
C6770,V1603
C6771,V1604
C6772,V1605
C6773,V1605
C6774,V1606
C6775,V1606
C6776,V1607
C6777,V1607
C6778,V1607
C6779,V1608
C6780,V1608
C6781,V1608
C6782,V1609
C6783,V1610
C6784,V1611
C6785,V1612
C6786,V1613
C6787,V1614
C6788,V1615
C6789,V1616
C6790,V1617
C6791,V1618
C6792,V1619
C6793,V1620
C6794,V1621
C6795,V1622
C6796,V1623
C6797,V1623
C6798,V1623
C6799,V1623
C6800,V1623
C6801,V1624
C6802,V1624
C6803,V1625
C6804,V1625
C6805,V1625
C6806,V1625
C6807,V1626
C6808,V1626
C6809,V1626
C6810,V1626
C6811,V1627
C6812,V1627
C6813,V1628
C6814,V1628
C6815,V1629
C6816,V1629
C6817,V1629
C6818,V1630
C6819,V1631
C6820,V1632
C6821,V1633
C6822,V1634
C6823,V1635
C6824,V1636
C6825,V1637
C6826,V1638
C6827,V1639
C6828,V1640
C6829,V1641
C6830,V1642
C6831,V1643
C6832,V1644
C6833,V1645
C6834,V1646
C6835,V1647
C6836,V1648
C6837,V1648
C6838,V1648
C6839,V1648
C6840,V1649
C6841,V1649
C6842,V1649
C6843,V1650
C6844,V1650
C6845,V1651
C6846,V1651
C6847,V1652
C6848,V1653
C6849,V1654
C6850,V1655
C6851,V1656
C6852,V1657
C6853,V1658
C6854,V1659
C6855,V1660
C6856,V1661
C6857,V1662
C6858,V1663
C6859,V1664
C6860,V1665
C6861,V1666
C6862,V1667
C6863,V1667
C6864,V1667
C6865,V1667
C6866,V1668
C6867,V1668
C6868,V1669
C6869,V1669
C6870,V1670
C6871,V1670
C6872,V1671
C6873,V1672
C6874,V1673
C6875,V1674
C6876,V1675
C6877,V1676
C6878,V1677
C6879,V1678
C6880,V1679
C6881,V1680
C6882,V1681
C6883,V1682
C6884,V1683
C6885,V1684
C6886,V1685
C6887,V1686
C6888,V1687
C6889,V1688
C6890,V1689
C6891,V1690
C6892,V1690
C6893,V1691
C6894,V1691
C6895,V1692
C6896,V1692
C6897,V1692
C6898,V1693
C6899,V1693
C6900,V1693
C6901,V1693
C6902,V1693
C6903,V1694
C6904,V1694
C6905,V1694
C6906,V1694
C6907,V1695
C6908,V1696
C6909,V1697
C6910,V1698
C6911,V1699
C6912,V1700
C6913,V1701
C6914,V1702
C6915,V1703
C6916,V1704
C6917,V1705
C6918,V1706
C6919,V1707
C6920,V1708
C6921,V1709
C6922,V1710
C6923,V1711
C6924,V1712
C6925,V1713
C6926,V1714
C6927,V1715
C6928,V1716
C6929,V1716
C6930,V1717
C6931,V1717
C6932,V1717
C6933,V1718
C6934,V1718
C6935,V1718
C6936,V1719
C6937,V1719
C6938,V1719
C6939,V1719
C6940,V1720
C6941,V1720
C6942,V1721
C6943,V1721
C6944,V1721
C6945,V1722
C6946,V1723
C6947,V1724
C6948,V1725
C6949,V1726
C6950,V1727
C6951,V1728
C6952,V1729
C6953,V1730
C6954,V1731
C6955,V1732
C6956,V1733
C6957,V1734
C6958,V1735
C6959,V1736
C6960,V1737
C6961,V1738
C6962,V1739
C6963,V1740
C6964,V1741
C6965,V1742
C6966,V1743
C6967,V1744
C6968,V1745
C6969,V1746
C6970,V1747
C6971,V1748
C6972,V1749
C6973,V1750
C6974,V1751
C6975,V1752
C6976,V1753
C6977,V1754
C6978,V1754
C6979,V1755
C6980,V1755
C6981,V1756
C6982,V1756
C6983,V1757
C6984,V1758
C6985,V1759
C6986,V1760
C6987,V1761
C6988,V1762
C6989,V1763
C6990,V1764
C6991,V1765
C6992,V1766
C6993,V1767
C6994,V1768
C6995,V1769
C6996,V1770
C6997,V1771
C6998,V1772
C6999,V1773
C7000,V1774
C7001,V1775
C7002,V1776
C7003,V1777
C7004,V1777
C7005,V1777
C7006,V1777
C7007,V1778
C7008,V1779
C7009,V1780
C7010,V1781
C7011,V1782
C7012,V1783
C7013,V1784
C7014,V1785
C7015,V1786
C7016,V1787
C7017,V1788
C7018,V1789
C7019,V1790
C7020,V1791
C7021,V1792
C7022,V1793
C7023,V1794
C7024,V1795
C7025,V1796
C7026,V1797
C7027,V1798
C7028,V1798
C7029,V1798
C7030,V1799
C7031,V1799
C7032,V1800
C7033,V1800
C7034,V1801
C7035,V1801
C7036,V1802
C7037,V1802
C7038,V1803
C7039,V1804
C7040,V1805
C7041,V1806
C7042,V1807
C7043,V1808
C7044,V1809
C7045,V1810
C7046,V1811
C7047,V1812
C7048,V1813
C7049,V1814
C7050,V1815
C7051,V1816
C7052,V1817
C7053,V1818
C7054,V1818
C7055,V1818
C7056,V1819
C7057,V1819
C7058,V1819
C7059,V1819
C7060,V1820
C7061,V1820
C7062,V1820
C7063,V1821
C7064,V1821
C7065,V1821
C7066,V1821
C7067,V1822
C7068,V1822
C7069,V1822
C7070,V1822
C7071,V1823
C7072,V1823
C7073,V1824
C7074,V1824
C7075,V1825
C7076,V1826
C7077,V1827
C7078,V1828
C7079,V1829
C7080,V1830
C7081,V1831
C7082,V1832
C7083,V1833
C7084,V1834
C7085,V1835
C7086,V1836
C7087,V1837
C7088,V1838
C7089,V1838
C7090,V1839
C7091,V1840
C7092,V1841
C7093,V1842
C7094,V1843
C7095,V1844
C7096,V1845
C7097,V1846
C7098,V1847
C7099,V1848
C7100,V1849
C7101,V1850
C7102,V1851
C7103,V1852
C7104,V1853
C7105,V1854
C7106,V1855
C7107,V1856
C7108,V1857
C7109,V1858
C7110,V1859
C7111,V1860
C7112,V1860
C7113,V1861
C7114,V1861
C7115,V1862
C7116,V1862
C7117,V1862
C7118,V1863
C7119,V1863
C7120,V1864
C7121,V1865
C7122,V1866
C7123,V1867
C7124,V1868
C7125,V1869
C7126,V1870
C7127,V1871
C7128,V1872
C7129,V1873
C7130,V1874
C7131,V1875
C7132,V1876
C7133,V1877
C7134,V1878
C7135,V1879
C7136,V1880
C7137,V1881
C7138,V1882
C7139,V1883
C7140,V1884
C7141,V1885
C7142,V1886
C7143,V1887
C7144,V1888
C7145,V1889
C7146,V1890
C7147,V1891
C7148,V1891
C7149,V1892
C7150,V1892
C7151,V1893
C7152,V1893
C7153,V1894
C7154,V1894
C7155,V1895
C7156,V1895
C7157,V1896
C7158,V1896
C7159,V1896
C7160,V1897
C7161,V1898
C7162,V1899
C7163,V1900
C7164,V1901
C7165,V1902
C7166,V1903
C7167,V1904
C7168,V1905
C7169,V1906
C7170,V1907
C7171,V1908
C7172,V1909
C7173,V1910
C7174,V1911
C7175,V1912
C7176,V1913
C7177,V1913
C7178,V1913
C7179,V1914
C7180,V1915
C7181,V1916
C7182,V1917
C7183,V1918
C7184,V1919
C7185,V1920
C7186,V1921
C7187,V1922
C7188,V1923
C7189,V1924
C7190,V1925
C7191,V1926
C7192,V1927
C7193,V1927
C7194,V1927
C7195,V1927
C7196,V1927
C7197,V1928
C7198,V1928
C7199,V1928
C7200,V1929
C7201,V1929
C7202,V1929
C7203,V1930
C7204,V1930
C7205,V1930
C7206,V1931
C7207,V1931
C7208,V1931
C7209,V1932
C7210,V1932
C7211,V1932
C7212,V1932
C7213,V1933
C7214,V1933
C7215,V1934
C7216,V1934
C7217,V1935
C7218,V1936
C7219,V1937
C7220,V1938
C7221,V1939
C7222,V1940
C7223,V1941
C7224,V1942
C7225,V1943
C7226,V1944
C7227,V1945
C7228,V1946
C7229,V1947
C7230,V1948
C7231,V1949
C7232,V1950
C7233,V1951
C7234,V1952
C7235,V1953
C7236,V1954
C7237,V1955
C7238,V1956
C7239,V1957
C7240,V1958
C7241,V1959
C7242,V1959
C7243,V1959
C7244,V1960
C7245,V1960
C7246,V1960
C7247,V1961
C7248,V1961
C7249,V1962
C7250,V1962
C7251,V1962
C7252,V1963
C7253,V1963
C7254,V1964
C7255,V1964
C7256,V1965
C7257,V1965
C7258,V1965
C7259,V1965
C7260,V1966
C7261,V1967
C7262,V1968
C7263,V1969
C7264,V1970
C7265,V1971
C7266,V1972
C7267,V1973
C7268,V1974
C7269,V1975
C7270,V1976
C7271,V1977
C7272,V1978
C7273,V1979
C7274,V1980
C7275,V1980
C7276,V1980
C7277,V1980
C7278,V1981
C7279,V1981
C7280,V1981
C7281,V1982
C7282,V1982
C7283,V1982
C7284,V1983
C7285,V1983
C7286,V1984
C7287,V1984
C7288,V1984
C7289,V1985
C7290,V1985
C7291,V1985
C7292,V1985
C7293,V1986
C7294,V1986
C7295,V1987
C7296,V1988
C7297,V1989
C7298,V1990
C7299,V1991
C7300,V1992
C7301,V1993
C7302,V1994
C7303,V1995
C7304,V1996
C7305,V1997
C7306,V1998
C7307,V1999
C7308,V2000
C7309,V2001
C7310,V2001
C7311,V2001
C7312,V2002
C7313,V2002
C7314,V2003
C7315,V2003
C7316,V2003
C7317,V2003
C7318,V2004
C7319,V2004
C7320,V2005
C7321,V2005
C7322,V2006
C7323,V2007
C7324,V2008
C7325,V2009
C7326,V2010
C7327,V2011
C7328,V2012
C7329,V2013
C7330,V2014
C7331,V2015
C7332,V2016
C7333,V2017
C7334,V2018
C7335,V2019
C7336,V2020
C7337,V2021
C7338,V2022
C7339,V2023
C7340,V2024
C7341,V2025
C7342,V2026
C7343,V2027
C7344,V2028
C7345,V2029
C7346,V2030
C7347,V2031
C7348,V2032
C7349,V2033
C7350,V2033
C7351,V2033
C7352,V2033
C7353,V2034
C7354,V2034
C7355,V2034
C7356,V2035
C7357,V2035
C7358,V2036
C7359,V2036
C7360,V2037
C7361,V2037
C7362,V2038
C7363,V2039
C7364,V2040
C7365,V2041
C7366,V2042
C7367,V2043
C7368,V2044
C7369,V2045
C7370,V2046
C7371,V2047
C7372,V2048
C7373,V2049
C7374,V2050
C7375,V2051
C7376,V2052
C7377,V2053
C7378,V2054
C7379,V2055
C7380,V2056
C7381,V2057
C7382,V2058
C7383,V2059
C7384,V2060
C7385,V2061
C7386,V2062
C7387,V2063
C7388,V2063
C7389,V2063
C7390,V2064
C7391,V2064
C7392,V2065
C7393,V2065
C7394,V2065
C7395,V2066
C7396,V2066
C7397,V2066
C7398,V2066
C7399,V2067
C7400,V2067
C7401,V2067
C7402,V2067
C7403,V2068
C7404,V2068
C7405,V2069
C7406,V2070
C7407,V2071
C7408,V2072
C7409,V2073
C7410,V2074
C7411,V2075
C7412,V2076
C7413,V2077
C7414,V2078
C7415,V2079
C7416,V2080
C7417,V2081
C7418,V2082
C7419,V2083
C7420,V2084
C7421,V2085
C7422,V2086
C7423,V2087
C7424,V2088
C7425,V2089
C7426,V2090
C7427,V2091
C7428,V2092
C7429,V2093
C7430,V2094
C7431,V2094
C7432,V2095
C7433,V2096
C7434,V2097
C7435,V2098
C7436,V2099
C7437,V2100
C7438,V2101
C7439,V2102
C7440,V2103
C7441,V2104
C7442,V2105
C7443,V2106
C7444,V2107
C7445,V2108
C7446,V2109
C7447,V2110
C7448,V2111
C7449,V2111
C7450,V2112
C7451,V2112
C7452,V2112
C7453,V2113
C7454,V2113
C7455,V2113
C7456,V2114
C7457,V2114
C7458,V2115
C7459,V2115
C7460,V2115
C7461,V2116
C7462,V2116
C7463,V2116
C7464,V2117
C7465,V2118
C7466,V2119
C7467,V2120
C7468,V2121
C7469,V2122
C7470,V2123
C7471,V2124
C7472,V2125
C7473,V2126
C7474,V2127
C7475,V2128
C7476,V2129
C7477,V2130
C7478,V2131
C7479,V2132
C7480,V2133
C7481,V2134
C7482,V2134
C7483,V2135
C7484,V2135
C7485,V2135
C7486,V2135
C7487,V2136
C7488,V2136
C7489,V2137
C7490,V2137
C7491,V2138
C7492,V2139
C7493,V2140
C7494,V2141
C7495,V2142
C7496,V2143
C7497,V2144
C7498,V2145
C7499,V2146
C7500,V2147
C7501,V2148
C7502,V2149
C7503,V2150
C7504,V2151
C7505,V2152
C7506,V2153
C7507,V2154
C7508,V2155
C7509,V2155
C7510,V2155
C7511,V2156
C7512,V2156
C7513,V2157
C7514,V2158
C7515,V2159
C7516,V2160
C7517,V2161
C7518,V2162
C7519,V2163
C7520,V2164
C7521,V2165
C7522,V2166
C7523,V2167
C7524,V2168
C7525,V2168
C7526,V2169
C7527,V2169
C7528,V2170
C7529,V2170
C7530,V2170
C7531,V2170
C7532,V2171
C7533,V2171
C7534,V2172
C7535,V2172
C7536,V2172
C7537,V2173
C7538,V2174
C7539,V2175
C7540,V2176
C7541,V2177
C7542,V2178
C7543,V2179
C7544,V2180
C7545,V2180
C7546,V2181
C7547,V2181
C7548,V2182
C7549,V2183
C7550,V2184
C7551,V2185
C7552,V2186
C7553,V2187
C7554,V2188
C7555,V2189
C7556,V2190
C7557,V2191
C7558,V2192
C7559,V2193
C7560,V2193
C7561,V2193
C7562,V2194
C7563,V2194
C7564,V2195
C7565,V2195
C7566,V2195
C7567,V2196
C7568,V2197
C7569,V2198
C7570,V2199
C7571,V2200
C7572,V2201
C7573,V2202
C7574,V2203
C7575,V2204
C7576,V2205
C7577,V2206
C7578,V2207
C7579,V2208
C7580,V2209
C7581,V2210
C7582,V2211
C7583,V2212
C7584,V2213
C7585,V2214
C7586,V2215
C7587,V2216
C7588,V2217
C7589,V2218
C7590,V2219
C7591,V2220
C7592,V2221
C7593,V2222
C7594,V2223
C7595,V2224
C7596,V2225
C7597,V2226
C7598,V2227
C7599,V2228
C7600,V2229
C7601,V2230
C7602,V2231
C7603,V2232
C7604,V2233
C7605,V2234
C7606,V2235
C7607,V2236
C7608,V2236
C7609,V2236
C7610,V2236
C7611,V2236
C7612,V2236
C7613,V2236
C7614,V2236
C7615,V2237
C7616,V2237
C7617,V2237
C7618,V2237
C7619,V2237
C7620,V2237
C7621,V2238
C7622,V2238
C7623,V2238
C7624,V2239
C7625,V2239
C7626,V2240
C7627,V2240
C7628,V2240
C7629,V2241
C7630,V2241
C7631,V2241
C7632,V2242
C7633,V2242
C7634,V2242
C7635,V2242
C7636,V2242
C7637,V2243
C7638,V2243
C7639,V2244
C7640,V2245
C7641,V2246
C7642,V2247
C7643,V2248
C7644,V2249
C7645,V2250
C7646,V2251
C7647,V2252
C7648,V2253
C7649,V2254
C7650,V2255
C7651,V2256
C7652,V2257
C7653,V2258
C7654,V2258
C7655,V2258
C7656,V2258
C7657,V2259
C7658,V2259
C7659,V2260
C7660,V2260
C7661,V2260
C7662,V2260
C7663,V2261
C7664,V2261
C7665,V2262
C7666,V2263
C7667,V2264
C7668,V2265
C7669,V2266
C7670,V2267
C7671,V2268
C7672,V2269
C7673,V2270
C7674,V2271
C7675,V2272
C7676,V2273
C7677,V2274
C7678,V2275
C7679,V2276
C7680,V2277
C7681,V2278
C7682,V2279
C7683,V2280
C7684,V2281
C7685,V2282
C7686,V2282
C7687,V2283
C7688,V2283
C7689,V2284
C7690,V2285
C7691,V2286
C7692,V2287
C7693,V2288
C7694,V2289
C7695,V2290
C7696,V2291
C7697,V2292
C7698,V2293
C7699,V2294
C7700,V2295
C7701,V2296
C7702,V2297
C7703,V2298
C7704,V2299
C7705,V2300
C7706,V2301
C7707,V2302
C7708,V2303
C7709,V2303
C7710,V2303
C7711,V2304
C7712,V2304
C7713,V2305
C7714,V2305
C7715,V2305
C7716,V2306
C7717,V2307
C7718,V2308
C7719,V2309
C7720,V2310
C7721,V2311
C7722,V2312
C7723,V2313
C7724,V2314
C7725,V2315
C7726,V2316
C7727,V2317
C7728,V2318
C7729,V2319
C7730,V2320
C7731,V2321
C7732,V2322
C7733,V2323
C7734,V2324
C7735,V2325
C7736,V2326
C7737,V2327
C7738,V2328
C7739,V2328
C7740,V2328
C7741,V2328
C7742,V2328
C7743,V2328
C7744,V2329
C7745,V2329
C7746,V2329
C7747,V2329
C7748,V2329
C7749,V2329
C7750,V2329
C7751,V2329
C7752,V2329
C7753,V2330
C7754,V2330
C7755,V2331
C7756,V2331
C7757,V2331
C7758,V2331
C7759,V2332
C7760,V2332
C7761,V2332
C7762,V2333
C7763,V2333
C7764,V2333
C7765,V2333
C7766,V2334
C7767,V2334
C7768,V2335
C7769,V2336
C7770,V2337
C7771,V2338
C7772,V2339
C7773,V2340
C7774,V2341
C7775,V2342
C7776,V2343
C7777,V2344
C7778,V2345
C7779,V2346
C7780,V2347
C7781,V2348
C7782,V2349
C7783,V2350
C7784,V2351
C7785,V2352
C7786,V2353
C7787,V2354
C7788,V2355
C7789,V2356
C7790,V2357
C7791,V2358
C7792,V2359
C7793,V2360
C7794,V2361
C7795,V2362
C7796,V2363
C7797,V2364
C7798,V2365
C7799,V2366
C7800,V2366
C7801,V2366
C7802,V2366
C7803,V2367
C7804,V2367
C7805,V2367
C7806,V2367
C7807,V2368
C7808,V2368
C7809,V2368
C7810,V2369
C7811,V2369
C7812,V2369
C7813,V2369
C7814,V2370
C7815,V2370
C7816,V2370
C7817,V2371
C7818,V2372
C7819,V2373
C7820,V2374
C7821,V2375
C7822,V2376
C7823,V2377
C7824,V2378
C7825,V2379
C7826,V2380
C7827,V2381
C7828,V2382
C7829,V2383
C7830,V2384
C7831,V2385
C7832,V2386
C7833,V2387
C7834,V2388
C7835,V2389
C7836,V2390
C7837,V2391
C7838,V2392
C7839,V2393
C7840,V2394
C7841,V2394
C7842,V2395
C7843,V2395
C7844,V2395
C7845,V2396
C7846,V2396
C7847,V2396
C7848,V2396
C7849,V2396
C7850,V2396
C7851,V2396
C7852,V2397
C7853,V2398
C7854,V2399
C7855,V2400
C7856,V2401
C7857,V2402
C7858,V2403
C7859,V2404
C7860,V2405
C7861,V2406
C7862,V2407
C7863,V2408
C7864,V2409
C7865,V2410
C7866,V2411
C7867,V2412
C7868,V2413
C7869,V2414
C7870,V2415
C7871,V2416
C7872,V2417
C7873,V2418
C7874,V2418
C7875,V2418
C7876,V2418
C7877,V2419
C7878,V2419
C7879,V2420
C7880,V2420
C7881,V2420
C7882,V2420
C7883,V2421
C7884,V2421
C7885,V2421
C7886,V2422
C7887,V2423
C7888,V2424
C7889,V2425
C7890,V2426
C7891,V2427
C7892,V2428
C7893,V2429
C7894,V2430
C7895,V2431
C7896,V2432
C7897,V2433
C7898,V2434
C7899,V2435
C7900,V2436
C7901,V2437
C7902,V2438
C7903,V2439
C7904,V2439
C7905,V2439
C7906,V2439
C7907,V2439
C7908,V2440
C7909,V2440
C7910,V2440
C7911,V2440
C7912,V2440
C7913,V2440
C7914,V2440
C7915,V2441
C7916,V2441
C7917,V2441
C7918,V2441
C7919,V2441
C7920,V2441
C7921,V2441
C7922,V2442
C7923,V2442
C7924,V2442
C7925,V2443
C7926,V2443
C7927,V2443
C7928,V2443
C7929,V2444
C7930,V2444
C7931,V2444
C7932,V2445
C7933,V2445
C7934,V2445
C7935,V2446
C7936,V2447
C7937,V2448
C7938,V2449
C7939,V2450
C7940,V2451
C7941,V2452
C7942,V2453
C7943,V2454
C7944,V2455
C7945,V2456
C7946,V2457
C7947,V2458
C7948,V2459
C7949,V2460
C7950,V2461
C7951,V2462
C7952,V2463
C7953,V2464
C7954,V2464
C7955,V2464
C7956,V2464
C7957,V2465
C7958,V2465
C7959,V2465
C7960,V2466
C7961,V2466
C7962,V2466
C7963,V2466
C7964,V2466
C7965,V2466
C7966,V2467
C7967,V2467
C7968,V2467
C7969,V2468
C7970,V2469
C7971,V2470
C7972,V2471
C7973,V2472
C7974,V2473
C7975,V2474
C7976,V2474
C7977,V2474
C7978,V2474
C7979,V2475
C7980,V2475
C7981,V2475
C7982,V2476
C7983,V2476
C7984,V2476
C7985,V2476
C7986,V2477
C7987,V2477
C7988,V2477
C7989,V2477
C7990,V2477
C7991,V2478
C7992,V2478
C7993,V2478
C7994,V2478
C7995,V2478
C7996,V2478
C7997,V2479
C7998,V2479
C7999,V2479
C8000,V2480
C8001,V2481
C8002,V2482
C8003,V2483
C8004,V2484
C8005,V2485
C8006,V2486
C8007,V2487
C8008,V2488
C8009,V2489
C8010,V2490
C8011,V2491
C8012,V2492
C8013,V2493
C8014,V2494
C8015,V2495
C8016,V2496
C8017,V2497
C8018,V2498
C8019,V2499
C8020,V2500
C8021,V2501
C8022,V2501
C8023,V2502
C8024,V2502
C8025,V2502
C8026,V2503
C8027,V2503
C8028,V2504
C8029,V2504
C8030,V2505
C8031,V2505
C8032,V2506
C8033,V2507
C8034,V2508
C8035,V2509
C8036,V2510
C8037,V2511
C8038,V2512
C8039,V2513
C8040,V2514
C8041,V2515
C8042,V2516
C8043,V2517
C8044,V2517
C8045,V2517
C8046,V2518
C8047,V2518
C8048,V2518
C8049,V2518
C8050,V2518
C8051,V2518
C8052,V2518
C8053,V2518
C8054,V2518
C8055,V2519
C8056,V2519
C8057,V2519
C8058,V2519
C8059,V2519
C8060,V2520
C8061,V2520
C8062,V2520
C8063,V2521
C8064,V2521
C8065,V2521
C8066,V2521
C8067,V2522
C8068,V2522
C8069,V2522
C8070,V2522
C8071,V2523
C8072,V2523
C8073,V2523
C8074,V2524
C8075,V2525
C8076,V2526
C8077,V2527
C8078,V2528
C8079,V2529
C8080,V2530
C8081,V2531
C8082,V2532
C8083,V2533
C8084,V2534
C8085,V2535
C8086,V2536
C8087,V2537
C8088,V2538
C8089,V2539
C8090,V2540
C8091,V2541
C8092,V2542
C8093,V2543
C8094,V2544
C8095,V2545
C8096,V2546
C8097,V2547
C8098,V2548
C8099,V2549
C8100,V2550
C8101,V2551
C8102,V2552
C8103,V2553
C8104,V2553
C8105,V2553
C8106,V2553
C8107,V2553
C8108,V2553
C8109,V2553
C8110,V2553
C8111,V2554
C8112,V2554
C8113,V2555
C8114,V2556
C8115,V2557
C8116,V2558
C8117,V2559
C8118,V2560
C8119,V2561
C8120,V2562
C8121,V2563
C8122,V2564
C8123,V2565
C8124,V2566
C8125,V2567
C8126,V2568
C8127,V2569
C8128,V2570
C8129,V2571
C8130,V2572
C8131,V2573
C8132,V2574
C8133,V2575
C8134,V2576
C8135,V2577
C8136,V2578
C8137,V2579
C8138,V2580
C8139,V2581
C8140,V2582
C8141,V2583
C8142,V2584
C8143,V2584
C8144,V2584
C8145,V2585
C8146,V2585
C8147,V2586
C8148,V2586
C8149,V2586
C8150,V2586
C8151,V2587
C8152,V2587
C8153,V2587
C8154,V2588
C8155,V2588
C8156,V2589
C8157,V2589
C8158,V2589
C8159,V2589
C8160,V2590
C8161,V2590
C8162,V2591
C8163,V2591
C8164,V2592
C8165,V2592
C8166,V2593
C8167,V2593
C8168,V2593
C8169,V2593
C8170,V2594
C8171,V2594
C8172,V2595
C8173,V2596
C8174,V2597
C8175,V2598
C8176,V2599
C8177,V2600
C8178,V2601
C8179,V2602
C8180,V2603
C8181,V2604
C8182,V2605
C8183,V2606
C8184,V2607
C8185,V2608
C8186,V2609
C8187,V2610
C8188,V2611
C8189,V2611
C8190,V2611
C8191,V2612
C8192,V2612
C8193,V2613
C8194,V2613
C8195,V2613
C8196,V2613
C8197,V2613
C8198,V2614
C8199,V2614
C8200,V2614
C8201,V2615
C8202,V2615
C8203,V2616
C8204,V2617
C8205,V2618
C8206,V2619
C8207,V2620
C8208,V2621
C8209,V2622
C8210,V2623
C8211,V2624
C8212,V2625
C8213,V2626
C8214,V2627
C8215,V2628
C8216,V2629
C8217,V2630
C8218,V2631
C8219,V2632
C8220,V2633
C8221,V2634
C8222,V2635
C8223,V2636
C8224,V2637
C8225,V2638
C8226,V2638
C8227,V2638
C8228,V2638
C8229,V2638
C8230,V2638
C8231,V2639
C8232,V2639
C8233,V2639
C8234,V2639
C8235,V2640
C8236,V2640
C8237,V2641
C8238,V2641
C8239,V2641
C8240,V2641
C8241,V2641
C8242,V2642
C8243,V2642
C8244,V2642
C8245,V2643
C8246,V2643
C8247,V2644
C8248,V2644
C8249,V2645
C8250,V2646
C8251,V2647
C8252,V2648
C8253,V2649
C8254,V2650
C8255,V2650
C8256,V2650
C8257,V2650
C8258,V2651
C8259,V2651
C8260,V2651
C8261,V2652
C8262,V2652
C8263,V2652
C8264,V2653
C8265,V2653
C8266,V2653
C8267,V2653
C8268,V2653
C8269,V2654
C8270,V2654
C8271,V2654
C8272,V2654
C8273,V2654
C8274,V2655
C8275,V2655
C8276,V2655
C8277,V2656
C8278,V2657
C8279,V2658
C8280,V2659
C8281,V2660
C8282,V2661
C8283,V2662
C8284,V2663
C8285,V2664
C8286,V2665
C8287,V2666
C8288,V2666
C8289,V2666
C8290,V2667
C8291,V2667
C8292,V2667
C8293,V2667
C8294,V2667
C8295,V2668
C8296,V2668
C8297,V2669
C8298,V2669
C8299,V2669
C8300,V2670
C8301,V2670
C8302,V2670
C8303,V2670
C8304,V2670
C8305,V2670
C8306,V2671
C8307,V2671
C8308,V2671
C8309,V2672
C8310,V2672
C8311,V2673
C8312,V2674
C8313,V2675
C8314,V2676
C8315,V2677
C8316,V2678
C8317,V2679
C8318,V2680
C8319,V2681
C8320,V2682
C8321,V2683
C8322,V2684
C8323,V2684
C8324,V2685
C8325,V2685
C8326,V2685
C8327,V2686
C8328,V2686
C8329,V2686
C8330,V2687
C8331,V2688
C8332,V2689
C8333,V2690
C8334,V2691
C8335,V2692
C8336,V2693
C8337,V2694
C8338,V2695
C8339,V2696
C8340,V2697
C8341,V2698
C8342,V2699
C8343,V2700
C8344,V2701
C8345,V2701
C8346,V2701
C8347,V2702
C8348,V2702
C8349,V2702
C8350,V2702
C8351,V2703
C8352,V2703
C8353,V2704
C8354,V2705
C8355,V2706
C8356,V2707
C8357,V2708
C8358,V2709
C8359,V2710
C8360,V2711
C8361,V2712
C8362,V2713
C8363,V2714
C8364,V2714
C8365,V2714
C8366,V2714
C8367,V2715
C8368,V2715
C8369,V2715
C8370,V2716
C8371,V2716
C8372,V2716
C8373,V2716
C8374,V2716
C8375,V2717
C8376,V2717
C8377,V2717
C8378,V2717
C8379,V2718
C8380,V2718
C8381,V2718
C8382,V2719
C8383,V2719
C8384,V2719
C8385,V2720
C8386,V2720
C8387,V2720
C8388,V2721
C8389,V2721
C8390,V2721
C8391,V2721
C8392,V2721
C8393,V2721
C8394,V2722
C8395,V2722
C8396,V2723
C8397,V2723
C8398,V2724
C8399,V2725
C8400,V2726
C8401,V2727
C8402,V2728
C8403,V2729
C8404,V2730
C8405,V2731
C8406,V2732
C8407,V2732
C8408,V2732
C8409,V2733
C8410,V2733
C8411,V2733
C8412,V2733
C8413,V2733
C8414,V2733
C8415,V2734
C8416,V2734
C8417,V2734
C8418,V2734
C8419,V2735
C8420,V2735
C8421,V2736
C8422,V2736
C8423,V2736
C8424,V2736
C8425,V2736
C8426,V2737
C8427,V2737
C8428,V2737
C8429,V2737
C8430,V2738
C8431,V2738
C8432,V2738
C8433,V2738
C8434,V2739
C8435,V2739
C8436,V2739
C8437,V2739
C8438,V2739
C8439,V2739
C8440,V2740
C8441,V2740
C8442,V2740
C8443,V2740
C8444,V2741
C8445,V2741
C8446,V2741
C8447,V2742
C8448,V2742
C8449,V2742
C8450,V2743
C8451,V2744
C8452,V2745
C8453,V2746
C8454,V2747
C8455,V2748
C8456,V2749
C8457,V2750
C8458,V2751
C8459,V2752
C8460,V2753
C8461,V2754
C8462,V2755
C8463,V2756
C8464,V2756
C8465,V2756
C8466,V2757
C8467,V2757
C8468,V2757
C8469,V2757
C8470,V2757
C8471,V2757
C8472,V2758
C8473,V2758
C8474,V2758
C8475,V2758
C8476,V2758
C8477,V2758
C8478,V2758
C8479,V2758
C8480,V2758
C8481,V2759
C8482,V2759
C8483,V2759
C8484,V2759
C8485,V2759
C8486,V2760
C8487,V2760
C8488,V2760
C8489,V2760
C8490,V2760
C8491,V2761
C8492,V2761
C8493,V2761
C8494,V2761
C8495,V2762
C8496,V2763
C8497,V2764
C8498,V2765
C8499,V2766
C8500,V2767
C8501,V2768
C8502,V2769
C8503,V2770
C8504,V2771
C8505,V2772
C8506,V2773
C8507,V2774
C8508,V2775
C8509,V2776
C8510,V2777
C8511,V2778
C8512,V2779
C8513,V2780
C8514,V2781
C8515,V2782
C8516,V2783
C8517,V2784
C8518,V2785
C8519,V2785
C8520,V2785
C8521,V2785
C8522,V2785
C8523,V2786
C8524,V2786
C8525,V2787
C8526,D319
C8527,D319
C8528,D319
C8529,D319
C8530,D319
C8531,D319
C8532,D319
C8533,D319
C8534,D319
C8535,D319
C8536,D320
C8537,D320
C8538,D320
C8539,D320
C8540,D320
C8541,D320
C8542,D320
C8543,D321
C8544,D321
C8545,D321
C8546,D321
C8547,D321
C8548,D321
C8549,D321
C8550,D322
C8551,D322
C8552,D322
C8553,D322
C8554,D322
C8555,D322
C8556,D322
C8557,D322
C8558,D322
C8559,D322
C8560,D322
C8561,D322
C8562,D322
C8563,D323
C8564,D323
C8565,D323
C8566,D323
C8567,D323
C8568,D323
C8569,D323
C8570,D324
C8571,D324
C8572,D324
C8573,D324
C8574,D324
C8575,D324
C8576,D324
C8577,D324
C8578,D325
C8579,V2788
C8580,V2789
C8581,V2790
C8582,V2791
C8583,V2792
C8584,V2793
C8585,V2794
C8586,V2795
C8587,V2796
C8588,V2797
C8589,V2798
C8590,V2799
C8591,V2799
C8592,V2799
C8593,V2799
C8594,V2799
C8595,V2799
C8596,V2800
C8597,V2800
C8598,V2800
C8599,V2800
C8600,V2801
C8601,V2801
C8602,V2801
C8603,V2801
C8604,V2801
C8605,V2801
C8606,V2801
C8607,V2801
C8608,V2802
C8609,V2803
C8610,V2804
C8611,V2805
C8612,V2806
C8613,V2807
C8614,V2808
C8615,V2809
C8616,V2810
C8617,V2811
C8618,V2812
C8619,V2813
C8620,V2814
C8621,V2815
C8622,V2815
C8623,V2815
C8624,V2815
C8625,V2815
C8626,V2815
C8627,V2816
C8628,V2816
C8629,V2816
C8630,V2816
C8631,V2816
C8632,V2816
C8633,V2816
C8634,V2816
C8635,V2817
C8636,V2817
C8637,V2817
C8638,V2817
C8639,V2817
C8640,V2817
C8641,V2817
C8642,V2817
C8643,V2817
C8644,V2817
C8645,V2818
C8646,V2819
C8647,V2820
C8648,V2821
C8649,V2822
C8650,V2823
C8651,V2824
C8652,V2825
C8653,V2825
C8654,V2825
C8655,V2825
C8656,V2826
C8657,V2826
C8658,V2826
C8659,V2826
C8660,V2826
C8661,V2827
C8662,V2827
C8663,V2827
C8664,V2827
C8665,V2828
C8666,V2828
C8667,V2828
C8668,V2828
C8669,V2829
C8670,V2829
C8671,V2829
C8672,V2829
C8673,V2829
C8674,V2830
C8675,V2830
C8676,V2830
C8677,V2830
C8678,V2831
C8679,V2832
C8680,V2833
C8681,V2834
C8682,V2835
C8683,V2836
C8684,V2837
C8685,V2838
C8686,V2839
C8687,V2840
C8688,V2841
C8689,V2841
C8690,V2841
C8691,V2841
C8692,V2841
C8693,V2841
C8694,V2842
C8695,V2842
C8696,V2842
C8697,V2842
C8698,V2843
C8699,V2843
C8700,V2843
C8701,V2843
C8702,V2843
C8703,V2843
C8704,V2844
C8705,V2845
C8706,V2846
C8707,V2847
C8708,V2848
C8709,V2849
C8710,V2850
C8711,V2851
C8712,V2852
C8713,V2853
C8714,V2854
C8715,V2855
C8716,V2856
C8717,V2856
C8718,V2856
C8719,V2856
C8720,V2857
C8721,V2857
C8722,V2857
C8723,V2857
C8724,V2857
C8725,V2858
C8726,V2858
C8727,V2858
C8728,V2858
C8729,V2858
C8730,V2859
C8731,V2859
C8732,V2859
C8733,V2859
C8734,V2859
C8735,V2859
C8736,V2860
C8737,V2860
C8738,V2860
C8739,V2860
C8740,V2860
C8741,V2860
C8742,V2860
C8743,V2861
C8744,V2861
C8745,V2861
C8746,V2861
C8747,V2861
C8748,V2861
C8749,V2862
C8750,V2863
C8751,V2864
C8752,V2865
C8753,V2866
C8754,V2867
C8755,V2868
C8756,V2869
C8757,V2870
C8758,V2871
C8759,V2872
C8760,V2873
C8761,V2874
C8762,V2875
C8763,V2876
C8764,V2876
C8765,V2876
C8766,V2876
C8767,V2876
C8768,V2877
C8769,V2878
C8770,V2879
C8771,V2880
C8772,V2881
C8773,V2882
C8774,V2883
C8775,V2884
C8776,V2885
C8777,V2885
C8778,V2885
C8779,V2885
C8780,V2885
C8781,V2886
C8782,V2886
C8783,V2886
C8784,V2886
C8785,V2886
C8786,V2886
C8787,V2887
C8788,V2887
C8789,V2887
C8790,V2887
C8791,V2887
C8792,V2887
C8793,V2888
C8794,V2889
C8795,V2890
C8796,V2891
C8797,V2892
C8798,V2893
C8799,V2894
C8800,V2895
C8801,V2896
C8802,V2897
C8803,V2898
C8804,V2899
C8805,V2899
C8806,V2899
C8807,V2899
C8808,V2899
C8809,V2900
C8810,V2900
C8811,V2900
C8812,V2901
C8813,V2901
C8814,V2901
C8815,V2901
C8816,V2902
C8817,V2902
C8818,V2902
C8819,V2902
C8820,V2902
C8821,V2903
C8822,V2903
C8823,V2903
C8824,V2903
C8825,V2903
C8826,V2903
C8827,V2904
C8828,V2904
C8829,V2904
C8830,V2905
C8831,V2906
C8832,V2907
C8833,V2908
C8834,V2909
C8835,V2910
C8836,V2911
C8837,V2912
C8838,V2912
C8839,V2912
C8840,V2912
C8841,V2913
C8842,V2913
C8843,V2913
C8844,V2913
C8845,V2913
C8846,V2913
C8847,V2914
C8848,V2914
C8849,V2914
C8850,V2914
C8851,V2914
C8852,V2914
C8853,V2915
C8854,V2916
C8855,V2917
C8856,V2918
C8857,V2919
C8858,V2920
C8859,V2921
C8860,V2922
C8861,V2923
C8862,V2924
C8863,V2925
C8864,V2926
C8865,V2927
C8866,V2928
C8867,V2929
C8868,V2929
C8869,V2929
C8870,V2929
C8871,V2929
C8872,V2930
C8873,V2930
C8874,V2930
C8875,V2930
C8876,V2930
C8877,V2930
C8878,V2931
C8879,V2931
C8880,V2931
C8881,V2931
C8882,V2932
C8883,V2932
C8884,V2932
C8885,V2933
C8886,V2933
C8887,V2933
C8888,V2933
C8889,V2933
C8890,V2933
C8891,V2934
C8892,V2935
C8893,V2936
C8894,V2937
C8895,V2938
C8896,V2939
C8897,V2940
C8898,V2941
C8899,V2941
C8900,V2941
C8901,V2941
C8902,V2941
C8903,V2942
C8904,V2942
C8905,V2942
C8906,V2942
C8907,V2943
C8908,V2943
C8909,V2943
C8910,V2943
C8911,V2943
C8912,V2944
C8913,V2944
C8914,V2944
C8915,V2944
C8916,V2944
C8917,V2945
C8918,V2946
C8919,V2947
C8920,V2948
C8921,V2949
C8922,V2950
C8923,V2951
C8924,V2952
C8925,V2953
C8926,V2953
C8927,V2953
C8928,V2953
C8929,V2953
C8930,V2953
C8931,V2954
C8932,V2954
C8933,V2954
C8934,V2954
C8935,V2954
C8936,V2954
C8937,V2954
C8938,V2955
C8939,V2955
C8940,V2955
C8941,V2955
C8942,V2955
C8943,V2955
C8944,V2955
C8945,V2955
C8946,V2956
C8947,V2957
C8948,V2958
C8949,V2959
C8950,V2960
C8951,V2961
C8952,V2962
C8953,V2963
C8954,V2964
C8955,V2965
C8956,V2966
C8957,V2967
C8958,V2968
C8959,V2968
C8960,V2968
C8961,V2968
C8962,V2969
C8963,V2970
C8964,V2971
C8965,V2972
C8966,V2973
C8967,V2974
C8968,V2975
C8969,V2976
C8970,V2976
C8971,V2977
C8972,V2977
C8973,V2977
C8974,V2977
C8975,V2977
C8976,V2978
C8977,V2978
C8978,V2978
C8979,V2978
C8980,V2978
C8981,V2979
C8982,V2979
C8983,V2979
C8984,V2979
C8985,V2979
C8986,V2980
C8987,V2980
C8988,V2980
C8989,V2980
C8990,V2980
C8991,V2980
C8992,V2981
C8993,V2982
C8994,V2983
C8995,V2984
C8996,V2985
C8997,V2986
C8998,V2987
C8999,V2988
C9000,V2989
C9001,V2989
C9002,V2989
C9003,V2989
C9004,V2989
C9005,V2989
C9006,V2989
C9007,V2989
C9008,V2989
C9009,V2989
C9010,V2989
C9011,V2989
C9012,V2989
C9013,V2989
C9014,V2989
C9015,V2989
C9016,V2990
C9017,V2990
C9018,V2990
C9019,V2991
C9020,V2991
C9021,V2991
C9022,V2991
C9023,V2991
C9024,V2991
C9025,V2992
C9026,V2992
C9027,V2992
C9028,V2992
C9029,V2992
C9030,V2992
C9031,V2992
C9032,V2992
C9033,V2993
C9034,V2993
C9035,V2993
C9036,V2993
C9037,V2994
C9038,V2994
C9039,V2994
C9040,V2994
C9041,V2994
C9042,V2994
C9043,V2994
C9044,V2994
C9045,V2994
C9046,V2994
C9047,V2994
C9048,V2995
C9049,V2995
C9050,V2995
C9051,V2995
C9052,V2995
C9053,V2995
C9054,V2995
C9055,V2995
C9056,V2995
C9057,V2995
C9058,V2995
C9059,V2995
C9060,V2996
C9061,V2996
C9062,V2996
C9063,V2996
C9064,V2997
C9065,V2997
C9066,V2997
C9067,V2997
C9068,V2997
C9069,V2997
C9070,V2997
C9071,V2997
C9072,V2997
C9073,V2997
C9074,V2997
C9075,V2997
C9076,V2997
C9077,V2997
C9078,V2997
C9079,V2997
C9080,V2997
C9081,V2997
C9082,V2997
C9083,V2998
C9084,V2998
C9085,V2998
C9086,V2998
C9087,V2998
C9088,V2998
C9089,V2998
C9090,V2998
C9091,V2998
C9092,V2998
C9093,V2998
C9094,V2998
C9095,V2999
C9096,V2999
C9097,V2999
C9098,V2999
C9099,V2999
C9100,V2999
C9101,V3000
C9102,V3000
C9103,V3000
C9104,V3000
C9105,V3000
C9106,V3000
C9107,V3000
C9108,V3000
C9109,V3000
C9110,V3000
C9111,V3000
C9112,V3000
C9113,V3000
C9114,V3001
C9115,V3001
C9116,V3001
C9117,V3001
C9118,V3001
C9119,V3001
C9120,V3001
C9121,V3001
C9122,V3001
C9123,V3001
C9124,V3001
C9125,V3001
C9126,V3001
C9127,V3001
C9128,V3001
C9129,V3001
C9130,V3001
C9131,V3001
C9132,V3001
C9133,V3002
C9134,V3002
C9135,V3002
C9136,V3002
C9137,V3002
C9138,V3002
C9139,V3002
C9140,V3003
C9141,V3004
C9142,V3005
C9143,V3006
C9144,V3007
C9145,V3008
C9146,V3009
C9147,V3010
C9148,V3011
C9149,V3012
C9150,V3013
C9151,V3013
C9152,V3013
C9153,V3013
C9154,V3013
C9155,V3013
C9156,V3013
C9157,V3013
C9158,V3013
C9159,V3014
C9160,V3014
C9161,V3014
C9162,V3014
C9163,V3014
C9164,V3014
C9165,V3014
C9166,V3014
C9167,V3014
C9168,V3014
C9169,V3014
C9170,V3014
C9171,V3015
C9172,V3015
C9173,V3015
C9174,V3015
C9175,V3016
C9176,V3016
C9177,V3016
C9178,V3016
C9179,V3016
C9180,V3017
C9181,V3017
C9182,V3017
C9183,V3017
C9184,V3017
C9185,V3017
C9186,V3017
C9187,V3017
C9188,V3017
C9189,V3017
C9190,V3017
C9191,V3017
C9192,V3017
C9193,V3017
C9194,V3018
C9195,V3018
C9196,V3018
C9197,V3018
C9198,V3018
C9199,V3019
C9200,V3019
C9201,V3019
C9202,V3019
C9203,V3020
C9204,V3020
C9205,V3020
C9206,V3020
C9207,V3020
C9208,V3020
C9209,V3020
C9210,V3020
C9211,V3020
C9212,V3020
C9213,V3020
C9214,V3020
C9215,V3020
C9216,V3020
C9217,V3020
C9218,V3021
C9219,V3021
C9220,V3021
C9221,V3021
C9222,V3021
C9223,V3021
C9224,V3022
C9225,V3022
C9226,V3022
C9227,V3022
C9228,V3022
C9229,V3023
C9230,V3023
C9231,V3023
C9232,V3023
C9233,V3023
C9234,V3023
C9235,V3023
C9236,V3024
C9237,V3024
C9238,V3024
C9239,V3024
C9240,V3024
C9241,V3024
C9242,V3024
C9243,V3024
C9244,V3024
C9245,V3025
C9246,V3025
C9247,V3025
C9248,V3025
C9249,V3025
C9250,V3025
C9251,V3025
C9252,V3026
C9253,V3027
C9254,V3028
C9255,V3029
C9256,V3030
C9257,V3031
C9258,V3032
C9259,V3033
C9260,V3034
C9261,V3034
C9262,V3034
C9263,V3034
C9264,V3034
C9265,V3034
C9266,V3035
C9267,V3035
C9268,V3035
C9269,V3035
C9270,V3035
C9271,V3035
C9272,V3035
C9273,V3035
C9274,V3035
C9275,V3035
C9276,V3036
C9277,V3036
C9278,V3036
C9279,V3036
C9280,V3036
C9281,V3036
C9282,V3036
C9283,V3036
C9284,V3036
C9285,V3036
C9286,V3036
C9287,V3037
C9288,V3037
C9289,V3037
C9290,V3037
C9291,V3037
C9292,V3037
C9293,V3038
C9294,V3038
C9295,V3038
C9296,V3038
C9297,V3038
C9298,V3038
C9299,V3038
C9300,V3038
C9301,V3038
C9302,V3038
C9303,V3039
C9304,V3039
C9305,V3039
C9306,V3040
C9307,V3040
C9308,V3040
C9309,V3040
C9310,V3040
C9311,V3040
C9312,V3041
C9313,V3041
C9314,V3041
C9315,V3041
C9316,V3041
C9317,V3041
C9318,V3041
C9319,V3041
C9320,V3042
C9321,V3042
C9322,V3042
C9323,V3042
C9324,V3042
C9325,V3042
C9326,V3042
C9327,V3042
C9328,V3043
C9329,V3043
C9330,V3043
C9331,V3043
C9332,V3043
C9333,V3043
C9334,V3043
C9335,V3043
C9336,V3043
C9337,V3043
C9338,V3044
C9339,V3044
C9340,V3044
C9341,V3044
C9342,V3045
C9343,V3045
C9344,V3045
C9345,V3045
C9346,V3045
C9347,V3045
C9348,V3045
C9349,V3045
C9350,V3045
C9351,V3045
C9352,V3045
C9353,V3046
C9354,V3047
C9355,V3048
C9356,V3049
C9357,V3049
C9358,V3049
C9359,V3049
C9360,V3049
C9361,V3049
C9362,V3049
C9363,V3049
C9364,V3049
C9365,V3050
C9366,V3050
C9367,V3050
C9368,V3050
C9369,V3050
C9370,V3050
C9371,V3050
C9372,V3050
C9373,V3051
C9374,V3051
C9375,V3051
C9376,V3051
C9377,V3051
C9378,V3051
C9379,V3051
C9380,V3051
C9381,V3052
C9382,V3052
C9383,V3052
C9384,V3052
C9385,V3052
C9386,V3052
C9387,V3053
C9388,V3053
C9389,V3053
C9390,V3053
C9391,V3053
C9392,V3053
C9393,V3053
C9394,V3053
C9395,V3053
C9396,V3053
C9397,V3053
C9398,V3053
C9399,V3053
C9400,V3053
C9401,V3053
C9402,V3054
C9403,V3054
C9404,V3054
C9405,V3054
C9406,V3054
C9407,V3054
C9408,V3055
C9409,V3055
C9410,V3055
C9411,V3055
C9412,V3055
C9413,V3055
C9414,V3055
C9415,V3055
C9416,V3055
C9417,V3056
C9418,V3056
C9419,V3056
C9420,V3056
C9421,V3056
C9422,V3056
C9423,V3056
C9424,V3056
C9425,V3056
C9426,V3056
C9427,V3056
C9428,V3057
C9429,V3057
C9430,V3057
C9431,V3057
C9432,V3057
C9433,V3057
C9434,V3057
C9435,V3057
C9436,V3058
C9437,V3059
C9438,V3060
C9439,V3061
C9440,V3062
C9441,V3063
C9442,V3064
C9443,V3064
C9444,V3064
C9445,V3064
C9446,V3064
C9447,V3064
C9448,V3064
C9449,V3065
C9450,V3065
C9451,V3065
C9452,V3065
C9453,V3065
C9454,V3065
C9455,V3065
C9456,V3065
C9457,V3065
C9458,V3065
C9459,V3065
C9460,V3065
C9461,V3066
C9462,V3066
C9463,V3066
C9464,V3066
C9465,V3066
C9466,V3066
C9467,V3066
C9468,V3066
C9469,V3066
C9470,V3066
C9471,V3066
C9472,V3066
C9473,V3066
C9474,V3066
C9475,V3066
C9476,V3066
C9477,V3066
C9478,V3066
C9479,V3067
C9480,V3067
C9481,V3067
C9482,V3067
C9483,V3067
C9484,V3067
C9485,V3067
C9486,V3068
C9487,V3068
C9488,V3068
C9489,V3068
C9490,V3068
C9491,V3068
C9492,V3068
C9493,V3068
C9494,V3068
C9495,V3069
C9496,V3069
C9497,V3069
C9498,V3069
C9499,V3069
C9500,V3069
C9501,V3069
C9502,V3069
C9503,V3069
C9504,V3069
C9505,V3069
C9506,V3069
C9507,V3069
C9508,V3070
C9509,V3070
C9510,V3070
C9511,V3070
C9512,V3070
C9513,V3070
C9514,V3070
C9515,V3070
C9516,V3070
C9517,V3070
C9518,V3071
C9519,V3071
C9520,V3071
C9521,V3072
C9522,V3072
C9523,V3072
C9524,V3072
C9525,V3072
C9526,V3072
C9527,V3072
C9528,V3073
C9529,V3073
C9530,V3073
C9531,V3073
C9532,V3073
C9533,V3073
C9534,V3073
C9535,V3073
C9536,V3073
C9537,V3073
C9538,V3073
C9539,V3073
C9540,V3073
C9541,V3074
C9542,V3074
C9543,V3074
C9544,V3074
C9545,V3074
C9546,V3075
C9547,V3075
C9548,V3075
C9549,V3075
C9550,V3075
C9551,V3075
C9552,V3075
C9553,V3075
C9554,V3075
C9555,V3075
C9556,V3075
C9557,V3075
C9558,V3075
C9559,V3075
C9560,V3075
C9561,V3076
C9562,V3076
C9563,V3076
C9564,V3076
C9565,V3076
C9566,V3076
C9567,V3076
C9568,V3076
C9569,V3076
C9570,V3076
C9571,V3076
C9572,V3076
C9573,V3076
C9574,V3077
C9575,V3078
C9576,V3079
C9577,V3080
C9578,V3081
C9579,V3082
C9580,V3082
C9581,V3082
C9582,V3082
C9583,V3082
C9584,V3082
C9585,V3082
C9586,V3082
C9587,V3082
C9588,V3082
C9589,V3082
C9590,V3083
C9591,V3083
C9592,V3083
C9593,V3083
C9594,V3083
C9595,V3083
C9596,V3083
C9597,V3084
C9598,V3084
C9599,V3084
C9600,V3084
C9601,V3084
C9602,V3084
C9603,V3084
C9604,V3084
C9605,V3084
C9606,V3084
C9607,V3085
C9608,V3085
C9609,V3085
C9610,V3085
C9611,V3085
C9612,V3086
C9613,V3086
C9614,V3086
C9615,V3086
C9616,V3086
C9617,V3086
C9618,V3086
C9619,V3086
C9620,V3086
C9621,V3086
C9622,V3086
C9623,V3086
C9624,V3086
C9625,V3087
C9626,V3087
C9627,V3087
C9628,V3087
C9629,V3087
C9630,V3087
C9631,V3087
C9632,V3087
C9633,V3087
C9634,V3087
C9635,V3087
C9636,V3087
C9637,V3087
C9638,V3087
C9639,V3087
C9640,V3087
C9641,V3087
C9642,V3087
C9643,V3087
C9644,V3088
C9645,V3088
C9646,V3088
C9647,V3088
C9648,V3088
C9649,V3088
C9650,V3088
C9651,V3088
C9652,V3088
C9653,V3088
C9654,V3088
C9655,V3089
C9656,V3089
C9657,V3089
C9658,V3090
C9659,V3090
C9660,V3090
C9661,V3090
C9662,V3090
C9663,V3090
C9664,V3090
C9665,V3090
C9666,V3090
C9667,V3090
C9668,V3091
C9669,V3091
C9670,V3091
C9671,V3092
C9672,V3092
C9673,V3092
C9674,V3092
C9675,V3092
C9676,V3092
C9677,V3092
C9678,V3092
C9679,V3092
C9680,V3092
C9681,V3092
C9682,V3092
C9683,V3093
C9684,V3093
C9685,V3093
C9686,V3093
C9687,V3093
C9688,V3093
C9689,V3093
C9690,V3093
C9691,V3093
C9692,V3094
C9693,V3094
C9694,V3095
C9695,V3095
C9696,V3095
C9697,V3095
C9698,V3095
C9699,V3096
C9700,V3096
C9701,V3096
C9702,V3096
C9703,V3096
C9704,V3096
C9705,V3096
C9706,V3096
C9707,V3096
C9708,V3096
C9709,V3096
C9710,V3096
C9711,V3096
C9712,V3096
C9713,V3096
C9714,V3096
C9715,V3096
C9716,V3097
C9717,V3098
C9718,V3099
C9719,V3100
C9720,V3101
C9721,V3102
C9722,V3103
C9723,V3104
C9724,V3105
C9725,V3106
C9726,V3107
C9727,V3108
C9728,V3109
C9729,V3110
C9730,V3111
C9731,V3112
C9732,V3113
C9733,V3114
C9734,V3115
C9735,V3116
C9736,V3117
C9737,V3118
C9738,V3119
C9739,V3120
C9740,V3121
C9741,V3122
C9742,V3123
C9743,V3124
C9744,V3125
C9745,V3126
C9746,V3127
C9747,V3128
C9748,V3129
C9749,V3130
C9750,V3131
C9751,V3132
C9752,V3133
C9753,V3133
C9754,V3134
C9755,V3134
C9756,V3134
C9757,V3135
C9758,V3135
C9759,V3136
C9760,V3136
C9761,V3137
C9762,V3137
C9763,V3138
C9764,V3138
C9765,V3138
C9766,V3139
C9767,V3139
C9768,V3140
C9769,V3140
C9770,V3141
C9771,V3141
C9772,V3142
C9773,V3142
C9774,V3143
C9775,V3143
C9776,V3144
C9777,V3145
C9778,V3146
C9779,V3147
C9780,V3148
C9781,V3149
C9782,V3150
C9783,V3151
C9784,V3152
C9785,V3153
C9786,V3154
C9787,V3155
C9788,V3156
C9789,V3157
C9790,V3158
C9791,V3159
C9792,V3160
C9793,V3161
C9794,V3162
C9795,V3163
C9796,V3164
C9797,V3165
C9798,V3166
C9799,V3167
C9800,V3168
C9801,V3169
C9802,V3170
C9803,V3171
C9804,V3172
C9805,V3173
C9806,V3174
C9807,V3175
C9808,V3176
C9809,V3177
C9810,V3178
C9811,V3179
C9812,V3180
C9813,V3181
C9814,V3182
C9815,V3183
C9816,V3183
C9817,V3183
C9818,V3184
C9819,V3184
C9820,V3185
C9821,V3185
C9822,V3186
C9823,V3186
C9824,V3186
C9825,V3186
C9826,V3187
C9827,V3187
C9828,V3188
C9829,V3189
C9830,V3190
C9831,V3191
C9832,V3192
C9833,V3193
C9834,V3194
C9835,V3195
C9836,V3196
C9837,V3197
C9838,V3198
C9839,V3199
C9840,V3200
C9841,V3201
C9842,V3202
C9843,V3203
C9844,V3204
C9845,V3205
C9846,V3206
C9847,V3206
C9848,V3206
C9849,V3207
C9850,V3207
C9851,V3208
C9852,V3208
C9853,V3208
C9854,V3208
C9855,V3209
C9856,V3209
C9857,V3210
C9858,V3210
C9859,V3211
C9860,V3211
C9861,V3212
C9862,V3212
C9863,V3212
C9864,V3212
C9865,V3213
C9866,V3214
C9867,V3215
C9868,V3216
C9869,V3217
C9870,V3218
C9871,V3219
C9872,V3220
C9873,V3221
C9874,V3222
C9875,V3223
C9876,V3224
C9877,V3225
C9878,V3226
C9879,V3227
C9880,V3228
C9881,V3229
C9882,V3230
C9883,V3230
C9884,V3231
C9885,V3231
C9886,V3231
C9887,V3231
C9888,V3232
C9889,V3232
C9890,V3233
C9891,V3233
C9892,V3234
C9893,V3234
C9894,V3234
C9895,V3235
C9896,V3235
C9897,V3235
C9898,V3236
C9899,V3237
C9900,V3238
C9901,V3239
C9902,V3240
C9903,V3241
C9904,V3242
C9905,V3243
C9906,V3244
C9907,V3245
C9908,V3246
C9909,V3247
C9910,V3248
C9911,V3249
C9912,V3250
C9913,V3251
C9914,V3252
C9915,V3253
C9916,V3254
C9917,V3255
C9918,V3256
C9919,V3257
C9920,V3258
C9921,V3259
C9922,V3260
C9923,V3261
C9924,V3262
C9925,V3263
C9926,V3264
C9927,V3265
C9928,V3266
C9929,V3267
C9930,V3268
C9931,V3269
C9932,V3270
C9933,V3271
C9934,V3272
C9935,V3273
C9936,V3273
C9937,V3274
C9938,V3274
C9939,V3275
C9940,V3275
C9941,V3276
C9942,V3276
C9943,V3276
C9944,V3277
C9945,V3277
C9946,V3278
C9947,V3278
C9948,V3278
C9949,V3278
C9950,V3278
C9951,V3279
C9952,V3279
C9953,V3279
C9954,V3279
C9955,V3279
C9956,V3280
C9957,V3281
C9958,V3282
C9959,V3283
C9960,V3284
C9961,V3285
C9962,V3286
C9963,V3287
C9964,V3288
C9965,V3289
C9966,V3290
C9967,V3291
C9968,V3292
C9969,V3293
C9970,V3294
C9971,V3294
C9972,V3295
C9973,V3295
C9974,V3296
C9975,V3296
C9976,V3297
C9977,V3297
C9978,V3297
C9979,V3297
C9980,V3298
C9981,V3298
C9982,V3298
C9983,V3299
C9984,V3299
C9985,V3299
C9986,V3299
C9987,V3300
C9988,V3300
C9989,V3301
C9990,V3301
C9991,V3301
C9992,V3302
C9993,V3302
C9994,V3303
C9995,V3303
C9996,V3304
C9997,V3304
C9998,V3304
C9999,V3305
C10000,V3305
C10001,V3306
C10002,V3306
C10003,V3306
C10004,V3306
C10005,V3307
C10006,V3307
C10007,V3307
C10008,V3307
C10009,V3308
C10010,V3309
C10011,V3310
C10012,V3311
C10013,V3312
C10014,V3313
C10015,V3314
C10016,V3315
C10017,V3316
C10018,V3317
C10019,V3318
C10020,V3319
C10021,V3320
C10022,V3321
C10023,V3322
C10024,V3323
C10025,V3324
C10026,V3325
C10027,V3326
C10028,V3327
C10029,V3328
C10030,V3329
C10031,V3330
C10032,V3330
C10033,V3331
C10034,V3331
C10035,V3332
C10036,V3332
C10037,V3333
C10038,V3334
C10039,V3335
C10040,V3336
C10041,V3337
C10042,V3338
C10043,V3339
C10044,V3340
C10045,V3341
C10046,V3342
C10047,V3343
C10048,V3344
C10049,V3345
C10050,V3346
C10051,V3346
C10052,V3347
C10053,V3347
C10054,V3347
C10055,V3348
C10056,V3348
C10057,V3348
C10058,V3349
C10059,V3349
C10060,V3350
C10061,V3350
C10062,V3350
C10063,V3350
C10064,V3350
C10065,V3351
C10066,V3351
C10067,V3352
C10068,V3352
C10069,V3353
C10070,V3353
C10071,V3354
C10072,V3354
C10073,V3355
C10074,V3356
C10075,V3357
C10076,V3358
C10077,V3359
C10078,V3360
C10079,V3361
C10080,V3362
C10081,V3363
C10082,V3364
C10083,V3365
C10084,V3366
C10085,V3367
C10086,V3368
C10087,V3369
C10088,V3370
C10089,V3371
C10090,V3372
C10091,V3373
C10092,V3374
C10093,V3375
C10094,V3376
C10095,V3377
C10096,V3378
C10097,V3379
C10098,V3379
C10099,V3380
C10100,V3380
C10101,V3380
C10102,V3381
C10103,V3381
C10104,V3382
C10105,V3383
C10106,V3384
C10107,V3385
C10108,V3386
C10109,V3387
C10110,V3388
C10111,V3389
C10112,V3390
C10113,V3391
C10114,V3392
C10115,V3393
C10116,V3394
C10117,V3395
C10118,V3396
C10119,V3397
C10120,V3398
C10121,V3399
C10122,V3400
C10123,V3401
C10124,V3401
C10125,V3402
C10126,V3402
C10127,V3402
C10128,V3403
C10129,V3403
C10130,V3404
C10131,V3404
C10132,V3405
C10133,V3405
C10134,V3406
C10135,V3407
C10136,V3408
C10137,V3409
C10138,V3410
C10139,V3411
C10140,V3412
C10141,V3413
C10142,V3414
C10143,V3414
C10144,V3414
C10145,V3414
C10146,V3414
C10147,V3414
C10148,V3414
C10149,V3414
C10150,V3415
C10151,V3416
C10152,V3417
C10153,V3418
C10154,V3419
C10155,V3420
C10156,V3421
C10157,V3422
C10158,V3423
C10159,V3424
C10160,V3425
C10161,V3426
C10162,V3427
C10163,V3428
C10164,V3429
C10165,V3430
C10166,V3431
C10167,V3432
C10168,V3433
C10169,V3434
C10170,V3434
C10171,V3434
C10172,V3434
C10173,V3434
C10174,V3434
C10175,V3434
C10176,V3435
C10177,V3435
C10178,V3435
C10179,V3435
C10180,V3435
C10181,V3435
C10182,V3435
C10183,V3436
C10184,V3436
C10185,V3436
C10186,V3436
C10187,V3436
C10188,V3436
C10189,V3436
C10190,V3437
C10191,V3437
C10192,V3437
C10193,V3437
C10194,V3438
C10195,V3439
C10196,V3440
C10197,V3441
C10198,V3442
C10199,V3443
C10200,V3444
C10201,V3445
C10202,V3445
C10203,V3445
C10204,V3445
C10205,V3445
C10206,V3445
C10207,V3445
C10208,V3446
C10209,V3446
C10210,V3446
C10211,V3446
C10212,V3446
C10213,V3447
C10214,V3447
C10215,V3447
C10216,V3447
C10217,V3447
C10218,V3447
C10219,V3447
C10220,V3448
C10221,V3448
C10222,V3448
C10223,V3448
C10224,V3448
C10225,V3448
C10226,V3448
C10227,V3449
C10228,V3450
C10229,V3451
C10230,V3452
C10231,V3453
C10232,V3454
C10233,V3455
C10234,V3456
C10235,V3457
C10236,V3458
C10237,V3459
C10238,V3460
C10239,V3461
C10240,V3462
C10241,V3462
C10242,V3462
C10243,V3462
C10244,V3462
C10245,V3462
C10246,V3462
C10247,V3463
C10248,V3464
C10249,V3465
C10250,V3466
C10251,V3467
C10252,V3468
C10253,V3469
C10254,V3470
C10255,V3471
C10256,V3472
C10257,V3473
C10258,V3474
C10259,V3475
C10260,V3476
C10261,V3477
C10262,V3478
C10263,V3479
C10264,V3480
C10265,V3480
C10266,V3480
C10267,V3480
C10268,V3480
C10269,V3481
C10270,V3481
C10271,V3481
C10272,V3481
C10273,V3481
C10274,V3481
C10275,V3481
C10276,V3481
C10277,V3482
C10278,V3483
C10279,V3484
C10280,V3485
C10281,V3486
C10282,V3487
C10283,V3488
C10284,V3489
C10285,V3490
C10286,V3491
C10287,V3492
C10288,V3493
C10289,V3494
C10290,V3495
C10291,V3496
C10292,V3496
C10293,V3496
C10294,V3496
C10295,V3496
C10296,V3496
C10297,V3497
C10298,V3498
C10299,V3499
C10300,V3500
C10301,V3501
C10302,V3502
C10303,V3503
C10304,V3504
C10305,V3505
C10306,V3506
C10307,V3507
C10308,V3508
C10309,V3508
C10310,V3508
C10311,V3508
C10312,V3508
C10313,V3509
C10314,V3509
C10315,V3509
C10316,V3509
C10317,V3509
C10318,V3510
C10319,V3511
C10320,V3512
C10321,V3513
C10322,V3514
C10323,V3515
C10324,V3516
C10325,V3516
C10326,V3516
C10327,V3516
C10328,V3516
C10329,V3516
C10330,V3516
C10331,V3516
C10332,V3517
C10333,V3517
C10334,V3517
C10335,V3517
C10336,V3517
C10337,V3517
C10338,V3518
C10339,V3518
C10340,V3518
C10341,V3518
C10342,V3518
C10343,V3519
C10344,V3520
C10345,V3521
C10346,V3522
C10347,V3523
C10348,V3524
C10349,V3525
C10350,V3526
C10351,V3527
C10352,V3528
C10353,V3529
C10354,V3530
C10355,V3531
C10356,V3532
C10357,V3533
C10358,V3534
C10359,V3535
C10360,V3536
C10361,V3537
C10362,V3538
C10363,V3539
C10364,V3539
C10365,V3539
C10366,V3539
C10367,V3539
C10368,V3539
C10369,V3539
C10370,V3540
C10371,V3540
C10372,V3540
C10373,V3540
C10374,V3540
C10375,V3541
C10376,V3541
C10377,V3541
C10378,V3541
C10379,V3541
C10380,V3541
C10381,V3541
C10382,V3541
C10383,V3541
C10384,V3541
C10385,V3541
C10386,V3541
C10387,V3541
C10388,V3541
C10389,V3542
C10390,V3542
C10391,V3542
C10392,V3542
C10393,V3542
C10394,V3542
C10395,V3543
C10396,V3543
C10397,V3543
C10398,V3543
C10399,V3543
C10400,V3544
C10401,V3544
C10402,V3544
C10403,V3544
C10404,V3544
C10405,V3544
C10406,V3544
C10407,V3544
C10408,V3544
C10409,V3544
C10410,V3545
C10411,V3545
C10412,V3545
C10413,V3546
C10414,V3547
C10415,V3548
C10416,V3549
C10417,V3550
C10418,V3551
C10419,V3552
C10420,V3552
C10421,V3552
C10422,V3553
C10423,V3553
C10424,V3553
C10425,V3553
C10426,V3553
C10427,V3553
C10428,V3554
C10429,V3555
C10430,V3556
C10431,V3557
C10432,V3558
C10433,V3559
C10434,V3560
C10435,V3561
C10436,V3562
C10437,V3563
C10438,V3564
C10439,V3565
C10440,V3565
C10441,V3565
C10442,V3565
C10443,V3565
C10444,V3565
C10445,V3566
C10446,V3566
C10447,V3567
C10448,V3567
C10449,V3567
C10450,V3567
C10451,V3568
C10452,V3568
C10453,V3569
C10454,V3569
C10455,V3569
C10456,V3569
C10457,V3569
C10458,V3570
C10459,V3571
C10460,V3572
C10461,V3573
C10462,V3574
C10463,V3575
C10464,V3575
C10465,V3575
C10466,V3575
C10467,V3575
C10468,V3575
C10469,V3575
C10470,V3575
C10471,V3575
C10472,V3575
C10473,V3575
C10474,V3575
C10475,V3576
C10476,V3576
C10477,V3577
C10478,V3577
C10479,V3577
C10480,V3578
C10481,V3578
C10482,V3578
C10483,V3579
C10484,V3580
C10485,V3581
C10486,V3582
C10487,V3583
C10488,V3584
C10489,V3585
C10490,V3585
C10491,V3585
C10492,V3585
C10493,V3585
C10494,V3585
C10495,V3585
C10496,V3586
C10497,V3586
C10498,V3586
C10499,V3586
C10500,V3586
C10501,V3586
C10502,V3587
C10503,V3587
C10504,V3587
C10505,V3587
C10506,V3587
C10507,V3587
C10508,V3588
C10509,V3588
C10510,V3588
C10511,V3589
C10512,V3590
C10513,V3591
C10514,V3592
C10515,V3593
C10516,V3594
C10517,V3595
C10518,V3596
C10519,V3597
C10520,V3597
C10521,V3597
C10522,V3597
C10523,V3597
C10524,V3598
C10525,V3598
C10526,V3598
C10527,V3598
C10528,V3599
C10529,V3599
C10530,V3599
C10531,V3599
C10532,V3599
C10533,V3599
C10534,V3599
C10535,V3599
C10536,V3599
C10537,V3599
C10538,V3599
C10539,V3599
C10540,V3599
C10541,V3599
C10542,V3600
C10543,V3600
C10544,V3600
C10545,V3601
C10546,V3601
C10547,V3601
C10548,V3601
C10549,V3602
C10550,V3603
C10551,V3604
C10552,V3605
C10553,V3606
C10554,V3607
C10555,V3608
C10556,V3609
C10557,V3609
C10558,V3609
C10559,V3609
C10560,V3609
C10561,V3609
C10562,V3609
C10563,V3609
C10564,V3609
C10565,V3610
C10566,V3610
C10567,V3610
C10568,V3610
C10569,V3610
C10570,V3611
C10571,V3611
C10572,V3612
C10573,V3612
C10574,V3613
C10575,V3613
C10576,V3614
C10577,V3614
C10578,V3615
C10579,V3616
C10580,V3617
C10581,V3618
C10582,V3619
C10583,V3619
C10584,V3619
C10585,V3619
C10586,V3620
C10587,V3620
C10588,V3620
C10589,V3620
C10590,V3621
C10591,V3621
C10592,V3621
C10593,V3621
C10594,V3622
C10595,V3622
C10596,V3622
C10597,V3622
C10598,V3622
C10599,V3622
C10600,V3622
C10601,V3623
C10602,V3623
C10603,V3623
C10604,V3623
C10605,V3623
C10606,V3623
C10607,V3623
C10608,V3623
C10609,V3623
C10610,V3623
C10611,V3623
C10612,V3623
C10613,V3624
C10614,V3624
C10615,V3625
C10616,V3626
C10617,V3627
C10618,V3628
C10619,V3629
C10620,V3630
C10621,V3631
C10622,V3632
C10623,V3632
C10624,V3632
C10625,V3632
C10626,V3632
C10627,V3632
C10628,V3632
C10629,V3632
C10630,V3632
C10631,V3632
C10632,V3632
C10633,V3632
C10634,V3632
C10635,V3632
C10636,V3632
C10637,V3632
C10638,V3632
C10639,V3633
C10640,V3633
C10641,V3633
C10642,V3633
C10643,V3633
C10644,V3633
C10645,V3634
C10646,V3634
C10647,V3635
C10648,V3636
C10649,V3637
C10650,V3638
C10651,V3639
C10652,V3640
C10653,V3641
C10654,V3641
C10655,V3641
C10656,V3642
C10657,V3642
C10658,V3642
C10659,V3642
C10660,V3642
C10661,V3642
C10662,V3642
C10663,V3643
C10664,V3644
C10665,V3645
C10666,V3646
C10667,V3647
C10668,V3648
C10669,V3648
C10670,V3648
C10671,V3648
C10672,V3648
C10673,V3648
C10674,V3649
C10675,V3649
C10676,V3649
C10677,V3649
C10678,V3649
C10679,V3649
C10680,V3649
C10681,V3649
C10682,V3649
C10683,V3649
C10684,V3649
C10685,V3649
C10686,V3649
C10687,V3649
C10688,V3649
C10689,V3649
C10690,V3649
C10691,V3650
C10692,V3650
C10693,V3650
C10694,V3650
C10695,V3650
C10696,V3650
C10697,V3651
C10698,V3651
C10699,V3651
C10700,V3651
C10701,V3652
C10702,V3653
C10703,V3654
C10704,V3655
C10705,V3656
C10706,V3657
C10707,V3658
C10708,V3658
C10709,V3659
C10710,V3660
C10711,V3661
C10712,V3662
C10713,V3663
C10714,V3664
C10715,V3665
C10716,V3665
C10717,V3665
C10718,V3666
C10719,V3666
C10720,V3666
C10721,V3666
C10722,V3666
C10723,V3666
C10724,V3666
C10725,V3666
C10726,V3666
C10727,V3666
C10728,V3667
C10729,V3667
C10730,V3667
C10731,V3667
C10732,V3668
C10733,V3668
C10734,V3668
C10735,V3669
C10736,V3670
C10737,V3670
C10738,V3670
C10739,V3670
C10740,V3670
C10741,V3670
C10742,V3670
C10743,V3671
C10744,V3671
C10745,V3671
C10746,V3671
C10747,V3671
C10748,V3671
C10749,V3671
C10750,V3671
C10751,V3671
C10752,V3671
C10753,V3671
C10754,V3671
C10755,V3671
C10756,V3671
C10757,V3671
C10758,V3671
C10759,V3671
C10760,V3671
C10761,V3671
C10762,V3671
C10763,V3671
C10764,V3672
C10765,V3672
C10766,V3672
C10767,V3672
C10768,V3672
C10769,V3672
C10770,V3672
C10771,V3672
C10772,V3672
C10773,V3672
C10774,V3672
C10775,V3672
C10776,V3672
C10777,V3672
C10778,V3672
C10779,V3672
C10780,V3672
C10781,V3672
C10782,V3672
C10783,V3672
C10784,V3672
C10785,V3673
C10786,V3673
C10787,V3673
C10788,V3673
C10789,V3673
C10790,V3674
C10791,V3674
C10792,V3674
C10793,V3674
C10794,V3674
C10795,V3674
C10796,V3674
C10797,V3674
C10798,V3674
C10799,V3674
C10800,V3674
C10801,V3674
C10802,V3674
C10803,V3675
C10804,V3675
C10805,V3675
C10806,V3676
C10807,V3676
C10808,V3676
C10809,V3676
C10810,V3677
C10811,V3677
C10812,V3677
C10813,V3677
C10814,V3677
C10815,V3677
C10816,V3678
C10817,V3678
C10818,V3678
C10819,V3678
C10820,V3678
C10821,V3678
C10822,V3678
C10823,V3678
C10824,V3678
C10825,V3678
C10826,V3679
C10827,V3680
C10828,V3681
C10829,V3682
C10830,V3683
C10831,V3684
C10832,V3685
C10833,V3686
C10834,V3687
C10835,V3688
C10836,V3689
C10837,V3689
C10838,V3689
C10839,V3689
C10840,V3689
C10841,V3689
C10842,V3689
C10843,V3689
C10844,V3689
C10845,V3689
C10846,V3689
C10847,V3689
C10848,V3690
C10849,V3690
C10850,V3690
C10851,V3690
C10852,V3690
C10853,V3690
C10854,V3690
C10855,V3690
C10856,V3690
C10857,V3690
C10858,V3690
C10859,V3690
C10860,V3690
C10861,V3691
C10862,V3691
C10863,V3691
C10864,V3691
C10865,V3691
C10866,V3691
C10867,V3691
C10868,V3691
C10869,V3691
C10870,V3692
C10871,V3692
C10872,V3692
C10873,V3692
C10874,V3692
C10875,V3692
C10876,V3692
C10877,V3692
C10878,V3692
C10879,V3692
C10880,V3692
C10881,V3692
C10882,V3692
C10883,V3693
C10884,V3693
C10885,V3694
C10886,V3695
C10887,V3696
C10888,V3697
C10889,V3698
C10890,V3699
C10891,V3700
C10892,V3701
C10893,V3701
C10894,V3701
C10895,V3701
C10896,V3701
C10897,V3701
C10898,V3701
C10899,V3701
C10900,V3701
C10901,V3701
C10902,V3702
C10903,V3702
C10904,V3702
C10905,V3702
C10906,V3702
C10907,V3702
C10908,V3702
C10909,V3702
C10910,V3703
C10911,V3703
C10912,V3703
C10913,V3703
C10914,V3703
C10915,V3703
C10916,V3703
C10917,V3703
C10918,V3704
C10919,V3704
C10920,V3705
C10921,V3705
C10922,V3706
C10923,V3706
C10924,V3706
C10925,V3707
C10926,V3707
C10927,V3708
C10928,V3709
C10929,V3710
C10930,V3711
C10931,V3711
C10932,V3711
C10933,V3711
C10934,V3711
C10935,V3712
C10936,V3712
C10937,V3712
C10938,V3712
C10939,V3712
C10940,V3712
C10941,V3712
C10942,V3712
C10943,V3713
C10944,V3713
C10945,V3713
C10946,V3713
C10947,V3713
C10948,V3713
C10949,V3714
C10950,V3714
C10951,V3714
C10952,V3715
C10953,V3715
C10954,V3715
C10955,V3716
C10956,V3716
V1,D1
V2,D2
V3,D3
V4,D4
V5,D5
V6,D5
V7,D5
V8,D5
V9,D5
V10,D5
V11,D5
V12,D5
V13,D6
V14,D6
V15,D6
V16,D6
V17,D6
V18,D6
V19,D6
V20,D6
V21,D6
V22,D6
V23,D6
V24,D6
V25,D6
V26,D6
V27,D6
V28,D7
V29,D7
V30,D7
V31,D7
V32,D7
V33,D7
V34,D7
V35,D7
V36,D7
V37,D7
V38,D7
V39,D7
V40,D7
V41,D8
V42,D8
V43,D8
V44,D8
V45,D8
V46,D8
V47,D8
V48,D8
V49,D8
V50,D8
V51,D8
V52,D8
V53,D8
V54,D8
V55,D8
V56,D8
V57,D8
V58,D8
V59,D8
V60,D8
V61,D8
V62,D9
V63,D9
V64,D9
V65,D9
V66,D9
V67,D9
V68,D9
V69,D9
V70,D9
V71,D9
V72,D9
V73,D9
V74,D9
V75,D9
V76,D9
V77,D9
V78,D9
V79,D9
V80,D10
V81,D10
V82,D10
V83,D10
V84,D10
V85,D10
V86,D10
V87,D10
V88,D10
V89,D10
V90,D10
V91,D10
V92,D10
V93,D11
V94,D11
V95,D11
V96,D11
V97,D11
V98,D11
V99,D11
V100,D11
V101,D11
V102,D11
V103,D11
V104,D11
V105,D11
V106,D11
V107,D11
V108,D11
V109,D11
V110,D11
V111,D11
V112,D12
V113,D12
V114,D12
V115,D12
V116,D12
V117,D12
V118,D12
V119,D12
V120,D12
V121,D12
V122,D12
V123,D12
V124,D12
V125,D12
V126,D12
V127,D12
V128,D12
V129,D12
V130,D13
V131,D13
V132,D13
V133,D13
V134,D13
V135,D13
V136,D13
V137,D13
V138,D13
V139,D13
V140,D13
V141,D13
V142,D13
V143,D13
V144,D13
V145,D13
V146,D14
V147,D14
V148,D14
V149,D14
V150,D14
V151,D14
V152,D14
V153,D14
V154,D14
V155,D14
V156,D15
V157,D15
V158,D15
V159,D15
V160,D15
V161,D15
V162,D15
V163,D15
V164,D15
V165,D15
V166,D15
V167,D15
V168,D15
V169,D15
V170,D15
V171,D15
V172,D17
V173,D18
V174,D19
V175,D20
V176,D20
V177,D20
V178,D20
V179,D20
V180,D20
V181,D20
V182,D20
V183,D20
V184,D20
V185,D20
V186,D21
V187,D21
V188,D21
V189,D21
V190,D21
V191,D21
V192,D21
V193,D21
V194,D22
V195,D22
V196,D22
V197,D22
V198,D22
V199,D22
V200,D22
V201,D22
V202,D22
V203,D22
V204,D22
V205,D22
V206,D22
V207,D23
V208,D23
V209,D23
V210,D23
V211,D23
V212,D23
V213,D23
V214,D23
V215,D23
V216,D23
V217,D23
V218,D23
V219,D24
V220,D24
V221,D24
V222,D24
V223,D24
V224,D24
V225,D24
V226,D25
V227,D25
V228,D25
V229,D25
V230,D25
V231,D25
V232,D25
V233,D25
V234,D25
V235,D25
V236,D26
V237,D26
V238,D26
V239,D26
V240,D26
V241,D26
V242,D26
V243,D26
V244,D26
V245,D26
V246,D26
V247,D26
V248,D26
V249,D26
V250,D26
V251,D26
V252,D26
V253,D26
V254,D26
V255,D26
V256,D27
V257,D27
V258,D27
V259,D27
V260,D27
V261,D27
V262,D27
V263,D27
V264,D27
V265,D27
V266,D27
V267,D27
V268,D27
V269,D27
V270,D27
V271,D27
V272,D27
V273,D27
V274,D27
V275,D27
V276,D27
V277,D28
V278,D28
V279,D28
V280,D28
V281,D28
V282,D28
V283,D28
V284,D28
V285,D28
V286,D28
V287,D28
V288,D28
V289,D28
V290,D28
V291,D28
V292,D29
V293,D29
V294,D29
V295,D29
V296,D29
V297,D29
V298,D29
V299,D29
V300,D30
V301,D30
V302,D30
V303,D30
V304,D30
V305,D30
V306,D30
V307,D30
V308,D30
V309,D30
V310,D30
V311,D30
V312,D30
V313,D30
V314,D30
V315,D30
V316,D30
V317,D30
V318,D31
V319,D31
V320,D31
V321,D31
V322,D31
V323,D31
V324,D31
V325,D31
V326,D31
V327,D31
V328,D31
V329,D31
V330,D31
V331,D32
V332,D32
V333,D32
V334,D32
V335,D32
V336,D32
V337,D32
V338,D32
V339,D32
V340,D33
V341,D33
V342,D33
V343,D33
V344,D33
V345,D33
V346,D33
V347,D33
V348,D33
V349,D33
V350,D33
V351,D33
V352,D34
V353,D34
V354,D34
V355,D34
V356,D34
V357,D34
V358,D34
V359,D34
V360,D34
V361,D34
V362,D34
V363,D34
V364,D35
V365,D35
V366,D35
V367,D35
V368,D35
V369,D35
V370,D35
V371,D35
V372,D35
V373,D35
V374,D36
V375,D36
V376,D36
V377,D36
V378,D36
V379,D36
V380,D36
V381,D36
V382,D36
V383,D36
V384,D36
V385,D36
V386,D37
V387,D37
V388,D37
V389,D37
V390,D37
V391,D38
V392,D38
V393,D38
V394,D38
V395,D38
V396,D38
V397,D38
V398,D38
V399,D38
V400,D38
V401,D38
V402,D39
V403,D39
V404,D39
V405,D39
V406,D39
V407,D39
V408,D39
V409,D40
V410,D40
V411,D40
V412,D40
V413,D40
V414,D40
V415,D40
V416,D40
V417,D40
V418,D40
V419,D40
V420,D40
V421,D40
V422,D41
V423,D41
V424,D41
V425,D41
V426,D41
V427,D41
V428,D41
V429,D41
V430,D41
V431,D41
V432,D41
V433,D41
V434,D42
V435,D42
V436,D42
V437,D42
V438,D42
V439,D42
V440,D42
V441,D42
V442,D42
V443,D42
V444,D42
V445,D43
V446,D43
V447,D43
V448,D43
V449,D43
V450,D43
V451,D44
V452,D44
V453,D44
V454,D44
V455,D44
V456,D44
V457,D44
V458,D44
V459,D45
V460,D46
V461,D47
V462,D48
V463,D49
V464,D50
V465,D50
V466,D50
V467,D50
V468,D50
V469,D50
V470,D51
V471,D51
V472,D51
V473,D51
V474,D51
V475,D51
V476,D51
V477,D51
V478,D51
V479,D51
V480,D51
V481,D51
V482,D51
V483,D51
V484,D51
V485,D51
V486,D52
V487,D52
V488,D52
V489,D52
V490,D52
V491,D52
V492,D52
V493,D52
V494,D52
V495,D52
V496,D52
V497,D52
V498,D52
V499,D53
V500,D53
V501,D53
V502,D53
V503,D53
V504,D53
V505,D53
V506,D53
V507,D53
V508,D53
V509,D53
V510,D53
V511,D53
V512,D53
V513,D53
V514,D53
V515,D53
V516,D53
V517,D53
V518,D54
V519,D54
V520,D54
V521,D54
V522,D54
V523,D54
V524,D54
V525,D54
V526,D55
V527,D55
V528,D55
V529,D55
V530,D55
V531,D55
V532,D55
V533,D56
V534,D56
V535,D56
V536,D56
V537,D56
V538,D56
V539,D56
V540,D56
V541,D56
V542,D56
V543,D56
V544,D56
V545,D56
V546,D57
V547,D57
V548,D57
V549,D57
V550,D57
V551,D57
V552,D57
V553,D57
V554,D58
V555,D58
V556,D58
V557,D58
V558,D58
V559,D58
V560,D58
V561,D58
V562,D58
V563,D58
V564,D58
V565,D58
V566,D58
V567,D58
V568,D58
V569,D58
V570,D58
V571,D58
V572,D58
V573,D58
V574,D58
V575,D59
V576,D59
V577,D59
V578,D59
V579,D59
V580,D59
V581,D59
V582,D59
V583,D59
V584,D59
V585,D60
V586,D60
V587,D60
V588,D60
V589,D60
V590,D60
V591,D60
V592,D60
V593,D60
V594,D61
V595,D61
V596,D61
V597,D61
V598,D61
V599,D61
V600,D143
V601,D144
V602,D144
V603,D144
V604,D144
V605,D144
V606,D144
V607,D144
V608,D144
V609,D145
V610,D145
V611,D145
V612,D145
V613,D145
V614,D145
V615,D146
V616,D146
V617,D146
V618,D146
V619,D146
V620,D146
V621,D147
V622,D147
V623,D147
V624,D147
V625,D148
V626,D148
V627,D148
V628,D148
V629,D149
V630,D149
V631,D149
V632,D149
V633,D149
V634,D149
V635,D149
V636,D149
V637,D149
V638,D149
V639,D150
V640,D150
V641,D150
V642,D150
V643,D150
V644,D150
V645,D150
V646,D150
V647,D151
V648,D151
V649,D151
V650,D151
V651,D151
V652,D152
V653,D152
V654,D152
V655,D152
V656,D152
V657,D152
V658,D153
V659,D153
V660,D153
V661,D153
V662,D153
V663,D153
V664,D153
V665,D153
V666,D153
V667,D153
V668,D154
V669,D155
V670,D155
V671,D155
V672,D155
V673,D155
V674,D155
V675,D156
V676,D156
V677,D156
V678,D156
V679,D156
V680,D156
V681,D157
V682,D157
V683,D157
V684,D158
V685,D158
V686,D158
V687,D158
V688,D158
V689,D158
V690,D159
V691,D160
V692,D161
V693,D162
V694,D163
V695,D164
V696,D165
V697,D166
V698,D167
V699,D168
V700,D169
V701,D169
V702,D169
V703,D169
V704,D169
V705,D169
V706,D169
V707,D170
V708,D170
V709,D170
V710,D170
V711,D170
V712,D170
V713,D170
V714,D170
V715,D171
V716,D171
V717,D171
V718,D171
V719,D171
V720,D172
V721,D172
V722,D172
V723,D172
V724,D172
V725,D172
V726,D172
V727,D172
V728,D173
V729,D173
V730,D173
V731,D173
V732,D173
V733,D173
V734,D174
V735,D174
V736,D174
V737,D175
V738,D175
V739,D175
V740,D175
V741,D175
V742,D175
V743,D175
V744,D176
V745,D176
V746,D176
V747,D176
V748,D176
V749,D176
V750,D176
V751,D176
V752,D176
V753,D176
V754,D177
V755,D177
V756,D177
V757,D177
V758,D177
V759,D177
V760,D177
V761,D177
V762,D177
V763,D178
V764,D178
V765,D178
V766,D178
V767,D178
V768,D178
V769,D178
V770,D179
V771,D180
V772,D180
V773,D180
V774,D180
V775,D180
V776,D180
V777,D180
V778,D180
V779,D180
V780,D180
V781,D180
V782,D180
V783,D180
V784,D180
V785,D180
V786,D180
V787,D181
V788,D181
V789,D181
V790,D181
V791,D181
V792,D181
V793,D181
V794,D181
V795,D181
V796,D181
V797,D181
V798,D181
V799,D181
V800,D181
V801,D181
V802,D181
V803,D181
V804,D181
V805,D182
V806,D182
V807,D182
V808,D182
V809,D182
V810,D182
V811,D182
V812,D182
V813,D182
V814,D182
V815,D182
V816,D182
V817,D183
V818,D183
V819,D183
V820,D183
V821,D183
V822,D183
V823,D183
V824,D183
V825,D183
V826,D183
V827,D183
V828,D183
V829,D183
V830,D183
V831,D183
V832,D183
V833,D183
V834,D183
V835,D183
V836,D183
V837,D184
V838,D184
V839,D184
V840,D184
V841,D184
V842,D184
V843,D184
V844,D184
V845,D184
V846,D184
V847,D184
V848,D184
V849,D184
V850,D184
V851,D184
V852,D184
V853,D185
V854,D186
V855,D186
V856,D186
V857,D186
V858,D186
V859,D186
V860,D186
V861,D186
V862,D186
V863,D186
V864,D186
V865,D186
V866,D186
V867,D186
V868,D186
V869,D186
V870,D186
V871,D186
V872,D186
V873,D187
V874,D187
V875,D187
V876,D187
V877,D187
V878,D187
V879,D187
V880,D188
V881,D188
V882,D188
V883,D188
V884,D188
V885,D188
V886,D188
V887,D188
V888,D188
V889,D188
V890,D188
V891,D188
V892,D189
V893,D189
V894,D189
V895,D189
V896,D189
V897,D189
V898,D189
V899,D189
V900,D189
V901,D189
V902,D189
V903,D190
V904,D190
V905,D190
V906,D190
V907,D190
V908,D190
V909,D190
V910,D190
V911,D191
V912,D191
V913,D191
V914,D191
V915,D191
V916,D191
V917,D191
V918,D191
V919,D191
V920,D191
V921,D191
V922,D191
V923,D191
V924,D191
V925,D192
V926,D193
V927,D194
V928,D194
V929,D194
V930,D194
V931,D194
V932,D194
V933,D194
V934,D194
V935,D194
V936,D194
V937,D194
V938,D194
V939,D194
V940,D194
V941,D194
V942,D194
V943,D194
V944,D194
V945,D194
V946,D194
V947,D194
V948,D194
V949,D194
V950,D195
V951,D195
V952,D195
V953,D195
V954,D195
V955,D195
V956,D195
V957,D195
V958,D195
V959,D195
V960,D196
V961,D197
V962,D198
V963,D198
V964,D198
V965,D198
V966,D198
V967,D198
V968,D198
V969,D198
V970,D198
V971,D198
V972,D198
V973,D199
V974,D199
V975,D199
V976,D199
V977,D199
V978,D199
V979,D199
V980,D199
V981,D199
V982,D199
V983,D199
V984,D199
V985,D199
V986,D199
V987,D199
V988,D199
V989,D199
V990,D199
V991,D199
V992,D199
V993,D199
V994,D199
V995,D199
V996,D199
V997,D199
V998,D199
V999,D199
V1000,D199
V1001,D199
V1002,D200
V1003,D201
V1004,D201
V1005,D201
V1006,D201
V1007,D201
V1008,D201
V1009,D201
V1010,D201
V1011,D201
V1012,D201
V1013,D202
V1014,D202
V1015,D202
V1016,D202
V1017,D202
V1018,D202
V1019,D202
V1020,D202
V1021,D202
V1022,D202
V1023,D202
V1024,D202
V1025,D202
V1026,D202
V1027,D202
V1028,D203
V1029,D203
V1030,D203
V1031,D203
V1032,D203
V1033,D203
V1034,D203
V1035,D204
V1036,D205
V1037,D205
V1038,D205
V1039,D205
V1040,D205
V1041,D205
V1042,D205
V1043,D205
V1044,D205
V1045,D205
V1046,D205
V1047,D205
V1048,D205
V1049,D205
V1050,D205
V1051,D205
V1052,D205
V1053,D205
V1054,D205
V1055,D205
V1056,D206
V1057,D206
V1058,D206
V1059,D206
V1060,D206
V1061,D206
V1062,D207
V1063,D207
V1064,D207
V1065,D207
V1066,D207
V1067,D207
V1068,D207
V1069,D207
V1070,D207
V1071,D207
V1072,D207
V1073,D207
V1074,D207
V1075,D207
V1076,D207
V1077,D207
V1078,D207
V1079,D207
V1080,D207
V1081,D207
V1082,D207
V1083,D207
V1084,D208
V1085,D208
V1086,D208
V1087,D208
V1088,D208
V1089,D208
V1090,D208
V1091,D208
V1092,D209
V1093,D209
V1094,D209
V1095,D209
V1096,D209
V1097,D209
V1098,D209
V1099,D209
V1100,D209
V1101,D210
V1102,D210
V1103,D210
V1104,D210
V1105,D210
V1106,D210
V1107,D211
V1108,D211
V1109,D211
V1110,D211
V1111,D211
V1112,D211
V1113,D211
V1114,D211
V1115,D211
V1116,D212
V1117,D212
V1118,D212
V1119,D212
V1120,D212
V1121,D212
V1122,D212
V1123,D212
V1124,D212
V1125,D212
V1126,D212
V1127,D212
V1128,D212
V1129,D212
V1130,D213
V1131,D213
V1132,D213
V1133,D213
V1134,D213
V1135,D213
V1136,D213
V1137,D213
V1138,D213
V1139,D213
V1140,D213
V1141,D213
V1142,D213
V1143,D213
V1144,D214
V1145,D214
V1146,D214
V1147,D214
V1148,D214
V1149,D214
V1150,D214
V1151,D214
V1152,D214
V1153,D214
V1154,D214
V1155,D214
V1156,D214
V1157,D214
V1158,D214
V1159,D214
V1160,D215
V1161,D215
V1162,D215
V1163,D215
V1164,D215
V1165,D215
V1166,D215
V1167,D215
V1168,D216
V1169,D216
V1170,D216
V1171,D216
V1172,D216
V1173,D216
V1174,D216
V1175,D216
V1176,D216
V1177,D216
V1178,D217
V1179,D218
V1180,D218
V1181,D218
V1182,D218
V1183,D218
V1184,D218
V1185,D218
V1186,D218
V1187,D218
V1188,D218
V1189,D218
V1190,D218
V1191,D218
V1192,D219
V1193,D219
V1194,D219
V1195,D219
V1196,D219
V1197,D219
V1198,D219
V1199,D219
V1200,D219
V1201,D219
V1202,D220
V1203,D220
V1204,D220
V1205,D220
V1206,D220
V1207,D220
V1208,D220
V1209,D220
V1210,D221
V1211,D221
V1212,D221
V1213,D221
V1214,D221
V1215,D221
V1216,D221
V1217,D221
V1218,D221
V1219,D221
V1220,D221
V1221,D221
V1222,D221
V1223,D221
V1224,D222
V1225,D222
V1226,D222
V1227,D222
V1228,D222
V1229,D222
V1230,D222
V1231,D222
V1232,D223
V1233,D224
V1234,D225
V1235,D226
V1236,D226
V1237,D226
V1238,D226
V1239,D226
V1240,D226
V1241,D226
V1242,D226
V1243,D226
V1244,D226
V1245,D226
V1246,D226
V1247,D226
V1248,D226
V1249,D226
V1250,D226
V1251,D227
V1252,D227
V1253,D227
V1254,D227
V1255,D227
V1256,D227
V1257,D227
V1258,D227
V1259,D227
V1260,D227
V1261,D227
V1262,D227
V1263,D227
V1264,D227
V1265,D227
V1266,D227
V1267,D227
V1268,D228
V1269,D228
V1270,D228
V1271,D228
V1272,D228
V1273,D228
V1274,D228
V1275,D228
V1276,D228
V1277,D228
V1278,D228
V1279,D228
V1280,D228
V1281,D228
V1282,D228
V1283,D228
V1284,D228
V1285,D228
V1286,D228
V1287,D229
V1288,D229
V1289,D229
V1290,D229
V1291,D229
V1292,D229
V1293,D229
V1294,D229
V1295,D229
V1296,D229
V1297,D229
V1298,D229
V1299,D229
V1300,D229
V1301,D229
V1302,D229
V1303,D229
V1304,D230
V1305,D230
V1306,D230
V1307,D230
V1308,D230
V1309,D230
V1310,D230
V1311,D230
V1312,D230
V1313,D230
V1314,D230
V1315,D230
V1316,D230
V1317,D230
V1318,D230
V1319,D230
V1320,D230
V1321,D231
V1322,D231
V1323,D231
V1324,D231
V1325,D231
V1326,D231
V1327,D231
V1328,D231
V1329,D231
V1330,D231
V1331,D231
V1332,D231
V1333,D231
V1334,D231
V1335,D231
V1336,D231
V1337,D231
V1338,D231
V1339,D231
V1340,D231
V1341,D231
V1342,D231
V1343,D231
V1344,D231
V1345,D232
V1346,D232
V1347,D232
V1348,D232
V1349,D232
V1350,D232
V1351,D232
V1352,D232
V1353,D232
V1354,D232
V1355,D232
V1356,D232
V1357,D232
V1358,D232
V1359,D232
V1360,D232
V1361,D232
V1362,D233
V1363,D233
V1364,D233
V1365,D233
V1366,D233
V1367,D233
V1368,D233
V1369,D233
V1370,D233
V1371,D233
V1372,D233
V1373,D233
V1374,D233
V1375,D233
V1376,D233
V1377,D233
V1378,D233
V1379,D234
V1380,D234
V1381,D234
V1382,D234
V1383,D234
V1384,D234
V1385,D234
V1386,D234
V1387,D234
V1388,D234
V1389,D234
V1390,D234
V1391,D234
V1392,D234
V1393,D235
V1394,D235
V1395,D235
V1396,D235
V1397,D235
V1398,D235
V1399,D235
V1400,D235
V1401,D235
V1402,D235
V1403,D235
V1404,D235
V1405,D235
V1406,D235
V1407,D235
V1408,D235
V1409,D236
V1410,D236
V1411,D236
V1412,D236
V1413,D236
V1414,D236
V1415,D236
V1416,D236
V1417,D236
V1418,D236
V1419,D236
V1420,D236
V1421,D236
V1422,D236
V1423,D236
V1424,D236
V1425,D236
V1426,D237
V1427,D237
V1428,D237
V1429,D237
V1430,D237
V1431,D237
V1432,D237
V1433,D237
V1434,D237
V1435,D237
V1436,D237
V1437,D237
V1438,D237
V1439,D237
V1440,D237
V1441,D237
V1442,D237
V1443,D238
V1444,D238
V1445,D238
V1446,D238
V1447,D238
V1448,D238
V1449,D238
V1450,D238
V1451,D238
V1452,D238
V1453,D238
V1454,D238
V1455,D238
V1456,D238
V1457,D238
V1458,D238
V1459,D238
V1460,D238
V1461,D238
V1462,D239
V1463,D239
V1464,D239
V1465,D239
V1466,D239
V1467,D239
V1468,D239
V1469,D239
V1470,D239
V1471,D239
V1472,D239
V1473,D239
V1474,D239
V1475,D239
V1476,D239
V1477,D239
V1478,D239
V1479,D239
V1480,D239
V1481,D239
V1482,D239
V1483,D239
V1484,D239
V1485,D239
V1486,D239
V1487,D239
V1488,D239
V1489,D239
V1490,D239
V1491,D239
V1492,D239
V1493,D239
V1494,D240
V1495,D240
V1496,D240
V1497,D240
V1498,D240
V1499,D240
V1500,D240
V1501,D240
V1502,D240
V1503,D240
V1504,D240
V1505,D240
V1506,D240
V1507,D241
V1508,D241
V1509,D241
V1510,D241
V1511,D241
V1512,D241
V1513,D241
V1514,D241
V1515,D241
V1516,D241
V1517,D241
V1518,D241
V1519,D241
V1520,D241
V1521,D241
V1522,D241
V1523,D242
V1524,D242
V1525,D242
V1526,D242
V1527,D242
V1528,D242
V1529,D242
V1530,D242
V1531,D242
V1532,D242
V1533,D242
V1534,D242
V1535,D242
V1536,D242
V1537,D242
V1538,D242
V1539,D242
V1540,D242
V1541,D242
V1542,D242
V1543,D242
V1544,D242
V1545,D242
V1546,D242
V1547,D242
V1548,D242
V1549,D242
V1550,D242
V1551,D242
V1552,D242
V1553,D242
V1554,D242
V1555,D242
V1556,D242
V1557,D242
V1558,D242
V1559,D242
V1560,D242
V1561,D242
V1562,D242
V1563,D242
V1564,D242
V1565,D243
V1566,D243
V1567,D243
V1568,D243
V1569,D243
V1570,D243
V1571,D243
V1572,D243
V1573,D243
V1574,D243
V1575,D243
V1576,D243
V1577,D243
V1578,D243
V1579,D243
V1580,D244
V1581,D244
V1582,D244
V1583,D244
V1584,D244
V1585,D244
V1586,D244
V1587,D244
V1588,D244
V1589,D244
V1590,D244
V1591,D244
V1592,D244
V1593,D244
V1594,D244
V1595,D244
V1596,D244
V1597,D244
V1598,D244
V1599,D244
V1600,D244
V1601,D244
V1602,D244
V1603,D244
V1604,D244
V1605,D244
V1606,D244
V1607,D244
V1608,D244
V1609,D244
V1610,D244
V1611,D245
V1612,D245
V1613,D245
V1614,D245
V1615,D245
V1616,D245
V1617,D245
V1618,D245
V1619,D245
V1620,D245
V1621,D245
V1622,D245
V1623,D245
V1624,D245
V1625,D245
V1626,D245
V1627,D245
V1628,D245
V1629,D245
V1630,D246
V1631,D247
V1632,D248
V1633,D249
V1634,D249
V1635,D249
V1636,D249
V1637,D249
V1638,D249
V1639,D249
V1640,D249
V1641,D249
V1642,D249
V1643,D249
V1644,D249
V1645,D249
V1646,D249
V1647,D249
V1648,D249
V1649,D249
V1650,D249
V1651,D249
V1652,D250
V1653,D250
V1654,D250
V1655,D250
V1656,D250
V1657,D250
V1658,D250
V1659,D250
V1660,D250
V1661,D250
V1662,D250
V1663,D250
V1664,D250
V1665,D250
V1666,D250
V1667,D250
V1668,D250
V1669,D250
V1670,D250
V1671,D250
V1672,D250
V1673,D250
V1674,D250
V1675,D250
V1676,D250
V1677,D250
V1678,D250
V1679,D250
V1680,D250
V1681,D250
V1682,D251
V1683,D251
V1684,D251
V1685,D251
V1686,D251
V1687,D251
V1688,D251
V1689,D251
V1690,D251
V1691,D251
V1692,D251
V1693,D251
V1694,D251
V1695,D251
V1696,D251
V1697,D251
V1698,D252
V1699,D252
V1700,D252
V1701,D252
V1702,D252
V1703,D252
V1704,D252
V1705,D252
V1706,D252
V1707,D252
V1708,D252
V1709,D252
V1710,D252
V1711,D252
V1712,D252
V1713,D252
V1714,D252
V1715,D252
V1716,D252
V1717,D252
V1718,D252
V1719,D252
V1720,D252
V1721,D252
V1722,D253
V1723,D253
V1724,D253
V1725,D253
V1726,D253
V1727,D253
V1728,D253
V1729,D253
V1730,D253
V1731,D253
V1732,D253
V1733,D253
V1734,D253
V1735,D253
V1736,D253
V1737,D253
V1738,D253
V1739,D253
V1740,D253
V1741,D253
V1742,D253
V1743,D253
V1744,D253
V1745,D253
V1746,D253
V1747,D253
V1748,D253
V1749,D253
V1750,D253
V1751,D253
V1752,D253
V1753,D253
V1754,D253
V1755,D253
V1756,D253
V1757,D254
V1758,D254
V1759,D254
V1760,D254
V1761,D254
V1762,D254
V1763,D254
V1764,D254
V1765,D254
V1766,D254
V1767,D254
V1768,D254
V1769,D254
V1770,D254
V1771,D254
V1772,D254
V1773,D254
V1774,D254
V1775,D254
V1776,D254
V1777,D254
V1778,D255
V1779,D255
V1780,D255
V1781,D255
V1782,D255
V1783,D255
V1784,D255
V1785,D255
V1786,D255
V1787,D255
V1788,D255
V1789,D255
V1790,D255
V1791,D255
V1792,D255
V1793,D255
V1794,D255
V1795,D255
V1796,D255
V1797,D255
V1798,D255
V1799,D255
V1800,D255
V1801,D255
V1802,D255
V1803,D256
V1804,D256
V1805,D256
V1806,D256
V1807,D256
V1808,D256
V1809,D256
V1810,D256
V1811,D256
V1812,D256
V1813,D256
V1814,D256
V1815,D256
V1816,D256
V1817,D256
V1818,D256
V1819,D256
V1820,D256
V1821,D256
V1822,D256
V1823,D256
V1824,D256
V1825,D257
V1826,D257
V1827,D257
V1828,D257
V1829,D257
V1830,D257
V1831,D257
V1832,D257
V1833,D257
V1834,D257
V1835,D257
V1836,D257
V1837,D257
V1838,D257
V1839,D258
V1840,D259
V1841,D260
V1842,D261
V1843,D261
V1844,D261
V1845,D261
V1846,D261
V1847,D261
V1848,D261
V1849,D261
V1850,D261
V1851,D261
V1852,D261
V1853,D261
V1854,D261
V1855,D261
V1856,D261
V1857,D261
V1858,D261
V1859,D261
V1860,D261
V1861,D261
V1862,D261
V1863,D261
V1864,D261
V1865,D262
V1866,D262
V1867,D262
V1868,D262
V1869,D262
V1870,D262
V1871,D262
V1872,D262
V1873,D262
V1874,D262
V1875,D262
V1876,D262
V1877,D262
V1878,D262
V1879,D262
V1880,D262
V1881,D262
V1882,D262
V1883,D262
V1884,D262
V1885,D262
V1886,D262
V1887,D262
V1888,D262
V1889,D262
V1890,D262
V1891,D262
V1892,D262
V1893,D262
V1894,D262
V1895,D262
V1896,D262
V1897,D263
V1898,D263
V1899,D263
V1900,D263
V1901,D263
V1902,D263
V1903,D263
V1904,D263
V1905,D263
V1906,D263
V1907,D263
V1908,D263
V1909,D263
V1910,D263
V1911,D263
V1912,D263
V1913,D263
V1914,D264
V1915,D264
V1916,D264
V1917,D264
V1918,D264
V1919,D264
V1920,D264
V1921,D264
V1922,D264
V1923,D264
V1924,D264
V1925,D264
V1926,D264
V1927,D264
V1928,D264
V1929,D264
V1930,D264
V1931,D264
V1932,D264
V1933,D264
V1934,D264
V1935,D264
V1936,D264
V1937,D265
V1938,D265
V1939,D265
V1940,D265
V1941,D265
V1942,D265
V1943,D265
V1944,D265
V1945,D265
V1946,D265
V1947,D265
V1948,D265
V1949,D265
V1950,D265
V1951,D265
V1952,D265
V1953,D265
V1954,D265
V1955,D265
V1956,D265
V1957,D265
V1958,D265
V1959,D265
V1960,D265
V1961,D265
V1962,D265
V1963,D265
V1964,D265
V1965,D265
V1966,D265
V1967,D265
V1968,D266
V1969,D266
V1970,D266
V1971,D266
V1972,D266
V1973,D266
V1974,D266
V1975,D266
V1976,D266
V1977,D266
V1978,D266
V1979,D266
V1980,D266
V1981,D266
V1982,D266
V1983,D266
V1984,D266
V1985,D266
V1986,D266
V1987,D266
V1988,D267
V1989,D267
V1990,D267
V1991,D267
V1992,D267
V1993,D267
V1994,D267
V1995,D267
V1996,D267
V1997,D267
V1998,D267
V1999,D267
V2000,D267
V2001,D267
V2002,D267
V2003,D267
V2004,D267
V2005,D267
V2006,D268
V2007,D269
V2008,D270
V2009,D271
V2010,D272
V2011,D272
V2012,D272
V2013,D272
V2014,D272
V2015,D272
V2016,D272
V2017,D272
V2018,D272
V2019,D272
V2020,D272
V2021,D272
V2022,D272
V2023,D272
V2024,D272
V2025,D272
V2026,D272
V2027,D272
V2028,D272
V2029,D272
V2030,D272
V2031,D272
V2032,D272
V2033,D272
V2034,D272
V2035,D272
V2036,D272
V2037,D272
V2038,D272
V2039,D272
V2040,D272
V2041,D272
V2042,D272
V2043,D272
V2044,D272
V2045,D272
V2046,D272
V2047,D272
V2048,D273
V2049,D273
V2050,D273
V2051,D273
V2052,D273
V2053,D273
V2054,D273
V2055,D273
V2056,D273
V2057,D273
V2058,D273
V2059,D273
V2060,D273
V2061,D273
V2062,D273
V2063,D273
V2064,D273
V2065,D273
V2066,D273
V2067,D273
V2068,D273
V2069,D273
V2070,D273
V2071,D273
V2072,D273
V2073,D273
V2074,D273
V2075,D273
V2076,D273
V2077,D273
V2078,D273
V2079,D274
V2080,D274
V2081,D274
V2082,D274
V2083,D274
V2084,D274
V2085,D274
V2086,D274
V2087,D274
V2088,D274
V2089,D274
V2090,D274
V2091,D274
V2092,D274
V2093,D274
V2094,D274
V2095,D274
V2096,D274
V2097,D274
V2098,D275
V2099,D275
V2100,D275
V2101,D275
V2102,D275
V2103,D275
V2104,D275
V2105,D275
V2106,D275
V2107,D275
V2108,D275
V2109,D275
V2110,D275
V2111,D275
V2112,D275
V2113,D275
V2114,D275
V2115,D275
V2116,D275
V2117,D276
V2118,D276
V2119,D276
V2120,D276
V2121,D276
V2122,D276
V2123,D276
V2124,D276
V2125,D276
V2126,D276
V2127,D276
V2128,D276
V2129,D276
V2130,D276
V2131,D276
V2132,D276
V2133,D276
V2134,D276
V2135,D276
V2136,D276
V2137,D276
V2138,D276
V2139,D276
V2140,D276
V2141,D276
V2142,D277
V2143,D277
V2144,D277
V2145,D277
V2146,D277
V2147,D277
V2148,D277
V2149,D277
V2150,D277
V2151,D277
V2152,D277
V2153,D277
V2154,D277
V2155,D277
V2156,D277
V2157,D277
V2158,D277
V2159,D278
V2160,D278
V2161,D278
V2162,D278
V2163,D278
V2164,D278
V2165,D278
V2166,D278
V2167,D278
V2168,D278
V2169,D278
V2170,D278
V2171,D278
V2172,D278
V2173,D279
V2174,D279
V2175,D279
V2176,D279
V2177,D279
V2178,D279
V2179,D279
V2180,D279
V2181,D279
V2182,D279
V2183,D279
V2184,D280
V2185,D280
V2186,D280
V2187,D280
V2188,D280
V2189,D280
V2190,D280
V2191,D280
V2192,D280
V2193,D280
V2194,D280
V2195,D280
V2196,D280
V2197,D280
V2198,D280
V2199,D280
V2200,D280
V2201,D280
V2202,D280
V2203,D280
V2204,D280
V2205,D281
V2206,D282
V2207,D283
V2208,D284
V2209,D285
V2210,D286
V2211,D286
V2212,D286
V2213,D286
V2214,D286
V2215,D286
V2216,D286
V2217,D286
V2218,D286
V2219,D286
V2220,D286
V2221,D286
V2222,D286
V2223,D286
V2224,D286
V2225,D286
V2226,D286
V2227,D286
V2228,D286
V2229,D286
V2230,D286
V2231,D286
V2232,D286
V2233,D286
V2234,D286
V2235,D286
V2236,D286
V2237,D286
V2238,D286
V2239,D286
V2240,D286
V2241,D286
V2242,D286
V2243,D286
V2244,D286
V2245,D287
V2246,D287
V2247,D287
V2248,D287
V2249,D287
V2250,D287
V2251,D287
V2252,D287
V2253,D287
V2254,D287
V2255,D287
V2256,D287
V2257,D287
V2258,D287
V2259,D287
V2260,D287
V2261,D287
V2262,D287
V2263,D287
V2264,D287
V2265,D287
V2266,D287
V2267,D287
V2268,D287
V2269,D287
V2270,D287
V2271,D287
V2272,D288
V2273,D288
V2274,D288
V2275,D288
V2276,D288
V2277,D288
V2278,D288
V2279,D288
V2280,D288
V2281,D288
V2282,D288
V2283,D288
V2284,D289
V2285,D289
V2286,D289
V2287,D289
V2288,D289
V2289,D289
V2290,D289
V2291,D289
V2292,D289
V2293,D289
V2294,D289
V2295,D289
V2296,D289
V2297,D289
V2298,D289
V2299,D289
V2300,D289
V2301,D289
V2302,D289
V2303,D289
V2304,D289
V2305,D289
V2306,D289
V2307,D289
V2308,D289
V2309,D289
V2310,D289
V2311,D289
V2312,D289
V2313,D289
V2314,D289
V2315,D289
V2316,D289
V2317,D289
V2318,D289
V2319,D289
V2320,D290
V2321,D290
V2322,D290
V2323,D290
V2324,D290
V2325,D290
V2326,D290
V2327,D290
V2328,D290
V2329,D290
V2330,D290
V2331,D290
V2332,D290
V2333,D290
V2334,D290
V2335,D290
V2336,D291
V2337,D291
V2338,D291
V2339,D291
V2340,D291
V2341,D291
V2342,D291
V2343,D291
V2344,D291
V2345,D291
V2346,D291
V2347,D291
V2348,D291
V2349,D291
V2350,D291
V2351,D291
V2352,D291
V2353,D291
V2354,D291
V2355,D291
V2356,D291
V2357,D292
V2358,D292
V2359,D292
V2360,D292
V2361,D292
V2362,D292
V2363,D292
V2364,D292
V2365,D292
V2366,D292
V2367,D292
V2368,D292
V2369,D292
V2370,D292
V2371,D293
V2372,D294
V2373,D295
V2374,D296
V2375,D296
V2376,D296
V2377,D296
V2378,D296
V2379,D296
V2380,D296
V2381,D296
V2382,D296
V2383,D296
V2384,D296
V2385,D296
V2386,D296
V2387,D296
V2388,D296
V2389,D296
V2390,D296
V2391,D296
V2392,D296
V2393,D296
V2394,D296
V2395,D296
V2396,D296
V2397,D296
V2398,D296
V2399,D296
V2400,D296
V2401,D296
V2402,D296
V2403,D296
V2404,D296
V2405,D297
V2406,D297
V2407,D297
V2408,D297
V2409,D297
V2410,D297
V2411,D297
V2412,D297
V2413,D297
V2414,D297
V2415,D297
V2416,D297
V2417,D297
V2418,D297
V2419,D297
V2420,D297
V2421,D297
V2422,D297
V2423,D297
V2424,D297
V2425,D297
V2426,D297
V2427,D297
V2428,D297
V2429,D297
V2430,D297
V2431,D297
V2432,D297
V2433,D297
V2434,D298
V2435,D298
V2436,D298
V2437,D298
V2438,D298
V2439,D298
V2440,D298
V2441,D298
V2442,D298
V2443,D298
V2444,D298
V2445,D298
V2446,D298
V2447,D298
V2448,D298
V2449,D298
V2450,D298
V2451,D298
V2452,D298
V2453,D298
V2454,D299
V2455,D299
V2456,D299
V2457,D299
V2458,D299
V2459,D299
V2460,D299
V2461,D299
V2462,D299
V2463,D299
V2464,D299
V2465,D299
V2466,D299
V2467,D299
V2468,D300
V2469,D300
V2470,D300
V2471,D300
V2472,D300
V2473,D300
V2474,D300
V2475,D300
V2476,D300
V2477,D300
V2478,D300
V2479,D300
V2480,D301
V2481,D301
V2482,D301
V2483,D301
V2484,D301
V2485,D301
V2486,D301
V2487,D301
V2488,D301
V2489,D301
V2490,D301
V2491,D301
V2492,D301
V2493,D301
V2494,D301
V2495,D301
V2496,D301
V2497,D301
V2498,D301
V2499,D301
V2500,D301
V2501,D301
V2502,D301
V2503,D301
V2504,D301
V2505,D301
V2506,D301
V2507,D301
V2508,D302
V2509,D302
V2510,D302
V2511,D302
V2512,D302
V2513,D302
V2514,D302
V2515,D302
V2516,D302
V2517,D302
V2518,D302
V2519,D302
V2520,D302
V2521,D302
V2522,D302
V2523,D302
V2524,D302
V2525,D302
V2526,D302
V2527,D302
V2528,D302
V2529,D302
V2530,D302
V2531,D302
V2532,D302
V2533,D302
V2534,D303
V2535,D303
V2536,D303
V2537,D303
V2538,D303
V2539,D303
V2540,D303
V2541,D303
V2542,D303
V2543,D303
V2544,D303
V2545,D303
V2546,D303
V2547,D303
V2548,D303
V2549,D303
V2550,D303
V2551,D303
V2552,D303
V2553,D303
V2554,D303
V2555,D303
V2556,D303
V2557,D303
V2558,D303
V2559,D303
V2560,D303
V2561,D303
V2562,D304
V2563,D304
V2564,D304
V2565,D304
V2566,D304
V2567,D304
V2568,D304
V2569,D304
V2570,D304
V2571,D304
V2572,D304
V2573,D304
V2574,D304
V2575,D304
V2576,D304
V2577,D304
V2578,D304
V2579,D304
V2580,D304
V2581,D304
V2582,D304
V2583,D304
V2584,D304
V2585,D304
V2586,D304
V2587,D304
V2588,D304
V2589,D304
V2590,D304
V2591,D304
V2592,D304
V2593,D304
V2594,D304
V2595,D304
V2596,D304
V2597,D304
V2598,D305
V2599,D306
V2600,D307
V2601,D308
V2602,D309
V2603,D309
V2604,D309
V2605,D309
V2606,D309
V2607,D309
V2608,D309
V2609,D309
V2610,D309
V2611,D309
V2612,D309
V2613,D309
V2614,D309
V2615,D309
V2616,D310
V2617,D310
V2618,D310
V2619,D310
V2620,D310
V2621,D310
V2622,D310
V2623,D310
V2624,D310
V2625,D310
V2626,D310
V2627,D310
V2628,D310
V2629,D310
V2630,D310
V2631,D310
V2632,D310
V2633,D310
V2634,D310
V2635,D310
V2636,D310
V2637,D310
V2638,D310
V2639,D310
V2640,D310
V2641,D310
V2642,D310
V2643,D310
V2644,D310
V2645,D310
V2646,D311
V2647,D311
V2648,D311
V2649,D311
V2650,D311
V2651,D311
V2652,D311
V2653,D311
V2654,D311
V2655,D311
V2656,D312
V2657,D312
V2658,D312
V2659,D312
V2660,D312
V2661,D312
V2662,D312
V2663,D312
V2664,D312
V2665,D312
V2666,D312
V2667,D312
V2668,D312
V2669,D312
V2670,D312
V2671,D312
V2672,D312
V2673,D312
V2674,D312
V2675,D313
V2676,D313
V2677,D313
V2678,D313
V2679,D313
V2680,D313
V2681,D313
V2682,D313
V2683,D313
V2684,D313
V2685,D313
V2686,D313
V2687,D313
V2688,D313
V2689,D313
V2690,D313
V2691,D314
V2692,D314
V2693,D314
V2694,D314
V2695,D314
V2696,D314
V2697,D314
V2698,D314
V2699,D314
V2700,D314
V2701,D314
V2702,D314
V2703,D314
V2704,D315
V2705,D315
V2706,D315
V2707,D315
V2708,D315
V2709,D315
V2710,D315
V2711,D315
V2712,D315
V2713,D315
V2714,D315
V2715,D315
V2716,D315
V2717,D315
V2718,D315
V2719,D315
V2720,D315
V2721,D315
V2722,D315
V2723,D315
V2724,D316
V2725,D316
V2726,D316
V2727,D316
V2728,D316
V2729,D316
V2730,D316
V2731,D316
V2732,D316
V2733,D316
V2734,D316
V2735,D316
V2736,D316
V2737,D316
V2738,D316
V2739,D316
V2740,D316
V2741,D316
V2742,D316
V2743,D316
V2744,D317
V2745,D317
V2746,D317
V2747,D317
V2748,D317
V2749,D317
V2750,D317
V2751,D317
V2752,D317
V2753,D317
V2754,D317
V2755,D317
V2756,D317
V2757,D317
V2758,D317
V2759,D317
V2760,D317
V2761,D317
V2762,D317
V2763,D317
V2764,D318
V2765,D318
V2766,D318
V2767,D318
V2768,D318
V2769,D318
V2770,D318
V2771,D318
V2772,D318
V2773,D318
V2774,D318
V2775,D318
V2776,D318
V2777,D318
V2778,D318
V2779,D318
V2780,D318
V2781,D318
V2782,D318
V2783,D318
V2784,D318
V2785,D318
V2786,D318
V2787,D318
V2788,D326
V2789,D327
V2790,D328
V2791,D329
V2792,D330
V2793,D330
V2794,D330
V2795,D330
V2796,D330
V2797,D330
V2798,D330
V2799,D330
V2800,D330
V2801,D330
V2802,D331
V2803,D331
V2804,D331
V2805,D331
V2806,D331
V2807,D331
V2808,D331
V2809,D331
V2810,D331
V2811,D331
V2812,D331
V2813,D331
V2814,D331
V2815,D331
V2816,D331
V2817,D331
V2818,D332
V2819,D332
V2820,D332
V2821,D332
V2822,D332
V2823,D332
V2824,D332
V2825,D332
V2826,D332
V2827,D332
V2828,D332
V2829,D332
V2830,D332
V2831,D333
V2832,D333
V2833,D333
V2834,D333
V2835,D333
V2836,D333
V2837,D333
V2838,D333
V2839,D333
V2840,D333
V2841,D333
V2842,D333
V2843,D333
V2844,D334
V2845,D334
V2846,D334
V2847,D334
V2848,D334
V2849,D334
V2850,D334
V2851,D334
V2852,D334
V2853,D334
V2854,D334
V2855,D334
V2856,D334
V2857,D334
V2858,D334
V2859,D334
V2860,D334
V2861,D334
V2862,D335
V2863,D335
V2864,D335
V2865,D335
V2866,D335
V2867,D335
V2868,D335
V2869,D335
V2870,D335
V2871,D335
V2872,D335
V2873,D335
V2874,D335
V2875,D335
V2876,D335
V2877,D336
V2878,D336
V2879,D336
V2880,D336
V2881,D336
V2882,D336
V2883,D336
V2884,D336
V2885,D336
V2886,D336
V2887,D336
V2888,D337
V2889,D337
V2890,D337
V2891,D337
V2892,D337
V2893,D337
V2894,D337
V2895,D337
V2896,D337
V2897,D337
V2898,D337
V2899,D337
V2900,D337
V2901,D337
V2902,D337
V2903,D337
V2904,D337
V2905,D338
V2906,D338
V2907,D338
V2908,D338
V2909,D338
V2910,D338
V2911,D338
V2912,D338
V2913,D338
V2914,D338
V2915,D339
V2916,D339
V2917,D339
V2918,D339
V2919,D339
V2920,D339
V2921,D339
V2922,D339
V2923,D339
V2924,D339
V2925,D339
V2926,D339
V2927,D339
V2928,D339
V2929,D339
V2930,D339
V2931,D339
V2932,D339
V2933,D339
V2934,D340
V2935,D340
V2936,D340
V2937,D340
V2938,D340
V2939,D340
V2940,D340
V2941,D340
V2942,D340
V2943,D340
V2944,D340
V2945,D341
V2946,D341
V2947,D341
V2948,D341
V2949,D341
V2950,D341
V2951,D341
V2952,D341
V2953,D341
V2954,D341
V2955,D341
V2956,D342
V2957,D342
V2958,D342
V2959,D342
V2960,D342
V2961,D342
V2962,D342
V2963,D342
V2964,D342
V2965,D342
V2966,D342
V2967,D342
V2968,D342
V2969,D343
V2970,D343
V2971,D343
V2972,D343
V2973,D343
V2974,D343
V2975,D343
V2976,D343
V2977,D343
V2978,D343
V2979,D343
V2980,D343
V2981,D344
V2982,D345
V2983,D346
V2984,D346
V2985,D346
V2986,D346
V2987,D346
V2988,D346
V2989,D346
V2990,D346
V2991,D346
V2992,D346
V2993,D346
V2994,D346
V2995,D346
V2996,D346
V2997,D346
V2998,D346
V2999,D346
V3000,D346
V3001,D346
V3002,D346
V3003,D347
V3004,D347
V3005,D347
V3006,D347
V3007,D347
V3008,D347
V3009,D347
V3010,D347
V3011,D347
V3012,D347
V3013,D347
V3014,D347
V3015,D347
V3016,D347
V3017,D347
V3018,D347
V3019,D347
V3020,D347
V3021,D347
V3022,D347
V3023,D347
V3024,D347
V3025,D347
V3026,D348
V3027,D348
V3028,D348
V3029,D348
V3030,D348
V3031,D348
V3032,D348
V3033,D348
V3034,D348
V3035,D348
V3036,D348
V3037,D348
V3038,D348
V3039,D348
V3040,D348
V3041,D348
V3042,D348
V3043,D348
V3044,D348
V3045,D348
V3046,D349
V3047,D349
V3048,D349
V3049,D349
V3050,D349
V3051,D349
V3052,D349
V3053,D349
V3054,D349
V3055,D349
V3056,D349
V3057,D349
V3058,D350
V3059,D350
V3060,D350
V3061,D350
V3062,D350
V3063,D350
V3064,D350
V3065,D350
V3066,D350
V3067,D350
V3068,D350
V3069,D350
V3070,D350
V3071,D350
V3072,D350
V3073,D350
V3074,D350
V3075,D350
V3076,D350
V3077,D351
V3078,D351
V3079,D351
V3080,D351
V3081,D351
V3082,D351
V3083,D351
V3084,D351
V3085,D351
V3086,D351
V3087,D351
V3088,D351
V3089,D351
V3090,D351
V3091,D351
V3092,D351
V3093,D351
V3094,D351
V3095,D351
V3096,D351
V3097,D352
V3098,D353
V3099,D353
V3100,D353
V3101,D353
V3102,D353
V3103,D353
V3104,D353
V3105,D353
V3106,D353
V3107,D353
V3108,D353
V3109,D353
V3110,D353
V3111,D353
V3112,D353
V3113,D353
V3114,D353
V3115,D353
V3116,D353
V3117,D353
V3118,D353
V3119,D353
V3120,D353
V3121,D353
V3122,D353
V3123,D353
V3124,D353
V3125,D353
V3126,D353
V3127,D353
V3128,D353
V3129,D353
V3130,D353
V3131,D353
V3132,D353
V3133,D353
V3134,D353
V3135,D353
V3136,D353
V3137,D353
V3138,D353
V3139,D353
V3140,D353
V3141,D353
V3142,D353
V3143,D353
V3144,D354
V3145,D354
V3146,D354
V3147,D354
V3148,D354
V3149,D354
V3150,D354
V3151,D354
V3152,D354
V3153,D354
V3154,D354
V3155,D354
V3156,D354
V3157,D354
V3158,D354
V3159,D354
V3160,D354
V3161,D354
V3162,D354
V3163,D354
V3164,D354
V3165,D354
V3166,D354
V3167,D354
V3168,D354
V3169,D354
V3170,D354
V3171,D354
V3172,D354
V3173,D354
V3174,D354
V3175,D354
V3176,D354
V3177,D354
V3178,D354
V3179,D354
V3180,D354
V3181,D354
V3182,D354
V3183,D354
V3184,D354
V3185,D354
V3186,D354
V3187,D354
V3188,D355
V3189,D355
V3190,D355
V3191,D355
V3192,D355
V3193,D355
V3194,D355
V3195,D355
V3196,D355
V3197,D355
V3198,D355
V3199,D355
V3200,D355
V3201,D355
V3202,D355
V3203,D355
V3204,D355
V3205,D355
V3206,D355
V3207,D355
V3208,D355
V3209,D355
V3210,D355
V3211,D355
V3212,D355
V3213,D356
V3214,D356
V3215,D356
V3216,D356
V3217,D356
V3218,D356
V3219,D356
V3220,D356
V3221,D356
V3222,D356
V3223,D356
V3224,D356
V3225,D356
V3226,D356
V3227,D356
V3228,D356
V3229,D356
V3230,D356
V3231,D356
V3232,D356
V3233,D356
V3234,D356
V3235,D356
V3236,D357
V3237,D358
V3238,D358
V3239,D358
V3240,D358
V3241,D358
V3242,D358
V3243,D358
V3244,D358
V3245,D358
V3246,D358
V3247,D358
V3248,D358
V3249,D358
V3250,D358
V3251,D358
V3252,D358
V3253,D358
V3254,D358
V3255,D358
V3256,D358
V3257,D358
V3258,D358
V3259,D358
V3260,D358
V3261,D358
V3262,D358
V3263,D358
V3264,D358
V3265,D358
V3266,D358
V3267,D358
V3268,D358
V3269,D358
V3270,D358
V3271,D358
V3272,D358
V3273,D358
V3274,D358
V3275,D358
V3276,D358
V3277,D358
V3278,D358
V3279,D358
V3280,D359
V3281,D359
V3282,D359
V3283,D359
V3284,D359
V3285,D359
V3286,D359
V3287,D359
V3288,D359
V3289,D359
V3290,D359
V3291,D359
V3292,D359
V3293,D359
V3294,D359
V3295,D359
V3296,D359
V3297,D359
V3298,D359
V3299,D359
V3300,D359
V3301,D359
V3302,D359
V3303,D359
V3304,D359
V3305,D359
V3306,D359
V3307,D359
V3308,D360
V3309,D360
V3310,D360
V3311,D360
V3312,D360
V3313,D360
V3314,D360
V3315,D360
V3316,D360
V3317,D360
V3318,D360
V3319,D360
V3320,D360
V3321,D360
V3322,D360
V3323,D360
V3324,D360
V3325,D360
V3326,D360
V3327,D360
V3328,D360
V3329,D360
V3330,D360
V3331,D360
V3332,D360
V3333,D361
V3334,D361
V3335,D361
V3336,D361
V3337,D361
V3338,D361
V3339,D361
V3340,D361
V3341,D361
V3342,D361
V3343,D361
V3344,D361
V3345,D361
V3346,D361
V3347,D361
V3348,D361
V3349,D361
V3350,D361
V3351,D361
V3352,D361
V3353,D361
V3354,D361
V3355,D362
V3356,D363
V3357,D363
V3358,D363
V3359,D363
V3360,D363
V3361,D363
V3362,D363
V3363,D363
V3364,D363
V3365,D363
V3366,D363
V3367,D363
V3368,D363
V3369,D363
V3370,D363
V3371,D363
V3372,D363
V3373,D363
V3374,D363
V3375,D363
V3376,D363
V3377,D363
V3378,D363
V3379,D363
V3380,D363
V3381,D363
V3382,D364
V3383,D364
V3384,D364
V3385,D364
V3386,D364
V3387,D364
V3388,D364
V3389,D364
V3390,D364
V3391,D364
V3392,D364
V3393,D364
V3394,D364
V3395,D364
V3396,D364
V3397,D364
V3398,D364
V3399,D364
V3400,D364
V3401,D364
V3402,D364
V3403,D364
V3404,D364
V3405,D364
V3406,D365
V3407,D366
V3408,D367
V3409,D368
V3410,D368
V3411,D368
V3412,D368
V3413,D368
V3414,D368
V3415,D369
V3416,D369
V3417,D369
V3418,D369
V3419,D369
V3420,D369
V3421,D369
V3422,D369
V3423,D369
V3424,D369
V3425,D370
V3426,D370
V3427,D370
V3428,D370
V3429,D370
V3430,D370
V3431,D370
V3432,D370
V3433,D370
V3434,D370
V3435,D370
V3436,D370
V3437,D370
V3438,D371
V3439,D371
V3440,D371
V3441,D371
V3442,D371
V3443,D371
V3444,D371
V3445,D371
V3446,D371
V3447,D371
V3448,D371
V3449,D372
V3450,D372
V3451,D372
V3452,D372
V3453,D372
V3454,D372
V3455,D372
V3456,D372
V3457,D372
V3458,D372
V3459,D372
V3460,D372
V3461,D372
V3462,D372
V3463,D373
V3464,D373
V3465,D373
V3466,D373
V3467,D373
V3468,D373
V3469,D373
V3470,D373
V3471,D374
V3472,D374
V3473,D374
V3474,D374
V3475,D374
V3476,D374
V3477,D374
V3478,D374
V3479,D374
V3480,D374
V3481,D374
V3482,D375
V3483,D375
V3484,D375
V3485,D375
V3486,D375
V3487,D375
V3488,D375
V3489,D375
V3490,D375
V3491,D375
V3492,D375
V3493,D375
V3494,D375
V3495,D375
V3496,D375
V3497,D376
V3498,D376
V3499,D376
V3500,D376
V3501,D376
V3502,D376
V3503,D376
V3504,D376
V3505,D376
V3506,D376
V3507,D376
V3508,D376
V3509,D376
V3510,D377
V3511,D377
V3512,D377
V3513,D377
V3514,D377
V3515,D377
V3516,D377
V3517,D377
V3518,D377
V3519,D378
V3520,D378
V3521,D378
V3522,D378
V3523,D378
V3524,D378
V3525,D378
V3526,D378
V3527,D378
V3528,D379
V3529,D380
V3530,D381
V3531,D382
V3532,D383
V3533,D384
V3534,D384
V3535,D384
V3536,D384
V3537,D384
V3538,D384
V3539,D384
V3540,D384
V3541,D384
V3542,D384
V3543,D384
V3544,D384
V3545,D384
V3546,D385
V3547,D385
V3548,D385
V3549,D385
V3550,D385
V3551,D385
V3552,D385
V3553,D385
V3554,D386
V3555,D386
V3556,D386
V3557,D386
V3558,D386
V3559,D386
V3560,D386
V3561,D386
V3562,D386
V3563,D386
V3564,D386
V3565,D386
V3566,D386
V3567,D386
V3568,D386
V3569,D386
V3570,D387
V3571,D387
V3572,D387
V3573,D387
V3574,D387
V3575,D387
V3576,D387
V3577,D387
V3578,D387
V3579,D388
V3580,D388
V3581,D388
V3582,D388
V3583,D388
V3584,D388
V3585,D388
V3586,D388
V3587,D388
V3588,D388
V3589,D389
V3590,D389
V3591,D389
V3592,D389
V3593,D389
V3594,D389
V3595,D389
V3596,D389
V3597,D389
V3598,D389
V3599,D389
V3600,D389
V3601,D389
V3602,D390
V3603,D390
V3604,D390
V3605,D390
V3606,D390
V3607,D390
V3608,D390
V3609,D390
V3610,D390
V3611,D390
V3612,D390
V3613,D390
V3614,D390
V3615,D391
V3616,D391
V3617,D391
V3618,D391
V3619,D391
V3620,D391
V3621,D391
V3622,D391
V3623,D391
V3624,D391
V3625,D392
V3626,D392
V3627,D392
V3628,D392
V3629,D392
V3630,D392
V3631,D392
V3632,D392
V3633,D392
V3634,D392
V3635,D393
V3636,D393
V3637,D393
V3638,D393
V3639,D393
V3640,D393
V3641,D393
V3642,D393
V3643,D394
V3644,D394
V3645,D394
V3646,D394
V3647,D394
V3648,D394
V3649,D394
V3650,D394
V3651,D394
V3652,D395
V3653,D395
V3654,D395
V3655,D395
V3656,D395
V3657,D395
V3658,D395
V3659,D396
V3660,D396
V3661,D396
V3662,D396
V3663,D396
V3664,D396
V3665,D396
V3666,D396
V3667,D396
V3668,D396
V3669,D397
V3670,D397
V3671,D397
V3672,D397
V3673,D397
V3674,D397
V3675,D397
V3676,D397
V3677,D397
V3678,D397
V3679,D398
V3680,D398
V3681,D398
V3682,D398
V3683,D398
V3684,D398
V3685,D398
V3686,D398
V3687,D398
V3688,D398
V3689,D398
V3690,D398
V3691,D398
V3692,D398
V3693,D398
V3694,D399
V3695,D399
V3696,D399
V3697,D399
V3698,D399
V3699,D399
V3700,D399
V3701,D399
V3702,D399
V3703,D399
V3704,D399
V3705,D399
V3706,D399
V3707,D399
V3708,D400
V3709,D400
V3710,D400
V3711,D400
V3712,D400
V3713,D400
V3714,D400
V3715,D400
V3716,D400
D1,F1
D2,F1
D3,F1
D4,F1
D5,F1
D6,F1
D7,F1
D8,F1
D9,F1
D10,F1
D11,F1
D12,F1
D13,F1
D14,F1
D15,F1
D16,F2
D17,F3
D18,F3
D19,F3
D20,F3
D21,F3
D22,F3
D23,F3
D24,F3
D25,F3
D26,F3
D27,F3
D28,F3
D29,F3
D30,F3
D31,F3
D32,F3
D33,F3
D34,F3
D35,F3
D36,F3
D37,F3
D38,F3
D39,F3
D40,F3
D41,F3
D42,F3
D43,F3
D44,F3
D45,F3
D46,F3
D47,F3
D48,F3
D49,F3
D50,F3
D51,F3
D52,F3
D53,F3
D54,F3
D55,F3
D56,F3
D57,F3
D58,F3
D59,F3
D60,F3
D61,F3
D62,F4
D63,F4
D64,A1
D65,A1
D66,A1
D67,A1
D68,A1
D69,A1
D70,A1
D71,A1
D72,A1
D73,A1
D74,A1
D75,A1
D76,A1
D77,A1
D78,A1
D79,A2
D80,A2
D81,A2
D82,A2
D83,A2
D84,A2
D85,A2
D86,A2
D87,A2
D88,A2
D89,A2
D90,A3
D91,A3
D92,A3
D93,A3
D94,A3
D95,A3
D96,A3
D97,A3
D98,A4
D99,A4
D100,A4
D101,A4
D102,A4
D103,A4
D104,A4
D105,A5
D106,A5
D107,A5
D108,A5
D109,A5
D110,A5
D111,A5
D112,A5
D113,A5
D114,A5
D115,A5
D116,A5
D117,A6
D118,A6
D119,A6
D120,A6
D121,A6
D122,A6
D123,A6
D124,A6
D125,A6
D126,A6
D127,A6
D128,A6
D129,A6
D130,A6
D131,A7
D132,A7
D133,A7
D134,A7
D135,A7
D136,A8
D137,A8
D138,A8
D139,A8
D140,A8
D141,A8
D142,A8
D143,F7
D144,F7
D145,F7
D146,F7
D147,F7
D148,F7
D149,F7
D150,F7
D151,F7
D152,F7
D153,F7
D154,F7
D155,F7
D156,F7
D157,F7
D158,F7
D159,F7
D160,F7
D161,F7
D162,F7
D163,F7
D164,F7
D165,F7
D166,F7
D167,F7
D168,F7
D169,F7
D170,F7
D171,F7
D172,F7
D173,F7
D174,F7
D175,F7
D176,F7
D177,F7
D178,F7
D179,A9
D180,A9
D181,A9
D182,A9
D183,A9
D184,A9
D185,A9
D186,A9
D187,A9
D188,A9
D189,A9
D190,A9
D191,A9
D192,A10
D193,A10
D194,A10
D195,A10
D196,A10
D197,A10
D198,A10
D199,A10
D200,A10
D201,A10
D202,A10
D203,A10
D204,A11
D205,A11
D206,A11
D207,A11
D208,A11
D209,A11
D210,A11
D211,A11
D212,A11
D213,A11
D214,A12
D215,A12
D216,A12
D217,A12
D218,A12
D219,A12
D220,A12
D221,A12
D222,A12
D223,A13
D224,A13
D225,A13
D226,A13
D227,A13
D228,A13
D229,A13
D230,A13
D231,A13
D232,A13
D233,A13
D234,A13
D235,A13
D236,A13
D237,A13
D238,A13
D239,A13
D240,A13
D241,A13
D242,A13
D243,A13
D244,A13
D245,A13
D246,A14
D247,A14
D248,A14
D249,A14
D250,A14
D251,A14
D252,A14
D253,A14
D254,A14
D255,A14
D256,A14
D257,A14
D258,A15
D259,A15
D260,A15
D261,A15
D262,A15
D263,A15
D264,A15
D265,A15
D266,A15
D267,A15
D268,A16
D269,A16
D270,A16
D271,A16
D272,A16
D273,A16
D274,A16
D275,A16
D276,A16
D277,A16
D278,A16
D279,A16
D280,A16
D281,A17
D282,A17
D283,A17
D284,A17
D285,A17
D286,A17
D287,A17
D288,A17
D289,A17
D290,A17
D291,A17
D292,A17
D293,A18
D294,A18
D295,A18
D296,A18
D297,A18
D298,A18
D299,A18
D300,A18
D301,A18
D302,A18
D303,A18
D304,A18
D305,A19
D306,A19
D307,A19
D308,A19
D309,A19
D310,A19
D311,A19
D312,A19
D313,A19
D314,A19
D315,A19
D316,A19
D317,A19
D318,A19
D319,F10
D320,F10
D321,F10
D322,F10
D323,F10
D324,F10
D325,F11
D326,F12
D327,F12
D328,F12
D329,F12
D330,F12
D331,F12
D332,F12
D333,F12
D334,F12
D335,F12
D336,F12
D337,F12
D338,F12
D339,F12
D340,F12
D341,F12
D342,F12
D343,F12
D344,F13
D345,F13
D346,F13
D347,F13
D348,F13
D349,F13
D350,F13
D351,F13
D352,F14
D353,F14
D354,F14
D355,F14
D356,F14
D357,F14
D358,F14
D359,F14
D360,F14
D361,F14
D362,F14
D363,F14
D364,F14
D365,F15
D366,F15
D367,F15
D368,F15
D369,F15
D370,F15
D371,F15
D372,F15
D373,F15
D374,F15
D375,F15
D376,F15
D377,F15
D378,F15
D379,F16
D380,F16
D381,F16
D382,F16
D383,F16
D384,F16
D385,F16
D386,F16
D387,F16
D388,F16
D389,F16
D390,F16
D391,F16
D392,F16
D393,F16
D394,F16
D395,F16
D396,F16
D397,F16
D398,F16
D399,F16
D400,F16
D401,F7
D402,F7
D403,F10
A1,F5
A2,F5
A3,F5
A4,F5
A5,F5
A6,F6
A7,F6
A8,F6
A9,F8
A10,F8
A11,F8
A12,F8
A13,F9
A14,F9
A15,F9
A16,F9
A17,F9
A18,F9
A19,F9
F1,S1
F2,S1
F3,S1
F4,S1
F5,S1
F6,S1
F7,S1
F8,S1
F9,S1
F10,S1
F11,S1
F12,S1
F13,S1
F14,S1
F15,S1
F16,S1
