ID,Name,Centroid,Area
F1,Nordrhein-Westfalen,POINT (7.561814561246534 51.47951853598842),34112.04
