StartID,EndID,Rel_Position
C1,C2,northern
C1,C27,eastern
C1,C28,eastern
C1,C29,northeastern
C1,C30,southeastern
C1,C31,southeastern
C1,C32,eastern
C1,C33,southern
C1,C34,northeastern
C1,C35,northeastern
C1,C36,eastern
C1,C37,southern
C1,C38,southwestern
C1,C39,southwestern
C1,C40,western
C1,C41,western
C1,C42,northwestern
C1,C43,southwestern
C1,C44,southwestern
C2,C1,southern
C2,C4,southwestern
C2,C6,eastern
C2,C7,northeastern
C2,C27,southeastern
C2,C28,southeastern
C2,C29,southeastern
C2,C30,southeastern
C2,C31,southeastern
C2,C32,southeastern
C2,C33,southern
C2,C34,southeastern
C2,C35,southeastern
C2,C36,southeastern
C2,C37,southern
C2,C38,southern
C2,C39,southwestern
C2,C40,southern
C2,C41,southwestern
C2,C42,southern
C2,C43,southern
C2,C44,southern
C2,C54,northwestern
C2,C55,northern
C2,C56,northern
C2,C57,northern
C2,C58,northwestern
C2,C59,western
C2,C60,western
C2,C61,northwestern
C2,C62,northern
C2,C63,northwestern
C2,C64,northern
C2,C65,northwestern
C2,C66,northwestern
C3,C6,western
C3,C7,northwestern
C3,C27,southern
C3,C28,southern
C3,C29,southern
C3,C30,southern
C3,C31,southern
C3,C32,southern
C3,C33,southern
C3,C34,southwestern
C3,C35,southeastern
C3,C36,southern
C3,C166,northwestern
C3,C167,northern
C3,C197,northeastern
C3,C198,northeastern
C3,C199,northern
C3,C200,northern
C3,C201,northern
C3,C202,northeastern
C3,C203,northern
C3,C204,northeastern
C3,C205,northeastern
C3,C206,northeastern
C3,C314,eastern
C3,C319,southeastern
C3,C320,southeastern
C3,C321,southeastern
C3,C322,southeastern
C3,C323,eastern
C3,C324,southeastern
C3,C325,southeastern
C3,C326,eastern
C3,C327,eastern
C4,C2,northeastern
C4,C37,southeastern
C4,C38,southern
C4,C39,southern
C4,C40,southern
C4,C41,southern
C4,C42,southeastern
C4,C43,southeastern
C4,C44,southern
C4,C45,western
C4,C46,western
C4,C47,western
C4,C48,western
C4,C49,southwestern
C4,C50,southwestern
C4,C51,western
C4,C52,southwestern
C4,C53,southwestern
C4,C54,northern
C4,C55,northeastern
C4,C56,northern
C4,C57,northern
C4,C58,northern
C4,C59,northern
C4,C60,northern
C4,C61,northern
C4,C62,northeastern
C4,C63,northwestern
C4,C64,northern
C4,C65,northern
C4,C66,northern
C5,C37,eastern
C5,C38,southeastern
C5,C39,southeastern
C5,C40,northeastern
C5,C41,eastern
C5,C42,northeastern
C5,C43,eastern
C5,C44,southeastern
C5,C45,northwestern
C5,C46,northern
C5,C47,northern
C5,C48,northwestern
C5,C49,western
C5,C50,northwestern
C5,C51,northern
C5,C52,northern
C5,C53,northeastern
C5,C116,southwestern
C5,C117,southwestern
C5,C118,southwestern
C5,C119,southwestern
C5,C120,southwestern
C5,C121,southwestern
C5,C122,southwestern
C5,C123,western
C5,C124,western
C5,C125,western
C6,C2,western
C6,C3,eastern
C6,C7,northern
C6,C27,southern
C6,C28,southern
C6,C29,southeastern
C6,C30,southern
C6,C31,southern
C6,C32,southern
C6,C33,southern
C6,C34,southern
C6,C35,southeastern
C6,C36,southeastern
C7,C2,southwestern
C7,C3,southeastern
C7,C6,southern
C7,C54,western
C7,C55,northwestern
C7,C56,northwestern
C7,C57,northern
C7,C58,western
C7,C59,southwestern
C7,C60,western
C7,C61,western
C7,C62,northern
C7,C63,western
C7,C64,northwestern
C7,C65,northwestern
C7,C66,northwestern
C7,C166,northeastern
C8,C9,western
C8,C10,northwestern
C8,C126,southeastern
C8,C127,southeastern
C8,C128,southeastern
C8,C129,southeastern
C8,C130,southeastern
C8,C131,southeastern
C8,C132,southeastern
C8,C133,southeastern
C8,C134,eastern
C8,C135,southeastern
C8,C136,southeastern
C8,C137,southeastern
C8,C138,southeastern
C8,C139,southern
C8,C140,southwestern
C8,C141,southern
C8,C142,southwestern
C8,C143,southern
C8,C144,southern
C8,C145,southern
C8,C146,southern
C9,C8,eastern
C9,C10,northeastern
C9,C27,northwestern
C9,C28,northwestern
C9,C29,northern
C9,C30,western
C9,C31,southwestern
C9,C32,northwestern
C9,C33,southwestern
C9,C34,northwestern
C9,C35,northern
C9,C36,northern
C9,C139,southern
C9,C140,southern
C9,C141,southeastern
C9,C142,southern
C9,C143,southeastern
C9,C144,southeastern
C9,C145,southern
C9,C146,southeastern
C10,C8,southeastern
C10,C9,southwestern
C10,C27,western
C10,C28,southwestern
C10,C29,northwestern
C10,C30,southwestern
C10,C31,southwestern
C10,C32,western
C10,C33,southwestern
C10,C34,western
C10,C35,northwestern
C10,C36,northwestern
C10,C126,southeastern
C10,C127,southeastern
C10,C128,southeastern
C10,C129,southeastern
C10,C130,southeastern
C10,C131,southeastern
C10,C132,southeastern
C10,C133,southeastern
C10,C134,eastern
C10,C135,southeastern
C10,C136,southeastern
C10,C137,southeastern
C10,C138,southeastern
C10,C319,eastern
C10,C320,eastern
C10,C321,northeastern
C10,C322,northern
C10,C323,northeastern
C10,C324,northeastern
C10,C325,northeastern
C10,C326,northeastern
C10,C327,northeastern
C11,C12,northern
C11,C13,southern
C11,C14,southwestern
C11,C15,southeastern
C11,C16,eastern
C11,C17,southern
C11,C18,southern
C11,C19,northwestern
C11,C20,western
C11,C21,eastern
C11,C22,southeastern
C11,C23,southern
C11,C24,southeastern
C11,C25,southern
C11,C26,southern
C11,C45,southern
C11,C46,southern
C11,C47,southern
C11,C48,southern
C11,C49,southern
C11,C50,southern
C11,C51,southern
C11,C52,southern
C11,C53,southern
C11,C54,southeastern
C11,C55,southeastern
C11,C56,eastern
C11,C57,eastern
C11,C58,southeastern
C11,C59,southeastern
C11,C60,southeastern
C11,C61,southeastern
C11,C62,eastern
C11,C63,southeastern
C11,C64,southeastern
C11,C65,eastern
C11,C66,southeastern
C11,C169,northeastern
C11,C170,eastern
C11,C171,eastern
C11,C172,eastern
C11,C173,northeastern
C11,C174,northeastern
C11,C175,eastern
C11,C176,northeastern
C11,C177,northeastern
C11,C178,eastern
C11,C179,eastern
C11,C180,eastern
C11,C181,northeastern
C11,C182,northeastern
C11,C183,northeastern
C11,C184,eastern
C11,C185,northeastern
C12,C11,southern
C12,C13,southern
C12,C14,southwestern
C12,C15,southern
C12,C16,southern
C12,C17,southern
C12,C18,southern
C12,C19,southwestern
C12,C20,southwestern
C12,C21,southeastern
C12,C22,southern
C12,C23,southern
C12,C24,southern
C12,C25,southern
C12,C26,southern
C12,C45,southern
C12,C46,southern
C12,C47,southern
C12,C48,southern
C12,C49,southern
C12,C50,southern
C12,C51,southern
C12,C52,southern
C12,C53,southern
C12,C54,southeastern
C12,C55,southeastern
C12,C56,southeastern
C12,C57,southeastern
C12,C58,southeastern
C12,C59,southeastern
C12,C60,southeastern
C12,C61,southeastern
C12,C62,eastern
C12,C63,southern
C12,C64,southeastern
C12,C65,southeastern
C12,C66,southeastern
C12,C169,northeastern
C12,C170,eastern
C12,C171,eastern
C12,C172,eastern
C12,C173,northeastern
C12,C174,northeastern
C12,C175,eastern
C12,C176,eastern
C12,C177,eastern
C12,C178,eastern
C12,C179,eastern
C12,C180,eastern
C12,C181,eastern
C12,C182,eastern
C12,C183,eastern
C12,C184,eastern
C12,C185,northeastern
C13,C11,northern
C13,C12,northern
C13,C14,northwestern
C13,C15,eastern
C13,C16,northern
C13,C17,southeastern
C13,C18,northern
C13,C19,northern
C13,C20,northwestern
C13,C21,northern
C13,C22,southeastern
C13,C23,southern
C13,C24,northern
C13,C25,southern
C13,C26,northwestern
C13,C45,southern
C13,C46,southern
C13,C47,southeastern
C13,C48,southern
C13,C49,southern
C13,C50,southern
C13,C51,southeastern
C13,C52,southern
C13,C53,southeastern
C13,C54,northeastern
C13,C55,eastern
C13,C56,northeastern
C13,C57,northeastern
C13,C58,eastern
C13,C59,eastern
C13,C60,southeastern
C13,C61,eastern
C13,C62,northeastern
C13,C63,northeastern
C13,C64,eastern
C13,C65,northeastern
C13,C66,northeastern
C13,C169,northeastern
C13,C170,northeastern
C13,C171,northeastern
C13,C172,northeastern
C13,C173,northeastern
C13,C174,northeastern
C13,C175,northeastern
C13,C176,northern
C13,C177,northeastern
C13,C178,northeastern
C13,C179,northeastern
C13,C180,northeastern
C13,C181,northeastern
C13,C182,northeastern
C13,C183,northeastern
C13,C184,northeastern
C13,C185,northeastern
C14,C11,northeastern
C14,C12,northeastern
C14,C13,southeastern
C14,C15,southeastern
C14,C16,northeastern
C14,C17,southeastern
C14,C18,southeastern
C14,C19,northern
C14,C20,northwestern
C14,C21,northeastern
C14,C22,southeastern
C14,C23,southern
C14,C24,eastern
C14,C25,southeastern
C14,C26,southeastern
C14,C45,southern
C14,C46,southern
C14,C47,southeastern
C14,C48,southern
C14,C49,southern
C14,C50,southern
C14,C51,southeastern
C14,C52,southern
C14,C53,southeastern
C14,C54,southeastern
C14,C55,eastern
C14,C56,eastern
C14,C57,eastern
C14,C58,southeastern
C14,C59,southeastern
C14,C60,southeastern
C14,C61,southeastern
C14,C62,eastern
C14,C63,southeastern
C14,C64,eastern
C14,C65,eastern
C14,C66,eastern
C14,C169,northeastern
C14,C170,northeastern
C14,C171,eastern
C14,C172,northeastern
C14,C173,northeastern
C14,C174,northeastern
C14,C175,eastern
C14,C176,northeastern
C14,C177,northeastern
C14,C178,eastern
C14,C179,eastern
C14,C180,eastern
C14,C181,northeastern
C14,C182,northeastern
C14,C183,northeastern
C14,C184,eastern
C14,C185,northeastern
C15,C11,northwestern
C15,C12,northern
C15,C13,western
C15,C14,northwestern
C15,C16,northern
C15,C17,southern
C15,C18,northwestern
C15,C19,northwestern
C15,C20,northwestern
C15,C21,northern
C15,C22,southern
C15,C23,southwestern
C15,C24,northwestern
C15,C25,southwestern
C15,C26,northwestern
C15,C45,southwestern
C15,C46,southern
C15,C47,southern
C15,C48,southwestern
C15,C49,southwestern
C15,C50,southern
C15,C51,southern
C15,C52,southern
C15,C53,southern
C15,C54,northeastern
C15,C55,eastern
C15,C56,northeastern
C15,C57,northeastern
C15,C58,eastern
C15,C59,southeastern
C15,C60,southeastern
C15,C61,eastern
C15,C62,northeastern
C15,C63,northern
C15,C64,northeastern
C15,C65,northeastern
C15,C66,northern
C15,C169,northeastern
C15,C170,northern
C15,C171,northeastern
C15,C172,northeastern
C15,C173,northeastern
C15,C174,northeastern
C15,C175,northeastern
C15,C176,northern
C15,C177,northeastern
C15,C178,northeastern
C15,C179,northeastern
C15,C180,northeastern
C15,C181,northeastern
C15,C182,northeastern
C15,C183,northeastern
C15,C184,northeastern
C15,C185,northeastern
C16,C11,western
C16,C12,northern
C16,C13,southern
C16,C14,southwestern
C16,C15,southern
C16,C17,southern
C16,C18,southern
C16,C19,northwestern
C16,C20,western
C16,C21,eastern
C16,C22,southern
C16,C23,southern
C16,C24,southern
C16,C25,southern
C16,C26,southwestern
C16,C45,southern
C16,C46,southern
C16,C47,southern
C16,C48,southern
C16,C49,southern
C16,C50,southern
C16,C51,southern
C16,C52,southern
C16,C53,southern
C16,C54,southeastern
C16,C55,southeastern
C16,C56,eastern
C16,C57,eastern
C16,C58,southeastern
C16,C59,southeastern
C16,C60,southeastern
C16,C61,southeastern
C16,C62,eastern
C16,C63,southern
C16,C64,southeastern
C16,C65,southeastern
C16,C66,southeastern
C16,C169,northeastern
C16,C170,northeastern
C16,C171,eastern
C16,C172,northeastern
C16,C173,northeastern
C16,C174,northeastern
C16,C175,eastern
C16,C176,northeastern
C16,C177,northeastern
C16,C178,eastern
C16,C179,eastern
C16,C180,eastern
C16,C181,northeastern
C16,C182,northeastern
C16,C183,northeastern
C16,C184,eastern
C16,C185,northeastern
C17,C11,northern
C17,C12,northern
C17,C13,northwestern
C17,C14,northwestern
C17,C15,northern
C17,C16,northern
C17,C18,northwestern
C17,C19,northwestern
C17,C20,northwestern
C17,C21,northern
C17,C22,eastern
C17,C23,western
C17,C24,northern
C17,C25,southwestern
C17,C26,northwestern
C17,C45,southwestern
C17,C46,southern
C17,C47,southeastern
C17,C48,southwestern
C17,C49,southwestern
C17,C50,southern
C17,C51,southern
C17,C52,southern
C17,C53,southeastern
C17,C54,northeastern
C17,C55,northeastern
C17,C56,northeastern
C17,C57,northeastern
C17,C58,northeastern
C17,C59,eastern
C17,C60,eastern
C17,C61,northeastern
C17,C62,northeastern
C17,C63,northern
C17,C64,northeastern
C17,C65,northeastern
C17,C66,northern
C17,C169,northeastern
C17,C170,northern
C17,C171,northeastern
C17,C172,northeastern
C17,C173,northeastern
C17,C174,northeastern
C17,C175,northeastern
C17,C176,northern
C17,C177,northeastern
C17,C178,northeastern
C17,C179,northeastern
C17,C180,northeastern
C17,C181,northeastern
C17,C182,northeastern
C17,C183,northeastern
C17,C184,northeastern
C17,C185,northeastern
C18,C11,northern
C18,C12,northern
C18,C13,southern
C18,C14,northwestern
C18,C15,southeastern
C18,C16,northern
C18,C17,southeastern
C18,C19,northern
C18,C20,northwestern
C18,C21,northeastern
C18,C22,southeastern
C18,C23,southern
C18,C24,northern
C18,C25,southern
C18,C26,northwestern
C18,C45,southern
C18,C46,southern
C18,C47,southeastern
C18,C48,southern
C18,C49,southern
C18,C50,southern
C18,C51,southeastern
C18,C52,southern
C18,C53,southeastern
C18,C54,eastern
C18,C55,eastern
C18,C56,northeastern
C18,C57,eastern
C18,C58,southeastern
C18,C59,southeastern
C18,C60,southeastern
C18,C61,eastern
C18,C62,eastern
C18,C63,northeastern
C18,C64,eastern
C18,C65,northeastern
C18,C66,northeastern
C18,C169,northeastern
C18,C170,northeastern
C18,C171,northeastern
C18,C172,northeastern
C18,C173,northeastern
C18,C174,northeastern
C18,C175,northeastern
C18,C176,northeastern
C18,C177,northeastern
C18,C178,northeastern
C18,C179,northeastern
C18,C180,northeastern
C18,C181,northeastern
C18,C182,northeastern
C18,C183,northeastern
C18,C184,northeastern
C18,C185,northeastern
C19,C11,southeastern
C19,C12,northeastern
C19,C13,southern
C19,C14,southern
C19,C15,southeastern
C19,C16,southeastern
C19,C17,southeastern
C19,C18,southern
C19,C20,western
C19,C21,eastern
C19,C22,southeastern
C19,C23,southern
C19,C24,southeastern
C19,C25,southern
C19,C26,southern
C19,C45,southern
C19,C46,southern
C19,C47,southeastern
C19,C48,southern
C19,C49,southern
C19,C50,southern
C19,C51,southeastern
C19,C52,southern
C19,C53,southeastern
C19,C54,southeastern
C19,C55,southeastern
C19,C56,eastern
C19,C57,eastern
C19,C58,southeastern
C19,C59,southeastern
C19,C60,southeastern
C19,C61,southeastern
C19,C62,eastern
C19,C63,southeastern
C19,C64,southeastern
C19,C65,southeastern
C19,C66,southeastern
C19,C169,northeastern
C19,C170,eastern
C19,C171,eastern
C19,C172,eastern
C19,C173,northeastern
C19,C174,northeastern
C19,C175,eastern
C19,C176,eastern
C19,C177,eastern
C19,C178,eastern
C19,C179,eastern
C19,C180,eastern
C19,C181,northeastern
C19,C182,eastern
C19,C183,eastern
C19,C184,eastern
C19,C185,northeastern
C20,C11,eastern
C20,C12,northeastern
C20,C13,southeastern
C20,C14,southeastern
C20,C15,southeastern
C20,C16,eastern
C20,C17,southeastern
C20,C18,southeastern
C20,C19,eastern
C20,C21,eastern
C20,C22,southeastern
C20,C23,southeastern
C20,C24,southeastern
C20,C25,southeastern
C20,C26,southeastern
C20,C45,southern
C20,C46,southeastern
C20,C47,southeastern
C20,C48,southern
C20,C49,southern
C20,C50,southern
C20,C51,southeastern
C20,C52,southern
C20,C53,southeastern
C20,C54,southeastern
C20,C55,southeastern
C20,C56,eastern
C20,C57,eastern
C20,C58,southeastern
C20,C59,southeastern
C20,C60,southeastern
C20,C61,southeastern
C20,C62,eastern
C20,C63,southeastern
C20,C64,southeastern
C20,C65,eastern
C20,C66,southeastern
C20,C169,northeastern
C20,C170,eastern
C20,C171,eastern
C20,C172,eastern
C20,C173,northeastern
C20,C174,northeastern
C20,C175,eastern
C20,C176,eastern
C20,C177,eastern
C20,C178,eastern
C20,C179,eastern
C20,C180,eastern
C20,C181,northeastern
C20,C182,eastern
C20,C183,eastern
C20,C184,eastern
C20,C185,northeastern
C21,C11,western
C21,C12,northwestern
C21,C13,southern
C21,C14,southwestern
C21,C15,southern
C21,C16,western
C21,C17,southern
C21,C18,southwestern
C21,C19,western
C21,C20,western
C21,C22,southern
C21,C23,southern
C21,C24,southwestern
C21,C25,southern
C21,C26,southwestern
C21,C45,southern
C21,C46,southern
C21,C47,southern
C21,C48,southern
C21,C49,southern
C21,C50,southern
C21,C51,southern
C21,C52,southern
C21,C53,southern
C21,C54,southern
C21,C55,southeastern
C21,C56,eastern
C21,C57,southeastern
C21,C58,southern
C21,C59,southern
C21,C60,southern
C21,C61,southeastern
C21,C62,eastern
C21,C63,southern
C21,C64,southeastern
C21,C65,southeastern
C21,C66,southern
C21,C169,northeastern
C21,C170,northeastern
C21,C171,eastern
C21,C172,northeastern
C21,C173,northeastern
C21,C174,northeastern
C21,C175,eastern
C21,C176,northern
C21,C177,northeastern
C21,C178,eastern
C21,C179,eastern
C21,C180,eastern
C21,C181,northeastern
C21,C182,northeastern
C21,C183,northeastern
C21,C184,eastern
C21,C185,northeastern
C22,C11,northwestern
C22,C12,northern
C22,C13,northwestern
C22,C14,northwestern
C22,C15,northern
C22,C16,northern
C22,C17,western
C22,C18,northwestern
C22,C19,northwestern
C22,C20,northwestern
C22,C21,northern
C22,C23,western
C22,C24,northwestern
C22,C25,southwestern
C22,C26,northwestern
C22,C45,southwestern
C22,C46,southwestern
C22,C47,southern
C22,C48,southwestern
C22,C49,southwestern
C22,C50,southwestern
C22,C51,southern
C22,C52,southern
C22,C53,southern
C22,C54,northern
C22,C55,northeastern
C22,C56,northern
C22,C57,northeastern
C22,C58,northeastern
C22,C59,eastern
C22,C60,eastern
C22,C61,northeastern
C22,C62,northeastern
C22,C63,northern
C22,C64,northeastern
C22,C65,northern
C22,C66,northern
C22,C169,northeastern
C22,C170,northern
C22,C171,northeastern
C22,C172,northeastern
C22,C173,northeastern
C22,C174,northeastern
C22,C175,northeastern
C22,C176,northern
C22,C177,northeastern
C22,C178,northeastern
C22,C179,northeastern
C22,C180,northern
C22,C181,northeastern
C22,C182,northeastern
C22,C183,northeastern
C22,C184,northeastern
C22,C185,northern
C23,C11,northern
C23,C12,northern
C23,C13,northern
C23,C14,northern
C23,C15,northeastern
C23,C16,northern
C23,C17,eastern
C23,C18,northern
C23,C19,northern
C23,C20,northern
C23,C21,northern
C23,C22,eastern
C23,C24,northern
C23,C25,southeastern
C23,C26,northern
C23,C45,southern
C23,C46,southeastern
C23,C47,southeastern
C23,C48,southern
C23,C49,southern
C23,C50,southern
C23,C51,southeastern
C23,C52,southern
C23,C53,southeastern
C23,C54,northeastern
C23,C55,northeastern
C23,C56,northeastern
C23,C57,northeastern
C23,C58,northeastern
C23,C59,eastern
C23,C60,eastern
C23,C61,northeastern
C23,C62,northeastern
C23,C63,northern
C23,C64,northeastern
C23,C65,northeastern
C23,C66,northeastern
C23,C169,northeastern
C23,C170,northeastern
C23,C171,northeastern
C23,C172,northeastern
C23,C173,northeastern
C23,C174,northeastern
C23,C175,northeastern
C23,C176,northern
C23,C177,northeastern
C23,C178,northeastern
C23,C179,northeastern
C23,C180,northeastern
C23,C181,northeastern
C23,C182,northeastern
C23,C183,northeastern
C23,C184,northeastern
C23,C185,northeastern
C24,C11,northwestern
C24,C12,northern
C24,C13,southern
C24,C14,western
C24,C15,southeastern
C24,C16,northern
C24,C17,southern
C24,C18,southern
C24,C19,northwestern
C24,C20,northwestern
C24,C21,northeastern
C24,C22,southeastern
C24,C23,southern
C24,C25,southern
C24,C26,southwestern
C24,C45,southern
C24,C46,southern
C24,C47,southern
C24,C48,southern
C24,C49,southern
C24,C50,southern
C24,C51,southern
C24,C52,southern
C24,C53,southern
C24,C54,southeastern
C24,C55,eastern
C24,C56,eastern
C24,C57,eastern
C24,C58,southeastern
C24,C59,southeastern
C24,C60,southeastern
C24,C61,southeastern
C24,C62,eastern
C24,C63,southeastern
C24,C64,eastern
C24,C65,eastern
C24,C66,eastern
C24,C169,northeastern
C24,C170,northeastern
C24,C171,northeastern
C24,C172,northeastern
C24,C173,northeastern
C24,C174,northeastern
C24,C175,eastern
C24,C176,northeastern
C24,C177,northeastern
C24,C178,eastern
C24,C179,eastern
C24,C180,northeastern
C24,C181,northeastern
C24,C182,northeastern
C24,C183,northeastern
C24,C184,northeastern
C24,C185,northeastern
C25,C11,northern
C25,C12,northern
C25,C13,northern
C25,C14,northwestern
C25,C15,northeastern
C25,C16,northern
C25,C17,northeastern
C25,C18,northern
C25,C19,northern
C25,C20,northwestern
C25,C21,northern
C25,C22,northeastern
C25,C23,northwestern
C25,C24,northern
C25,C26,northern
C25,C45,southwestern
C25,C46,southern
C25,C47,eastern
C25,C48,southwestern
C25,C49,southwestern
C25,C50,southern
C25,C51,southeastern
C25,C52,southern
C25,C53,southeastern
C25,C54,northeastern
C25,C55,northeastern
C25,C56,northeastern
C25,C57,northeastern
C25,C58,northeastern
C25,C59,eastern
C25,C60,eastern
C25,C61,northeastern
C25,C62,northeastern
C25,C63,northern
C25,C64,northeastern
C25,C65,northeastern
C25,C66,northern
C25,C169,northeastern
C25,C170,northern
C25,C171,northeastern
C25,C172,northeastern
C25,C173,northeastern
C25,C174,northeastern
C25,C175,northeastern
C25,C176,northern
C25,C177,northeastern
C25,C178,northeastern
C25,C179,northeastern
C25,C180,northeastern
C25,C181,northeastern
C25,C182,northeastern
C25,C183,northeastern
C25,C184,northeastern
C25,C185,northeastern
C26,C11,northern
C26,C12,northern
C26,C13,southeastern
C26,C14,northwestern
C26,C15,southeastern
C26,C16,northeastern
C26,C17,southeastern
C26,C18,southeastern
C26,C19,northern
C26,C20,northwestern
C26,C21,northeastern
C26,C22,southeastern
C26,C23,southern
C26,C24,northeastern
C26,C25,southern
C26,C45,southern
C26,C46,southern
C26,C47,southeastern
C26,C48,southern
C26,C49,southern
C26,C50,southern
C26,C51,southeastern
C26,C52,southern
C26,C53,southeastern
C26,C54,eastern
C26,C55,eastern
C26,C56,northeastern
C26,C57,eastern
C26,C58,southeastern
C26,C59,southeastern
C26,C60,southeastern
C26,C61,eastern
C26,C62,eastern
C26,C63,eastern
C26,C64,eastern
C26,C65,eastern
C26,C66,eastern
C26,C169,northeastern
C26,C170,northeastern
C26,C171,northeastern
C26,C172,northeastern
C26,C173,northeastern
C26,C174,northeastern
C26,C175,northeastern
C26,C176,northeastern
C26,C177,northeastern
C26,C178,eastern
C26,C179,eastern
C26,C180,northeastern
C26,C181,northeastern
C26,C182,northeastern
C26,C183,northeastern
C26,C184,northeastern
C26,C185,northeastern
C27,C1,western
C27,C2,northwestern
C27,C3,northern
C27,C6,northern
C27,C9,southeastern
C27,C10,eastern
C27,C28,eastern
C27,C29,northern
C27,C30,southern
C27,C31,southern
C27,C32,northeastern
C27,C33,southern
C27,C34,northern
C27,C35,northeastern
C27,C36,northeastern
C27,C37,southwestern
C27,C38,southwestern
C27,C39,southwestern
C27,C40,western
C27,C41,western
C27,C42,western
C27,C43,western
C27,C44,southwestern
C27,C68,southern
C27,C69,southern
C27,C139,southeastern
C27,C140,southeastern
C27,C141,southeastern
C27,C142,southeastern
C27,C143,southeastern
C27,C144,southeastern
C27,C145,southeastern
C27,C146,southeastern
C27,C319,eastern
C27,C320,eastern
C27,C321,northeastern
C27,C322,northeastern
C27,C323,northeastern
C27,C324,eastern
C27,C325,northeastern
C27,C326,northeastern
C27,C327,northeastern
C28,C1,western
C28,C2,northwestern
C28,C3,northern
C28,C6,northern
C28,C9,southeastern
C28,C10,northeastern
C28,C27,western
C28,C29,northern
C28,C30,southwestern
C28,C31,southern
C28,C32,northwestern
C28,C33,southwestern
C28,C34,northwestern
C28,C35,northern
C28,C36,northern
C28,C37,southwestern
C28,C38,southwestern
C28,C39,western
C28,C40,western
C28,C41,western
C28,C42,western
C28,C43,western
C28,C44,southwestern
C28,C68,southern
C28,C69,southern
C28,C139,southern
C28,C140,southeastern
C28,C141,southeastern
C28,C142,southern
C28,C143,southeastern
C28,C144,southeastern
C28,C145,southern
C28,C146,southeastern
C28,C319,eastern
C28,C320,eastern
C28,C321,northeastern
C28,C322,northeastern
C28,C323,northeastern
C28,C324,northeastern
C28,C325,northeastern
C28,C326,northeastern
C28,C327,northeastern
C29,C1,southwestern
C29,C2,northwestern
C29,C3,northern
C29,C6,northwestern
C29,C9,southern
C29,C10,southeastern
C29,C27,southern
C29,C28,southern
C29,C30,southern
C29,C31,southern
C29,C32,southern
C29,C33,southern
C29,C34,western
C29,C35,eastern
C29,C36,southeastern
C29,C37,southwestern
C29,C38,southwestern
C29,C39,southwestern
C29,C40,southwestern
C29,C41,southwestern
C29,C42,western
C29,C43,southwestern
C29,C44,southwestern
C29,C68,southern
C29,C69,southern
C29,C139,southern
C29,C140,southern
C29,C141,southeastern
C29,C142,southern
C29,C143,southern
C29,C144,southeastern
C29,C145,southern
C29,C146,southeastern
C29,C319,eastern
C29,C320,eastern
C29,C321,eastern
C29,C322,eastern
C29,C323,eastern
C29,C324,eastern
C29,C325,eastern
C29,C326,eastern
C29,C327,northeastern
C30,C1,northwestern
C30,C2,northwestern
C30,C3,northern
C30,C6,northern
C30,C9,eastern
C30,C10,northeastern
C30,C27,northern
C30,C28,northeastern
C30,C29,northern
C30,C31,southern
C30,C32,northern
C30,C33,southern
C30,C34,northern
C30,C35,northeastern
C30,C36,northeastern
C30,C37,southwestern
C30,C38,western
C30,C39,western
C30,C40,western
C30,C41,western
C30,C42,northwestern
C30,C43,western
C30,C44,southwestern
C30,C68,southern
C30,C69,southern
C30,C139,southeastern
C30,C140,southeastern
C30,C141,southeastern
C30,C142,southeastern
C30,C143,southeastern
C30,C144,southeastern
C30,C145,southeastern
C30,C146,eastern
C30,C319,eastern
C30,C320,northeastern
C30,C321,northeastern
C30,C322,northeastern
C30,C323,northeastern
C30,C324,northeastern
C30,C325,northeastern
C30,C326,northeastern
C30,C327,northeastern
C31,C1,northwestern
C31,C2,northwestern
C31,C3,northern
C31,C6,northern
C31,C9,northeastern
C31,C10,northeastern
C31,C27,northern
C31,C28,northern
C31,C29,northern
C31,C30,northern
C31,C32,northern
C31,C33,western
C31,C34,northern
C31,C35,northern
C31,C36,northern
C31,C37,western
C31,C38,western
C31,C39,western
C31,C40,northwestern
C31,C41,western
C31,C42,northwestern
C31,C43,western
C31,C44,western
C31,C68,southern
C31,C69,southeastern
C31,C139,southeastern
C31,C140,eastern
C31,C141,eastern
C31,C142,eastern
C31,C143,southeastern
C31,C144,southeastern
C31,C145,southeastern
C31,C146,eastern
C31,C319,northeastern
C31,C320,northeastern
C31,C321,northeastern
C31,C322,northeastern
C31,C323,northeastern
C31,C324,northeastern
C31,C325,northeastern
C31,C326,northeastern
C31,C327,northeastern
C32,C1,western
C32,C2,northwestern
C32,C3,northern
C32,C6,northern
C32,C9,southeastern
C32,C10,eastern
C32,C27,southwestern
C32,C28,southeastern
C32,C29,northern
C32,C30,southern
C32,C31,southern
C32,C33,southern
C32,C34,northwestern
C32,C35,northeastern
C32,C36,northeastern
C32,C37,southwestern
C32,C38,southwestern
C32,C39,southwestern
C32,C40,western
C32,C41,western
C32,C42,western
C32,C43,southwestern
C32,C44,southwestern
C32,C68,southern
C32,C69,southern
C32,C139,southern
C32,C140,southeastern
C32,C141,southeastern
C32,C142,southern
C32,C143,southeastern
C32,C144,southeastern
C32,C145,southern
C32,C146,southeastern
C32,C319,eastern
C32,C320,eastern
C32,C321,eastern
C32,C322,northeastern
C32,C323,northeastern
C32,C324,eastern
C32,C325,northeastern
C32,C326,northeastern
C32,C327,northeastern
C33,C1,northern
C33,C2,northern
C33,C3,northern
C33,C6,northern
C33,C9,northeastern
C33,C10,northeastern
C33,C27,northern
C33,C28,northeastern
C33,C29,northern
C33,C30,northern
C33,C31,eastern
C33,C32,northern
C33,C34,northern
C33,C35,northeastern
C33,C36,northeastern
C33,C37,western
C33,C38,western
C33,C39,western
C33,C40,northwestern
C33,C41,northwestern
C33,C42,northwestern
C33,C43,northwestern
C33,C44,western
C33,C68,southern
C33,C69,southeastern
C33,C139,southeastern
C33,C140,eastern
C33,C141,eastern
C33,C142,eastern
C33,C143,eastern
C33,C144,southeastern
C33,C145,southeastern
C33,C146,eastern
C33,C319,northeastern
C33,C320,northeastern
C33,C321,northeastern
C33,C322,northeastern
C33,C323,northeastern
C33,C324,northeastern
C33,C325,northeastern
C33,C326,northeastern
C33,C327,northeastern
C34,C1,southwestern
C34,C2,northwestern
C34,C3,northeastern
C34,C6,northern
C34,C9,southeastern
C34,C10,eastern
C34,C27,southern
C34,C28,southeastern
C34,C29,eastern
C34,C30,southern
C34,C31,southern
C34,C32,southeastern
C34,C33,southern
C34,C35,eastern
C34,C36,eastern
C34,C37,southern
C34,C38,southwestern
C34,C39,southwestern
C34,C40,southwestern
C34,C41,southwestern
C34,C42,western
C34,C43,southwestern
C34,C44,southwestern
C34,C68,southern
C34,C69,southern
C34,C139,southeastern
C34,C140,southeastern
C34,C141,southeastern
C34,C142,southeastern
C34,C143,southeastern
C34,C144,southeastern
C34,C145,southeastern
C34,C146,southeastern
C34,C319,eastern
C34,C320,eastern
C34,C321,eastern
C34,C322,eastern
C34,C323,eastern
C34,C324,eastern
C34,C325,eastern
C34,C326,eastern
C34,C327,eastern
C35,C1,southwestern
C35,C2,northwestern
C35,C3,northwestern
C35,C6,northwestern
C35,C9,southern
C35,C10,southeastern
C35,C27,southwestern
C35,C28,southern
C35,C29,western
C35,C30,southwestern
C35,C31,southern
C35,C32,southwestern
C35,C33,southwestern
C35,C34,western
C35,C36,southwestern
C35,C37,southwestern
C35,C38,southwestern
C35,C39,southwestern
C35,C40,western
C35,C41,southwestern
C35,C42,western
C35,C43,southwestern
C35,C44,southwestern
C35,C68,southern
C35,C69,southern
C35,C139,southern
C35,C140,southern
C35,C141,southern
C35,C142,southern
C35,C143,southern
C35,C144,southern
C35,C145,southern
C35,C146,southern
C35,C319,eastern
C35,C320,eastern
C35,C321,eastern
C35,C322,northeastern
C35,C323,eastern
C35,C324,southeastern
C35,C325,eastern
C35,C326,eastern
C35,C327,northeastern
C36,C1,western
C36,C2,northwestern
C36,C3,northern
C36,C6,northwestern
C36,C9,southern
C36,C10,southeastern
C36,C27,southwestern
C36,C28,southern
C36,C29,northwestern
C36,C30,southwestern
C36,C31,southern
C36,C32,southwestern
C36,C33,southwestern
C36,C34,western
C36,C35,northeastern
C36,C37,southwestern
C36,C38,southwestern
C36,C39,southwestern
C36,C40,western
C36,C41,western
C36,C42,western
C36,C43,southwestern
C36,C44,southwestern
C36,C68,southern
C36,C69,southern
C36,C139,southern
C36,C140,southern
C36,C141,southeastern
C36,C142,southern
C36,C143,southern
C36,C144,southeastern
C36,C145,southern
C36,C146,southeastern
C36,C319,eastern
C36,C320,eastern
C36,C321,eastern
C36,C322,northeastern
C36,C323,northeastern
C36,C324,eastern
C36,C325,eastern
C36,C326,northeastern
C36,C327,northeastern
C37,C1,northern
C37,C2,northern
C37,C4,northwestern
C37,C5,western
C37,C27,northeastern
C37,C28,northeastern
C37,C29,northeastern
C37,C30,northeastern
C37,C31,eastern
C37,C32,northeastern
C37,C33,eastern
C37,C34,northern
C37,C35,northeastern
C37,C36,northeastern
C37,C38,western
C37,C39,western
C37,C40,northwestern
C37,C41,northwestern
C37,C42,northwestern
C37,C43,northwestern
C37,C44,southwestern
C37,C45,western
C37,C46,northwestern
C37,C47,northwestern
C37,C48,northwestern
C37,C49,western
C37,C50,western
C37,C51,northwestern
C37,C52,northwestern
C37,C53,northwestern
C37,C68,southeastern
C37,C80,southwestern
C37,C81,southwestern
C37,C82,southern
C37,C83,southwestern
C37,C84,southwestern
C37,C85,southwestern
C37,C86,southwestern
C37,C87,southwestern
C37,C88,western
C37,C89,southwestern
C37,C90,southwestern
C37,C91,southwestern
C37,C92,southern
C37,C93,southwestern
C37,C94,southern
C37,C95,southwestern
C37,C96,southwestern
C37,C97,southern
C37,C98,southwestern
C37,C99,southern
C37,C100,southern
C37,C101,southern
C37,C102,southern
C37,C103,southern
C37,C104,southern
C37,C116,western
C37,C117,western
C37,C118,western
C37,C119,western
C37,C120,western
C37,C121,western
C37,C122,western
C37,C123,western
C37,C124,western
C37,C125,western
C38,C1,northeastern
C38,C2,northern
C38,C4,northern
C38,C5,northwestern
C38,C27,northeastern
C38,C28,northeastern
C38,C29,northeastern
C38,C30,eastern
C38,C31,eastern
C38,C32,northeastern
C38,C33,eastern
C38,C34,northeastern
C38,C35,northeastern
C38,C36,northeastern
C38,C37,eastern
C38,C39,western
C38,C40,northern
C38,C41,northern
C38,C42,northern
C38,C43,northeastern
C38,C44,southeastern
C38,C45,northwestern
C38,C46,northwestern
C38,C47,northern
C38,C48,northwestern
C38,C49,northwestern
C38,C50,northwestern
C38,C51,northwestern
C38,C52,northwestern
C38,C53,northern
C38,C68,southeastern
C38,C80,southwestern
C38,C81,southern
C38,C82,southern
C38,C83,southern
C38,C84,southwestern
C38,C85,southwestern
C38,C86,southern
C38,C87,southwestern
C38,C88,southwestern
C38,C89,southern
C38,C90,southern
C38,C91,southwestern
C38,C92,southern
C38,C93,southwestern
C38,C94,southern
C38,C95,southwestern
C38,C96,southern
C38,C97,southeastern
C38,C98,southern
C38,C99,southern
C38,C100,southeastern
C38,C101,southeastern
C38,C102,southern
C38,C103,southeastern
C38,C104,southeastern
C38,C116,western
C38,C117,western
C38,C118,western
C38,C119,western
C38,C120,western
C38,C121,western
C38,C122,southwestern
C38,C123,western
C38,C124,western
C38,C125,western
C39,C1,northeastern
C39,C2,northeastern
C39,C4,northern
C39,C5,northwestern
C39,C27,northeastern
C39,C28,eastern
C39,C29,northeastern
C39,C30,eastern
C39,C31,eastern
C39,C32,northeastern
C39,C33,eastern
C39,C34,northeastern
C39,C35,northeastern
C39,C36,northeastern
C39,C37,eastern
C39,C38,eastern
C39,C40,northeastern
C39,C41,northern
C39,C42,northeastern
C39,C43,northeastern
C39,C44,eastern
C39,C45,northwestern
C39,C46,northern
C39,C47,northern
C39,C48,northwestern
C39,C49,northwestern
C39,C50,northwestern
C39,C51,northern
C39,C52,northwestern
C39,C53,northern
C39,C68,southeastern
C39,C80,southwestern
C39,C81,southern
C39,C82,southern
C39,C83,southern
C39,C84,southern
C39,C85,southwestern
C39,C86,southern
C39,C87,southern
C39,C88,southwestern
C39,C89,southern
C39,C90,southern
C39,C91,southern
C39,C92,southern
C39,C93,southwestern
C39,C94,southern
C39,C95,southern
C39,C96,southeastern
C39,C97,southeastern
C39,C98,southern
C39,C99,southeastern
C39,C100,southeastern
C39,C101,southeastern
C39,C102,southeastern
C39,C103,southeastern
C39,C104,southeastern
C39,C116,western
C39,C117,western
C39,C118,southwestern
C39,C119,western
C39,C120,western
C39,C121,western
C39,C122,southwestern
C39,C123,western
C39,C124,western
C39,C125,western
C40,C1,eastern
C40,C2,northern
C40,C4,northern
C40,C5,southwestern
C40,C27,eastern
C40,C28,eastern
C40,C29,northeastern
C40,C30,eastern
C40,C31,southeastern
C40,C32,eastern
C40,C33,southeastern
C40,C34,northeastern
C40,C35,eastern
C40,C36,eastern
C40,C37,southeastern
C40,C38,southern
C40,C39,southwestern
C40,C41,southwestern
C40,C42,northeastern
C40,C43,southeastern
C40,C44,southern
C40,C45,western
C40,C46,northwestern
C40,C47,northwestern
C40,C48,northwestern
C40,C49,western
C40,C50,western
C40,C51,northwestern
C40,C52,western
C40,C53,northwestern
C40,C68,southeastern
C40,C80,southwestern
C40,C81,southern
C40,C82,southern
C40,C83,southern
C40,C84,southwestern
C40,C85,southwestern
C40,C86,southern
C40,C87,southern
C40,C88,southwestern
C40,C89,southern
C40,C90,southern
C40,C91,southern
C40,C92,southern
C40,C93,southwestern
C40,C94,southern
C40,C95,southern
C40,C96,southern
C40,C97,southeastern
C40,C98,southern
C40,C99,southern
C40,C100,southern
C40,C101,southeastern
C40,C102,southern
C40,C103,southeastern
C40,C104,southeastern
C40,C116,southwestern
C40,C117,southwestern
C40,C118,southwestern
C40,C119,southwestern
C40,C120,southwestern
C40,C121,southwestern
C40,C122,southwestern
C40,C123,western
C40,C124,western
C40,C125,western
C41,C1,eastern
C41,C2,northeastern
C41,C4,northern
C41,C5,western
C41,C27,eastern
C41,C28,eastern
C41,C29,northeastern
C41,C30,eastern
C41,C31,eastern
C41,C32,eastern
C41,C33,eastern
C41,C34,northeastern
C41,C35,northeastern
C41,C36,eastern
C41,C37,southeastern
C41,C38,southern
C41,C39,southern
C41,C40,northeastern
C41,C42,northeastern
C41,C43,eastern
C41,C44,southeastern
C41,C45,western
C41,C46,northwestern
C41,C47,northern
C41,C48,northwestern
C41,C49,western
C41,C50,western
C41,C51,northwestern
C41,C52,northwestern
C41,C53,northern
C41,C68,southeastern
C41,C80,southwestern
C41,C81,southern
C41,C82,southern
C41,C83,southern
C41,C84,southern
C41,C85,southwestern
C41,C86,southern
C41,C87,southern
C41,C88,southwestern
C41,C89,southern
C41,C90,southern
C41,C91,southern
C41,C92,southern
C41,C93,southwestern
C41,C94,southern
C41,C95,southern
C41,C96,southern
C41,C97,southeastern
C41,C98,southern
C41,C99,southern
C41,C100,southeastern
C41,C101,southeastern
C41,C102,southern
C41,C103,southeastern
C41,C104,southeastern
C41,C116,southwestern
C41,C117,southwestern
C41,C118,southwestern
C41,C119,southwestern
C41,C120,southwestern
C41,C121,western
C41,C122,southwestern
C41,C123,western
C41,C124,western
C41,C125,western
C42,C1,southeastern
C42,C2,northern
C42,C4,northwestern
C42,C5,southwestern
C42,C27,eastern
C42,C28,eastern
C42,C29,eastern
C42,C30,southeastern
C42,C31,southeastern
C42,C32,eastern
C42,C33,southeastern
C42,C34,eastern
C42,C35,eastern
C42,C36,eastern
C42,C37,southeastern
C42,C38,southern
C42,C39,southwestern
C42,C40,southwestern
C42,C41,southwestern
C42,C43,southern
C42,C44,southern
C42,C45,western
C42,C46,western
C42,C47,northwestern
C42,C48,western
C42,C49,western
C42,C50,western
C42,C51,western
C42,C52,western
C42,C53,western
C42,C68,southeastern
C42,C80,southwestern
C42,C81,southern
C42,C82,southern
C42,C83,southern
C42,C84,southwestern
C42,C85,southwestern
C42,C86,southern
C42,C87,southern
C42,C88,southwestern
C42,C89,southern
C42,C90,southern
C42,C91,southern
C42,C92,southern
C42,C93,southwestern
C42,C94,southern
C42,C95,southern
C42,C96,southern
C42,C97,southern
C42,C98,southern
C42,C99,southern
C42,C100,southern
C42,C101,southern
C42,C102,southern
C42,C103,southern
C42,C104,southeastern
C42,C116,southwestern
C42,C117,southwestern
C42,C118,southwestern
C42,C119,southwestern
C42,C120,southwestern
C42,C121,southwestern
C42,C122,southwestern
C42,C123,southwestern
C42,C124,southwestern
C42,C125,southwestern
C43,C1,northeastern
C43,C2,northern
C43,C4,northwestern
C43,C5,western
C43,C27,eastern
C43,C28,eastern
C43,C29,northeastern
C43,C30,eastern
C43,C31,eastern
C43,C32,northeastern
C43,C33,southeastern
C43,C34,northeastern
C43,C35,northeastern
C43,C36,northeastern
C43,C37,southeastern
C43,C38,southwestern
C43,C39,southwestern
C43,C40,northwestern
C43,C41,western
C43,C42,northern
C43,C44,southern
C43,C45,western
C43,C46,northwestern
C43,C47,northwestern
C43,C48,northwestern
C43,C49,western
C43,C50,western
C43,C51,northwestern
C43,C52,northwestern
C43,C53,northwestern
C43,C68,southeastern
C43,C80,southwestern
C43,C81,southern
C43,C82,southern
C43,C83,southwestern
C43,C84,southwestern
C43,C85,southwestern
C43,C86,southern
C43,C87,southwestern
C43,C88,southwestern
C43,C89,southern
C43,C90,southern
C43,C91,southwestern
C43,C92,southern
C43,C93,southwestern
C43,C94,southern
C43,C95,southwestern
C43,C96,southern
C43,C97,southern
C43,C98,southern
C43,C99,southern
C43,C100,southern
C43,C101,southern
C43,C102,southern
C43,C103,southern
C43,C104,southeastern
C43,C116,southwestern
C43,C117,western
C43,C118,southwestern
C43,C119,western
C43,C120,southwestern
C43,C121,western
C43,C122,southwestern
C43,C123,western
C43,C124,western
C43,C125,western
C44,C1,northeastern
C44,C2,northern
C44,C4,northern
C44,C5,northwestern
C44,C27,northeastern
C44,C28,northeastern
C44,C29,northeastern
C44,C30,northeastern
C44,C31,eastern
C44,C32,northeastern
C44,C33,eastern
C44,C34,northeastern
C44,C35,northeastern
C44,C36,northeastern
C44,C37,northeastern
C44,C38,northwestern
C44,C39,western
C44,C40,northern
C44,C41,northwestern
C44,C42,northern
C44,C43,northern
C44,C45,northwestern
C44,C46,northwestern
C44,C47,northwestern
C44,C48,northwestern
C44,C49,northwestern
C44,C50,northwestern
C44,C51,northwestern
C44,C52,northwestern
C44,C53,northwestern
C44,C68,southeastern
C44,C80,southwestern
C44,C81,southwestern
C44,C82,southern
C44,C83,southwestern
C44,C84,southwestern
C44,C85,southwestern
C44,C86,southern
C44,C87,southwestern
C44,C88,western
C44,C89,southwestern
C44,C90,southern
C44,C91,southwestern
C44,C92,southern
C44,C93,western
C44,C94,southern
C44,C95,southwestern
C44,C96,southern
C44,C97,southeastern
C44,C98,southwestern
C44,C99,southern
C44,C100,southern
C44,C101,southeastern
C44,C102,southern
C44,C103,southeastern
C44,C104,southeastern
C44,C116,western
C44,C117,western
C44,C118,western
C44,C119,western
C44,C120,western
C44,C121,western
C44,C122,western
C44,C123,western
C44,C124,western
C44,C125,western
C45,C4,eastern
C45,C5,southeastern
C45,C11,northern
C45,C12,northern
C45,C13,northern
C45,C14,northern
C45,C15,northeastern
C45,C16,northern
C45,C17,northeastern
C45,C18,northern
C45,C19,northern
C45,C20,northern
C45,C21,northern
C45,C22,northeastern
C45,C23,northern
C45,C24,northern
C45,C25,northeastern
C45,C26,northern
C45,C37,eastern
C45,C38,southeastern
C45,C39,southeastern
C45,C40,eastern
C45,C41,eastern
C45,C42,eastern
C45,C43,eastern
C45,C44,southeastern
C45,C46,northeastern
C45,C47,northeastern
C45,C48,northeastern
C45,C49,southern
C45,C50,southeastern
C45,C51,eastern
C45,C52,eastern
C45,C53,eastern
C45,C54,northeastern
C45,C55,northeastern
C45,C56,northeastern
C45,C57,northeastern
C45,C58,northeastern
C45,C59,northeastern
C45,C60,northeastern
C45,C61,northeastern
C45,C62,northeastern
C45,C63,northern
C45,C64,northeastern
C45,C65,northeastern
C45,C66,northern
C45,C116,southeastern
C45,C117,southern
C45,C118,southern
C45,C119,southern
C45,C120,southern
C45,C121,southwestern
C45,C122,southern
C45,C123,southwestern
C45,C124,southern
C45,C125,southeastern
C46,C4,eastern
C46,C5,southern
C46,C11,northern
C46,C12,northern
C46,C13,northern
C46,C14,northern
C46,C15,northern
C46,C16,northern
C46,C17,northern
C46,C18,northern
C46,C19,northern
C46,C20,northwestern
C46,C21,northern
C46,C22,northeastern
C46,C23,northwestern
C46,C24,northern
C46,C25,northern
C46,C26,northern
C46,C37,southeastern
C46,C38,southeastern
C46,C39,southeastern
C46,C40,southeastern
C46,C41,southeastern
C46,C42,eastern
C46,C43,southeastern
C46,C44,southeastern
C46,C45,southwestern
C46,C47,northeastern
C46,C48,western
C46,C49,southwestern
C46,C50,southern
C46,C51,eastern
C46,C52,southern
C46,C53,southeastern
C46,C54,northern
C46,C55,northeastern
C46,C56,northern
C46,C57,northeastern
C46,C58,northeastern
C46,C59,northeastern
C46,C60,northeastern
C46,C61,northeastern
C46,C62,northeastern
C46,C63,northern
C46,C64,northeastern
C46,C65,northeastern
C46,C66,northern
C46,C116,southern
C46,C117,southwestern
C46,C118,southern
C46,C119,southwestern
C46,C120,southern
C46,C121,southwestern
C46,C122,southern
C46,C123,southwestern
C46,C124,southwestern
C46,C125,southern
C47,C4,eastern
C47,C5,southern
C47,C11,northern
C47,C12,northern
C47,C13,northwestern
C47,C14,northwestern
C47,C15,northern
C47,C16,northern
C47,C17,northwestern
C47,C18,northwestern
C47,C19,northwestern
C47,C20,northwestern
C47,C21,northern
C47,C22,northern
C47,C23,northwestern
C47,C24,northern
C47,C25,western
C47,C26,northwestern
C47,C37,southeastern
C47,C38,southern
C47,C39,southern
C47,C40,southeastern
C47,C41,southern
C47,C42,southeastern
C47,C43,southeastern
C47,C44,southeastern
C47,C45,southwestern
C47,C46,southwestern
C47,C48,southwestern
C47,C49,southwestern
C47,C50,southwestern
C47,C51,southern
C47,C52,southwestern
C47,C53,southeastern
C47,C54,northern
C47,C55,northeastern
C47,C56,northern
C47,C57,northeastern
C47,C58,northern
C47,C59,northeastern
C47,C60,northeastern
C47,C61,northeastern
C47,C62,northeastern
C47,C63,northern
C47,C64,northeastern
C47,C65,northern
C47,C66,northern
C47,C116,southern
C47,C117,southwestern
C47,C118,southwestern
C47,C119,southwestern
C47,C120,southern
C47,C121,southwestern
C47,C122,southwestern
C47,C123,southwestern
C47,C124,southwestern
C47,C125,southwestern
C48,C4,eastern
C48,C5,southeastern
C48,C11,northern
C48,C12,northern
C48,C13,northern
C48,C14,northern
C48,C15,northeastern
C48,C16,northern
C48,C17,northeastern
C48,C18,northern
C48,C19,northern
C48,C20,northern
C48,C21,northern
C48,C22,northeastern
C48,C23,northern
C48,C24,northern
C48,C25,northeastern
C48,C26,northern
C48,C37,southeastern
C48,C38,southeastern
C48,C39,southeastern
C48,C40,southeastern
C48,C41,southeastern
C48,C42,eastern
C48,C43,southeastern
C48,C44,southeastern
C48,C45,southwestern
C48,C46,eastern
C48,C47,northeastern
C48,C49,southwestern
C48,C50,southern
C48,C51,eastern
C48,C52,southeastern
C48,C53,eastern
C48,C54,northeastern
C48,C55,northeastern
C48,C56,northeastern
C48,C57,northeastern
C48,C58,northeastern
C48,C59,northeastern
C48,C60,northeastern
C48,C61,northeastern
C48,C62,northeastern
C48,C63,northern
C48,C64,northeastern
C48,C65,northeastern
C48,C66,northern
C48,C116,southern
C48,C117,southwestern
C48,C118,southern
C48,C119,southern
C48,C120,southern
C48,C121,southwestern
C48,C122,southern
C48,C123,southwestern
C48,C124,southern
C48,C125,southern
C49,C4,northeastern
C49,C5,eastern
C49,C11,northern
C49,C12,northern
C49,C13,northern
C49,C14,northern
C49,C15,northeastern
C49,C16,northern
C49,C17,northeastern
C49,C18,northern
C49,C19,northern
C49,C20,northern
C49,C21,northern
C49,C22,northeastern
C49,C23,northern
C49,C24,northern
C49,C25,northeastern
C49,C26,northern
C49,C37,eastern
C49,C38,eastern
C49,C39,southeastern
C49,C40,eastern
C49,C41,eastern
C49,C42,eastern
C49,C43,eastern
C49,C44,southeastern
C49,C45,northern
C49,C46,northeastern
C49,C47,northeastern
C49,C48,northeastern
C49,C50,eastern
C49,C51,northeastern
C49,C52,northeastern
C49,C53,eastern
C49,C54,northeastern
C49,C55,northeastern
C49,C56,northeastern
C49,C57,northeastern
C49,C58,northeastern
C49,C59,northeastern
C49,C60,northeastern
C49,C61,northeastern
C49,C62,northeastern
C49,C63,northern
C49,C64,northeastern
C49,C65,northeastern
C49,C66,northern
C49,C116,southeastern
C49,C117,southwestern
C49,C118,southern
C49,C119,southern
C49,C120,southern
C49,C121,southwestern
C49,C122,southern
C49,C123,southwestern
C49,C124,southern
C49,C125,southeastern
C50,C4,northeastern
C50,C5,southeastern
C50,C11,northern
C50,C12,northern
C50,C13,northern
C50,C14,northern
C50,C15,northern
C50,C16,northern
C50,C17,northern
C50,C18,northern
C50,C19,northern
C50,C20,northern
C50,C21,northern
C50,C22,northeastern
C50,C23,northern
C50,C24,northern
C50,C25,northern
C50,C26,northern
C50,C37,eastern
C50,C38,southeastern
C50,C39,southeastern
C50,C40,eastern
C50,C41,eastern
C50,C42,eastern
C50,C43,eastern
C50,C44,southeastern
C50,C45,northwestern
C50,C46,northern
C50,C47,northeastern
C50,C48,northern
C50,C49,western
C50,C51,northeastern
C50,C52,northeastern
C50,C53,eastern
C50,C54,northern
C50,C55,northeastern
C50,C56,northern
C50,C57,northeastern
C50,C58,northeastern
C50,C59,northeastern
C50,C60,northeastern
C50,C61,northeastern
C50,C62,northeastern
C50,C63,northern
C50,C64,northeastern
C50,C65,northeastern
C50,C66,northern
C50,C116,southern
C50,C117,southwestern
C50,C118,southern
C50,C119,southwestern
C50,C120,southern
C50,C121,southwestern
C50,C122,southern
C50,C123,southwestern
C50,C124,southwestern
C50,C125,southern
C51,C4,eastern
C51,C5,southern
C51,C11,northern
C51,C12,northern
C51,C13,northwestern
C51,C14,northwestern
C51,C15,northern
C51,C16,northern
C51,C17,northern
C51,C18,northwestern
C51,C19,northwestern
C51,C20,northwestern
C51,C21,northern
C51,C22,northern
C51,C23,northwestern
C51,C24,northern
C51,C25,northwestern
C51,C26,northwestern
C51,C37,southeastern
C51,C38,southeastern
C51,C39,southern
C51,C40,southeastern
C51,C41,southeastern
C51,C42,eastern
C51,C43,southeastern
C51,C44,southeastern
C51,C45,western
C51,C46,western
C51,C47,northern
C51,C48,western
C51,C49,southwestern
C51,C50,southwestern
C51,C52,southwestern
C51,C53,southeastern
C51,C54,northern
C51,C55,northeastern
C51,C56,northern
C51,C57,northeastern
C51,C58,northern
C51,C59,northeastern
C51,C60,northeastern
C51,C61,northeastern
C51,C62,northeastern
C51,C63,northern
C51,C64,northeastern
C51,C65,northern
C51,C66,northern
C51,C116,southern
C51,C117,southwestern
C51,C118,southwestern
C51,C119,southwestern
C51,C120,southwestern
C51,C121,southwestern
C51,C122,southwestern
C51,C123,southwestern
C51,C124,southwestern
C51,C125,southwestern
C52,C4,northeastern
C52,C5,southern
C52,C11,northern
C52,C12,northern
C52,C13,northern
C52,C14,northern
C52,C15,northern
C52,C16,northern
C52,C17,northern
C52,C18,northern
C52,C19,northern
C52,C20,northern
C52,C21,northern
C52,C22,northern
C52,C23,northern
C52,C24,northern
C52,C25,northern
C52,C26,northern
C52,C37,southeastern
C52,C38,southeastern
C52,C39,southeastern
C52,C40,eastern
C52,C41,southeastern
C52,C42,eastern
C52,C43,southeastern
C52,C44,southeastern
C52,C45,western
C52,C46,northern
C52,C47,northeastern
C52,C48,northwestern
C52,C49,southwestern
C52,C50,southwestern
C52,C51,northeastern
C52,C53,eastern
C52,C54,northern
C52,C55,northeastern
C52,C56,northern
C52,C57,northeastern
C52,C58,northern
C52,C59,northeastern
C52,C60,northeastern
C52,C61,northeastern
C52,C62,northeastern
C52,C63,northern
C52,C64,northeastern
C52,C65,northern
C52,C66,northern
C52,C116,southern
C52,C117,southwestern
C52,C118,southwestern
C52,C119,southwestern
C52,C120,southern
C52,C121,southwestern
C52,C122,southwestern
C52,C123,southwestern
C52,C124,southwestern
C52,C125,southwestern
C53,C4,northeastern
C53,C5,southwestern
C53,C11,northern
C53,C12,northern
C53,C13,northwestern
C53,C14,northwestern
C53,C15,northern
C53,C16,northern
C53,C17,northwestern
C53,C18,northwestern
C53,C19,northwestern
C53,C20,northwestern
C53,C21,northern
C53,C22,northern
C53,C23,northwestern
C53,C24,northern
C53,C25,northwestern
C53,C26,northwestern
C53,C37,southeastern
C53,C38,southern
C53,C39,southern
C53,C40,southeastern
C53,C41,southern
C53,C42,eastern
C53,C43,southeastern
C53,C44,southeastern
C53,C45,western
C53,C46,northwestern
C53,C47,northwestern
C53,C48,western
C53,C49,western
C53,C50,western
C53,C51,northwestern
C53,C52,western
C53,C54,northern
C53,C55,northeastern
C53,C56,northern
C53,C57,northern
C53,C58,northern
C53,C59,northern
C53,C60,northern
C53,C61,northern
C53,C62,northeastern
C53,C63,northern
C53,C64,northern
C53,C65,northern
C53,C66,northern
C53,C116,southwestern
C53,C117,southwestern
C53,C118,southwestern
C53,C119,southwestern
C53,C120,southwestern
C53,C121,southwestern
C53,C122,southwestern
C53,C123,southwestern
C53,C124,southwestern
C53,C125,southwestern
C54,C2,southeastern
C54,C4,southern
C54,C7,eastern
C54,C11,northwestern
C54,C12,northwestern
C54,C13,southwestern
C54,C14,northwestern
C54,C15,southwestern
C54,C16,northwestern
C54,C17,southwestern
C54,C18,western
C54,C19,northwestern
C54,C20,northwestern
C54,C21,northern
C54,C22,southern
C54,C23,southwestern
C54,C24,northwestern
C54,C25,southwestern
C54,C26,western
C54,C45,southwestern
C54,C46,southern
C54,C47,southern
C54,C48,southwestern
C54,C49,southwestern
C54,C50,southern
C54,C51,southern
C54,C52,southern
C54,C53,southern
C54,C55,eastern
C54,C56,northeastern
C54,C57,eastern
C54,C58,southern
C54,C59,southeastern
C54,C60,southern
C54,C61,southeastern
C54,C62,northeastern
C54,C63,western
C54,C64,eastern
C54,C65,northeastern
C54,C66,northwestern
C54,C166,eastern
C54,C169,northeastern
C54,C170,northern
C54,C171,northeastern
C54,C172,northeastern
C54,C173,northeastern
C54,C174,northeastern
C54,C175,northeastern
C54,C176,northern
C54,C177,northeastern
C54,C178,northeastern
C54,C179,northeastern
C54,C180,northeastern
C54,C181,northeastern
C54,C182,northeastern
C54,C183,northeastern
C54,C184,northeastern
C54,C185,northeastern
C54,C197,eastern
C54,C198,eastern
C54,C199,eastern
C54,C200,eastern
C54,C201,eastern
C54,C202,eastern
C54,C203,eastern
C54,C204,eastern
C54,C205,eastern
C54,C206,eastern
C55,C2,southern
C55,C4,southwestern
C55,C7,southeastern
C55,C11,northwestern
C55,C12,northwestern
C55,C13,western
C55,C14,western
C55,C15,western
C55,C16,northwestern
C55,C17,southwestern
C55,C18,western
C55,C19,northwestern
C55,C20,northwestern
C55,C21,northwestern
C55,C22,southwestern
C55,C23,southwestern
C55,C24,western
C55,C25,southwestern
C55,C26,western
C55,C45,southwestern
C55,C46,southwestern
C55,C47,southwestern
C55,C48,southwestern
C55,C49,southwestern
C55,C50,southwestern
C55,C51,southwestern
C55,C52,southwestern
C55,C53,southwestern
C55,C54,western
C55,C56,northwestern
C55,C57,northern
C55,C58,western
C55,C59,southwestern
C55,C60,southwestern
C55,C61,western
C55,C62,northern
C55,C63,western
C55,C64,western
C55,C65,northwestern
C55,C66,northwestern
C55,C166,eastern
C55,C169,northern
C55,C170,northern
C55,C171,northern
C55,C172,northern
C55,C173,northern
C55,C174,northern
C55,C175,northeastern
C55,C176,northwestern
C55,C177,northeastern
C55,C178,northern
C55,C179,northeastern
C55,C180,northern
C55,C181,northeastern
C55,C182,northern
C55,C183,northern
C55,C184,northern
C55,C185,northern
C55,C197,eastern
C55,C198,eastern
C55,C199,northeastern
C55,C200,eastern
C55,C201,northeastern
C55,C202,eastern
C55,C203,northeastern
C55,C204,eastern
C55,C205,eastern
C55,C206,eastern
C56,C2,southern
C56,C4,southern
C56,C7,southeastern
C56,C11,western
C56,C12,northwestern
C56,C13,southwestern
C56,C14,western
C56,C15,southwestern
C56,C16,western
C56,C17,southwestern
C56,C18,southwestern
C56,C19,western
C56,C20,western
C56,C21,western
C56,C22,southern
C56,C23,southwestern
C56,C24,western
C56,C25,southwestern
C56,C26,southwestern
C56,C45,southwestern
C56,C46,southern
C56,C47,southern
C56,C48,southwestern
C56,C49,southwestern
C56,C50,southern
C56,C51,southern
C56,C52,southern
C56,C53,southern
C56,C54,southwestern
C56,C55,southeastern
C56,C57,southeastern
C56,C58,southern
C56,C59,southern
C56,C60,southern
C56,C61,southern
C56,C62,eastern
C56,C63,southwestern
C56,C64,southern
C56,C65,southern
C56,C66,southwestern
C56,C166,southeastern
C56,C169,northeastern
C56,C170,northern
C56,C171,northeastern
C56,C172,northeastern
C56,C173,northeastern
C56,C174,northeastern
C56,C175,eastern
C56,C176,northwestern
C56,C177,northeastern
C56,C178,eastern
C56,C179,eastern
C56,C180,northeastern
C56,C181,northeastern
C56,C182,northeastern
C56,C183,northeastern
C56,C184,northeastern
C56,C185,northern
C56,C197,eastern
C56,C198,eastern
C56,C199,eastern
C56,C200,southeastern
C56,C201,eastern
C56,C202,southeastern
C56,C203,eastern
C56,C204,eastern
C56,C205,eastern
C56,C206,eastern
C57,C2,southern
C57,C4,southern
C57,C7,southern
C57,C11,western
C57,C12,northwestern
C57,C13,southwestern
C57,C14,western
C57,C15,southwestern
C57,C16,western
C57,C17,southwestern
C57,C18,western
C57,C19,western
C57,C20,western
C57,C21,northwestern
C57,C22,southwestern
C57,C23,southwestern
C57,C24,western
C57,C25,southwestern
C57,C26,western
C57,C45,southwestern
C57,C46,southwestern
C57,C47,southwestern
C57,C48,southwestern
C57,C49,southwestern
C57,C50,southwestern
C57,C51,southwestern
C57,C52,southwestern
C57,C53,southern
C57,C54,western
C57,C55,southern
C57,C56,northwestern
C57,C58,southwestern
C57,C59,southwestern
C57,C60,southwestern
C57,C61,southwestern
C57,C62,northeastern
C57,C63,western
C57,C64,southwestern
C57,C65,western
C57,C66,western
C57,C166,southeastern
C57,C169,northern
C57,C170,northwestern
C57,C171,northern
C57,C172,northeastern
C57,C173,northern
C57,C174,northern
C57,C175,northeastern
C57,C176,northwestern
C57,C177,northeastern
C57,C178,northern
C57,C179,northeastern
C57,C180,northern
C57,C181,northeastern
C57,C182,northern
C57,C183,northern
C57,C184,northeastern
C57,C185,northern
C57,C197,eastern
C57,C198,eastern
C57,C199,northeastern
C57,C200,southeastern
C57,C201,northeastern
C57,C202,eastern
C57,C203,eastern
C57,C204,eastern
C57,C205,eastern
C57,C206,eastern
C58,C2,southeastern
C58,C4,southern
C58,C7,eastern
C58,C11,northwestern
C58,C12,northwestern
C58,C13,western
C58,C14,northwestern
C58,C15,western
C58,C16,northwestern
C58,C17,southwestern
C58,C18,northwestern
C58,C19,northwestern
C58,C20,northwestern
C58,C21,northern
C58,C22,southwestern
C58,C23,southwestern
C58,C24,northwestern
C58,C25,southwestern
C58,C26,northwestern
C58,C45,southwestern
C58,C46,southwestern
C58,C47,southern
C58,C48,southwestern
C58,C49,southwestern
C58,C50,southwestern
C58,C51,southern
C58,C52,southern
C58,C53,southern
C58,C54,northern
C58,C55,eastern
C58,C56,northern
C58,C57,northeastern
C58,C59,southeastern
C58,C60,southern
C58,C61,northeastern
C58,C62,northeastern
C58,C63,northwestern
C58,C64,northeastern
C58,C65,northern
C58,C66,northern
C58,C166,eastern
C58,C169,northeastern
C58,C170,northern
C58,C171,northeastern
C58,C172,northeastern
C58,C173,northeastern
C58,C174,northeastern
C58,C175,northeastern
C58,C176,northern
C58,C177,northeastern
C58,C178,northeastern
C58,C179,northeastern
C58,C180,northern
C58,C181,northeastern
C58,C182,northeastern
C58,C183,northeastern
C58,C184,northeastern
C58,C185,northern
C58,C197,eastern
C58,C198,eastern
C58,C199,northeastern
C58,C200,eastern
C58,C201,northeastern
C58,C202,eastern
C58,C203,northeastern
C58,C204,eastern
C58,C205,eastern
C58,C206,eastern
C59,C2,eastern
C59,C4,southern
C59,C7,northeastern
C59,C11,northwestern
C59,C12,northwestern
C59,C13,western
C59,C14,northwestern
C59,C15,northwestern
C59,C16,northwestern
C59,C17,western
C59,C18,northwestern
C59,C19,northwestern
C59,C20,northwestern
C59,C21,northern
C59,C22,western
C59,C23,western
C59,C24,northwestern
C59,C25,western
C59,C26,northwestern
C59,C45,southwestern
C59,C46,southwestern
C59,C47,southwestern
C59,C48,southwestern
C59,C49,southwestern
C59,C50,southwestern
C59,C51,southwestern
C59,C52,southwestern
C59,C53,southern
C59,C54,northwestern
C59,C55,northeastern
C59,C56,northern
C59,C57,northeastern
C59,C58,northwestern
C59,C60,western
C59,C61,northern
C59,C62,northeastern
C59,C63,northwestern
C59,C64,northern
C59,C65,northern
C59,C66,northwestern
C59,C166,northeastern
C59,C169,northern
C59,C170,northern
C59,C171,northern
C59,C172,northeastern
C59,C173,northern
C59,C174,northeastern
C59,C175,northeastern
C59,C176,northern
C59,C177,northeastern
C59,C178,northeastern
C59,C179,northeastern
C59,C180,northern
C59,C181,northeastern
C59,C182,northern
C59,C183,northern
C59,C184,northeastern
C59,C185,northern
C59,C197,eastern
C59,C198,northeastern
C59,C199,northeastern
C59,C200,northeastern
C59,C201,northeastern
C59,C202,northeastern
C59,C203,northeastern
C59,C204,northeastern
C59,C205,northeastern
C59,C206,eastern
C60,C2,eastern
C60,C4,southern
C60,C7,eastern
C60,C11,northwestern
C60,C12,northwestern
C60,C13,northwestern
C60,C14,northwestern
C60,C15,northwestern
C60,C16,northwestern
C60,C17,western
C60,C18,northwestern
C60,C19,northwestern
C60,C20,northwestern
C60,C21,northern
C60,C22,western
C60,C23,western
C60,C24,northwestern
C60,C25,western
C60,C26,northwestern
C60,C45,southwestern
C60,C46,southwestern
C60,C47,southwestern
C60,C48,southwestern
C60,C49,southwestern
C60,C50,southwestern
C60,C51,southwestern
C60,C52,southwestern
C60,C53,southern
C60,C54,northern
C60,C55,northeastern
C60,C56,northern
C60,C57,northeastern
C60,C58,northern
C60,C59,eastern
C60,C61,northern
C60,C62,northeastern
C60,C63,northwestern
C60,C64,northern
C60,C65,northern
C60,C66,northern
C60,C166,northeastern
C60,C169,northern
C60,C170,northern
C60,C171,northeastern
C60,C172,northeastern
C60,C173,northern
C60,C174,northeastern
C60,C175,northeastern
C60,C176,northern
C60,C177,northeastern
C60,C178,northeastern
C60,C179,northeastern
C60,C180,northern
C60,C181,northeastern
C60,C182,northeastern
C60,C183,northern
C60,C184,northeastern
C60,C185,northern
C60,C197,eastern
C60,C198,northeastern
C60,C199,northeastern
C60,C200,northeastern
C60,C201,northeastern
C60,C202,northeastern
C60,C203,northeastern
C60,C204,northeastern
C60,C205,eastern
C60,C206,eastern
C61,C2,southeastern
C61,C4,southern
C61,C7,eastern
C61,C11,northwestern
C61,C12,northwestern
C61,C13,western
C61,C14,northwestern
C61,C15,western
C61,C16,northwestern
C61,C17,southwestern
C61,C18,western
C61,C19,northwestern
C61,C20,northwestern
C61,C21,northwestern
C61,C22,southwestern
C61,C23,southwestern
C61,C24,northwestern
C61,C25,southwestern
C61,C26,western
C61,C45,southwestern
C61,C46,southwestern
C61,C47,southwestern
C61,C48,southwestern
C61,C49,southwestern
C61,C50,southwestern
C61,C51,southwestern
C61,C52,southwestern
C61,C53,southern
C61,C54,northwestern
C61,C55,eastern
C61,C56,northern
C61,C57,northeastern
C61,C58,southwestern
C61,C59,southern
C61,C60,southern
C61,C62,northeastern
C61,C63,western
C61,C64,northeastern
C61,C65,northern
C61,C66,northwestern
C61,C166,eastern
C61,C169,northern
C61,C170,northern
C61,C171,northeastern
C61,C172,northeastern
C61,C173,northern
C61,C174,northeastern
C61,C175,northeastern
C61,C176,northern
C61,C177,northeastern
C61,C178,northeastern
C61,C179,northeastern
C61,C180,northern
C61,C181,northeastern
C61,C182,northeastern
C61,C183,northern
C61,C184,northeastern
C61,C185,northern
C61,C197,eastern
C61,C198,eastern
C61,C199,northeastern
C61,C200,eastern
C61,C201,northeastern
C61,C202,eastern
C61,C203,eastern
C61,C204,eastern
C61,C205,eastern
C61,C206,eastern
C62,C2,southern
C62,C4,southwestern
C62,C7,southern
C62,C11,western
C62,C12,northwestern
C62,C13,southwestern
C62,C14,western
C62,C15,southwestern
C62,C16,western
C62,C17,southwestern
C62,C18,western
C62,C19,western
C62,C20,western
C62,C21,western
C62,C22,southwestern
C62,C23,southwestern
C62,C24,western
C62,C25,southwestern
C62,C26,western
C62,C45,southwestern
C62,C46,southwestern
C62,C47,southwestern
C62,C48,southwestern
C62,C49,southwestern
C62,C50,southwestern
C62,C51,southwestern
C62,C52,southwestern
C62,C53,southwestern
C62,C54,southwestern
C62,C55,southern
C62,C56,western
C62,C57,southwestern
C62,C58,southwestern
C62,C59,southwestern
C62,C60,southwestern
C62,C61,southwestern
C62,C63,western
C62,C64,southwestern
C62,C65,western
C62,C66,western
C62,C166,southern
C62,C169,northern
C62,C170,northwestern
C62,C171,northern
C62,C172,northeastern
C62,C173,northern
C62,C174,northern
C62,C175,northeastern
C62,C176,northwestern
C62,C177,northeastern
C62,C178,northern
C62,C179,northeastern
C62,C180,northwestern
C62,C181,northeastern
C62,C182,northern
C62,C183,northern
C62,C184,northern
C62,C185,northern
C62,C197,southeastern
C62,C198,eastern
C62,C199,eastern
C62,C200,southeastern
C62,C201,eastern
C62,C202,southeastern
C62,C203,eastern
C62,C204,eastern
C62,C205,eastern
C62,C206,eastern
C63,C2,southeastern
C63,C4,southeastern
C63,C7,eastern
C63,C11,northwestern
C63,C12,northern
C63,C13,southwestern
C63,C14,northwestern
C63,C15,southern
C63,C16,northern
C63,C17,southern
C63,C18,southwestern
C63,C19,northwestern
C63,C20,northwestern
C63,C21,northern
C63,C22,southern
C63,C23,southern
C63,C24,northwestern
C63,C25,southern
C63,C26,western
C63,C45,southern
C63,C46,southern
C63,C47,southern
C63,C48,southern
C63,C49,southern
C63,C50,southern
C63,C51,southern
C63,C52,southern
C63,C53,southern
C63,C54,eastern
C63,C55,eastern
C63,C56,northeastern
C63,C57,eastern
C63,C58,southeastern
C63,C59,southeastern
C63,C60,southeastern
C63,C61,eastern
C63,C62,eastern
C63,C64,eastern
C63,C65,northeastern
C63,C66,northeastern
C63,C166,eastern
C63,C169,northeastern
C63,C170,northeastern
C63,C171,northeastern
C63,C172,northeastern
C63,C173,northeastern
C63,C174,northeastern
C63,C175,northeastern
C63,C176,northern
C63,C177,northeastern
C63,C178,northeastern
C63,C179,northeastern
C63,C180,northeastern
C63,C181,northeastern
C63,C182,northeastern
C63,C183,northeastern
C63,C184,northeastern
C63,C185,northeastern
C63,C197,eastern
C63,C198,eastern
C63,C199,eastern
C63,C200,eastern
C63,C201,eastern
C63,C202,eastern
C63,C203,eastern
C63,C204,eastern
C63,C205,eastern
C63,C206,eastern
C64,C2,southern
C64,C4,southern
C64,C7,southeastern
C64,C11,northwestern
C64,C12,northwestern
C64,C13,western
C64,C14,western
C64,C15,southwestern
C64,C16,northwestern
C64,C17,southwestern
C64,C18,western
C64,C19,northwestern
C64,C20,northwestern
C64,C21,northwestern
C64,C22,southwestern
C64,C23,southwestern
C64,C24,western
C64,C25,southwestern
C64,C26,western
C64,C45,southwestern
C64,C46,southwestern
C64,C47,southwestern
C64,C48,southwestern
C64,C49,southwestern
C64,C50,southwestern
C64,C51,southwestern
C64,C52,southwestern
C64,C53,southern
C64,C54,western
C64,C55,eastern
C64,C56,northern
C64,C57,northeastern
C64,C58,southwestern
C64,C59,southern
C64,C60,southern
C64,C61,southwestern
C64,C62,northeastern
C64,C63,western
C64,C65,northwestern
C64,C66,northwestern
C64,C166,eastern
C64,C169,northern
C64,C170,northern
C64,C171,northeastern
C64,C172,northeastern
C64,C173,northern
C64,C174,northeastern
C64,C175,northeastern
C64,C176,northwestern
C64,C177,northeastern
C64,C178,northeastern
C64,C179,northeastern
C64,C180,northern
C64,C181,northeastern
C64,C182,northeastern
C64,C183,northern
C64,C184,northeastern
C64,C185,northern
C64,C197,eastern
C64,C198,eastern
C64,C199,northeastern
C64,C200,eastern
C64,C201,northeastern
C64,C202,eastern
C64,C203,eastern
C64,C204,eastern
C64,C205,eastern
C64,C206,eastern
C65,C2,southeastern
C65,C4,southern
C65,C7,southeastern
C65,C11,western
C65,C12,northwestern
C65,C13,southwestern
C65,C14,western
C65,C15,southwestern
C65,C16,northwestern
C65,C17,southwestern
C65,C18,southwestern
C65,C19,northwestern
C65,C20,western
C65,C21,northwestern
C65,C22,southern
C65,C23,southwestern
C65,C24,western
C65,C25,southwestern
C65,C26,western
C65,C45,southwestern
C65,C46,southwestern
C65,C47,southern
C65,C48,southwestern
C65,C49,southwestern
C65,C50,southwestern
C65,C51,southern
C65,C52,southern
C65,C53,southern
C65,C54,southwestern
C65,C55,southeastern
C65,C56,northern
C65,C57,eastern
C65,C58,southern
C65,C59,southern
C65,C60,southern
C65,C61,southern
C65,C62,eastern
C65,C63,southwestern
C65,C64,southeastern
C65,C66,western
C65,C166,southeastern
C65,C169,northeastern
C65,C170,northern
C65,C171,northeastern
C65,C172,northeastern
C65,C173,northeastern
C65,C174,northeastern
C65,C175,northeastern
C65,C176,northwestern
C65,C177,northeastern
C65,C178,northeastern
C65,C179,northeastern
C65,C180,northeastern
C65,C181,northeastern
C65,C182,northeastern
C65,C183,northeastern
C65,C184,northeastern
C65,C185,northern
C65,C197,eastern
C65,C198,eastern
C65,C199,eastern
C65,C200,eastern
C65,C201,eastern
C65,C202,eastern
C65,C203,eastern
C65,C204,eastern
C65,C205,eastern
C65,C206,eastern
C66,C2,southeastern
C66,C4,southern
C66,C7,southeastern
C66,C11,northwestern
C66,C12,northwestern
C66,C13,southwestern
C66,C14,western
C66,C15,southern
C66,C16,northwestern
C66,C17,southern
C66,C18,southwestern
C66,C19,northwestern
C66,C20,northwestern
C66,C21,northern
C66,C22,southern
C66,C23,southwestern
C66,C24,western
C66,C25,southern
C66,C26,western
C66,C45,southern
C66,C46,southern
C66,C47,southern
C66,C48,southern
C66,C49,southern
C66,C50,southern
C66,C51,southern
C66,C52,southern
C66,C53,southern
C66,C54,southeastern
C66,C55,southeastern
C66,C56,northeastern
C66,C57,eastern
C66,C58,southern
C66,C59,southeastern
C66,C60,southern
C66,C61,southeastern
C66,C62,eastern
C66,C63,southwestern
C66,C64,southeastern
C66,C65,eastern
C66,C166,eastern
C66,C169,northeastern
C66,C170,northeastern
C66,C171,northeastern
C66,C172,northeastern
C66,C173,northeastern
C66,C174,northeastern
C66,C175,northeastern
C66,C176,northern
C66,C177,northeastern
C66,C178,eastern
C66,C179,eastern
C66,C180,northeastern
C66,C181,northeastern
C66,C182,northeastern
C66,C183,northeastern
C66,C184,northeastern
C66,C185,northeastern
C66,C197,eastern
C66,C198,eastern
C66,C199,eastern
C66,C200,eastern
C66,C201,eastern
C66,C202,eastern
C66,C203,eastern
C66,C204,eastern
C66,C205,eastern
C66,C206,eastern
C67,C147,western
C67,C148,southeastern
C67,C149,northwestern
C67,C150,eastern
C67,C151,eastern
C67,C152,eastern
C67,C153,northeastern
C67,C154,southwestern
C67,C155,northeastern
C67,C156,northeastern
C67,C157,northern
C67,C158,southwestern
C67,C159,northeastern
C67,C160,northeastern
C67,C161,northeastern
C67,C162,western
C67,C163,northern
C67,C164,southern
C67,C165,eastern
C68,C27,northern
C68,C28,northern
C68,C29,northern
C68,C30,northern
C68,C31,northern
C68,C32,northern
C68,C33,northern
C68,C34,northern
C68,C35,northern
C68,C36,northern
C68,C37,northwestern
C68,C38,northwestern
C68,C39,northwestern
C68,C40,northwestern
C68,C41,northwestern
C68,C42,northwestern
C68,C43,northwestern
C68,C44,northwestern
C68,C69,northern
C68,C95,western
C68,C96,western
C68,C97,southwestern
C68,C98,western
C68,C99,southwestern
C68,C100,western
C68,C101,southwestern
C68,C102,western
C68,C103,northwestern
C68,C104,southern
C68,C139,eastern
C68,C140,northeastern
C68,C141,northeastern
C68,C142,northern
C68,C143,northeastern
C68,C144,eastern
C68,C145,eastern
C68,C146,northeastern
C68,C147,southern
C68,C148,southeastern
C68,C149,southern
C68,C150,southeastern
C68,C151,southeastern
C68,C152,southeastern
C68,C153,southeastern
C68,C154,southern
C68,C155,eastern
C68,C156,eastern
C68,C157,southern
C68,C158,southern
C68,C159,eastern
C68,C160,southeastern
C68,C161,southeastern
C68,C162,southern
C68,C163,southeastern
C68,C164,southern
C68,C165,eastern
C69,C27,northern
C69,C28,northern
C69,C29,northern
C69,C30,northern
C69,C31,northwestern
C69,C32,northern
C69,C33,northwestern
C69,C34,northern
C69,C35,northern
C69,C36,northern
C69,C68,southern
C69,C139,southeastern
C69,C140,northeastern
C69,C141,eastern
C69,C142,northeastern
C69,C143,eastern
C69,C144,southeastern
C69,C145,southeastern
C69,C146,northeastern
C70,C71,northern
C70,C72,northern
C70,C73,northeastern
C70,C74,northern
C70,C75,southeastern
C70,C76,southeastern
C70,C77,southeastern
C70,C78,eastern
C70,C79,northern
C70,C80,northeastern
C70,C81,eastern
C70,C82,southeastern
C70,C83,eastern
C70,C84,northeastern
C70,C85,northeastern
C70,C86,eastern
C70,C87,eastern
C70,C88,northeastern
C70,C89,eastern
C70,C90,eastern
C70,C91,northeastern
C70,C92,eastern
C70,C93,northeastern
C70,C94,eastern
C70,C105,southeastern
C70,C106,southeastern
C70,C107,southeastern
C70,C108,eastern
C70,C109,southeastern
C70,C110,southeastern
C70,C111,southeastern
C70,C112,southeastern
C70,C113,southeastern
C70,C114,eastern
C70,C115,eastern
C70,C116,northeastern
C70,C117,northern
C70,C118,northern
C70,C119,northern
C70,C120,northern
C70,C121,northwestern
C70,C122,northern
C70,C123,northern
C70,C124,northern
C70,C125,northern
C71,C70,southern
C71,C72,northern
C71,C73,southeastern
C71,C74,western
C71,C75,southern
C71,C76,southern
C71,C77,southern
C71,C78,southeastern
C71,C79,southern
C71,C80,northeastern
C71,C81,eastern
C71,C82,southeastern
C71,C83,southeastern
C71,C84,eastern
C71,C85,northeastern
C71,C86,southeastern
C71,C87,southeastern
C71,C88,northeastern
C71,C89,eastern
C71,C90,southeastern
C71,C91,eastern
C71,C92,eastern
C71,C93,northeastern
C71,C94,southeastern
C71,C105,southeastern
C71,C106,southeastern
C71,C107,southeastern
C71,C108,southeastern
C71,C109,southern
C71,C110,southeastern
C71,C111,southeastern
C71,C112,southeastern
C71,C113,southeastern
C71,C114,eastern
C71,C115,southeastern
C71,C116,northeastern
C71,C117,northwestern
C71,C118,northern
C71,C119,northern
C71,C120,northern
C71,C121,northwestern
C71,C122,northwestern
C71,C123,northwestern
C71,C124,northern
C71,C125,northern
C72,C70,southern
C72,C71,southern
C72,C73,southeastern
C72,C74,southwestern
C72,C75,southern
C72,C76,southern
C72,C77,southern
C72,C78,southern
C72,C79,southern
C72,C80,eastern
C72,C81,southeastern
C72,C82,southeastern
C72,C83,southeastern
C72,C84,southeastern
C72,C85,eastern
C72,C86,southeastern
C72,C87,southeastern
C72,C88,northeastern
C72,C89,eastern
C72,C90,southeastern
C72,C91,eastern
C72,C92,eastern
C72,C93,northeastern
C72,C94,southeastern
C72,C105,southeastern
C72,C106,southeastern
C72,C107,southern
C72,C108,southeastern
C72,C109,southern
C72,C110,southeastern
C72,C111,southeastern
C72,C112,southeastern
C72,C113,southeastern
C72,C114,southeastern
C72,C115,southeastern
C72,C116,northeastern
C72,C117,northwestern
C72,C118,northwestern
C72,C119,northern
C72,C120,northern
C72,C121,northwestern
C72,C122,western
C72,C123,northwestern
C72,C124,northern
C72,C125,northern
C73,C70,southwestern
C73,C71,northwestern
C73,C72,northwestern
C73,C74,western
C73,C75,southern
C73,C76,southern
C73,C77,southern
C73,C78,southern
C73,C79,western
C73,C80,northern
C73,C81,eastern
C73,C82,southeastern
C73,C83,southeastern
C73,C84,northeastern
C73,C85,northeastern
C73,C86,southeastern
C73,C87,southeastern
C73,C88,northern
C73,C89,eastern
C73,C90,southeastern
C73,C91,northeastern
C73,C92,eastern
C73,C93,northeastern
C73,C94,eastern
C73,C105,southeastern
C73,C106,southeastern
C73,C107,southern
C73,C108,southeastern
C73,C109,southern
C73,C110,southeastern
C73,C111,southeastern
C73,C112,southeastern
C73,C113,southeastern
C73,C114,eastern
C73,C115,southeastern
C73,C116,northern
C73,C117,northwestern
C73,C118,northwestern
C73,C119,northwestern
C73,C120,northern
C73,C121,northwestern
C73,C122,northwestern
C73,C123,northwestern
C73,C124,northern
C73,C125,northern
C74,C70,southern
C74,C71,eastern
C74,C72,northeastern
C74,C73,eastern
C74,C75,southern
C74,C76,southern
C74,C77,southeastern
C74,C78,southeastern
C74,C79,southeastern
C74,C80,eastern
C74,C81,eastern
C74,C82,southeastern
C74,C83,southeastern
C74,C84,eastern
C74,C85,eastern
C74,C86,southeastern
C74,C87,eastern
C74,C88,northeastern
C74,C89,eastern
C74,C90,southeastern
C74,C91,eastern
C74,C92,eastern
C74,C93,northeastern
C74,C94,eastern
C74,C105,southeastern
C74,C106,southeastern
C74,C107,southeastern
C74,C108,southeastern
C74,C109,southeastern
C74,C110,southeastern
C74,C111,southeastern
C74,C112,southeastern
C74,C113,southeastern
C74,C114,eastern
C74,C115,southeastern
C74,C116,northeastern
C74,C117,northern
C74,C118,northern
C74,C119,northern
C74,C120,northeastern
C74,C121,northwestern
C74,C122,northern
C74,C123,northern
C74,C124,northern
C74,C125,northern
C75,C70,northwestern
C75,C71,northern
C75,C72,northern
C75,C73,northern
C75,C74,northern
C75,C76,northern
C75,C77,northeastern
C75,C78,northern
C75,C79,northern
C75,C80,northern
C75,C81,northeastern
C75,C82,northeastern
C75,C83,northern
C75,C84,northern
C75,C85,northern
C75,C86,northeastern
C75,C87,northern
C75,C88,northern
C75,C89,northeastern
C75,C90,northeastern
C75,C91,northern
C75,C92,northeastern
C75,C93,northern
C75,C94,northeastern
C75,C105,eastern
C75,C106,southeastern
C75,C107,southeastern
C75,C108,eastern
C75,C109,southeastern
C75,C110,eastern
C75,C111,eastern
C75,C112,eastern
C75,C113,eastern
C75,C114,northeastern
C75,C115,northeastern
C75,C116,northern
C75,C117,northern
C75,C118,northern
C75,C119,northern
C75,C120,northern
C75,C121,northwestern
C75,C122,northern
C75,C123,northern
C75,C124,northern
C75,C125,northern
C76,C70,northwestern
C76,C71,northern
C76,C72,northern
C76,C73,northern
C76,C74,northern
C76,C75,southern
C76,C77,southeastern
C76,C78,northern
C76,C79,northern
C76,C80,northern
C76,C81,northeastern
C76,C82,eastern
C76,C83,northeastern
C76,C84,northeastern
C76,C85,northern
C76,C86,northeastern
C76,C87,northeastern
C76,C88,northern
C76,C89,northeastern
C76,C90,eastern
C76,C91,northeastern
C76,C92,northeastern
C76,C93,northern
C76,C94,eastern
C76,C105,eastern
C76,C106,southeastern
C76,C107,southeastern
C76,C108,eastern
C76,C109,southeastern
C76,C110,southeastern
C76,C111,eastern
C76,C112,southeastern
C76,C113,southeastern
C76,C114,eastern
C76,C115,eastern
C76,C116,northern
C76,C117,northern
C76,C118,northern
C76,C119,northern
C76,C120,northern
C76,C121,northwestern
C76,C122,northern
C76,C123,northern
C76,C124,northern
C76,C125,northern
C77,C70,northwestern
C77,C71,northern
C77,C72,northern
C77,C73,northern
C77,C74,northwestern
C77,C75,southwestern
C77,C76,northwestern
C77,C78,northern
C77,C79,northwestern
C77,C80,northern
C77,C81,northeastern
C77,C82,eastern
C77,C83,northern
C77,C84,northern
C77,C85,northern
C77,C86,northeastern
C77,C87,northern
C77,C88,northern
C77,C89,northeastern
C77,C90,northeastern
C77,C91,northern
C77,C92,northeastern
C77,C93,northern
C77,C94,northeastern
C77,C105,eastern
C77,C106,southeastern
C77,C107,southeastern
C77,C108,eastern
C77,C109,southern
C77,C110,southeastern
C77,C111,eastern
C77,C112,southeastern
C77,C113,southeastern
C77,C114,eastern
C77,C115,eastern
C77,C116,northern
C77,C117,northwestern
C77,C118,northern
C77,C119,northern
C77,C120,northern
C77,C121,northwestern
C77,C122,northwestern
C77,C123,northwestern
C77,C124,northern
C77,C125,northern
C78,C70,western
C78,C71,northwestern
C78,C72,northern
C78,C73,northern
C78,C74,northwestern
C78,C75,southern
C78,C76,southern
C78,C77,southern
C78,C79,northwestern
C78,C80,northern
C78,C81,northeastern
C78,C82,southeastern
C78,C83,southeastern
C78,C84,northeastern
C78,C85,northern
C78,C86,eastern
C78,C87,northeastern
C78,C88,northern
C78,C89,northeastern
C78,C90,southeastern
C78,C91,northeastern
C78,C92,eastern
C78,C93,northern
C78,C94,eastern
C78,C105,southeastern
C78,C106,southeastern
C78,C107,southeastern
C78,C108,eastern
C78,C109,southern
C78,C110,southeastern
C78,C111,southeastern
C78,C112,southeastern
C78,C113,southeastern
C78,C114,eastern
C78,C115,eastern
C78,C116,northern
C78,C117,northwestern
C78,C118,northern
C78,C119,northern
C78,C120,northern
C78,C121,northwestern
C78,C122,northwestern
C78,C123,northwestern
C78,C124,northern
C78,C125,northern
C79,C70,southern
C79,C71,northern
C79,C72,northern
C79,C73,eastern
C79,C74,northwestern
C79,C75,southern
C79,C76,southern
C79,C77,southeastern
C79,C78,southeastern
C79,C80,northeastern
C79,C81,eastern
C79,C82,southeastern
C79,C83,southeastern
C79,C84,eastern
C79,C85,northeastern
C79,C86,southeastern
C79,C87,eastern
C79,C88,northeastern
C79,C89,eastern
C79,C90,southeastern
C79,C91,eastern
C79,C92,eastern
C79,C93,northeastern
C79,C94,eastern
C79,C105,southeastern
C79,C106,southeastern
C79,C107,southeastern
C79,C108,southeastern
C79,C109,southeastern
C79,C110,southeastern
C79,C111,southeastern
C79,C112,southeastern
C79,C113,southeastern
C79,C114,eastern
C79,C115,southeastern
C79,C116,northeastern
C79,C117,northwestern
C79,C118,northern
C79,C119,northern
C79,C120,northern
C79,C121,northwestern
C79,C122,northern
C79,C123,northern
C79,C124,northern
C79,C125,northern
C80,C37,northeastern
C80,C38,northeastern
C80,C39,northeastern
C80,C40,northeastern
C80,C41,northeastern
C80,C42,northeastern
C80,C43,northeastern
C80,C44,northeastern
C80,C70,southwestern
C80,C71,southwestern
C80,C72,western
C80,C73,southern
C80,C74,western
C80,C75,southern
C80,C76,southern
C80,C77,southern
C80,C78,southern
C80,C79,southwestern
C80,C81,southeastern
C80,C82,southeastern
C80,C83,southern
C80,C84,southeastern
C80,C85,northeastern
C80,C86,southeastern
C80,C87,southeastern
C80,C88,northern
C80,C89,eastern
C80,C90,southeastern
C80,C91,eastern
C80,C92,eastern
C80,C93,northeastern
C80,C94,southeastern
C80,C95,northeastern
C80,C96,eastern
C80,C97,eastern
C80,C98,eastern
C80,C99,eastern
C80,C100,eastern
C80,C101,eastern
C80,C102,eastern
C80,C103,eastern
C80,C104,eastern
C80,C105,southeastern
C80,C106,southeastern
C80,C107,southern
C80,C108,southeastern
C80,C109,southern
C80,C110,southeastern
C80,C111,southeastern
C80,C112,southeastern
C80,C113,southern
C80,C114,southeastern
C80,C115,southeastern
C80,C116,northern
C80,C117,northwestern
C80,C118,northwestern
C80,C119,northwestern
C80,C120,northern
C80,C121,northwestern
C80,C122,western
C80,C123,northwestern
C80,C124,northern
C80,C125,northern
C81,C37,northeastern
C81,C38,northern
C81,C39,northern
C81,C40,northern
C81,C41,northern
C81,C42,northern
C81,C43,northern
C81,C44,northeastern
C81,C70,western
C81,C71,western
C81,C72,northwestern
C81,C73,western
C81,C74,western
C81,C75,southwestern
C81,C76,southwestern
C81,C77,southwestern
C81,C78,southwestern
C81,C79,western
C81,C80,northwestern
C81,C82,southern
C81,C83,southwestern
C81,C84,northwestern
C81,C85,northwestern
C81,C86,southern
C81,C87,western
C81,C88,northwestern
C81,C89,northeastern
C81,C90,southern
C81,C91,northern
C81,C92,eastern
C81,C93,northern
C81,C94,southeastern
C81,C95,northern
C81,C96,northeastern
C81,C97,eastern
C81,C98,northeastern
C81,C99,eastern
C81,C100,northeastern
C81,C101,eastern
C81,C102,northeastern
C81,C103,northeastern
C81,C104,eastern
C81,C105,southeastern
C81,C106,southern
C81,C107,southern
C81,C108,southeastern
C81,C109,southern
C81,C110,southern
C81,C111,southeastern
C81,C112,southern
C81,C113,southern
C81,C114,eastern
C81,C115,southeastern
C81,C116,northern
C81,C117,northwestern
C81,C118,northwestern
C81,C119,northwestern
C81,C120,northwestern
C81,C121,northwestern
C81,C122,northwestern
C81,C123,northwestern
C81,C124,northwestern
C81,C125,northern
C82,C37,northern
C82,C38,northern
C82,C39,northern
C82,C40,northern
C82,C41,northern
C82,C42,northern
C82,C43,northern
C82,C44,northern
C82,C70,northwestern
C82,C71,northwestern
C82,C72,northwestern
C82,C73,northwestern
C82,C74,northwestern
C82,C75,southwestern
C82,C76,western
C82,C77,western
C82,C78,northwestern
C82,C79,northwestern
C82,C80,northwestern
C82,C81,northern
C82,C83,northwestern
C82,C84,northern
C82,C85,northern
C82,C86,northern
C82,C87,northwestern
C82,C88,northern
C82,C89,northern
C82,C90,northern
C82,C91,northern
C82,C92,northeastern
C82,C93,northern
C82,C94,northeastern
C82,C95,northern
C82,C96,northern
C82,C97,northeastern
C82,C98,northern
C82,C99,northeastern
C82,C100,northeastern
C82,C101,northeastern
C82,C102,northeastern
C82,C103,northeastern
C82,C104,northeastern
C82,C105,southeastern
C82,C106,southeastern
C82,C107,southern
C82,C108,eastern
C82,C109,southern
C82,C110,southern
C82,C111,eastern
C82,C112,southeastern
C82,C113,southern
C82,C114,northeastern
C82,C115,northeastern
C82,C116,northern
C82,C117,northwestern
C82,C118,northwestern
C82,C119,northwestern
C82,C120,northern
C82,C121,northwestern
C82,C122,northwestern
C82,C123,northwestern
C82,C124,northwestern
C82,C125,northern
C83,C37,northeastern
C83,C38,northern
C83,C39,northern
C83,C40,northern
C83,C41,northern
C83,C42,northern
C83,C43,northeastern
C83,C44,northeastern
C83,C70,western
C83,C71,northwestern
C83,C72,northwestern
C83,C73,northwestern
C83,C74,northwestern
C83,C75,southern
C83,C76,southwestern
C83,C77,southern
C83,C78,northwestern
C83,C79,northwestern
C83,C80,northern
C83,C81,northeastern
C83,C82,southeastern
C83,C84,northern
C83,C85,northern
C83,C86,eastern
C83,C87,northern
C83,C88,northern
C83,C89,northeastern
C83,C90,southeastern
C83,C91,northern
C83,C92,northeastern
C83,C93,northern
C83,C94,eastern
C83,C95,northern
C83,C96,northeastern
C83,C97,eastern
C83,C98,northeastern
C83,C99,eastern
C83,C100,northeastern
C83,C101,northeastern
C83,C102,northeastern
C83,C103,northeastern
C83,C104,eastern
C83,C105,southeastern
C83,C106,southeastern
C83,C107,southern
C83,C108,eastern
C83,C109,southern
C83,C110,southeastern
C83,C111,southeastern
C83,C112,southeastern
C83,C113,southern
C83,C114,eastern
C83,C115,eastern
C83,C116,northern
C83,C117,northwestern
C83,C118,northwestern
C83,C119,northwestern
C83,C120,northern
C83,C121,northwestern
C83,C122,northwestern
C83,C123,northwestern
C83,C124,northern
C83,C125,northern
C84,C37,northeastern
C84,C38,northeastern
C84,C39,northern
C84,C40,northeastern
C84,C41,northern
C84,C42,northeastern
C84,C43,northeastern
C84,C44,northeastern
C84,C70,southwestern
C84,C71,western
C84,C72,northwestern
C84,C73,southwestern
C84,C74,western
C84,C75,southern
C84,C76,southwestern
C84,C77,southern
C84,C78,southwestern
C84,C79,western
C84,C80,northwestern
C84,C81,southeastern
C84,C82,southern
C84,C83,southern
C84,C85,northern
C84,C86,southeastern
C84,C87,southern
C84,C88,northwestern
C84,C89,eastern
C84,C90,southern
C84,C91,northeastern
C84,C92,eastern
C84,C93,northern
C84,C94,southeastern
C84,C95,northeastern
C84,C96,northeastern
C84,C97,eastern
C84,C98,northeastern
C84,C99,eastern
C84,C100,eastern
C84,C101,eastern
C84,C102,eastern
C84,C103,northeastern
C84,C104,eastern
C84,C105,southeastern
C84,C106,southeastern
C84,C107,southern
C84,C108,southeastern
C84,C109,southern
C84,C110,southern
C84,C111,southeastern
C84,C112,southeastern
C84,C113,southern
C84,C114,southeastern
C84,C115,southeastern
C84,C116,northern
C84,C117,northwestern
C84,C118,northwestern
C84,C119,northwestern
C84,C120,northwestern
C84,C121,northwestern
C84,C122,western
C84,C123,northwestern
C84,C124,northwestern
C84,C125,northern
C85,C37,northeastern
C85,C38,northeastern
C85,C39,northeastern
C85,C40,northeastern
C85,C41,northeastern
C85,C42,northeastern
C85,C43,northeastern
C85,C44,northeastern
C85,C70,southwestern
C85,C71,southwestern
C85,C72,western
C85,C73,southwestern
C85,C74,western
C85,C75,southern
C85,C76,southern
C85,C77,southern
C85,C78,southern
C85,C79,southwestern
C85,C80,southwestern
C85,C81,southeastern
C85,C82,southern
C85,C83,southern
C85,C84,southern
C85,C86,southern
C85,C87,southern
C85,C88,northwestern
C85,C89,southeastern
C85,C90,southern
C85,C91,southeastern
C85,C92,southeastern
C85,C93,northeastern
C85,C94,southeastern
C85,C95,northeastern
C85,C96,eastern
C85,C97,eastern
C85,C98,eastern
C85,C99,southeastern
C85,C100,eastern
C85,C101,eastern
C85,C102,eastern
C85,C103,eastern
C85,C104,eastern
C85,C105,southeastern
C85,C106,southern
C85,C107,southern
C85,C108,southeastern
C85,C109,southern
C85,C110,southern
C85,C111,southeastern
C85,C112,southeastern
C85,C113,southern
C85,C114,southeastern
C85,C115,southeastern
C85,C116,northern
C85,C117,western
C85,C118,western
C85,C119,northwestern
C85,C120,northwestern
C85,C121,western
C85,C122,western
C85,C123,northwestern
C85,C124,northwestern
C85,C125,northern
C86,C37,northeastern
C86,C38,northern
C86,C39,northern
C86,C40,northern
C86,C41,northern
C86,C42,northern
C86,C43,northern
C86,C44,northern
C86,C70,western
C86,C71,northwestern
C86,C72,northwestern
C86,C73,northwestern
C86,C74,northwestern
C86,C75,southwestern
C86,C76,western
C86,C77,southwestern
C86,C78,western
C86,C79,northwestern
C86,C80,northwestern
C86,C81,northern
C86,C82,southern
C86,C83,western
C86,C84,northwestern
C86,C85,northern
C86,C87,northwestern
C86,C88,northwestern
C86,C89,northern
C86,C90,southern
C86,C91,northern
C86,C92,northeastern
C86,C93,northern
C86,C94,eastern
C86,C95,northern
C86,C96,northeastern
C86,C97,eastern
C86,C98,northern
C86,C99,eastern
C86,C100,northeastern
C86,C101,northeastern
C86,C102,northeastern
C86,C103,northeastern
C86,C104,eastern
C86,C105,southeastern
C86,C106,southern
C86,C107,southern
C86,C108,southeastern
C86,C109,southern
C86,C110,southern
C86,C111,southeastern
C86,C112,southeastern
C86,C113,southern
C86,C114,eastern
C86,C115,eastern
C86,C116,northern
C86,C117,northwestern
C86,C118,northwestern
C86,C119,northwestern
C86,C120,northwestern
C86,C121,northwestern
C86,C122,northwestern
C86,C123,northwestern
C86,C124,northwestern
C86,C125,northern
C87,C37,northeastern
C87,C38,northeastern
C87,C39,northern
C87,C40,northern
C87,C41,northern
C87,C42,northern
C87,C43,northeastern
C87,C44,northeastern
C87,C70,western
C87,C71,northwestern
C87,C72,northwestern
C87,C73,northwestern
C87,C74,western
C87,C75,southern
C87,C76,southwestern
C87,C77,southern
C87,C78,southwestern
C87,C79,western
C87,C80,northwestern
C87,C81,eastern
C87,C82,southeastern
C87,C83,southern
C87,C84,northern
C87,C85,northern
C87,C86,southeastern
C87,C88,northern
C87,C89,eastern
C87,C90,southeastern
C87,C91,northeastern
C87,C92,eastern
C87,C93,northern
C87,C94,eastern
C87,C95,northeastern
C87,C96,northeastern
C87,C97,eastern
C87,C98,northeastern
C87,C99,eastern
C87,C100,northeastern
C87,C101,eastern
C87,C102,eastern
C87,C103,northeastern
C87,C104,eastern
C87,C105,southeastern
C87,C106,southeastern
C87,C107,southern
C87,C108,southeastern
C87,C109,southern
C87,C110,southeastern
C87,C111,southeastern
C87,C112,southeastern
C87,C113,southern
C87,C114,eastern
C87,C115,southeastern
C87,C116,northern
C87,C117,northwestern
C87,C118,northwestern
C87,C119,northwestern
C87,C120,northern
C87,C121,northwestern
C87,C122,northwestern
C87,C123,northwestern
C87,C124,northwestern
C87,C125,northern
C88,C37,eastern
C88,C38,northeastern
C88,C39,northeastern
C88,C40,northeastern
C88,C41,northeastern
C88,C42,northeastern
C88,C43,northeastern
C88,C44,eastern
C88,C70,southwestern
C88,C71,southwestern
C88,C72,southwestern
C88,C73,southern
C88,C74,southwestern
C88,C75,southern
C88,C76,southern
C88,C77,southern
C88,C78,southern
C88,C79,southwestern
C88,C80,southern
C88,C81,southeastern
C88,C82,southern
C88,C83,southern
C88,C84,southeastern
C88,C85,southeastern
C88,C86,southeastern
C88,C87,southern
C88,C89,southeastern
C88,C90,southeastern
C88,C91,southeastern
C88,C92,southeastern
C88,C93,eastern
C88,C94,southeastern
C88,C95,eastern
C88,C96,eastern
C88,C97,eastern
C88,C98,eastern
C88,C99,southeastern
C88,C100,eastern
C88,C101,eastern
C88,C102,eastern
C88,C103,eastern
C88,C104,eastern
C88,C105,southeastern
C88,C106,southeastern
C88,C107,southern
C88,C108,southeastern
C88,C109,southern
C88,C110,southern
C88,C111,southeastern
C88,C112,southeastern
C88,C113,southern
C88,C114,southeastern
C88,C115,southeastern
C88,C116,northern
C88,C117,western
C88,C118,western
C88,C119,northwestern
C88,C120,northwestern
C88,C121,western
C88,C122,southwestern
C88,C123,northwestern
C88,C124,northwestern
C88,C125,northern
C89,C37,northeastern
C89,C38,northern
C89,C39,northern
C89,C40,northern
C89,C41,northern
C89,C42,northern
C89,C43,northern
C89,C44,northern
C89,C70,western
C89,C71,western
C89,C72,western
C89,C73,western
C89,C74,western
C89,C75,southwestern
C89,C76,southwestern
C89,C77,southwestern
C89,C78,southwestern
C89,C79,western
C89,C80,western
C89,C81,southwestern
C89,C82,southern
C89,C83,southwestern
C89,C84,western
C89,C85,northwestern
C89,C86,southern
C89,C87,western
C89,C88,northwestern
C89,C90,southern
C89,C91,northwestern
C89,C92,southeastern
C89,C93,northwestern
C89,C94,southern
C89,C95,northern
C89,C96,northeastern
C89,C97,eastern
C89,C98,northern
C89,C99,eastern
C89,C100,northeastern
C89,C101,eastern
C89,C102,northeastern
C89,C103,northeastern
C89,C104,eastern
C89,C105,southeastern
C89,C106,southern
C89,C107,southern
C89,C108,southeastern
C89,C109,southern
C89,C110,southern
C89,C111,southern
C89,C112,southern
C89,C113,southern
C89,C114,southeastern
C89,C115,southeastern
C89,C116,northwestern
C89,C117,northwestern
C89,C118,northwestern
C89,C119,northwestern
C89,C120,northwestern
C89,C121,northwestern
C89,C122,western
C89,C123,northwestern
C89,C124,northwestern
C89,C125,northwestern
C90,C37,northeastern
C90,C38,northern
C90,C39,northern
C90,C40,northern
C90,C41,northern
C90,C42,northern
C90,C43,northern
C90,C44,northern
C90,C70,western
C90,C71,northwestern
C90,C72,northwestern
C90,C73,northwestern
C90,C74,northwestern
C90,C75,southwestern
C90,C76,western
C90,C77,southwestern
C90,C78,northwestern
C90,C79,northwestern
C90,C80,northwestern
C90,C81,northern
C90,C82,southern
C90,C83,northwestern
C90,C84,northern
C90,C85,northern
C90,C86,northern
C90,C87,northwestern
C90,C88,northwestern
C90,C89,northern
C90,C91,northern
C90,C92,northeastern
C90,C93,northern
C90,C94,northeastern
C90,C95,northern
C90,C96,northern
C90,C97,northeastern
C90,C98,northern
C90,C99,northeastern
C90,C100,northeastern
C90,C101,northeastern
C90,C102,northeastern
C90,C103,northeastern
C90,C104,northeastern
C90,C105,southeastern
C90,C106,southeastern
C90,C107,southern
C90,C108,eastern
C90,C109,southern
C90,C110,southern
C90,C111,southeastern
C90,C112,southeastern
C90,C113,southern
C90,C114,eastern
C90,C115,eastern
C90,C116,northern
C90,C117,northwestern
C90,C118,northwestern
C90,C119,northwestern
C90,C120,northwestern
C90,C121,northwestern
C90,C122,northwestern
C90,C123,northwestern
C90,C124,northwestern
C90,C125,northern
C91,C37,northeastern
C91,C38,northeastern
C91,C39,northern
C91,C40,northern
C91,C41,northern
C91,C42,northern
C91,C43,northeastern
C91,C44,northeastern
C91,C70,southwestern
C91,C71,western
C91,C72,western
C91,C73,southwestern
C91,C74,western
C91,C75,southern
C91,C76,southwestern
C91,C77,southern
C91,C78,southwestern
C91,C79,western
C91,C80,western
C91,C81,southern
C91,C82,southern
C91,C83,southern
C91,C84,southwestern
C91,C85,northwestern
C91,C86,southern
C91,C87,southwestern
C91,C88,northwestern
C91,C89,southeastern
C91,C90,southern
C91,C92,southeastern
C91,C93,northern
C91,C94,southeastern
C91,C95,northern
C91,C96,northeastern
C91,C97,eastern
C91,C98,northeastern
C91,C99,southeastern
C91,C100,eastern
C91,C101,eastern
C91,C102,eastern
C91,C103,northeastern
C91,C104,eastern
C91,C105,southeastern
C91,C106,southern
C91,C107,southern
C91,C108,southeastern
C91,C109,southern
C91,C110,southern
C91,C111,southern
C91,C112,southern
C91,C113,southern
C91,C114,southeastern
C91,C115,southeastern
C91,C116,northwestern
C91,C117,western
C91,C118,western
C91,C119,northwestern
C91,C120,northwestern
C91,C121,western
C91,C122,western
C91,C123,northwestern
C91,C124,northwestern
C91,C125,northwestern
C92,C37,northern
C92,C38,northern
C92,C39,northern
C92,C40,northern
C92,C41,northern
C92,C42,northern
C92,C43,northern
C92,C44,northern
C92,C70,western
C92,C71,western
C92,C72,northwestern
C92,C73,western
C92,C74,western
C92,C75,southwestern
C92,C76,southwestern
C92,C77,southwestern
C92,C78,western
C92,C79,western
C92,C80,northwestern
C92,C81,western
C92,C82,southwestern
C92,C83,southwestern
C92,C84,western
C92,C85,northwestern
C92,C86,southwestern
C92,C87,western
C92,C88,northwestern
C92,C89,northwestern
C92,C90,southwestern
C92,C91,northwestern
C92,C93,northwestern
C92,C94,southern
C92,C95,northern
C92,C96,northern
C92,C97,eastern
C92,C98,northern
C92,C99,eastern
C92,C100,northeastern
C92,C101,northeastern
C92,C102,northern
C92,C103,northeastern
C92,C104,eastern
C92,C105,southeastern
C92,C106,southern
C92,C107,southern
C92,C108,southeastern
C92,C109,southern
C92,C110,southern
C92,C111,southern
C92,C112,southern
C92,C113,southwestern
C92,C114,southeastern
C92,C115,southern
C92,C116,northwestern
C92,C117,northwestern
C92,C118,northwestern
C92,C119,northwestern
C92,C120,northwestern
C92,C121,northwestern
C92,C122,western
C92,C123,northwestern
C92,C124,northwestern
C92,C125,northwestern
C93,C37,northeastern
C93,C38,northeastern
C93,C39,northeastern
C93,C40,northeastern
C93,C41,northeastern
C93,C42,northeastern
C93,C43,northeastern
C93,C44,eastern
C93,C70,southwestern
C93,C71,southwestern
C93,C72,southwestern
C93,C73,southwestern
C93,C74,southwestern
C93,C75,southern
C93,C76,southern
C93,C77,southern
C93,C78,southern
C93,C79,southwestern
C93,C80,southwestern
C93,C81,southern
C93,C82,southern
C93,C83,southern
C93,C84,southern
C93,C85,southwestern
C93,C86,southern
C93,C87,southern
C93,C88,western
C93,C89,southeastern
C93,C90,southern
C93,C91,southern
C93,C92,southeastern
C93,C94,southeastern
C93,C95,eastern
C93,C96,eastern
C93,C97,southeastern
C93,C98,southeastern
C93,C99,southeastern
C93,C100,eastern
C93,C101,southeastern
C93,C102,southeastern
C93,C103,eastern
C93,C104,southeastern
C93,C105,southeastern
C93,C106,southern
C93,C107,southern
C93,C108,southeastern
C93,C109,southern
C93,C110,southern
C93,C111,southern
C93,C112,southern
C93,C113,southern
C93,C114,southeastern
C93,C115,southeastern
C93,C116,northwestern
C93,C117,western
C93,C118,western
C93,C119,western
C93,C120,western
C93,C121,western
C93,C122,western
C93,C123,western
C93,C124,northwestern
C93,C125,northwestern
C94,C37,northern
C94,C38,northern
C94,C39,northern
C94,C40,northern
C94,C41,northern
C94,C42,northern
C94,C43,northern
C94,C44,northern
C94,C70,western
C94,C71,northwestern
C94,C72,northwestern
C94,C73,western
C94,C74,western
C94,C75,southwestern
C94,C76,western
C94,C77,southwestern
C94,C78,western
C94,C79,western
C94,C80,northwestern
C94,C81,northwestern
C94,C82,southwestern
C94,C83,western
C94,C84,northwestern
C94,C85,northwestern
C94,C86,western
C94,C87,western
C94,C88,northwestern
C94,C89,northern
C94,C90,southwestern
C94,C91,northwestern
C94,C92,northern
C94,C93,northwestern
C94,C95,northern
C94,C96,northern
C94,C97,northeastern
C94,C98,northern
C94,C99,northeastern
C94,C100,northeastern
C94,C101,northeastern
C94,C102,northern
C94,C103,northeastern
C94,C104,eastern
C94,C105,southeastern
C94,C106,southern
C94,C107,southern
C94,C108,southeastern
C94,C109,southern
C94,C110,southern
C94,C111,southern
C94,C112,southern
C94,C113,southwestern
C94,C114,eastern
C94,C115,southeastern
C94,C116,northwestern
C94,C117,northwestern
C94,C118,northwestern
C94,C119,northwestern
C94,C120,northwestern
C94,C121,northwestern
C94,C122,northwestern
C94,C123,northwestern
C94,C124,northwestern
C94,C125,northwestern
C95,C37,northeastern
C95,C38,northeastern
C95,C39,northern
C95,C40,northern
C95,C41,northern
C95,C42,northern
C95,C43,northeastern
C95,C44,northeastern
C95,C68,eastern
C95,C80,southwestern
C95,C81,southern
C95,C82,southern
C95,C83,southern
C95,C84,southwestern
C95,C85,southwestern
C95,C86,southern
C95,C87,southwestern
C95,C88,western
C95,C89,southern
C95,C90,southern
C95,C91,southern
C95,C92,southern
C95,C93,western
C95,C94,southern
C95,C96,southeastern
C95,C97,southeastern
C95,C98,southern
C95,C99,southeastern
C95,C100,southeastern
C95,C101,southeastern
C95,C102,southeastern
C95,C103,eastern
C95,C104,southeastern
C95,C105,southern
C95,C106,southern
C95,C107,southern
C95,C108,southeastern
C95,C109,southern
C95,C110,southern
C95,C111,southern
C95,C112,southern
C95,C113,southern
C95,C114,southeastern
C95,C115,southern
C95,C147,southeastern
C95,C148,southeastern
C95,C149,southeastern
C95,C150,southeastern
C95,C151,southeastern
C95,C152,southeastern
C95,C153,eastern
C95,C154,southeastern
C95,C155,eastern
C95,C156,eastern
C95,C157,southeastern
C95,C158,southeastern
C95,C159,eastern
C95,C160,southeastern
C95,C161,southeastern
C95,C162,southeastern
C95,C163,southeastern
C95,C164,southeastern
C95,C165,eastern
C96,C37,northeastern
C96,C38,northern
C96,C39,northwestern
C96,C40,northern
C96,C41,northern
C96,C42,northern
C96,C43,northern
C96,C44,northern
C96,C68,eastern
C96,C80,western
C96,C81,southwestern
C96,C82,southern
C96,C83,southwestern
C96,C84,southwestern
C96,C85,western
C96,C86,southwestern
C96,C87,southwestern
C96,C88,western
C96,C89,southwestern
C96,C90,southern
C96,C91,southwestern
C96,C92,southern
C96,C93,western
C96,C94,southern
C96,C95,northwestern
C96,C97,southeastern
C96,C98,southwestern
C96,C99,southern
C96,C100,southeastern
C96,C101,southeastern
C96,C102,southern
C96,C103,northeastern
C96,C104,southeastern
C96,C105,southern
C96,C106,southern
C96,C107,southern
C96,C108,southern
C96,C109,southern
C96,C110,southern
C96,C111,southern
C96,C112,southern
C96,C113,southern
C96,C114,southeastern
C96,C115,southern
C96,C147,southeastern
C96,C148,southeastern
C96,C149,southeastern
C96,C150,eastern
C96,C151,southeastern
C96,C152,southeastern
C96,C153,eastern
C96,C154,southeastern
C96,C155,eastern
C96,C156,eastern
C96,C157,southeastern
C96,C158,southeastern
C96,C159,eastern
C96,C160,southeastern
C96,C161,southeastern
C96,C162,southeastern
C96,C163,southeastern
C96,C164,southeastern
C96,C165,eastern
C97,C37,northern
C97,C38,northwestern
C97,C39,northwestern
C97,C40,northwestern
C97,C41,northwestern
C97,C42,northern
C97,C43,northern
C97,C44,northwestern
C97,C68,northeastern
C97,C80,western
C97,C81,western
C97,C82,southwestern
C97,C83,western
C97,C84,western
C97,C85,western
C97,C86,western
C97,C87,western
C97,C88,western
C97,C89,western
C97,C90,southwestern
C97,C91,western
C97,C92,western
C97,C93,northwestern
C97,C94,southwestern
C97,C95,northwestern
C97,C96,northwestern
C97,C98,northwestern
C97,C99,western
C97,C100,northwestern
C97,C101,northern
C97,C102,western
C97,C103,northern
C97,C104,eastern
C97,C105,southern
C97,C106,southern
C97,C107,southwestern
C97,C108,southern
C97,C109,southwestern
C97,C110,southwestern
C97,C111,southwestern
C97,C112,southwestern
C97,C113,southwestern
C97,C114,southern
C97,C115,southwestern
C97,C147,southeastern
C97,C148,southeastern
C97,C149,southeastern
C97,C150,eastern
C97,C151,eastern
C97,C152,southeastern
C97,C153,eastern
C97,C154,southern
C97,C155,eastern
C97,C156,eastern
C97,C157,eastern
C97,C158,southern
C97,C159,eastern
C97,C160,eastern
C97,C161,eastern
C97,C162,southern
C97,C163,eastern
C97,C164,southeastern
C97,C165,eastern
C98,C37,northeastern
C98,C38,northern
C98,C39,northern
C98,C40,northern
C98,C41,northern
C98,C42,northern
C98,C43,northern
C98,C44,northeastern
C98,C68,eastern
C98,C80,western
C98,C81,southwestern
C98,C82,southern
C98,C83,southwestern
C98,C84,southwestern
C98,C85,western
C98,C86,southern
C98,C87,southwestern
C98,C88,western
C98,C89,southern
C98,C90,southern
C98,C91,southwestern
C98,C92,southern
C98,C93,northwestern
C98,C94,southern
C98,C95,northern
C98,C96,northeastern
C98,C97,southeastern
C98,C99,southeastern
C98,C100,eastern
C98,C101,eastern
C98,C102,southeastern
C98,C103,northeastern
C98,C104,southeastern
C98,C105,southern
C98,C106,southern
C98,C107,southern
C98,C108,southeastern
C98,C109,southern
C98,C110,southern
C98,C111,southern
C98,C112,southern
C98,C113,southern
C98,C114,southeastern
C98,C115,southern
C98,C147,southeastern
C98,C148,southeastern
C98,C149,southeastern
C98,C150,eastern
C98,C151,eastern
C98,C152,southeastern
C98,C153,eastern
C98,C154,southeastern
C98,C155,eastern
C98,C156,eastern
C98,C157,eastern
C98,C158,southeastern
C98,C159,eastern
C98,C160,eastern
C98,C161,eastern
C98,C162,southeastern
C98,C163,eastern
C98,C164,southeastern
C98,C165,eastern
C99,C37,northern
C99,C38,northern
C99,C39,northwestern
C99,C40,northern
C99,C41,northern
C99,C42,northern
C99,C43,northern
C99,C44,northern
C99,C68,northeastern
C99,C80,western
C99,C81,western
C99,C82,southwestern
C99,C83,western
C99,C84,western
C99,C85,northwestern
C99,C86,western
C99,C87,western
C99,C88,northwestern
C99,C89,western
C99,C90,southwestern
C99,C91,northwestern
C99,C92,western
C99,C93,northwestern
C99,C94,southwestern
C99,C95,northwestern
C99,C96,northern
C99,C97,eastern
C99,C98,northwestern
C99,C100,northern
C99,C101,northeastern
C99,C102,northwestern
C99,C103,northern
C99,C104,eastern
C99,C105,southern
C99,C106,southern
C99,C107,southern
C99,C108,southern
C99,C109,southwestern
C99,C110,southwestern
C99,C111,southern
C99,C112,southern
C99,C113,southwestern
C99,C114,southeastern
C99,C115,southwestern
C99,C147,southeastern
C99,C148,southeastern
C99,C149,eastern
C99,C150,eastern
C99,C151,eastern
C99,C152,eastern
C99,C153,eastern
C99,C154,southeastern
C99,C155,eastern
C99,C156,eastern
C99,C157,eastern
C99,C158,southeastern
C99,C159,eastern
C99,C160,eastern
C99,C161,eastern
C99,C162,southeastern
C99,C163,eastern
C99,C164,southeastern
C99,C165,eastern
C100,C37,northern
C100,C38,northwestern
C100,C39,northwestern
C100,C40,northern
C100,C41,northwestern
C100,C42,northern
C100,C43,northern
C100,C44,northern
C100,C68,eastern
C100,C80,western
C100,C81,southwestern
C100,C82,southwestern
C100,C83,southwestern
C100,C84,western
C100,C85,western
C100,C86,southwestern
C100,C87,southwestern
C100,C88,western
C100,C89,southwestern
C100,C90,southwestern
C100,C91,western
C100,C92,southwestern
C100,C93,western
C100,C94,southwestern
C100,C95,northwestern
C100,C96,northwestern
C100,C97,southeastern
C100,C98,western
C100,C99,southern
C100,C101,southeastern
C100,C102,southwestern
C100,C103,northern
C100,C104,southeastern
C100,C105,southern
C100,C106,southern
C100,C107,southern
C100,C108,southern
C100,C109,southwestern
C100,C110,southern
C100,C111,southern
C100,C112,southern
C100,C113,southwestern
C100,C114,southern
C100,C115,southern
C100,C147,southeastern
C100,C148,southeastern
C100,C149,southeastern
C100,C150,eastern
C100,C151,southeastern
C100,C152,southeastern
C100,C153,eastern
C100,C154,southeastern
C100,C155,eastern
C100,C156,eastern
C100,C157,southeastern
C100,C158,southern
C100,C159,eastern
C100,C160,southeastern
C100,C161,eastern
C100,C162,southern
C100,C163,eastern
C100,C164,southeastern
C100,C165,eastern
C101,C37,northern
C101,C38,northwestern
C101,C39,northwestern
C101,C40,northwestern
C101,C41,northwestern
C101,C42,northern
C101,C43,northern
C101,C44,northwestern
C101,C68,northeastern
C101,C80,western
C101,C81,western
C101,C82,southwestern
C101,C83,southwestern
C101,C84,western
C101,C85,western
C101,C86,southwestern
C101,C87,western
C101,C88,western
C101,C89,western
C101,C90,southwestern
C101,C91,western
C101,C92,southwestern
C101,C93,northwestern
C101,C94,southwestern
C101,C95,northwestern
C101,C96,northwestern
C101,C97,southern
C101,C98,western
C101,C99,southwestern
C101,C100,northwestern
C101,C102,western
C101,C103,northern
C101,C104,southeastern
C101,C105,southern
C101,C106,southern
C101,C107,southwestern
C101,C108,southern
C101,C109,southwestern
C101,C110,southwestern
C101,C111,southwestern
C101,C112,southern
C101,C113,southwestern
C101,C114,southern
C101,C115,southwestern
C101,C147,southeastern
C101,C148,southeastern
C101,C149,southeastern
C101,C150,eastern
C101,C151,eastern
C101,C152,southeastern
C101,C153,eastern
C101,C154,southern
C101,C155,eastern
C101,C156,eastern
C101,C157,southeastern
C101,C158,southern
C101,C159,eastern
C101,C160,southeastern
C101,C161,eastern
C101,C162,southern
C101,C163,eastern
C101,C164,southeastern
C101,C165,eastern
C102,C37,northern
C102,C38,northern
C102,C39,northwestern
C102,C40,northern
C102,C41,northern
C102,C42,northern
C102,C43,northern
C102,C44,northern
C102,C68,eastern
C102,C80,western
C102,C81,southwestern
C102,C82,southwestern
C102,C83,southwestern
C102,C84,western
C102,C85,western
C102,C86,southwestern
C102,C87,western
C102,C88,northwestern
C102,C89,southwestern
C102,C90,southwestern
C102,C91,western
C102,C92,southern
C102,C93,northwestern
C102,C94,southern
C102,C95,northwestern
C102,C96,northern
C102,C97,eastern
C102,C98,northwestern
C102,C99,southeastern
C102,C100,northeastern
C102,C101,eastern
C102,C103,northeastern
C102,C104,eastern
C102,C105,southern
C102,C106,southern
C102,C107,southern
C102,C108,southern
C102,C109,southern
C102,C110,southern
C102,C111,southern
C102,C112,southern
C102,C113,southwestern
C102,C114,southeastern
C102,C115,southern
C102,C147,southeastern
C102,C148,southeastern
C102,C149,southeastern
C102,C150,eastern
C102,C151,eastern
C102,C152,southeastern
C102,C153,eastern
C102,C154,southeastern
C102,C155,eastern
C102,C156,eastern
C102,C157,eastern
C102,C158,southeastern
C102,C159,eastern
C102,C160,eastern
C102,C161,eastern
C102,C162,southeastern
C102,C163,eastern
C102,C164,southeastern
C102,C165,eastern
C103,C37,northern
C103,C38,northwestern
C103,C39,northwestern
C103,C40,northwestern
C103,C41,northwestern
C103,C42,northern
C103,C43,northern
C103,C44,northwestern
C103,C68,southeastern
C103,C80,western
C103,C81,southwestern
C103,C82,southwestern
C103,C83,southwestern
C103,C84,southwestern
C103,C85,western
C103,C86,southwestern
C103,C87,southwestern
C103,C88,western
C103,C89,southwestern
C103,C90,southwestern
C103,C91,southwestern
C103,C92,southwestern
C103,C93,western
C103,C94,southwestern
C103,C95,western
C103,C96,southwestern
C103,C97,southern
C103,C98,southwestern
C103,C99,southern
C103,C100,southern
C103,C101,southern
C103,C102,southwestern
C103,C104,southeastern
C103,C105,southern
C103,C106,southern
C103,C107,southern
C103,C108,southern
C103,C109,southern
C103,C110,southern
C103,C111,southern
C103,C112,southern
C103,C113,southwestern
C103,C114,southern
C103,C115,southern
C103,C147,southeastern
C103,C148,southeastern
C103,C149,southeastern
C103,C150,southeastern
C103,C151,southeastern
C103,C152,southeastern
C103,C153,southeastern
C103,C154,southern
C103,C155,eastern
C103,C156,southeastern
C103,C157,southeastern
C103,C158,southern
C103,C159,eastern
C103,C160,southeastern
C103,C161,southeastern
C103,C162,southern
C103,C163,southeastern
C103,C164,southeastern
C103,C165,eastern
C104,C37,northern
C104,C38,northwestern
C104,C39,northwestern
C104,C40,northwestern
C104,C41,northwestern
C104,C42,northern
C104,C43,northwestern
C104,C44,northwestern
C104,C68,northern
C104,C80,western
C104,C81,western
C104,C82,southwestern
C104,C83,western
C104,C84,western
C104,C85,western
C104,C86,western
C104,C87,western
C104,C88,western
C104,C89,western
C104,C90,southwestern
C104,C91,western
C104,C92,western
C104,C93,northwestern
C104,C94,western
C104,C95,northwestern
C104,C96,northwestern
C104,C97,western
C104,C98,northwestern
C104,C99,western
C104,C100,northwestern
C104,C101,northwestern
C104,C102,western
C104,C103,northwestern
C104,C105,southern
C104,C106,southwestern
C104,C107,southwestern
C104,C108,southwestern
C104,C109,southwestern
C104,C110,southwestern
C104,C111,southwestern
C104,C112,southwestern
C104,C113,southwestern
C104,C114,southwestern
C104,C115,southwestern
C104,C147,southern
C104,C148,southeastern
C104,C149,southern
C104,C150,eastern
C104,C151,eastern
C104,C152,southeastern
C104,C153,eastern
C104,C154,southern
C104,C155,eastern
C104,C156,eastern
C104,C157,eastern
C104,C158,southern
C104,C159,eastern
C104,C160,eastern
C104,C161,eastern
C104,C162,southern
C104,C163,eastern
C104,C164,southeastern
C104,C165,eastern
C105,C70,northwestern
C105,C71,northwestern
C105,C72,northwestern
C105,C73,northwestern
C105,C74,northwestern
C105,C75,western
C105,C76,western
C105,C77,western
C105,C78,northwestern
C105,C79,northwestern
C105,C80,northwestern
C105,C81,northwestern
C105,C82,northwestern
C105,C83,northwestern
C105,C84,northwestern
C105,C85,northwestern
C105,C86,northwestern
C105,C87,northwestern
C105,C88,northwestern
C105,C89,northwestern
C105,C90,northwestern
C105,C91,northwestern
C105,C92,northwestern
C105,C93,northwestern
C105,C94,northwestern
C105,C95,northern
C105,C96,northern
C105,C97,northern
C105,C98,northern
C105,C99,northern
C105,C100,northern
C105,C101,northern
C105,C102,northern
C105,C103,northern
C105,C104,northern
C105,C106,southwestern
C105,C107,southwestern
C105,C108,northern
C105,C109,western
C105,C110,western
C105,C111,northwestern
C105,C112,western
C105,C113,western
C105,C114,northern
C105,C115,northwestern
C105,C147,northeastern
C105,C148,northeastern
C105,C149,northern
C105,C150,northeastern
C105,C151,northeastern
C105,C152,northeastern
C105,C153,northeastern
C105,C154,northeastern
C105,C155,northeastern
C105,C156,northeastern
C105,C157,northeastern
C105,C158,northeastern
C105,C159,northeastern
C105,C160,northeastern
C105,C161,northeastern
C105,C162,northeastern
C105,C163,northeastern
C105,C164,northeastern
C105,C165,northeastern
C106,C70,northwestern
C106,C71,northwestern
C106,C72,northwestern
C106,C73,northwestern
C106,C74,northwestern
C106,C75,northwestern
C106,C76,northwestern
C106,C77,northwestern
C106,C78,northwestern
C106,C79,northwestern
C106,C80,northwestern
C106,C81,northern
C106,C82,northwestern
C106,C83,northwestern
C106,C84,northwestern
C106,C85,northern
C106,C86,northern
C106,C87,northwestern
C106,C88,northwestern
C106,C89,northern
C106,C90,northwestern
C106,C91,northern
C106,C92,northern
C106,C93,northern
C106,C94,northern
C106,C95,northern
C106,C96,northern
C106,C97,northern
C106,C98,northern
C106,C99,northern
C106,C100,northern
C106,C101,northern
C106,C102,northern
C106,C103,northern
C106,C104,northeastern
C106,C105,northeastern
C106,C107,western
C106,C108,northern
C106,C109,western
C106,C110,northwestern
C106,C111,northern
C106,C112,northern
C106,C113,northwestern
C106,C114,northern
C106,C115,northern
C106,C147,northeastern
C106,C148,northeastern
C106,C149,northeastern
C106,C150,northeastern
C106,C151,northeastern
C106,C152,northeastern
C106,C153,northeastern
C106,C154,northeastern
C106,C155,northeastern
C106,C156,northeastern
C106,C157,northeastern
C106,C158,northeastern
C106,C159,northeastern
C106,C160,northeastern
C106,C161,northeastern
C106,C162,northeastern
C106,C163,northeastern
C106,C164,northeastern
C106,C165,northeastern
C107,C70,northwestern
C107,C71,northwestern
C107,C72,northern
C107,C73,northern
C107,C74,northwestern
C107,C75,northwestern
C107,C76,northwestern
C107,C77,northwestern
C107,C78,northwestern
C107,C79,northwestern
C107,C80,northern
C107,C81,northern
C107,C82,northern
C107,C83,northern
C107,C84,northern
C107,C85,northern
C107,C86,northern
C107,C87,northern
C107,C88,northern
C107,C89,northern
C107,C90,northern
C107,C91,northern
C107,C92,northern
C107,C93,northern
C107,C94,northern
C107,C95,northern
C107,C96,northern
C107,C97,northeastern
C107,C98,northern
C107,C99,northern
C107,C100,northern
C107,C101,northeastern
C107,C102,northern
C107,C103,northern
C107,C104,northeastern
C107,C105,northeastern
C107,C106,eastern
C107,C108,northeastern
C107,C109,northwestern
C107,C110,northern
C107,C111,northeastern
C107,C112,northeastern
C107,C113,northern
C107,C114,northeastern
C107,C115,northern
C107,C147,northeastern
C107,C148,northeastern
C107,C149,northeastern
C107,C150,northeastern
C107,C151,northeastern
C107,C152,northeastern
C107,C153,northeastern
C107,C154,northeastern
C107,C155,northeastern
C107,C156,northeastern
C107,C157,northeastern
C107,C158,northeastern
C107,C159,northeastern
C107,C160,northeastern
C107,C161,northeastern
C107,C162,northeastern
C107,C163,northeastern
C107,C164,northeastern
C107,C165,northeastern
C108,C70,western
C108,C71,northwestern
C108,C72,northwestern
C108,C73,northwestern
C108,C74,northwestern
C108,C75,western
C108,C76,western
C108,C77,western
C108,C78,western
C108,C79,northwestern
C108,C80,northwestern
C108,C81,northwestern
C108,C82,western
C108,C83,western
C108,C84,northwestern
C108,C85,northwestern
C108,C86,northwestern
C108,C87,northwestern
C108,C88,northwestern
C108,C89,northwestern
C108,C90,western
C108,C91,northwestern
C108,C92,northwestern
C108,C93,northwestern
C108,C94,northwestern
C108,C95,northwestern
C108,C96,northern
C108,C97,northern
C108,C98,northwestern
C108,C99,northern
C108,C100,northern
C108,C101,northern
C108,C102,northern
C108,C103,northern
C108,C104,northeastern
C108,C105,southern
C108,C106,southern
C108,C107,southwestern
C108,C109,southwestern
C108,C110,southwestern
C108,C111,southwestern
C108,C112,southwestern
C108,C113,western
C108,C114,northern
C108,C115,northwestern
C108,C147,northeastern
C108,C148,eastern
C108,C149,northeastern
C108,C150,eastern
C108,C151,eastern
C108,C152,eastern
C108,C153,northeastern
C108,C154,eastern
C108,C155,northeastern
C108,C156,northeastern
C108,C157,northeastern
C108,C158,eastern
C108,C159,northeastern
C108,C160,northeastern
C108,C161,northeastern
C108,C162,northeastern
C108,C163,northeastern
C108,C164,eastern
C108,C165,eastern
C109,C70,northwestern
C109,C71,northern
C109,C72,northern
C109,C73,northern
C109,C74,northwestern
C109,C75,northwestern
C109,C76,northwestern
C109,C77,northern
C109,C78,northern
C109,C79,northwestern
C109,C80,northern
C109,C81,northern
C109,C82,northern
C109,C83,northern
C109,C84,northern
C109,C85,northern
C109,C86,northern
C109,C87,northern
C109,C88,northern
C109,C89,northern
C109,C90,northern
C109,C91,northern
C109,C92,northern
C109,C93,northern
C109,C94,northern
C109,C95,northern
C109,C96,northern
C109,C97,northeastern
C109,C98,northern
C109,C99,northeastern
C109,C100,northeastern
C109,C101,northeastern
C109,C102,northern
C109,C103,northern
C109,C104,northeastern
C109,C105,eastern
C109,C106,eastern
C109,C107,southeastern
C109,C108,northeastern
C109,C110,northeastern
C109,C111,northeastern
C109,C112,eastern
C109,C113,northern
C109,C114,northeastern
C109,C115,northeastern
C109,C147,northeastern
C109,C148,eastern
C109,C149,northeastern
C109,C150,northeastern
C109,C151,northeastern
C109,C152,northeastern
C109,C153,northeastern
C109,C154,northeastern
C109,C155,northeastern
C109,C156,northeastern
C109,C157,northeastern
C109,C158,northeastern
C109,C159,northeastern
C109,C160,northeastern
C109,C161,northeastern
C109,C162,northeastern
C109,C163,northeastern
C109,C164,eastern
C109,C165,northeastern
C110,C70,northwestern
C110,C71,northwestern
C110,C72,northwestern
C110,C73,northwestern
C110,C74,northwestern
C110,C75,western
C110,C76,northwestern
C110,C77,northwestern
C110,C78,northwestern
C110,C79,northwestern
C110,C80,northwestern
C110,C81,northern
C110,C82,northern
C110,C83,northwestern
C110,C84,northern
C110,C85,northern
C110,C86,northern
C110,C87,northwestern
C110,C88,northern
C110,C89,northern
C110,C90,northern
C110,C91,northern
C110,C92,northern
C110,C93,northern
C110,C94,northern
C110,C95,northern
C110,C96,northern
C110,C97,northeastern
C110,C98,northern
C110,C99,northeastern
C110,C100,northern
C110,C101,northeastern
C110,C102,northern
C110,C103,northern
C110,C104,northeastern
C110,C105,eastern
C110,C106,southeastern
C110,C107,southern
C110,C108,northeastern
C110,C109,southwestern
C110,C111,northeastern
C110,C112,eastern
C110,C113,northwestern
C110,C114,northeastern
C110,C115,northeastern
C110,C147,northeastern
C110,C148,eastern
C110,C149,northeastern
C110,C150,northeastern
C110,C151,northeastern
C110,C152,northeastern
C110,C153,northeastern
C110,C154,eastern
C110,C155,northeastern
C110,C156,northeastern
C110,C157,northeastern
C110,C158,eastern
C110,C159,northeastern
C110,C160,northeastern
C110,C161,northeastern
C110,C162,northeastern
C110,C163,northeastern
C110,C164,eastern
C110,C165,northeastern
C111,C70,northwestern
C111,C71,northwestern
C111,C72,northwestern
C111,C73,northwestern
C111,C74,northwestern
C111,C75,western
C111,C76,western
C111,C77,western
C111,C78,northwestern
C111,C79,northwestern
C111,C80,northwestern
C111,C81,northwestern
C111,C82,western
C111,C83,northwestern
C111,C84,northwestern
C111,C85,northwestern
C111,C86,northwestern
C111,C87,northwestern
C111,C88,northwestern
C111,C89,northern
C111,C90,northwestern
C111,C91,northern
C111,C92,northern
C111,C93,northern
C111,C94,northern
C111,C95,northern
C111,C96,northern
C111,C97,northeastern
C111,C98,northern
C111,C99,northern
C111,C100,northern
C111,C101,northeastern
C111,C102,northern
C111,C103,northern
C111,C104,northeastern
C111,C105,southeastern
C111,C106,southern
C111,C107,southwestern
C111,C108,northeastern
C111,C109,southwestern
C111,C110,southwestern
C111,C112,southern
C111,C113,western
C111,C114,northeastern
C111,C115,northern
C111,C147,northeastern
C111,C148,eastern
C111,C149,northeastern
C111,C150,eastern
C111,C151,eastern
C111,C152,eastern
C111,C153,northeastern
C111,C154,eastern
C111,C155,northeastern
C111,C156,northeastern
C111,C157,northeastern
C111,C158,eastern
C111,C159,northeastern
C111,C160,northeastern
C111,C161,northeastern
C111,C162,northeastern
C111,C163,northeastern
C111,C164,eastern
C111,C165,eastern
C112,C70,northwestern
C112,C71,northwestern
C112,C72,northwestern
C112,C73,northwestern
C112,C74,northwestern
C112,C75,western
C112,C76,northwestern
C112,C77,northwestern
C112,C78,northwestern
C112,C79,northwestern
C112,C80,northwestern
C112,C81,northern
C112,C82,northwestern
C112,C83,northwestern
C112,C84,northwestern
C112,C85,northwestern
C112,C86,northwestern
C112,C87,northwestern
C112,C88,northwestern
C112,C89,northern
C112,C90,northwestern
C112,C91,northern
C112,C92,northern
C112,C93,northern
C112,C94,northern
C112,C95,northern
C112,C96,northern
C112,C97,northeastern
C112,C98,northern
C112,C99,northern
C112,C100,northern
C112,C101,northern
C112,C102,northern
C112,C103,northern
C112,C104,northeastern
C112,C105,eastern
C112,C106,southern
C112,C107,southwestern
C112,C108,northeastern
C112,C109,western
C112,C110,western
C112,C111,northern
C112,C113,northwestern
C112,C114,northeastern
C112,C115,northern
C112,C147,northeastern
C112,C148,northeastern
C112,C149,northeastern
C112,C150,northeastern
C112,C151,northeastern
C112,C152,northeastern
C112,C153,northeastern
C112,C154,northeastern
C112,C155,northeastern
C112,C156,northeastern
C112,C157,northeastern
C112,C158,northeastern
C112,C159,northeastern
C112,C160,northeastern
C112,C161,northeastern
C112,C162,northeastern
C112,C163,northeastern
C112,C164,northeastern
C112,C165,northeastern
C113,C70,northwestern
C113,C71,northwestern
C113,C72,northwestern
C113,C73,northwestern
C113,C74,northwestern
C113,C75,western
C113,C76,northwestern
C113,C77,northwestern
C113,C78,northwestern
C113,C79,northwestern
C113,C80,northern
C113,C81,northern
C113,C82,northern
C113,C83,northern
C113,C84,northern
C113,C85,northern
C113,C86,northern
C113,C87,northern
C113,C88,northern
C113,C89,northern
C113,C90,northern
C113,C91,northern
C113,C92,northeastern
C113,C93,northern
C113,C94,northeastern
C113,C95,northern
C113,C96,northern
C113,C97,northeastern
C113,C98,northern
C113,C99,northeastern
C113,C100,northeastern
C113,C101,northeastern
C113,C102,northeastern
C113,C103,northeastern
C113,C104,northeastern
C113,C105,eastern
C113,C106,southeastern
C113,C107,southern
C113,C108,eastern
C113,C109,southern
C113,C110,southeastern
C113,C111,eastern
C113,C112,southeastern
C113,C114,northeastern
C113,C115,northeastern
C113,C147,northeastern
C113,C148,eastern
C113,C149,northeastern
C113,C150,eastern
C113,C151,eastern
C113,C152,eastern
C113,C153,northeastern
C113,C154,eastern
C113,C155,northeastern
C113,C156,northeastern
C113,C157,northeastern
C113,C158,eastern
C113,C159,northeastern
C113,C160,northeastern
C113,C161,northeastern
C113,C162,northeastern
C113,C163,northeastern
C113,C164,eastern
C113,C165,eastern
C114,C70,western
C114,C71,western
C114,C72,northwestern
C114,C73,western
C114,C74,western
C114,C75,southwestern
C114,C76,western
C114,C77,western
C114,C78,western
C114,C79,western
C114,C80,northwestern
C114,C81,western
C114,C82,southwestern
C114,C83,western
C114,C84,northwestern
C114,C85,northwestern
C114,C86,western
C114,C87,western
C114,C88,northwestern
C114,C89,northwestern
C114,C90,western
C114,C91,northwestern
C114,C92,northwestern
C114,C93,northwestern
C114,C94,western
C114,C95,northwestern
C114,C96,northwestern
C114,C97,northern
C114,C98,northwestern
C114,C99,northwestern
C114,C100,northern
C114,C101,northern
C114,C102,northwestern
C114,C103,northern
C114,C104,northeastern
C114,C105,southern
C114,C106,southern
C114,C107,southwestern
C114,C108,southern
C114,C109,southwestern
C114,C110,southwestern
C114,C111,southwestern
C114,C112,southwestern
C114,C113,southwestern
C114,C115,western
C114,C147,eastern
C114,C148,eastern
C114,C149,northeastern
C114,C150,eastern
C114,C151,eastern
C114,C152,eastern
C114,C153,northeastern
C114,C154,southeastern
C114,C155,northeastern
C114,C156,eastern
C114,C157,northeastern
C114,C158,southeastern
C114,C159,eastern
C114,C160,eastern
C114,C161,eastern
C114,C162,southeastern
C114,C163,northeastern
C114,C164,southeastern
C114,C165,eastern
C115,C70,western
C115,C71,northwestern
C115,C72,northwestern
C115,C73,northwestern
C115,C74,northwestern
C115,C75,southwestern
C115,C76,western
C115,C77,western
C115,C78,western
C115,C79,northwestern
C115,C80,northwestern
C115,C81,northwestern
C115,C82,southwestern
C115,C83,western
C115,C84,northwestern
C115,C85,northwestern
C115,C86,western
C115,C87,northwestern
C115,C88,northwestern
C115,C89,northwestern
C115,C90,western
C115,C91,northwestern
C115,C92,northern
C115,C93,northwestern
C115,C94,northwestern
C115,C95,northern
C115,C96,northern
C115,C97,northeastern
C115,C98,northern
C115,C99,northeastern
C115,C100,northern
C115,C101,northeastern
C115,C102,northern
C115,C103,northern
C115,C104,northeastern
C115,C105,southeastern
C115,C106,southern
C115,C107,southern
C115,C108,southeastern
C115,C109,southwestern
C115,C110,southwestern
C115,C111,southern
C115,C112,southern
C115,C113,southwestern
C115,C114,eastern
C115,C147,eastern
C115,C148,eastern
C115,C149,northeastern
C115,C150,eastern
C115,C151,eastern
C115,C152,eastern
C115,C153,northeastern
C115,C154,eastern
C115,C155,northeastern
C115,C156,eastern
C115,C157,northeastern
C115,C158,eastern
C115,C159,eastern
C115,C160,eastern
C115,C161,eastern
C115,C162,eastern
C115,C163,northeastern
C115,C164,eastern
C115,C165,eastern
C116,C5,northeastern
C116,C37,eastern
C116,C38,eastern
C116,C39,eastern
C116,C40,northeastern
C116,C41,northeastern
C116,C42,northeastern
C116,C43,northeastern
C116,C44,eastern
C116,C45,northwestern
C116,C46,northern
C116,C47,northern
C116,C48,northern
C116,C49,northwestern
C116,C50,northern
C116,C51,northern
C116,C52,northern
C116,C53,northeastern
C116,C70,southwestern
C116,C71,southwestern
C116,C72,southwestern
C116,C73,southern
C116,C74,southwestern
C116,C75,southern
C116,C76,southern
C116,C77,southern
C116,C78,southern
C116,C79,southwestern
C116,C80,southern
C116,C81,southern
C116,C82,southern
C116,C83,southern
C116,C84,southern
C116,C85,southern
C116,C86,southern
C116,C87,southern
C116,C88,southern
C116,C89,southeastern
C116,C90,southern
C116,C91,southeastern
C116,C92,southeastern
C116,C93,southeastern
C116,C94,southeastern
C116,C117,western
C116,C118,southwestern
C116,C119,western
C116,C120,western
C116,C121,western
C116,C122,southwestern
C116,C123,western
C116,C124,western
C116,C125,northwestern
C117,C5,northeastern
C117,C37,eastern
C117,C38,eastern
C117,C39,eastern
C117,C40,northeastern
C117,C41,northeastern
C117,C42,northeastern
C117,C43,eastern
C117,C44,eastern
C117,C45,northern
C117,C46,northeastern
C117,C47,northeastern
C117,C48,northeastern
C117,C49,northeastern
C117,C50,northeastern
C117,C51,northeastern
C117,C52,northeastern
C117,C53,northeastern
C117,C70,southern
C117,C71,southeastern
C117,C72,southeastern
C117,C73,southeastern
C117,C74,southern
C117,C75,southern
C117,C76,southern
C117,C77,southeastern
C117,C78,southeastern
C117,C79,southeastern
C117,C80,southeastern
C117,C81,southeastern
C117,C82,southeastern
C117,C83,southeastern
C117,C84,southeastern
C117,C85,eastern
C117,C86,southeastern
C117,C87,southeastern
C117,C88,eastern
C117,C89,southeastern
C117,C90,southeastern
C117,C91,eastern
C117,C92,southeastern
C117,C93,eastern
C117,C94,southeastern
C117,C116,eastern
C117,C118,eastern
C117,C119,northeastern
C117,C120,eastern
C117,C121,western
C117,C122,southeastern
C117,C123,northern
C117,C124,northeastern
C117,C125,northeastern
C118,C5,northeastern
C118,C37,eastern
C118,C38,eastern
C118,C39,northeastern
C118,C40,northeastern
C118,C41,northeastern
C118,C42,northeastern
C118,C43,northeastern
C118,C44,eastern
C118,C45,northern
C118,C46,northern
C118,C47,northeastern
C118,C48,northern
C118,C49,northern
C118,C50,northern
C118,C51,northeastern
C118,C52,northeastern
C118,C53,northeastern
C118,C70,southern
C118,C71,southern
C118,C72,southeastern
C118,C73,southeastern
C118,C74,southern
C118,C75,southern
C118,C76,southern
C118,C77,southern
C118,C78,southern
C118,C79,southern
C118,C80,southeastern
C118,C81,southeastern
C118,C82,southeastern
C118,C83,southeastern
C118,C84,southeastern
C118,C85,eastern
C118,C86,southeastern
C118,C87,southeastern
C118,C88,eastern
C118,C89,southeastern
C118,C90,southeastern
C118,C91,eastern
C118,C92,southeastern
C118,C93,eastern
C118,C94,southeastern
C118,C116,northeastern
C118,C117,western
C118,C119,northern
C118,C120,northeastern
C118,C121,western
C118,C122,southern
C118,C123,northwestern
C118,C124,northern
C118,C125,northeastern
C119,C5,northeastern
C119,C37,eastern
C119,C38,eastern
C119,C39,eastern
C119,C40,northeastern
C119,C41,northeastern
C119,C42,northeastern
C119,C43,eastern
C119,C44,eastern
C119,C45,northern
C119,C46,northeastern
C119,C47,northeastern
C119,C48,northern
C119,C49,northern
C119,C50,northeastern
C119,C51,northeastern
C119,C52,northeastern
C119,C53,northeastern
C119,C70,southern
C119,C71,southern
C119,C72,southern
C119,C73,southeastern
C119,C74,southern
C119,C75,southern
C119,C76,southern
C119,C77,southern
C119,C78,southern
C119,C79,southern
C119,C80,southeastern
C119,C81,southeastern
C119,C82,southeastern
C119,C83,southeastern
C119,C84,southeastern
C119,C85,southeastern
C119,C86,southeastern
C119,C87,southeastern
C119,C88,southeastern
C119,C89,southeastern
C119,C90,southeastern
C119,C91,southeastern
C119,C92,southeastern
C119,C93,eastern
C119,C94,southeastern
C119,C116,eastern
C119,C117,southwestern
C119,C118,southern
C119,C120,eastern
C119,C121,western
C119,C122,southern
C119,C123,western
C119,C124,northern
C119,C125,northeastern
C120,C5,northeastern
C120,C37,eastern
C120,C38,eastern
C120,C39,eastern
C120,C40,northeastern
C120,C41,northeastern
C120,C42,northeastern
C120,C43,northeastern
C120,C44,eastern
C120,C45,northern
C120,C46,northern
C120,C47,northern
C120,C48,northern
C120,C49,northern
C120,C50,northern
C120,C51,northeastern
C120,C52,northern
C120,C53,northeastern
C120,C70,southern
C120,C71,southern
C120,C72,southern
C120,C73,southern
C120,C74,southwestern
C120,C75,southern
C120,C76,southern
C120,C77,southern
C120,C78,southern
C120,C79,southern
C120,C80,southern
C120,C81,southeastern
C120,C82,southern
C120,C83,southern
C120,C84,southeastern
C120,C85,southeastern
C120,C86,southeastern
C120,C87,southern
C120,C88,southeastern
C120,C89,southeastern
C120,C90,southeastern
C120,C91,southeastern
C120,C92,southeastern
C120,C93,eastern
C120,C94,southeastern
C120,C116,eastern
C120,C117,western
C120,C118,southwestern
C120,C119,western
C120,C121,western
C120,C122,southwestern
C120,C123,western
C120,C124,northwestern
C120,C125,northern
C121,C5,northeastern
C121,C37,eastern
C121,C38,eastern
C121,C39,eastern
C121,C40,northeastern
C121,C41,northeastern
C121,C42,northeastern
C121,C43,eastern
C121,C44,eastern
C121,C45,northeastern
C121,C46,northeastern
C121,C47,northeastern
C121,C48,northeastern
C121,C49,northeastern
C121,C50,northeastern
C121,C51,northeastern
C121,C52,northeastern
C121,C53,northeastern
C121,C70,southeastern
C121,C71,southeastern
C121,C72,southeastern
C121,C73,southeastern
C121,C74,southeastern
C121,C75,southeastern
C121,C76,southeastern
C121,C77,southeastern
C121,C78,southeastern
C121,C79,southeastern
C121,C80,southeastern
C121,C81,southeastern
C121,C82,southeastern
C121,C83,southeastern
C121,C84,southeastern
C121,C85,eastern
C121,C86,southeastern
C121,C87,southeastern
C121,C88,eastern
C121,C89,southeastern
C121,C90,southeastern
C121,C91,eastern
C121,C92,southeastern
C121,C93,eastern
C121,C94,southeastern
C121,C116,eastern
C121,C117,eastern
C121,C118,eastern
C121,C119,eastern
C121,C120,eastern
C121,C122,southeastern
C121,C123,northeastern
C121,C124,northeastern
C121,C125,northeastern
C122,C5,northeastern
C122,C37,eastern
C122,C38,northeastern
C122,C39,northeastern
C122,C40,northeastern
C122,C41,northeastern
C122,C42,northeastern
C122,C43,northeastern
C122,C44,eastern
C122,C45,northern
C122,C46,northern
C122,C47,northeastern
C122,C48,northern
C122,C49,northern
C122,C50,northern
C122,C51,northeastern
C122,C52,northeastern
C122,C53,northeastern
C122,C70,southern
C122,C71,southeastern
C122,C72,eastern
C122,C73,southeastern
C122,C74,southern
C122,C75,southern
C122,C76,southern
C122,C77,southeastern
C122,C78,southeastern
C122,C79,southern
C122,C80,eastern
C122,C81,southeastern
C122,C82,southeastern
C122,C83,southeastern
C122,C84,eastern
C122,C85,eastern
C122,C86,southeastern
C122,C87,southeastern
C122,C88,northeastern
C122,C89,eastern
C122,C90,southeastern
C122,C91,eastern
C122,C92,eastern
C122,C93,eastern
C122,C94,southeastern
C122,C116,northeastern
C122,C117,northwestern
C122,C118,northern
C122,C119,northern
C122,C120,northeastern
C122,C121,northwestern
C122,C123,northern
C122,C124,northern
C122,C125,northeastern
C123,C5,northeastern
C123,C37,eastern
C123,C38,eastern
C123,C39,eastern
C123,C40,northeastern
C123,C41,eastern
C123,C42,northeastern
C123,C43,eastern
C123,C44,eastern
C123,C45,northeastern
C123,C46,northeastern
C123,C47,northeastern
C123,C48,northeastern
C123,C49,northeastern
C123,C50,northeastern
C123,C51,northeastern
C123,C52,northeastern
C123,C53,northeastern
C123,C70,southern
C123,C71,southeastern
C123,C72,southeastern
C123,C73,southeastern
C123,C74,southern
C123,C75,southern
C123,C76,southern
C123,C77,southeastern
C123,C78,southeastern
C123,C79,southern
C123,C80,southeastern
C123,C81,southeastern
C123,C82,southeastern
C123,C83,southeastern
C123,C84,southeastern
C123,C85,southeastern
C123,C86,southeastern
C123,C87,southeastern
C123,C88,southeastern
C123,C89,southeastern
C123,C90,southeastern
C123,C91,southeastern
C123,C92,southeastern
C123,C93,eastern
C123,C94,southeastern
C123,C116,eastern
C123,C117,southern
C123,C118,southeastern
C123,C119,eastern
C123,C120,eastern
C123,C121,southwestern
C123,C122,southern
C123,C124,northeastern
C123,C125,northeastern
C124,C5,eastern
C124,C37,eastern
C124,C38,eastern
C124,C39,eastern
C124,C40,eastern
C124,C41,eastern
C124,C42,northeastern
C124,C43,eastern
C124,C44,eastern
C124,C45,northern
C124,C46,northeastern
C124,C47,northeastern
C124,C48,northern
C124,C49,northern
C124,C50,northeastern
C124,C51,northeastern
C124,C52,northeastern
C124,C53,northeastern
C124,C70,southern
C124,C71,southern
C124,C72,southern
C124,C73,southern
C124,C74,southern
C124,C75,southern
C124,C76,southern
C124,C77,southern
C124,C78,southern
C124,C79,southern
C124,C80,southern
C124,C81,southeastern
C124,C82,southeastern
C124,C83,southern
C124,C84,southeastern
C124,C85,southeastern
C124,C86,southeastern
C124,C87,southeastern
C124,C88,southeastern
C124,C89,southeastern
C124,C90,southeastern
C124,C91,southeastern
C124,C92,southeastern
C124,C93,southeastern
C124,C94,southeastern
C124,C116,eastern
C124,C117,southwestern
C124,C118,southern
C124,C119,southern
C124,C120,southeastern
C124,C121,southwestern
C124,C122,southern
C124,C123,southwestern
C124,C125,northeastern
C125,C5,eastern
C125,C37,eastern
C125,C38,eastern
C125,C39,eastern
C125,C40,eastern
C125,C41,eastern
C125,C42,northeastern
C125,C43,eastern
C125,C44,eastern
C125,C45,northwestern
C125,C46,northern
C125,C47,northeastern
C125,C48,northern
C125,C49,northwestern
C125,C50,northern
C125,C51,northeastern
C125,C52,northeastern
C125,C53,northeastern
C125,C70,southern
C125,C71,southern
C125,C72,southern
C125,C73,southern
C125,C74,southern
C125,C75,southern
C125,C76,southern
C125,C77,southern
C125,C78,southern
C125,C79,southern
C125,C80,southern
C125,C81,southern
C125,C82,southern
C125,C83,southern
C125,C84,southern
C125,C85,southern
C125,C86,southern
C125,C87,southern
C125,C88,southern
C125,C89,southeastern
C125,C90,southern
C125,C91,southeastern
C125,C92,southeastern
C125,C93,southeastern
C125,C94,southeastern
C125,C116,southeastern
C125,C117,southwestern
C125,C118,southwestern
C125,C119,southwestern
C125,C120,southern
C125,C121,southwestern
C125,C122,southwestern
C125,C123,southwestern
C125,C124,southwestern
C126,C8,northwestern
C126,C10,northwestern
C126,C127,western
C126,C128,western
C126,C129,northwestern
C126,C130,western
C126,C131,northwestern
C126,C132,southern
C126,C133,southwestern
C126,C134,northwestern
C126,C135,southern
C126,C136,southern
C126,C137,southwestern
C126,C138,northwestern
C126,C139,western
C126,C140,western
C126,C141,western
C126,C142,western
C126,C143,western
C126,C144,western
C126,C145,western
C126,C146,western
C126,C147,southwestern
C126,C148,southwestern
C126,C149,southwestern
C126,C150,southwestern
C126,C151,southwestern
C126,C152,southwestern
C126,C153,southwestern
C126,C154,southwestern
C126,C155,southwestern
C126,C156,southwestern
C126,C157,southwestern
C126,C158,southwestern
C126,C159,southwestern
C126,C160,southwestern
C126,C161,southwestern
C126,C162,southwestern
C126,C163,southwestern
C126,C164,southwestern
C126,C165,southern
C126,C319,northwestern
C126,C320,northwestern
C126,C321,northwestern
C126,C322,northwestern
C126,C323,northwestern
C126,C324,northwestern
C126,C325,northwestern
C126,C326,northwestern
C126,C327,northwestern
C126,C340,northern
C126,C341,northern
C126,C342,northwestern
C126,C343,northern
C126,C344,northern
C126,C345,northern
C126,C346,northwestern
C126,C347,northern
C126,C348,northern
C126,C349,northern
C126,C350,northern
C126,C351,northern
C126,C352,northeastern
C126,C353,northern
C126,C354,northern
C126,C355,northeastern
C126,C356,eastern
C126,C357,northeastern
C126,C358,eastern
C126,C359,eastern
C126,C360,eastern
C126,C361,southeastern
C127,C8,northwestern
C127,C10,northwestern
C127,C126,eastern
C127,C128,northeastern
C127,C129,northern
C127,C130,northwestern
C127,C131,northeastern
C127,C132,southeastern
C127,C133,southeastern
C127,C134,northern
C127,C135,eastern
C127,C136,southeastern
C127,C137,eastern
C127,C138,northern
C127,C139,western
C127,C140,northwestern
C127,C141,northwestern
C127,C142,northwestern
C127,C143,western
C127,C144,southwestern
C127,C145,southwestern
C127,C146,northwestern
C127,C147,southwestern
C127,C148,southern
C127,C149,southwestern
C127,C150,southern
C127,C151,southern
C127,C152,southern
C127,C153,southwestern
C127,C154,southwestern
C127,C155,southern
C127,C156,southwestern
C127,C157,southwestern
C127,C158,southwestern
C127,C159,southern
C127,C160,southwestern
C127,C161,southwestern
C127,C162,southwestern
C127,C163,southwestern
C127,C164,southwestern
C127,C165,southeastern
C127,C319,northern
C127,C320,northern
C127,C321,northern
C127,C322,northern
C127,C323,northern
C127,C324,northern
C127,C325,northern
C127,C326,northern
C127,C327,northern
C127,C340,northeastern
C127,C341,northeastern
C127,C342,northern
C127,C343,northeastern
C127,C344,northeastern
C127,C345,northern
C127,C346,northeastern
C127,C347,northeastern
C127,C348,northeastern
C127,C349,northeastern
C127,C350,northern
C127,C351,northeastern
C127,C352,northeastern
C127,C353,northern
C127,C354,northeastern
C127,C355,northeastern
C127,C356,eastern
C127,C357,northeastern
C127,C358,eastern
C127,C359,eastern
C127,C360,eastern
C127,C361,eastern
C128,C8,northwestern
C128,C10,northwestern
C128,C126,eastern
C128,C127,southwestern
C128,C129,northwestern
C128,C130,western
C128,C131,northwestern
C128,C132,southeastern
C128,C133,southern
C128,C134,northwestern
C128,C135,southeastern
C128,C136,southern
C128,C137,southern
C128,C138,northwestern
C128,C139,western
C128,C140,western
C128,C141,western
C128,C142,western
C128,C143,western
C128,C144,southwestern
C128,C145,southwestern
C128,C146,western
C128,C147,southwestern
C128,C148,southwestern
C128,C149,southwestern
C128,C150,southern
C128,C151,southwestern
C128,C152,southwestern
C128,C153,southwestern
C128,C154,southwestern
C128,C155,southwestern
C128,C156,southwestern
C128,C157,southwestern
C128,C158,southwestern
C128,C159,southwestern
C128,C160,southwestern
C128,C161,southwestern
C128,C162,southwestern
C128,C163,southwestern
C128,C164,southwestern
C128,C165,southern
C128,C319,northern
C128,C320,northwestern
C128,C321,northwestern
C128,C322,northwestern
C128,C323,northern
C128,C324,northwestern
C128,C325,northwestern
C128,C326,northern
C128,C327,northern
C128,C340,northern
C128,C341,northeastern
C128,C342,northern
C128,C343,northern
C128,C344,northeastern
C128,C345,northern
C128,C346,northern
C128,C347,northern
C128,C348,northeastern
C128,C349,northern
C128,C350,northern
C128,C351,northeastern
C128,C352,northeastern
C128,C353,northern
C128,C354,northeastern
C128,C355,northeastern
C128,C356,eastern
C128,C357,northeastern
C128,C358,eastern
C128,C359,eastern
C128,C360,eastern
C128,C361,eastern
C129,C8,northwestern
C129,C10,northwestern
C129,C126,southeastern
C129,C127,southern
C129,C128,southeastern
C129,C130,southern
C129,C131,southeastern
C129,C132,southeastern
C129,C133,southeastern
C129,C134,northern
C129,C135,southeastern
C129,C136,southeastern
C129,C137,southeastern
C129,C138,southeastern
C129,C139,southwestern
C129,C140,southwestern
C129,C141,southwestern
C129,C142,western
C129,C143,southwestern
C129,C144,southern
C129,C145,southern
C129,C146,southwestern
C129,C147,southwestern
C129,C148,southern
C129,C149,southwestern
C129,C150,southern
C129,C151,southern
C129,C152,southern
C129,C153,southern
C129,C154,southern
C129,C155,southern
C129,C156,southern
C129,C157,southwestern
C129,C158,southwestern
C129,C159,southern
C129,C160,southern
C129,C161,southern
C129,C162,southwestern
C129,C163,southern
C129,C164,southern
C129,C165,southeastern
C129,C319,northeastern
C129,C320,northern
C129,C321,northern
C129,C322,northern
C129,C323,northern
C129,C324,northern
C129,C325,northern
C129,C326,northern
C129,C327,northern
C129,C340,northeastern
C129,C341,northeastern
C129,C342,eastern
C129,C343,northeastern
C129,C344,eastern
C129,C345,northeastern
C129,C346,eastern
C129,C347,eastern
C129,C348,eastern
C129,C349,northeastern
C129,C350,northeastern
C129,C351,northeastern
C129,C352,eastern
C129,C353,northeastern
C129,C354,eastern
C129,C355,eastern
C129,C356,southeastern
C129,C357,eastern
C129,C358,eastern
C129,C359,eastern
C129,C360,eastern
C129,C361,southeastern
C130,C8,northwestern
C130,C10,northwestern
C130,C126,eastern
C130,C127,southeastern
C130,C128,eastern
C130,C129,northern
C130,C131,northeastern
C130,C132,southeastern
C130,C133,southeastern
C130,C134,northern
C130,C135,eastern
C130,C136,southeastern
C130,C137,southeastern
C130,C138,northern
C130,C139,western
C130,C140,western
C130,C141,western
C130,C142,northwestern
C130,C143,western
C130,C144,southwestern
C130,C145,southwestern
C130,C146,northwestern
C130,C147,southwestern
C130,C148,southern
C130,C149,southwestern
C130,C150,southern
C130,C151,southern
C130,C152,southern
C130,C153,southwestern
C130,C154,southwestern
C130,C155,southern
C130,C156,southern
C130,C157,southwestern
C130,C158,southwestern
C130,C159,southern
C130,C160,southwestern
C130,C161,southern
C130,C162,southwestern
C130,C163,southwestern
C130,C164,southern
C130,C165,southeastern
C130,C319,northern
C130,C320,northern
C130,C321,northern
C130,C322,northern
C130,C323,northern
C130,C324,northern
C130,C325,northern
C130,C326,northern
C130,C327,northern
C130,C340,northeastern
C130,C341,northeastern
C130,C342,northeastern
C130,C343,northeastern
C130,C344,northeastern
C130,C345,northeastern
C130,C346,northeastern
C130,C347,northeastern
C130,C348,eastern
C130,C349,northeastern
C130,C350,northeastern
C130,C351,northeastern
C130,C352,northeastern
C130,C353,northeastern
C130,C354,northeastern
C130,C355,eastern
C130,C356,eastern
C130,C357,northeastern
C130,C358,eastern
C130,C359,eastern
C130,C360,eastern
C130,C361,eastern
C131,C8,northwestern
C131,C10,northwestern
C131,C126,southeastern
C131,C127,southwestern
C131,C128,southeastern
C131,C129,northwestern
C131,C130,southwestern
C131,C132,southeastern
C131,C133,southern
C131,C134,northwestern
C131,C135,southeastern
C131,C136,southern
C131,C137,southern
C131,C138,northwestern
C131,C139,western
C131,C140,western
C131,C141,western
C131,C142,western
C131,C143,western
C131,C144,southwestern
C131,C145,southwestern
C131,C146,western
C131,C147,southwestern
C131,C148,southern
C131,C149,southwestern
C131,C150,southern
C131,C151,southern
C131,C152,southwestern
C131,C153,southwestern
C131,C154,southwestern
C131,C155,southwestern
C131,C156,southwestern
C131,C157,southwestern
C131,C158,southwestern
C131,C159,southern
C131,C160,southwestern
C131,C161,southwestern
C131,C162,southwestern
C131,C163,southwestern
C131,C164,southwestern
C131,C165,southern
C131,C319,northern
C131,C320,northwestern
C131,C321,northwestern
C131,C322,northwestern
C131,C323,northern
C131,C324,northwestern
C131,C325,northwestern
C131,C326,northern
C131,C327,northern
C131,C340,northeastern
C131,C341,northeastern
C131,C342,northern
C131,C343,northeastern
C131,C344,northeastern
C131,C345,northern
C131,C346,northern
C131,C347,northeastern
C131,C348,eastern
C131,C349,northeastern
C131,C350,northern
C131,C351,northeastern
C131,C352,northeastern
C131,C353,northern
C131,C354,northeastern
C131,C355,eastern
C131,C356,eastern
C131,C357,northeastern
C131,C358,eastern
C131,C359,eastern
C131,C360,eastern
C131,C361,southeastern
C132,C8,northwestern
C132,C10,northwestern
C132,C126,northern
C132,C127,northwestern
C132,C128,northwestern
C132,C129,northwestern
C132,C130,northwestern
C132,C131,northwestern
C132,C133,western
C132,C134,northwestern
C132,C135,northern
C132,C136,western
C132,C137,northwestern
C132,C138,northwestern
C132,C139,western
C132,C140,northwestern
C132,C141,northwestern
C132,C142,northwestern
C132,C143,northwestern
C132,C144,western
C132,C145,western
C132,C146,northwestern
C132,C147,western
C132,C148,southwestern
C132,C149,western
C132,C150,southwestern
C132,C151,southwestern
C132,C152,southwestern
C132,C153,western
C132,C154,southwestern
C132,C155,western
C132,C156,western
C132,C157,western
C132,C158,southwestern
C132,C159,western
C132,C160,western
C132,C161,western
C132,C162,western
C132,C163,western
C132,C164,southwestern
C132,C165,southwestern
C132,C319,northern
C132,C320,northwestern
C132,C321,northwestern
C132,C322,northwestern
C132,C323,northern
C132,C324,northwestern
C132,C325,northwestern
C132,C326,northwestern
C132,C327,northwestern
C132,C340,northern
C132,C341,northern
C132,C342,northern
C132,C343,northern
C132,C344,northern
C132,C345,northern
C132,C346,northern
C132,C347,northern
C132,C348,northern
C132,C349,northern
C132,C350,northern
C132,C351,northern
C132,C352,northern
C132,C353,northern
C132,C354,northern
C132,C355,northeastern
C132,C356,northern
C132,C357,northeastern
C132,C358,northeastern
C132,C359,northeastern
C132,C360,northeastern
C132,C361,northeastern
C133,C8,northwestern
C133,C10,northwestern
C133,C126,northeastern
C133,C127,northwestern
C133,C128,northern
C133,C129,northwestern
C133,C130,northwestern
C133,C131,northern
C133,C132,eastern
C133,C134,northern
C133,C135,northeastern
C133,C136,southeastern
C133,C137,northern
C133,C138,northern
C133,C139,western
C133,C140,northwestern
C133,C141,northwestern
C133,C142,northwestern
C133,C143,northwestern
C133,C144,western
C133,C145,western
C133,C146,northwestern
C133,C147,southwestern
C133,C148,southwestern
C133,C149,western
C133,C150,southern
C133,C151,southwestern
C133,C152,southwestern
C133,C153,western
C133,C154,southwestern
C133,C155,western
C133,C156,western
C133,C157,western
C133,C158,southwestern
C133,C159,southwestern
C133,C160,southwestern
C133,C161,southwestern
C133,C162,southwestern
C133,C163,western
C133,C164,southwestern
C133,C165,southern
C133,C319,northern
C133,C320,northern
C133,C321,northern
C133,C322,northwestern
C133,C323,northern
C133,C324,northern
C133,C325,northern
C133,C326,northern
C133,C327,northern
C133,C340,northern
C133,C341,northeastern
C133,C342,northern
C133,C343,northern
C133,C344,northeastern
C133,C345,northern
C133,C346,northern
C133,C347,northern
C133,C348,northeastern
C133,C349,northern
C133,C350,northern
C133,C351,northeastern
C133,C352,northeastern
C133,C353,northern
C133,C354,northern
C133,C355,northeastern
C133,C356,northeastern
C133,C357,northeastern
C133,C358,northeastern
C133,C359,northeastern
C133,C360,northeastern
C133,C361,eastern
C134,C8,western
C134,C10,western
C134,C126,southeastern
C134,C127,southern
C134,C128,southeastern
C134,C129,southern
C134,C130,southern
C134,C131,southeastern
C134,C132,southeastern
C134,C133,southern
C134,C135,southeastern
C134,C136,southeastern
C134,C137,southeastern
C134,C138,southern
C134,C139,southwestern
C134,C140,southwestern
C134,C141,southern
C134,C142,southwestern
C134,C143,southwestern
C134,C144,southern
C134,C145,southern
C134,C146,southwestern
C134,C147,southwestern
C134,C148,southern
C134,C149,southwestern
C134,C150,southern
C134,C151,southern
C134,C152,southern
C134,C153,southern
C134,C154,southern
C134,C155,southern
C134,C156,southern
C134,C157,southwestern
C134,C158,southwestern
C134,C159,southern
C134,C160,southern
C134,C161,southern
C134,C162,southwestern
C134,C163,southern
C134,C164,southern
C134,C165,southern
C134,C319,northeastern
C134,C320,northern
C134,C321,northern
C134,C322,northwestern
C134,C323,northern
C134,C324,northwestern
C134,C325,northwestern
C134,C326,northern
C134,C327,northern
C134,C340,eastern
C134,C341,eastern
C134,C342,eastern
C134,C343,northeastern
C134,C344,eastern
C134,C345,northeastern
C134,C346,southeastern
C134,C347,eastern
C134,C348,southeastern
C134,C349,northeastern
C134,C350,northeastern
C134,C351,eastern
C134,C352,eastern
C134,C353,eastern
C134,C354,eastern
C134,C355,eastern
C134,C356,southeastern
C134,C357,eastern
C134,C358,eastern
C134,C359,eastern
C134,C360,southeastern
C134,C361,southeastern
C135,C8,northwestern
C135,C10,northwestern
C135,C126,northern
C135,C127,western
C135,C128,northwestern
C135,C129,northwestern
C135,C130,western
C135,C131,northwestern
C135,C132,southern
C135,C133,southwestern
C135,C134,northwestern
C135,C136,southwestern
C135,C137,western
C135,C138,northwestern
C135,C139,western
C135,C140,western
C135,C141,western
C135,C142,western
C135,C143,western
C135,C144,western
C135,C145,western
C135,C146,northwestern
C135,C147,southwestern
C135,C148,southwestern
C135,C149,western
C135,C150,southwestern
C135,C151,southwestern
C135,C152,southwestern
C135,C153,western
C135,C154,southwestern
C135,C155,western
C135,C156,southwestern
C135,C157,western
C135,C158,southwestern
C135,C159,southwestern
C135,C160,southwestern
C135,C161,southwestern
C135,C162,southwestern
C135,C163,western
C135,C164,southwestern
C135,C165,southwestern
C135,C319,northwestern
C135,C320,northwestern
C135,C321,northwestern
C135,C322,northwestern
C135,C323,northern
C135,C324,northwestern
C135,C325,northwestern
C135,C326,northwestern
C135,C327,northwestern
C135,C340,northern
C135,C341,northern
C135,C342,northwestern
C135,C343,northern
C135,C344,northern
C135,C345,northern
C135,C346,northern
C135,C347,northern
C135,C348,northern
C135,C349,northern
C135,C350,northern
C135,C351,northern
C135,C352,northeastern
C135,C353,northern
C135,C354,northern
C135,C355,northeastern
C135,C356,northeastern
C135,C357,northeastern
C135,C358,eastern
C135,C359,northeastern
C135,C360,northeastern
C135,C361,eastern
C136,C8,northwestern
C136,C10,northwestern
C136,C126,northern
C136,C127,northwestern
C136,C128,northern
C136,C129,northwestern
C136,C130,northwestern
C136,C131,northern
C136,C132,eastern
C136,C133,northwestern
C136,C134,northwestern
C136,C135,northeastern
C136,C137,northwestern
C136,C138,northwestern
C136,C139,western
C136,C140,northwestern
C136,C141,northwestern
C136,C142,northwestern
C136,C143,northwestern
C136,C144,western
C136,C145,western
C136,C146,northwestern
C136,C147,western
C136,C148,southwestern
C136,C149,western
C136,C150,southwestern
C136,C151,southwestern
C136,C152,southwestern
C136,C153,western
C136,C154,southwestern
C136,C155,western
C136,C156,western
C136,C157,western
C136,C158,southwestern
C136,C159,western
C136,C160,western
C136,C161,western
C136,C162,western
C136,C163,western
C136,C164,southwestern
C136,C165,southern
C136,C319,northern
C136,C320,northern
C136,C321,northern
C136,C322,northwestern
C136,C323,northern
C136,C324,northwestern
C136,C325,northwestern
C136,C326,northern
C136,C327,northern
C136,C340,northern
C136,C341,northern
C136,C342,northern
C136,C343,northern
C136,C344,northern
C136,C345,northern
C136,C346,northern
C136,C347,northern
C136,C348,northern
C136,C349,northern
C136,C350,northern
C136,C351,northern
C136,C352,northeastern
C136,C353,northern
C136,C354,northern
C136,C355,northeastern
C136,C356,northeastern
C136,C357,northeastern
C136,C358,northeastern
C136,C359,northeastern
C136,C360,northeastern
C136,C361,northeastern
C137,C8,northwestern
C137,C10,northwestern
C137,C126,northeastern
C137,C127,northwestern
C137,C128,northern
C137,C129,northwestern
C137,C130,northwestern
C137,C131,northern
C137,C132,southeastern
C137,C133,southern
C137,C134,northwestern
C137,C135,eastern
C137,C136,southeastern
C137,C138,northwestern
C137,C139,western
C137,C140,northwestern
C137,C141,northwestern
C137,C142,northwestern
C137,C143,western
C137,C144,western
C137,C145,western
C137,C146,northwestern
C137,C147,southwestern
C137,C148,southwestern
C137,C149,southwestern
C137,C150,southern
C137,C151,southwestern
C137,C152,southwestern
C137,C153,southwestern
C137,C154,southwestern
C137,C155,southwestern
C137,C156,southwestern
C137,C157,southwestern
C137,C158,southwestern
C137,C159,southwestern
C137,C160,southwestern
C137,C161,southwestern
C137,C162,southwestern
C137,C163,southwestern
C137,C164,southwestern
C137,C165,southern
C137,C319,northern
C137,C320,northern
C137,C321,northern
C137,C322,northwestern
C137,C323,northern
C137,C324,northwestern
C137,C325,northwestern
C137,C326,northern
C137,C327,northern
C137,C340,northern
C137,C341,northeastern
C137,C342,northern
C137,C343,northern
C137,C344,northeastern
C137,C345,northern
C137,C346,northern
C137,C347,northern
C137,C348,northeastern
C137,C349,northern
C137,C350,northern
C137,C351,northeastern
C137,C352,northeastern
C137,C353,northern
C137,C354,northeastern
C137,C355,northeastern
C137,C356,northeastern
C137,C357,northeastern
C137,C358,eastern
C137,C359,northeastern
C137,C360,eastern
C137,C361,eastern
C138,C8,northwestern
C138,C10,northwestern
C138,C126,southeastern
C138,C127,southern
C138,C128,southeastern
C138,C129,northwestern
C138,C130,southern
C138,C131,southeastern
C138,C132,southeastern
C138,C133,southern
C138,C134,northern
C138,C135,southeastern
C138,C136,southeastern
C138,C137,southeastern
C138,C139,southwestern
C138,C140,western
C138,C141,southwestern
C138,C142,western
C138,C143,southwestern
C138,C144,southern
C138,C145,southwestern
C138,C146,western
C138,C147,southwestern
C138,C148,southern
C138,C149,southwestern
C138,C150,southern
C138,C151,southern
C138,C152,southern
C138,C153,southern
C138,C154,southwestern
C138,C155,southern
C138,C156,southern
C138,C157,southwestern
C138,C158,southwestern
C138,C159,southern
C138,C160,southern
C138,C161,southern
C138,C162,southwestern
C138,C163,southwestern
C138,C164,southern
C138,C165,southern
C138,C319,northern
C138,C320,northern
C138,C321,northern
C138,C322,northwestern
C138,C323,northern
C138,C324,northern
C138,C325,northern
C138,C326,northern
C138,C327,northern
C138,C340,northeastern
C138,C341,northeastern
C138,C342,northeastern
C138,C343,northeastern
C138,C344,eastern
C138,C345,northeastern
C138,C346,eastern
C138,C347,northeastern
C138,C348,eastern
C138,C349,northeastern
C138,C350,northeastern
C138,C351,northeastern
C138,C352,eastern
C138,C353,northeastern
C138,C354,northeastern
C138,C355,eastern
C138,C356,eastern
C138,C357,eastern
C138,C358,eastern
C138,C359,eastern
C138,C360,eastern
C138,C361,southeastern
C139,C8,northern
C139,C9,northern
C139,C27,northwestern
C139,C28,northern
C139,C29,northern
C139,C30,northwestern
C139,C31,northwestern
C139,C32,northern
C139,C33,northwestern
C139,C34,northwestern
C139,C35,northern
C139,C36,northern
C139,C68,western
C139,C69,northwestern
C139,C126,eastern
C139,C127,eastern
C139,C128,eastern
C139,C129,northeastern
C139,C130,eastern
C139,C131,eastern
C139,C132,eastern
C139,C133,eastern
C139,C134,northeastern
C139,C135,eastern
C139,C136,eastern
C139,C137,eastern
C139,C138,northeastern
C139,C140,northern
C139,C141,northeastern
C139,C142,northwestern
C139,C143,northern
C139,C144,eastern
C139,C145,southern
C139,C146,northern
C139,C147,southern
C139,C148,southern
C139,C149,southwestern
C139,C150,southeastern
C139,C151,southeastern
C139,C152,southern
C139,C153,southeastern
C139,C154,southern
C139,C155,southeastern
C139,C156,southeastern
C139,C157,southern
C139,C158,southern
C139,C159,southeastern
C139,C160,southern
C139,C161,southern
C139,C162,southwestern
C139,C163,southern
C139,C164,southern
C139,C165,southeastern
C140,C8,northeastern
C140,C9,northern
C140,C27,northwestern
C140,C28,northwestern
C140,C29,northern
C140,C30,northwestern
C140,C31,western
C140,C32,northwestern
C140,C33,western
C140,C34,northwestern
C140,C35,northern
C140,C36,northern
C140,C68,southwestern
C140,C69,southwestern
C140,C126,eastern
C140,C127,southeastern
C140,C128,eastern
C140,C129,northeastern
C140,C130,eastern
C140,C131,eastern
C140,C132,southeastern
C140,C133,southeastern
C140,C134,northeastern
C140,C135,eastern
C140,C136,southeastern
C140,C137,southeastern
C140,C138,eastern
C140,C139,southern
C140,C141,southeastern
C140,C142,northwestern
C140,C143,southeastern
C140,C144,southeastern
C140,C145,southern
C140,C146,eastern
C140,C147,southern
C140,C148,southern
C140,C149,southern
C140,C150,southeastern
C140,C151,southern
C140,C152,southern
C140,C153,southern
C140,C154,southern
C140,C155,southeastern
C140,C156,southeastern
C140,C157,southern
C140,C158,southern
C140,C159,southeastern
C140,C160,southern
C140,C161,southern
C140,C162,southern
C140,C163,southern
C140,C164,southern
C140,C165,southeastern
C141,C8,northern
C141,C9,northwestern
C141,C27,northwestern
C141,C28,northwestern
C141,C29,northwestern
C141,C30,northwestern
C141,C31,western
C141,C32,northwestern
C141,C33,western
C141,C34,northwestern
C141,C35,northern
C141,C36,northwestern
C141,C68,southwestern
C141,C69,western
C141,C126,eastern
C141,C127,southeastern
C141,C128,eastern
C141,C129,northeastern
C141,C130,eastern
C141,C131,eastern
C141,C132,southeastern
C141,C133,southeastern
C141,C134,northern
C141,C135,eastern
C141,C136,southeastern
C141,C137,southeastern
C141,C138,northeastern
C141,C139,southwestern
C141,C140,northwestern
C141,C142,northwestern
C141,C143,western
C141,C144,southern
C141,C145,southern
C141,C146,northern
C141,C147,southwestern
C141,C148,southern
C141,C149,southwestern
C141,C150,southeastern
C141,C151,southern
C141,C152,southern
C141,C153,southern
C141,C154,southern
C141,C155,southeastern
C141,C156,southern
C141,C157,southwestern
C141,C158,southwestern
C141,C159,southeastern
C141,C160,southern
C141,C161,southern
C141,C162,southwestern
C141,C163,southern
C141,C164,southern
C141,C165,southeastern
C142,C8,northeastern
C142,C9,northern
C142,C27,northwestern
C142,C28,northern
C142,C29,northern
C142,C30,northwestern
C142,C31,western
C142,C32,northern
C142,C33,western
C142,C34,northwestern
C142,C35,northern
C142,C36,northern
C142,C68,southern
C142,C69,southwestern
C142,C126,eastern
C142,C127,southeastern
C142,C128,eastern
C142,C129,eastern
C142,C130,southeastern
C142,C131,eastern
C142,C132,southeastern
C142,C133,southeastern
C142,C134,northeastern
C142,C135,eastern
C142,C136,southeastern
C142,C137,southeastern
C142,C138,eastern
C142,C139,southeastern
C142,C140,southeastern
C142,C141,southeastern
C142,C143,southeastern
C142,C144,southeastern
C142,C145,southern
C142,C146,eastern
C142,C147,southern
C142,C148,southern
C142,C149,southern
C142,C150,southeastern
C142,C151,southeastern
C142,C152,southern
C142,C153,southeastern
C142,C154,southern
C142,C155,southeastern
C142,C156,southeastern
C142,C157,southern
C142,C158,southern
C142,C159,southeastern
C142,C160,southern
C142,C161,southern
C142,C162,southern
C142,C163,southern
C142,C164,southern
C142,C165,southeastern
C143,C8,northern
C143,C9,northwestern
C143,C27,northwestern
C143,C28,northwestern
C143,C29,northern
C143,C30,northwestern
C143,C31,northwestern
C143,C32,northwestern
C143,C33,western
C143,C34,northwestern
C143,C35,northern
C143,C36,northern
C143,C68,southwestern
C143,C69,western
C143,C126,eastern
C143,C127,eastern
C143,C128,eastern
C143,C129,northeastern
C143,C130,eastern
C143,C131,eastern
C143,C132,southeastern
C143,C133,southeastern
C143,C134,northeastern
C143,C135,eastern
C143,C136,southeastern
C143,C137,eastern
C143,C138,northeastern
C143,C139,southern
C143,C140,northwestern
C143,C141,eastern
C143,C142,northwestern
C143,C144,southeastern
C143,C145,southern
C143,C146,northeastern
C143,C147,southern
C143,C148,southern
C143,C149,southwestern
C143,C150,southeastern
C143,C151,southern
C143,C152,southern
C143,C153,southern
C143,C154,southern
C143,C155,southeastern
C143,C156,southeastern
C143,C157,southern
C143,C158,southern
C143,C159,southeastern
C143,C160,southern
C143,C161,southern
C143,C162,southern
C143,C163,southern
C143,C164,southern
C143,C165,southeastern
C144,C8,northern
C144,C9,northwestern
C144,C27,northwestern
C144,C28,northwestern
C144,C29,northwestern
C144,C30,northwestern
C144,C31,northwestern
C144,C32,northwestern
C144,C33,northwestern
C144,C34,northwestern
C144,C35,northern
C144,C36,northwestern
C144,C68,western
C144,C69,northwestern
C144,C126,eastern
C144,C127,northeastern
C144,C128,northeastern
C144,C129,northern
C144,C130,northeastern
C144,C131,northeastern
C144,C132,eastern
C144,C133,eastern
C144,C134,northern
C144,C135,eastern
C144,C136,eastern
C144,C137,eastern
C144,C138,northern
C144,C139,western
C144,C140,northwestern
C144,C141,northern
C144,C142,northwestern
C144,C143,northwestern
C144,C145,southwestern
C144,C146,northern
C144,C147,southwestern
C144,C148,southern
C144,C149,southwestern
C144,C150,southeastern
C144,C151,southern
C144,C152,southern
C144,C153,southern
C144,C154,southwestern
C144,C155,southeastern
C144,C156,southern
C144,C157,southwestern
C144,C158,southwestern
C144,C159,southeastern
C144,C160,southern
C144,C161,southern
C144,C162,southwestern
C144,C163,southwestern
C144,C164,southern
C144,C165,southeastern
C145,C8,northern
C145,C9,northern
C145,C27,northwestern
C145,C28,northern
C145,C29,northern
C145,C30,northwestern
C145,C31,northwestern
C145,C32,northern
C145,C33,northwestern
C145,C34,northwestern
C145,C35,northern
C145,C36,northern
C145,C68,western
C145,C69,northwestern
C145,C126,eastern
C145,C127,northeastern
C145,C128,northeastern
C145,C129,northern
C145,C130,northeastern
C145,C131,northeastern
C145,C132,eastern
C145,C133,eastern
C145,C134,northern
C145,C135,eastern
C145,C136,eastern
C145,C137,eastern
C145,C138,northeastern
C145,C139,northern
C145,C140,northern
C145,C141,northern
C145,C142,northern
C145,C143,northern
C145,C144,northeastern
C145,C146,northern
C145,C147,southwestern
C145,C148,southern
C145,C149,southwestern
C145,C150,southeastern
C145,C151,southeastern
C145,C152,southern
C145,C153,southeastern
C145,C154,southern
C145,C155,eastern
C145,C156,southeastern
C145,C157,southwestern
C145,C158,southwestern
C145,C159,southeastern
C145,C160,southern
C145,C161,southern
C145,C162,southwestern
C145,C163,southern
C145,C164,southern
C145,C165,southeastern
C146,C8,northern
C146,C9,northwestern
C146,C27,northwestern
C146,C28,northwestern
C146,C29,northwestern
C146,C30,western
C146,C31,western
C146,C32,northwestern
C146,C33,western
C146,C34,northwestern
C146,C35,northern
C146,C36,northwestern
C146,C68,southwestern
C146,C69,southwestern
C146,C126,eastern
C146,C127,southeastern
C146,C128,eastern
C146,C129,northeastern
C146,C130,southeastern
C146,C131,eastern
C146,C132,southeastern
C146,C133,southeastern
C146,C134,northeastern
C146,C135,southeastern
C146,C136,southeastern
C146,C137,southeastern
C146,C138,eastern
C146,C139,southern
C146,C140,western
C146,C141,southern
C146,C142,western
C146,C143,southwestern
C146,C144,southern
C146,C145,southern
C146,C147,southern
C146,C148,southern
C146,C149,southwestern
C146,C150,southeastern
C146,C151,southern
C146,C152,southern
C146,C153,southern
C146,C154,southern
C146,C155,southeastern
C146,C156,southern
C146,C157,southern
C146,C158,southern
C146,C159,southeastern
C146,C160,southern
C146,C161,southern
C146,C162,southwestern
C146,C163,southern
C146,C164,southern
C146,C165,southeastern
C147,C67,eastern
C147,C68,northern
C147,C95,northwestern
C147,C96,northwestern
C147,C97,northwestern
C147,C98,northwestern
C147,C99,northwestern
C147,C100,northwestern
C147,C101,northwestern
C147,C102,northwestern
C147,C103,northwestern
C147,C104,northern
C147,C105,southwestern
C147,C106,southwestern
C147,C107,southwestern
C147,C108,southwestern
C147,C109,southwestern
C147,C110,southwestern
C147,C111,southwestern
C147,C112,southwestern
C147,C113,southwestern
C147,C114,western
C147,C115,western
C147,C126,northeastern
C147,C127,northeastern
C147,C128,northeastern
C147,C129,northeastern
C147,C130,northeastern
C147,C131,northeastern
C147,C132,eastern
C147,C133,northeastern
C147,C134,northeastern
C147,C135,northeastern
C147,C136,northeastern
C147,C137,northeastern
C147,C138,northeastern
C147,C139,northern
C147,C140,northern
C147,C141,northeastern
C147,C142,northern
C147,C143,northern
C147,C144,northeastern
C147,C145,northeastern
C147,C146,northern
C147,C148,eastern
C147,C149,northwestern
C147,C150,eastern
C147,C151,eastern
C147,C152,eastern
C147,C153,northeastern
C147,C154,southern
C147,C155,northeastern
C147,C156,northeastern
C147,C157,northern
C147,C158,southern
C147,C159,northeastern
C147,C160,northeastern
C147,C161,northeastern
C147,C162,southwestern
C147,C163,northeastern
C147,C164,southeastern
C147,C165,eastern
C148,C67,northwestern
C148,C68,northwestern
C148,C95,northwestern
C148,C96,northwestern
C148,C97,northwestern
C148,C98,northwestern
C148,C99,northwestern
C148,C100,northwestern
C148,C101,northwestern
C148,C102,northwestern
C148,C103,northwestern
C148,C104,northwestern
C148,C105,western
C148,C106,southwestern
C148,C107,southwestern
C148,C108,western
C148,C109,western
C148,C110,western
C148,C111,western
C148,C112,western
C148,C113,western
C148,C114,western
C148,C115,western
C148,C126,northeastern
C148,C127,northern
C148,C128,northeastern
C148,C129,northern
C148,C130,northern
C148,C131,northern
C148,C132,northeastern
C148,C133,northeastern
C148,C134,northern
C148,C135,northeastern
C148,C136,northeastern
C148,C137,northeastern
C148,C138,northern
C148,C139,northern
C148,C140,northern
C148,C141,northern
C148,C142,northern
C148,C143,northern
C148,C144,northern
C148,C145,northern
C148,C146,northern
C148,C147,western
C148,C149,northwestern
C148,C150,northeastern
C148,C151,northern
C148,C152,northern
C148,C153,northern
C148,C154,western
C148,C155,northern
C148,C156,northern
C148,C157,northwestern
C148,C158,western
C148,C159,northeastern
C148,C160,northwestern
C148,C161,northern
C148,C162,western
C148,C163,northwestern
C148,C164,western
C148,C165,northeastern
C149,C67,southeastern
C149,C68,northern
C149,C95,northwestern
C149,C96,northwestern
C149,C97,northwestern
C149,C98,northwestern
C149,C99,western
C149,C100,northwestern
C149,C101,northwestern
C149,C102,northwestern
C149,C103,northwestern
C149,C104,northern
C149,C105,southern
C149,C106,southwestern
C149,C107,southwestern
C149,C108,southwestern
C149,C109,southwestern
C149,C110,southwestern
C149,C111,southwestern
C149,C112,southwestern
C149,C113,southwestern
C149,C114,southwestern
C149,C115,southwestern
C149,C126,northeastern
C149,C127,northeastern
C149,C128,northeastern
C149,C129,northeastern
C149,C130,northeastern
C149,C131,northeastern
C149,C132,eastern
C149,C133,eastern
C149,C134,northeastern
C149,C135,northeastern
C149,C136,eastern
C149,C137,northeastern
C149,C138,northeastern
C149,C139,northeastern
C149,C140,northern
C149,C141,northeastern
C149,C142,northern
C149,C143,northeastern
C149,C144,northeastern
C149,C145,northeastern
C149,C146,northeastern
C149,C147,southeastern
C149,C148,southeastern
C149,C150,eastern
C149,C151,eastern
C149,C152,eastern
C149,C153,northeastern
C149,C154,southern
C149,C155,northeastern
C149,C156,eastern
C149,C157,northeastern
C149,C158,southern
C149,C159,eastern
C149,C160,eastern
C149,C161,eastern
C149,C162,southern
C149,C163,northeastern
C149,C164,southeastern
C149,C165,eastern
C150,C67,western
C150,C68,northwestern
C150,C95,northwestern
C150,C96,northwestern
C150,C97,western
C150,C98,western
C150,C99,western
C150,C100,western
C150,C101,western
C150,C102,western
C150,C103,northwestern
C150,C104,western
C150,C105,southwestern
C150,C106,southwestern
C150,C107,southwestern
C150,C108,western
C150,C109,southwestern
C150,C110,southwestern
C150,C111,western
C150,C112,southwestern
C150,C113,western
C150,C114,western
C150,C115,western
C150,C126,northeastern
C150,C127,northern
C150,C128,northern
C150,C129,northern
C150,C130,northern
C150,C131,northern
C150,C132,northeastern
C150,C133,northern
C150,C134,northern
C150,C135,northeastern
C150,C136,northeastern
C150,C137,northern
C150,C138,northern
C150,C139,northwestern
C150,C140,northwestern
C150,C141,northwestern
C150,C142,northwestern
C150,C143,northwestern
C150,C144,northwestern
C150,C145,northwestern
C150,C146,northwestern
C150,C147,western
C150,C148,southwestern
C150,C149,western
C150,C151,western
C150,C152,southwestern
C150,C153,northwestern
C150,C154,southwestern
C150,C155,northern
C150,C156,northwestern
C150,C157,western
C150,C158,southwestern
C150,C159,northern
C150,C160,western
C150,C161,western
C150,C162,western
C150,C163,western
C150,C164,southwestern
C150,C165,eastern
C151,C67,western
C151,C68,northwestern
C151,C95,northwestern
C151,C96,northwestern
C151,C97,western
C151,C98,western
C151,C99,western
C151,C100,northwestern
C151,C101,western
C151,C102,western
C151,C103,northwestern
C151,C104,western
C151,C105,southwestern
C151,C106,southwestern
C151,C107,southwestern
C151,C108,western
C151,C109,southwestern
C151,C110,southwestern
C151,C111,western
C151,C112,southwestern
C151,C113,western
C151,C114,western
C151,C115,western
C151,C126,northeastern
C151,C127,northern
C151,C128,northeastern
C151,C129,northern
C151,C130,northern
C151,C131,northern
C151,C132,northeastern
C151,C133,northeastern
C151,C134,northern
C151,C135,northeastern
C151,C136,northeastern
C151,C137,northeastern
C151,C138,northern
C151,C139,northwestern
C151,C140,northern
C151,C141,northern
C151,C142,northwestern
C151,C143,northern
C151,C144,northern
C151,C145,northwestern
C151,C146,northern
C151,C147,western
C151,C148,southern
C151,C149,western
C151,C150,eastern
C151,C152,southwestern
C151,C153,northwestern
C151,C154,southwestern
C151,C155,northern
C151,C156,northern
C151,C157,western
C151,C158,southwestern
C151,C159,northeastern
C151,C160,western
C151,C161,northwestern
C151,C162,western
C151,C163,northwestern
C151,C164,southwestern
C151,C165,eastern
C152,C67,western
C152,C68,northwestern
C152,C95,northwestern
C152,C96,northwestern
C152,C97,northwestern
C152,C98,northwestern
C152,C99,western
C152,C100,northwestern
C152,C101,northwestern
C152,C102,northwestern
C152,C103,northwestern
C152,C104,northwestern
C152,C105,southwestern
C152,C106,southwestern
C152,C107,southwestern
C152,C108,western
C152,C109,southwestern
C152,C110,western
C152,C111,western
C152,C112,southwestern
C152,C113,western
C152,C114,western
C152,C115,western
C152,C126,northeastern
C152,C127,northern
C152,C128,northeastern
C152,C129,northern
C152,C130,northern
C152,C131,northeastern
C152,C132,northeastern
C152,C133,northeastern
C152,C134,northern
C152,C135,northeastern
C152,C136,northeastern
C152,C137,northeastern
C152,C138,northern
C152,C139,northern
C152,C140,northern
C152,C141,northern
C152,C142,northern
C152,C143,northern
C152,C144,northern
C152,C145,northern
C152,C146,northern
C152,C147,western
C152,C148,southern
C152,C149,western
C152,C150,northeastern
C152,C151,northeastern
C152,C153,northern
C152,C154,southwestern
C152,C155,northeastern
C152,C156,northern
C152,C157,northwestern
C152,C158,southwestern
C152,C159,northeastern
C152,C160,northwestern
C152,C161,northern
C152,C162,western
C152,C163,northwestern
C152,C164,southwestern
C152,C165,northeastern
C153,C67,southwestern
C153,C68,northwestern
C153,C95,western
C153,C96,western
C153,C97,western
C153,C98,western
C153,C99,western
C153,C100,western
C153,C101,western
C153,C102,western
C153,C103,northwestern
C153,C104,western
C153,C105,southwestern
C153,C106,southwestern
C153,C107,southwestern
C153,C108,southwestern
C153,C109,southwestern
C153,C110,southwestern
C153,C111,southwestern
C153,C112,southwestern
C153,C113,southwestern
C153,C114,southwestern
C153,C115,southwestern
C153,C126,northeastern
C153,C127,northeastern
C153,C128,northeastern
C153,C129,northern
C153,C130,northeastern
C153,C131,northeastern
C153,C132,eastern
C153,C133,eastern
C153,C134,northern
C153,C135,eastern
C153,C136,eastern
C153,C137,northeastern
C153,C138,northern
C153,C139,northwestern
C153,C140,northern
C153,C141,northern
C153,C142,northwestern
C153,C143,northern
C153,C144,northern
C153,C145,northwestern
C153,C146,northern
C153,C147,southwestern
C153,C148,southern
C153,C149,southwestern
C153,C150,southeastern
C153,C151,southeastern
C153,C152,southern
C153,C154,southwestern
C153,C155,eastern
C153,C156,eastern
C153,C157,western
C153,C158,southwestern
C153,C159,eastern
C153,C160,southern
C153,C161,southern
C153,C162,southwestern
C153,C163,southwestern
C153,C164,southern
C153,C165,eastern
C154,C67,northeastern
C154,C68,northern
C154,C95,northwestern
C154,C96,northwestern
C154,C97,northern
C154,C98,northwestern
C154,C99,northwestern
C154,C100,northwestern
C154,C101,northern
C154,C102,northwestern
C154,C103,northern
C154,C104,northern
C154,C105,southwestern
C154,C106,southwestern
C154,C107,southwestern
C154,C108,western
C154,C109,southwestern
C154,C110,western
C154,C111,western
C154,C112,southwestern
C154,C113,western
C154,C114,northwestern
C154,C115,western
C154,C126,northeastern
C154,C127,northeastern
C154,C128,northeastern
C154,C129,northern
C154,C130,northeastern
C154,C131,northeastern
C154,C132,northeastern
C154,C133,northeastern
C154,C134,northern
C154,C135,northeastern
C154,C136,northeastern
C154,C137,northeastern
C154,C138,northeastern
C154,C139,northern
C154,C140,northern
C154,C141,northern
C154,C142,northern
C154,C143,northern
C154,C144,northeastern
C154,C145,northern
C154,C146,northern
C154,C147,northern
C154,C148,eastern
C154,C149,northern
C154,C150,northeastern
C154,C151,northeastern
C154,C152,northeastern
C154,C153,northeastern
C154,C155,northeastern
C154,C156,northeastern
C154,C157,northern
C154,C158,western
C154,C159,northeastern
C154,C160,northeastern
C154,C161,northeastern
C154,C162,northwestern
C154,C163,northern
C154,C164,eastern
C154,C165,northeastern
C155,C67,southwestern
C155,C68,western
C155,C95,western
C155,C96,western
C155,C97,western
C155,C98,western
C155,C99,western
C155,C100,western
C155,C101,western
C155,C102,western
C155,C103,western
C155,C104,western
C155,C105,southwestern
C155,C106,southwestern
C155,C107,southwestern
C155,C108,southwestern
C155,C109,southwestern
C155,C110,southwestern
C155,C111,southwestern
C155,C112,southwestern
C155,C113,southwestern
C155,C114,southwestern
C155,C115,southwestern
C155,C126,northeastern
C155,C127,northern
C155,C128,northeastern
C155,C129,northern
C155,C130,northern
C155,C131,northeastern
C155,C132,eastern
C155,C133,eastern
C155,C134,northern
C155,C135,eastern
C155,C136,eastern
C155,C137,northeastern
C155,C138,northern
C155,C139,northwestern
C155,C140,northwestern
C155,C141,northwestern
C155,C142,northwestern
C155,C143,northwestern
C155,C144,northwestern
C155,C145,western
C155,C146,northwestern
C155,C147,southwestern
C155,C148,southern
C155,C149,southwestern
C155,C150,southern
C155,C151,southern
C155,C152,southwestern
C155,C153,western
C155,C154,southwestern
C155,C156,southwestern
C155,C157,western
C155,C158,southwestern
C155,C159,southern
C155,C160,southwestern
C155,C161,southwestern
C155,C162,southwestern
C155,C163,southwestern
C155,C164,southwestern
C155,C165,southeastern
C156,C67,southwestern
C156,C68,western
C156,C95,western
C156,C96,western
C156,C97,western
C156,C98,western
C156,C99,western
C156,C100,western
C156,C101,western
C156,C102,western
C156,C103,northwestern
C156,C104,western
C156,C105,southwestern
C156,C106,southwestern
C156,C107,southwestern
C156,C108,southwestern
C156,C109,southwestern
C156,C110,southwestern
C156,C111,southwestern
C156,C112,southwestern
C156,C113,southwestern
C156,C114,western
C156,C115,western
C156,C126,northeastern
C156,C127,northeastern
C156,C128,northeastern
C156,C129,northern
C156,C130,northern
C156,C131,northeastern
C156,C132,eastern
C156,C133,eastern
C156,C134,northern
C156,C135,northeastern
C156,C136,eastern
C156,C137,northeastern
C156,C138,northern
C156,C139,northwestern
C156,C140,northwestern
C156,C141,northern
C156,C142,northwestern
C156,C143,northwestern
C156,C144,northern
C156,C145,northwestern
C156,C146,northern
C156,C147,southwestern
C156,C148,southern
C156,C149,western
C156,C150,southeastern
C156,C151,southern
C156,C152,southern
C156,C153,western
C156,C154,southwestern
C156,C155,northeastern
C156,C157,western
C156,C158,southwestern
C156,C159,eastern
C156,C160,southwestern
C156,C161,southwestern
C156,C162,southwestern
C156,C163,western
C156,C164,southwestern
C156,C165,eastern
C157,C67,southern
C157,C68,northern
C157,C95,northwestern
C157,C96,northwestern
C157,C97,western
C157,C98,western
C157,C99,western
C157,C100,northwestern
C157,C101,northwestern
C157,C102,western
C157,C103,northwestern
C157,C104,western
C157,C105,southwestern
C157,C106,southwestern
C157,C107,southwestern
C157,C108,southwestern
C157,C109,southwestern
C157,C110,southwestern
C157,C111,southwestern
C157,C112,southwestern
C157,C113,southwestern
C157,C114,southwestern
C157,C115,southwestern
C157,C126,northeastern
C157,C127,northeastern
C157,C128,northeastern
C157,C129,northeastern
C157,C130,northeastern
C157,C131,northeastern
C157,C132,eastern
C157,C133,eastern
C157,C134,northeastern
C157,C135,eastern
C157,C136,eastern
C157,C137,northeastern
C157,C138,northeastern
C157,C139,northern
C157,C140,northern
C157,C141,northeastern
C157,C142,northern
C157,C143,northern
C157,C144,northeastern
C157,C145,northeastern
C157,C146,northern
C157,C147,southern
C157,C148,southeastern
C157,C149,southwestern
C157,C150,eastern
C157,C151,eastern
C157,C152,southeastern
C157,C153,eastern
C157,C154,southern
C157,C155,eastern
C157,C156,eastern
C157,C158,southern
C157,C159,eastern
C157,C160,southeastern
C157,C161,eastern
C157,C162,southwestern
C157,C163,eastern
C157,C164,southern
C157,C165,eastern
C158,C67,northeastern
C158,C68,northern
C158,C95,northwestern
C158,C96,northwestern
C158,C97,northern
C158,C98,northwestern
C158,C99,northwestern
C158,C100,northern
C158,C101,northern
C158,C102,northwestern
C158,C103,northern
C158,C104,northern
C158,C105,southwestern
C158,C106,southwestern
C158,C107,southwestern
C158,C108,western
C158,C109,southwestern
C158,C110,western
C158,C111,western
C158,C112,southwestern
C158,C113,western
C158,C114,northwestern
C158,C115,western
C158,C126,northeastern
C158,C127,northeastern
C158,C128,northeastern
C158,C129,northeastern
C158,C130,northeastern
C158,C131,northeastern
C158,C132,northeastern
C158,C133,northeastern
C158,C134,northeastern
C158,C135,northeastern
C158,C136,northeastern
C158,C137,northeastern
C158,C138,northeastern
C158,C139,northern
C158,C140,northern
C158,C141,northeastern
C158,C142,northern
C158,C143,northern
C158,C144,northeastern
C158,C145,northeastern
C158,C146,northern
C158,C147,northern
C158,C148,eastern
C158,C149,northern
C158,C150,northeastern
C158,C151,northeastern
C158,C152,northeastern
C158,C153,northeastern
C158,C154,eastern
C158,C155,northeastern
C158,C156,northeastern
C158,C157,northern
C158,C159,northeastern
C158,C160,northeastern
C158,C161,northeastern
C158,C162,northern
C158,C163,northeastern
C158,C164,eastern
C158,C165,northeastern
C159,C67,southwestern
C159,C68,western
C159,C95,western
C159,C96,western
C159,C97,western
C159,C98,western
C159,C99,western
C159,C100,western
C159,C101,western
C159,C102,western
C159,C103,northwestern
C159,C104,western
C159,C105,southwestern
C159,C106,southwestern
C159,C107,southwestern
C159,C108,southwestern
C159,C109,southwestern
C159,C110,southwestern
C159,C111,southwestern
C159,C112,southwestern
C159,C113,southwestern
C159,C114,western
C159,C115,western
C159,C126,northeastern
C159,C127,northern
C159,C128,northeastern
C159,C129,northern
C159,C130,northern
C159,C131,northern
C159,C132,eastern
C159,C133,northeastern
C159,C134,northern
C159,C135,northeastern
C159,C136,eastern
C159,C137,northeastern
C159,C138,northern
C159,C139,northwestern
C159,C140,northwestern
C159,C141,northwestern
C159,C142,northwestern
C159,C143,northwestern
C159,C144,northwestern
C159,C145,northwestern
C159,C146,northwestern
C159,C147,southwestern
C159,C148,southwestern
C159,C149,western
C159,C150,southern
C159,C151,southwestern
C159,C152,southwestern
C159,C153,western
C159,C154,southwestern
C159,C155,northern
C159,C156,western
C159,C157,western
C159,C158,southwestern
C159,C160,western
C159,C161,western
C159,C162,southwestern
C159,C163,western
C159,C164,southwestern
C159,C165,southeastern
C160,C67,southwestern
C160,C68,northwestern
C160,C95,northwestern
C160,C96,northwestern
C160,C97,western
C160,C98,western
C160,C99,western
C160,C100,northwestern
C160,C101,northwestern
C160,C102,western
C160,C103,northwestern
C160,C104,western
C160,C105,southwestern
C160,C106,southwestern
C160,C107,southwestern
C160,C108,southwestern
C160,C109,southwestern
C160,C110,southwestern
C160,C111,southwestern
C160,C112,southwestern
C160,C113,southwestern
C160,C114,western
C160,C115,western
C160,C126,northeastern
C160,C127,northeastern
C160,C128,northeastern
C160,C129,northern
C160,C130,northeastern
C160,C131,northeastern
C160,C132,eastern
C160,C133,northeastern
C160,C134,northern
C160,C135,northeastern
C160,C136,eastern
C160,C137,northeastern
C160,C138,northern
C160,C139,northern
C160,C140,northern
C160,C141,northern
C160,C142,northern
C160,C143,northern
C160,C144,northern
C160,C145,northern
C160,C146,northern
C160,C147,southwestern
C160,C148,southeastern
C160,C149,western
C160,C150,eastern
C160,C151,eastern
C160,C152,southeastern
C160,C153,northern
C160,C154,southwestern
C160,C155,northeastern
C160,C156,northeastern
C160,C157,northwestern
C160,C158,southwestern
C160,C159,eastern
C160,C161,northeastern
C160,C162,southwestern
C160,C163,northwestern
C160,C164,southern
C160,C165,eastern
C161,C67,southwestern
C161,C68,northwestern
C161,C95,northwestern
C161,C96,northwestern
C161,C97,western
C161,C98,western
C161,C99,western
C161,C100,western
C161,C101,western
C161,C102,western
C161,C103,northwestern
C161,C104,western
C161,C105,southwestern
C161,C106,southwestern
C161,C107,southwestern
C161,C108,southwestern
C161,C109,southwestern
C161,C110,southwestern
C161,C111,southwestern
C161,C112,southwestern
C161,C113,southwestern
C161,C114,western
C161,C115,western
C161,C126,northeastern
C161,C127,northeastern
C161,C128,northeastern
C161,C129,northern
C161,C130,northern
C161,C131,northeastern
C161,C132,eastern
C161,C133,northeastern
C161,C134,northern
C161,C135,northeastern
C161,C136,eastern
C161,C137,northeastern
C161,C138,northern
C161,C139,northern
C161,C140,northern
C161,C141,northern
C161,C142,northern
C161,C143,northern
C161,C144,northern
C161,C145,northern
C161,C146,northern
C161,C147,southwestern
C161,C148,southern
C161,C149,western
C161,C150,eastern
C161,C151,southeastern
C161,C152,southern
C161,C153,northern
C161,C154,southwestern
C161,C155,northeastern
C161,C156,northeastern
C161,C157,western
C161,C158,southwestern
C161,C159,eastern
C161,C160,southwestern
C161,C162,southwestern
C161,C163,western
C161,C164,southwestern
C161,C165,eastern
C162,C67,eastern
C162,C68,northern
C162,C95,northwestern
C162,C96,northwestern
C162,C97,northern
C162,C98,northwestern
C162,C99,northwestern
C162,C100,northern
C162,C101,northern
C162,C102,northwestern
C162,C103,northern
C162,C104,northern
C162,C105,southwestern
C162,C106,southwestern
C162,C107,southwestern
C162,C108,southwestern
C162,C109,southwestern
C162,C110,southwestern
C162,C111,southwestern
C162,C112,southwestern
C162,C113,southwestern
C162,C114,northwestern
C162,C115,western
C162,C126,northeastern
C162,C127,northeastern
C162,C128,northeastern
C162,C129,northeastern
C162,C130,northeastern
C162,C131,northeastern
C162,C132,eastern
C162,C133,northeastern
C162,C134,northeastern
C162,C135,northeastern
C162,C136,northeastern
C162,C137,northeastern
C162,C138,northeastern
C162,C139,northeastern
C162,C140,northern
C162,C141,northeastern
C162,C142,northern
C162,C143,northern
C162,C144,northeastern
C162,C145,northeastern
C162,C146,northeastern
C162,C147,northeastern
C162,C148,eastern
C162,C149,northern
C162,C150,eastern
C162,C151,eastern
C162,C152,eastern
C162,C153,northeastern
C162,C154,southeastern
C162,C155,northeastern
C162,C156,northeastern
C162,C157,northeastern
C162,C158,southern
C162,C159,northeastern
C162,C160,northeastern
C162,C161,northeastern
C162,C163,northeastern
C162,C164,southeastern
C162,C165,eastern
C163,C67,southern
C163,C68,northwestern
C163,C95,northwestern
C163,C96,northwestern
C163,C97,western
C163,C98,western
C163,C99,western
C163,C100,western
C163,C101,western
C163,C102,western
C163,C103,northwestern
C163,C104,western
C163,C105,southwestern
C163,C106,southwestern
C163,C107,southwestern
C163,C108,southwestern
C163,C109,southwestern
C163,C110,southwestern
C163,C111,southwestern
C163,C112,southwestern
C163,C113,southwestern
C163,C114,southwestern
C163,C115,southwestern
C163,C126,northeastern
C163,C127,northeastern
C163,C128,northeastern
C163,C129,northern
C163,C130,northeastern
C163,C131,northeastern
C163,C132,eastern
C163,C133,eastern
C163,C134,northern
C163,C135,eastern
C163,C136,eastern
C163,C137,northeastern
C163,C138,northeastern
C163,C139,northern
C163,C140,northern
C163,C141,northern
C163,C142,northern
C163,C143,northern
C163,C144,northeastern
C163,C145,northern
C163,C146,northern
C163,C147,southwestern
C163,C148,southeastern
C163,C149,southwestern
C163,C150,eastern
C163,C151,southeastern
C163,C152,southeastern
C163,C153,northeastern
C163,C154,southern
C163,C155,northeastern
C163,C156,eastern
C163,C157,western
C163,C158,southwestern
C163,C159,eastern
C163,C160,southeastern
C163,C161,eastern
C163,C162,southwestern
C163,C164,southern
C163,C165,eastern
C164,C67,northern
C164,C68,northern
C164,C95,northwestern
C164,C96,northwestern
C164,C97,northwestern
C164,C98,northwestern
C164,C99,northwestern
C164,C100,northwestern
C164,C101,northwestern
C164,C102,northwestern
C164,C103,northwestern
C164,C104,northwestern
C164,C105,southwestern
C164,C106,southwestern
C164,C107,southwestern
C164,C108,western
C164,C109,western
C164,C110,western
C164,C111,western
C164,C112,southwestern
C164,C113,western
C164,C114,northwestern
C164,C115,western
C164,C126,northeastern
C164,C127,northeastern
C164,C128,northeastern
C164,C129,northern
C164,C130,northern
C164,C131,northeastern
C164,C132,northeastern
C164,C133,northeastern
C164,C134,northern
C164,C135,northeastern
C164,C136,northeastern
C164,C137,northeastern
C164,C138,northern
C164,C139,northern
C164,C140,northern
C164,C141,northern
C164,C142,northern
C164,C143,northern
C164,C144,northern
C164,C145,northern
C164,C146,northern
C164,C147,northwestern
C164,C148,eastern
C164,C149,northwestern
C164,C150,northeastern
C164,C151,northeastern
C164,C152,northeastern
C164,C153,northern
C164,C154,western
C164,C155,northeastern
C164,C156,northeastern
C164,C157,northern
C164,C158,western
C164,C159,northeastern
C164,C160,northern
C164,C161,northeastern
C164,C162,northwestern
C164,C163,northern
C164,C165,northeastern
C165,C67,western
C165,C68,western
C165,C95,western
C165,C96,western
C165,C97,western
C165,C98,western
C165,C99,western
C165,C100,western
C165,C101,western
C165,C102,western
C165,C103,northwestern
C165,C104,western
C165,C105,southwestern
C165,C106,southwestern
C165,C107,southwestern
C165,C108,western
C165,C109,southwestern
C165,C110,southwestern
C165,C111,western
C165,C112,southwestern
C165,C113,western
C165,C114,western
C165,C115,western
C165,C126,northern
C165,C127,northwestern
C165,C128,northern
C165,C129,northwestern
C165,C130,northwestern
C165,C131,northern
C165,C132,northeastern
C165,C133,northern
C165,C134,northern
C165,C135,northeastern
C165,C136,northern
C165,C137,northern
C165,C138,northern
C165,C139,northwestern
C165,C140,northwestern
C165,C141,northwestern
C165,C142,northwestern
C165,C143,northwestern
C165,C144,northwestern
C165,C145,northwestern
C165,C146,northwestern
C165,C147,western
C165,C148,southwestern
C165,C149,western
C165,C150,western
C165,C151,western
C165,C152,southwestern
C165,C153,western
C165,C154,southwestern
C165,C155,northwestern
C165,C156,western
C165,C157,western
C165,C158,southwestern
C165,C159,northwestern
C165,C160,western
C165,C161,western
C165,C162,western
C165,C163,western
C165,C164,southwestern
C166,C3,southeastern
C166,C7,southwestern
C166,C54,western
C166,C55,western
C166,C56,northwestern
C166,C57,northwestern
C166,C58,western
C166,C59,southwestern
C166,C60,southwestern
C166,C61,western
C166,C62,northern
C166,C63,western
C166,C64,western
C166,C65,northwestern
C166,C66,western
C166,C197,eastern
C166,C198,eastern
C166,C199,northern
C166,C200,eastern
C166,C201,northeastern
C166,C202,eastern
C166,C203,northeastern
C166,C204,northeastern
C166,C205,eastern
C166,C206,eastern
C167,C3,southern
C167,C197,eastern
C167,C198,northeastern
C167,C199,northern
C167,C200,western
C167,C201,northern
C167,C202,northeastern
C167,C203,northern
C167,C204,northeastern
C167,C205,northeastern
C167,C206,eastern
C167,C314,southeastern
C167,C318,eastern
C168,C186,southern
C168,C187,western
C168,C188,western
C168,C189,southwestern
C168,C190,western
C168,C191,southwestern
C168,C192,southern
C168,C193,western
C168,C194,southwestern
C168,C195,western
C168,C196,southwestern
C168,C207,northwestern
C168,C208,northern
C168,C209,northern
C168,C210,northern
C168,C211,northern
C168,C212,northwestern
C168,C213,northern
C168,C214,northeastern
C168,C215,northwestern
C168,C216,northeastern
C168,C217,northeastern
C168,C218,northeastern
C168,C219,northwestern
C168,C220,northern
C168,C221,northwestern
C168,C222,northwestern
C168,C223,northwestern
C168,C224,northern
C168,C225,northern
C168,C226,northern
C168,C227,northwestern
C168,C228,northern
C168,C229,northern
C168,C230,northwestern
C168,C231,southeastern
C168,C232,southeastern
C168,C233,eastern
C168,C234,southeastern
C168,C235,eastern
C168,C236,eastern
C168,C237,eastern
C168,C238,northeastern
C168,C239,eastern
C168,C240,southeastern
C168,C241,eastern
C168,C242,southeastern
C168,C243,eastern
C169,C11,southwestern
C169,C12,southwestern
C169,C13,southwestern
C169,C14,southwestern
C169,C15,southwestern
C169,C16,southwestern
C169,C17,southwestern
C169,C18,southwestern
C169,C19,southwestern
C169,C20,southwestern
C169,C21,southwestern
C169,C22,southwestern
C169,C23,southwestern
C169,C24,southwestern
C169,C25,southwestern
C169,C26,southwestern
C169,C54,southwestern
C169,C55,southern
C169,C56,southwestern
C169,C57,southern
C169,C58,southwestern
C169,C59,southern
C169,C60,southern
C169,C61,southern
C169,C62,southern
C169,C63,southwestern
C169,C64,southern
C169,C65,southwestern
C169,C66,southwestern
C169,C170,southwestern
C169,C171,southern
C169,C172,southern
C169,C173,northeastern
C169,C174,eastern
C169,C175,southern
C169,C176,southwestern
C169,C177,southeastern
C169,C178,southern
C169,C179,southern
C169,C180,southwestern
C169,C181,eastern
C169,C182,southern
C169,C183,southwestern
C169,C184,southern
C169,C185,western
C169,C186,southeastern
C169,C187,southeastern
C169,C188,southeastern
C169,C189,southeastern
C169,C190,southeastern
C169,C191,southeastern
C169,C192,southeastern
C169,C193,southeastern
C169,C194,southeastern
C169,C195,southeastern
C169,C196,southeastern
C169,C197,southeastern
C169,C198,southeastern
C169,C199,southern
C169,C200,southern
C169,C201,southern
C169,C202,southern
C169,C203,southern
C169,C204,southern
C169,C205,southern
C169,C206,southeastern
C169,C207,eastern
C169,C208,eastern
C169,C209,eastern
C169,C210,northeastern
C169,C211,northeastern
C169,C212,eastern
C169,C213,eastern
C169,C214,eastern
C169,C215,eastern
C169,C216,eastern
C169,C217,eastern
C169,C218,eastern
C169,C219,eastern
C169,C220,northeastern
C169,C221,northeastern
C169,C222,eastern
C169,C223,northeastern
C169,C224,northeastern
C169,C225,northeastern
C169,C226,eastern
C169,C227,eastern
C169,C228,eastern
C169,C229,eastern
C169,C230,northeastern
C170,C11,western
C170,C12,western
C170,C13,southwestern
C170,C14,southwestern
C170,C15,southern
C170,C16,southwestern
C170,C17,southern
C170,C18,southwestern
C170,C19,western
C170,C20,western
C170,C21,southwestern
C170,C22,southern
C170,C23,southwestern
C170,C24,southwestern
C170,C25,southern
C170,C26,southwestern
C170,C54,southern
C170,C55,southern
C170,C56,southern
C170,C57,southeastern
C170,C58,southern
C170,C59,southern
C170,C60,southern
C170,C61,southern
C170,C62,southeastern
C170,C63,southwestern
C170,C64,southern
C170,C65,southern
C170,C66,southwestern
C170,C169,northeastern
C170,C171,eastern
C170,C172,eastern
C170,C173,northeastern
C170,C174,northeastern
C170,C175,eastern
C170,C176,western
C170,C177,northeastern
C170,C178,southeastern
C170,C179,eastern
C170,C180,eastern
C170,C181,northeastern
C170,C182,northeastern
C170,C183,northeastern
C170,C184,eastern
C170,C185,northeastern
C170,C186,eastern
C170,C187,eastern
C170,C188,eastern
C170,C189,eastern
C170,C190,eastern
C170,C191,eastern
C170,C192,eastern
C170,C193,eastern
C170,C194,eastern
C170,C195,northeastern
C170,C196,eastern
C170,C197,southeastern
C170,C198,eastern
C170,C199,southeastern
C170,C200,southeastern
C170,C201,eastern
C170,C202,southeastern
C170,C203,southeastern
C170,C204,southeastern
C170,C205,southeastern
C170,C206,southeastern
C170,C207,eastern
C170,C208,northeastern
C170,C209,eastern
C170,C210,northeastern
C170,C211,northeastern
C170,C212,northeastern
C170,C213,northeastern
C170,C214,eastern
C170,C215,northeastern
C170,C216,northeastern
C170,C217,eastern
C170,C218,northeastern
C170,C219,northeastern
C170,C220,northeastern
C170,C221,northeastern
C170,C222,northeastern
C170,C223,northeastern
C170,C224,northeastern
C170,C225,northeastern
C170,C226,northeastern
C170,C227,northeastern
C170,C228,northeastern
C170,C229,northeastern
C170,C230,northeastern
C171,C11,western
C171,C12,western
C171,C13,southwestern
C171,C14,western
C171,C15,southwestern
C171,C16,western
C171,C17,southwestern
C171,C18,southwestern
C171,C19,western
C171,C20,western
C171,C21,western
C171,C22,southwestern
C171,C23,southwestern
C171,C24,southwestern
C171,C25,southwestern
C171,C26,southwestern
C171,C54,southwestern
C171,C55,southern
C171,C56,southwestern
C171,C57,southern
C171,C58,southwestern
C171,C59,southern
C171,C60,southwestern
C171,C61,southwestern
C171,C62,southern
C171,C63,southwestern
C171,C64,southwestern
C171,C65,southwestern
C171,C66,southwestern
C171,C169,northern
C171,C170,western
C171,C172,northeastern
C171,C173,northern
C171,C174,northeastern
C171,C175,eastern
C171,C176,western
C171,C177,northeastern
C171,C178,southern
C171,C179,eastern
C171,C180,western
C171,C181,northeastern
C171,C182,northeastern
C171,C183,northern
C171,C184,northeastern
C171,C185,northern
C171,C186,eastern
C171,C187,northeastern
C171,C188,eastern
C171,C189,eastern
C171,C190,eastern
C171,C191,eastern
C171,C192,eastern
C171,C193,eastern
C171,C194,southeastern
C171,C195,northeastern
C171,C196,eastern
C171,C197,southeastern
C171,C198,southeastern
C171,C199,southeastern
C171,C200,southern
C171,C201,southeastern
C171,C202,southeastern
C171,C203,southeastern
C171,C204,southeastern
C171,C205,southeastern
C171,C206,southeastern
C171,C207,northeastern
C171,C208,northeastern
C171,C209,northeastern
C171,C210,northeastern
C171,C211,northeastern
C171,C212,northeastern
C171,C213,northeastern
C171,C214,northeastern
C171,C215,northeastern
C171,C216,northeastern
C171,C217,northeastern
C171,C218,northeastern
C171,C219,northeastern
C171,C220,northeastern
C171,C221,northeastern
C171,C222,northeastern
C171,C223,northeastern
C171,C224,northeastern
C171,C225,northeastern
C171,C226,northeastern
C171,C227,northeastern
C171,C228,northeastern
C171,C229,northeastern
C171,C230,northeastern
C172,C11,western
C172,C12,western
C172,C13,southwestern
C172,C14,southwestern
C172,C15,southwestern
C172,C16,southwestern
C172,C17,southwestern
C172,C18,southwestern
C172,C19,western
C172,C20,western
C172,C21,southwestern
C172,C22,southwestern
C172,C23,southwestern
C172,C24,southwestern
C172,C25,southwestern
C172,C26,southwestern
C172,C54,southwestern
C172,C55,southern
C172,C56,southwestern
C172,C57,southwestern
C172,C58,southwestern
C172,C59,southwestern
C172,C60,southwestern
C172,C61,southwestern
C172,C62,southwestern
C172,C63,southwestern
C172,C64,southwestern
C172,C65,southwestern
C172,C66,southwestern
C172,C169,northern
C172,C170,western
C172,C171,southwestern
C172,C173,northern
C172,C174,northern
C172,C175,southern
C172,C176,western
C172,C177,northeastern
C172,C178,southwestern
C172,C179,southern
C172,C180,southwestern
C172,C181,northeastern
C172,C182,northwestern
C172,C183,western
C172,C184,southwestern
C172,C185,northwestern
C172,C186,southeastern
C172,C187,eastern
C172,C188,eastern
C172,C189,southeastern
C172,C190,eastern
C172,C191,southeastern
C172,C192,southeastern
C172,C193,eastern
C172,C194,southeastern
C172,C195,northeastern
C172,C196,eastern
C172,C197,southeastern
C172,C198,southeastern
C172,C199,southern
C172,C200,southern
C172,C201,southeastern
C172,C202,southern
C172,C203,southern
C172,C204,southeastern
C172,C205,southern
C172,C206,southeastern
C172,C207,eastern
C172,C208,northeastern
C172,C209,eastern
C172,C210,northeastern
C172,C211,northeastern
C172,C212,northeastern
C172,C213,northeastern
C172,C214,eastern
C172,C215,northeastern
C172,C216,northeastern
C172,C217,eastern
C172,C218,northeastern
C172,C219,northeastern
C172,C220,northeastern
C172,C221,northeastern
C172,C222,northeastern
C172,C223,northern
C172,C224,northeastern
C172,C225,northeastern
C172,C226,northeastern
C172,C227,northeastern
C172,C228,northeastern
C172,C229,northeastern
C172,C230,northeastern
C173,C11,southwestern
C173,C12,southwestern
C173,C13,southwestern
C173,C14,southwestern
C173,C15,southwestern
C173,C16,southwestern
C173,C17,southwestern
C173,C18,southwestern
C173,C19,southwestern
C173,C20,southwestern
C173,C21,southwestern
C173,C22,southwestern
C173,C23,southwestern
C173,C24,southwestern
C173,C25,southwestern
C173,C26,southwestern
C173,C54,southwestern
C173,C55,southern
C173,C56,southwestern
C173,C57,southern
C173,C58,southwestern
C173,C59,southern
C173,C60,southern
C173,C61,southwestern
C173,C62,southern
C173,C63,southwestern
C173,C64,southern
C173,C65,southwestern
C173,C66,southwestern
C173,C169,southwestern
C173,C170,southwestern
C173,C171,southern
C173,C172,southern
C173,C174,southeastern
C173,C175,southern
C173,C176,southwestern
C173,C177,southern
C173,C178,southern
C173,C179,southern
C173,C180,southwestern
C173,C181,southeastern
C173,C182,southern
C173,C183,southwestern
C173,C184,southern
C173,C185,southwestern
C173,C186,southeastern
C173,C187,southeastern
C173,C188,southern
C173,C189,southeastern
C173,C190,southeastern
C173,C191,southeastern
C173,C192,southeastern
C173,C193,southeastern
C173,C194,southeastern
C173,C195,southeastern
C173,C196,southeastern
C173,C197,southern
C173,C198,southern
C173,C199,southern
C173,C200,southern
C173,C201,southern
C173,C202,southern
C173,C203,southern
C173,C204,southern
C173,C205,southern
C173,C206,southern
C173,C207,southeastern
C173,C208,eastern
C173,C209,eastern
C173,C210,eastern
C173,C211,northeastern
C173,C212,southeastern
C173,C213,eastern
C173,C214,eastern
C173,C215,southeastern
C173,C216,eastern
C173,C217,eastern
C173,C218,eastern
C173,C219,eastern
C173,C220,eastern
C173,C221,eastern
C173,C222,eastern
C173,C223,eastern
C173,C224,northeastern
C173,C225,eastern
C173,C226,eastern
C173,C227,eastern
C173,C228,eastern
C173,C229,eastern
C173,C230,eastern
C174,C11,southwestern
C174,C12,southwestern
C174,C13,southwestern
C174,C14,southwestern
C174,C15,southwestern
C174,C16,southwestern
C174,C17,southwestern
C174,C18,southwestern
C174,C19,southwestern
C174,C20,southwestern
C174,C21,southwestern
C174,C22,southwestern
C174,C23,southwestern
C174,C24,southwestern
C174,C25,southwestern
C174,C26,southwestern
C174,C54,southwestern
C174,C55,southern
C174,C56,southwestern
C174,C57,southwestern
C174,C58,southwestern
C174,C59,southwestern
C174,C60,southwestern
C174,C61,southwestern
C174,C62,southern
C174,C63,southwestern
C174,C64,southwestern
C174,C65,southwestern
C174,C66,southwestern
C174,C169,western
C174,C170,southwestern
C174,C171,southwestern
C174,C172,southern
C174,C173,northwestern
C174,C175,southern
C174,C176,southwestern
C174,C177,southern
C174,C178,southwestern
C174,C179,southern
C174,C180,southwestern
C174,C181,southeastern
C174,C182,southwestern
C174,C183,southwestern
C174,C184,southern
C174,C185,western
C174,C186,southeastern
C174,C187,southeastern
C174,C188,southern
C174,C189,southeastern
C174,C190,southeastern
C174,C191,southeastern
C174,C192,southeastern
C174,C193,southeastern
C174,C194,southeastern
C174,C195,southeastern
C174,C196,southeastern
C174,C197,southern
C174,C198,southern
C174,C199,southern
C174,C200,southern
C174,C201,southern
C174,C202,southern
C174,C203,southern
C174,C204,southern
C174,C205,southern
C174,C206,southern
C174,C207,eastern
C174,C208,eastern
C174,C209,eastern
C174,C210,northeastern
C174,C211,northeastern
C174,C212,eastern
C174,C213,eastern
C174,C214,eastern
C174,C215,southeastern
C174,C216,eastern
C174,C217,eastern
C174,C218,eastern
C174,C219,eastern
C174,C220,northeastern
C174,C221,northeastern
C174,C222,eastern
C174,C223,northeastern
C174,C224,northeastern
C174,C225,northeastern
C174,C226,eastern
C174,C227,eastern
C174,C228,eastern
C174,C229,eastern
C174,C230,northeastern
C175,C11,western
C175,C12,western
C175,C13,southwestern
C175,C14,western
C175,C15,southwestern
C175,C16,western
C175,C17,southwestern
C175,C18,southwestern
C175,C19,western
C175,C20,western
C175,C21,western
C175,C22,southwestern
C175,C23,southwestern
C175,C24,western
C175,C25,southwestern
C175,C26,southwestern
C175,C54,southwestern
C175,C55,southwestern
C175,C56,western
C175,C57,southwestern
C175,C58,southwestern
C175,C59,southwestern
C175,C60,southwestern
C175,C61,southwestern
C175,C62,southwestern
C175,C63,southwestern
C175,C64,southwestern
C175,C65,southwestern
C175,C66,southwestern
C175,C169,northern
C175,C170,western
C175,C171,western
C175,C172,northern
C175,C173,northern
C175,C174,northern
C175,C176,western
C175,C177,northern
C175,C178,southwestern
C175,C179,eastern
C175,C180,western
C175,C181,northeastern
C175,C182,northern
C175,C183,northwestern
C175,C184,northern
C175,C185,northern
C175,C186,eastern
C175,C187,northeastern
C175,C188,northeastern
C175,C189,eastern
C175,C190,northeastern
C175,C191,eastern
C175,C192,eastern
C175,C193,eastern
C175,C194,southeastern
C175,C195,northeastern
C175,C196,eastern
C175,C197,southeastern
C175,C198,southeastern
C175,C199,southern
C175,C200,southern
C175,C201,southeastern
C175,C202,southeastern
C175,C203,southeastern
C175,C204,southeastern
C175,C205,southeastern
C175,C206,southeastern
C175,C207,northeastern
C175,C208,northeastern
C175,C209,northeastern
C175,C210,northeastern
C175,C211,northeastern
C175,C212,northeastern
C175,C213,northeastern
C175,C214,northeastern
C175,C215,northeastern
C175,C216,northeastern
C175,C217,northeastern
C175,C218,northeastern
C175,C219,northeastern
C175,C220,northeastern
C175,C221,northeastern
C175,C222,northeastern
C175,C223,northern
C175,C224,northeastern
C175,C225,northeastern
C175,C226,northeastern
C175,C227,northeastern
C175,C228,northeastern
C175,C229,northeastern
C175,C230,northeastern
C176,C11,southwestern
C176,C12,western
C176,C13,southern
C176,C14,southwestern
C176,C15,southern
C176,C16,southwestern
C176,C17,southern
C176,C18,southwestern
C176,C19,western
C176,C20,western
C176,C21,southern
C176,C22,southern
C176,C23,southern
C176,C24,southwestern
C176,C25,southern
C176,C26,southwestern
C176,C54,southern
C176,C55,southeastern
C176,C56,southeastern
C176,C57,southeastern
C176,C58,southern
C176,C59,southern
C176,C60,southern
C176,C61,southern
C176,C62,southeastern
C176,C63,southern
C176,C64,southeastern
C176,C65,southeastern
C176,C66,southern
C176,C169,northeastern
C176,C170,eastern
C176,C171,eastern
C176,C172,eastern
C176,C173,northeastern
C176,C174,northeastern
C176,C175,eastern
C176,C177,northeastern
C176,C178,eastern
C176,C179,eastern
C176,C180,eastern
C176,C181,northeastern
C176,C182,northeastern
C176,C183,northeastern
C176,C184,eastern
C176,C185,northeastern
C176,C186,eastern
C176,C187,eastern
C176,C188,eastern
C176,C189,eastern
C176,C190,eastern
C176,C191,eastern
C176,C192,eastern
C176,C193,eastern
C176,C194,eastern
C176,C195,eastern
C176,C196,eastern
C176,C197,southeastern
C176,C198,eastern
C176,C199,eastern
C176,C200,southeastern
C176,C201,eastern
C176,C202,southeastern
C176,C203,eastern
C176,C204,eastern
C176,C205,southeastern
C176,C206,eastern
C176,C207,eastern
C176,C208,northeastern
C176,C209,eastern
C176,C210,northeastern
C176,C211,northeastern
C176,C212,northeastern
C176,C213,northeastern
C176,C214,eastern
C176,C215,eastern
C176,C216,eastern
C176,C217,eastern
C176,C218,northeastern
C176,C219,northeastern
C176,C220,northeastern
C176,C221,northeastern
C176,C222,northeastern
C176,C223,northeastern
C176,C224,northeastern
C176,C225,northeastern
C176,C226,northeastern
C176,C227,northeastern
C176,C228,northeastern
C176,C229,northeastern
C176,C230,northeastern
C177,C11,southwestern
C177,C12,western
C177,C13,southwestern
C177,C14,southwestern
C177,C15,southwestern
C177,C16,southwestern
C177,C17,southwestern
C177,C18,southwestern
C177,C19,western
C177,C20,western
C177,C21,southwestern
C177,C22,southwestern
C177,C23,southwestern
C177,C24,southwestern
C177,C25,southwestern
C177,C26,southwestern
C177,C54,southwestern
C177,C55,southwestern
C177,C56,southwestern
C177,C57,southwestern
C177,C58,southwestern
C177,C59,southwestern
C177,C60,southwestern
C177,C61,southwestern
C177,C62,southwestern
C177,C63,southwestern
C177,C64,southwestern
C177,C65,southwestern
C177,C66,southwestern
C177,C169,northwestern
C177,C170,southwestern
C177,C171,southwestern
C177,C172,southwestern
C177,C173,northern
C177,C174,northern
C177,C175,southern
C177,C176,southwestern
C177,C178,southwestern
C177,C179,southern
C177,C180,southwestern
C177,C181,northeastern
C177,C182,southwestern
C177,C183,southwestern
C177,C184,southwestern
C177,C185,western
C177,C186,southeastern
C177,C187,southeastern
C177,C188,southern
C177,C189,southeastern
C177,C190,eastern
C177,C191,southeastern
C177,C192,southeastern
C177,C193,southeastern
C177,C194,southeastern
C177,C195,southeastern
C177,C196,southeastern
C177,C197,southern
C177,C198,southern
C177,C199,southern
C177,C200,southern
C177,C201,southern
C177,C202,southern
C177,C203,southern
C177,C204,southern
C177,C205,southern
C177,C206,southeastern
C177,C207,eastern
C177,C208,northeastern
C177,C209,eastern
C177,C210,northeastern
C177,C211,northeastern
C177,C212,northeastern
C177,C213,northeastern
C177,C214,eastern
C177,C215,eastern
C177,C216,eastern
C177,C217,eastern
C177,C218,northeastern
C177,C219,northeastern
C177,C220,northeastern
C177,C221,northeastern
C177,C222,eastern
C177,C223,northern
C177,C224,northeastern
C177,C225,northeastern
C177,C226,eastern
C177,C227,northeastern
C177,C228,northeastern
C177,C229,northeastern
C177,C230,northeastern
C178,C11,western
C178,C12,western
C178,C13,southwestern
C178,C14,western
C178,C15,southwestern
C178,C16,western
C178,C17,southwestern
C178,C18,southwestern
C178,C19,western
C178,C20,western
C178,C21,western
C178,C22,southwestern
C178,C23,southwestern
C178,C24,western
C178,C25,southwestern
C178,C26,western
C178,C54,southwestern
C178,C55,southern
C178,C56,western
C178,C57,southern
C178,C58,southwestern
C178,C59,southwestern
C178,C60,southwestern
C178,C61,southwestern
C178,C62,southern
C178,C63,southwestern
C178,C64,southwestern
C178,C65,southwestern
C178,C66,western
C178,C169,northern
C178,C170,northwestern
C178,C171,northern
C178,C172,northeastern
C178,C173,northern
C178,C174,northeastern
C178,C175,northeastern
C178,C176,western
C178,C177,northeastern
C178,C179,eastern
C178,C180,northwestern
C178,C181,northeastern
C178,C182,northern
C178,C183,northern
C178,C184,northeastern
C178,C185,northern
C178,C186,eastern
C178,C187,northeastern
C178,C188,northeastern
C178,C189,eastern
C178,C190,northeastern
C178,C191,eastern
C178,C192,eastern
C178,C193,northeastern
C178,C194,eastern
C178,C195,northeastern
C178,C196,eastern
C178,C197,southeastern
C178,C198,eastern
C178,C199,southeastern
C178,C200,southeastern
C178,C201,eastern
C178,C202,southeastern
C178,C203,southeastern
C178,C204,eastern
C178,C205,southeastern
C178,C206,eastern
C178,C207,northeastern
C178,C208,northeastern
C178,C209,northeastern
C178,C210,northeastern
C178,C211,northeastern
C178,C212,northeastern
C178,C213,northeastern
C178,C214,northeastern
C178,C215,northeastern
C178,C216,northeastern
C178,C217,northeastern
C178,C218,northeastern
C178,C219,northeastern
C178,C220,northeastern
C178,C221,northeastern
C178,C222,northeastern
C178,C223,northeastern
C178,C224,northeastern
C178,C225,northeastern
C178,C226,northeastern
C178,C227,northeastern
C178,C228,northeastern
C178,C229,northeastern
C178,C230,northeastern
C179,C11,western
C179,C12,western
C179,C13,southwestern
C179,C14,western
C179,C15,southwestern
C179,C16,western
C179,C17,southwestern
C179,C18,southwestern
C179,C19,western
C179,C20,western
C179,C21,western
C179,C22,southwestern
C179,C23,southwestern
C179,C24,western
C179,C25,southwestern
C179,C26,western
C179,C54,southwestern
C179,C55,southwestern
C179,C56,western
C179,C57,southwestern
C179,C58,southwestern
C179,C59,southwestern
C179,C60,southwestern
C179,C61,southwestern
C179,C62,southwestern
C179,C63,southwestern
C179,C64,southwestern
C179,C65,southwestern
C179,C66,western
C179,C169,northern
C179,C170,western
C179,C171,western
C179,C172,northern
C179,C173,northern
C179,C174,northern
C179,C175,western
C179,C176,western
C179,C177,northern
C179,C178,western
C179,C180,western
C179,C181,northern
C179,C182,northwestern
C179,C183,northwestern
C179,C184,northwestern
C179,C185,northwestern
C179,C186,eastern
C179,C187,northeastern
C179,C188,northeastern
C179,C189,eastern
C179,C190,northeastern
C179,C191,eastern
C179,C192,eastern
C179,C193,northeastern
C179,C194,southeastern
C179,C195,northeastern
C179,C196,eastern
C179,C197,southeastern
C179,C198,southeastern
C179,C199,southwestern
C179,C200,southern
C179,C201,southeastern
C179,C202,southern
C179,C203,southern
C179,C204,southeastern
C179,C205,southeastern
C179,C206,southeastern
C179,C207,northeastern
C179,C208,northeastern
C179,C209,northeastern
C179,C210,northeastern
C179,C211,northeastern
C179,C212,northeastern
C179,C213,northeastern
C179,C214,northeastern
C179,C215,northeastern
C179,C216,northeastern
C179,C217,northeastern
C179,C218,northeastern
C179,C219,northern
C179,C220,northeastern
C179,C221,northeastern
C179,C222,northeastern
C179,C223,northern
C179,C224,northeastern
C179,C225,northeastern
C179,C226,northeastern
C179,C227,northeastern
C179,C228,northeastern
C179,C229,northeastern
C179,C230,northern
C180,C11,western
C180,C12,western
C180,C13,southwestern
C180,C14,western
C180,C15,southwestern
C180,C16,western
C180,C17,southwestern
C180,C18,southwestern
C180,C19,western
C180,C20,western
C180,C21,western
C180,C22,southern
C180,C23,southwestern
C180,C24,southwestern
C180,C25,southwestern
C180,C26,southwestern
C180,C54,southwestern
C180,C55,southern
C180,C56,southwestern
C180,C57,southern
C180,C58,southern
C180,C59,southern
C180,C60,southern
C180,C61,southern
C180,C62,southeastern
C180,C63,southwestern
C180,C64,southern
C180,C65,southwestern
C180,C66,southwestern
C180,C169,northeastern
C180,C170,western
C180,C171,eastern
C180,C172,northeastern
C180,C173,northeastern
C180,C174,northeastern
C180,C175,eastern
C180,C176,western
C180,C177,northeastern
C180,C178,southeastern
C180,C179,eastern
C180,C181,northeastern
C180,C182,northeastern
C180,C183,northeastern
C180,C184,northeastern
C180,C185,northern
C180,C186,eastern
C180,C187,northeastern
C180,C188,eastern
C180,C189,eastern
C180,C190,eastern
C180,C191,eastern
C180,C192,eastern
C180,C193,eastern
C180,C194,eastern
C180,C195,northeastern
C180,C196,eastern
C180,C197,southeastern
C180,C198,southeastern
C180,C199,southeastern
C180,C200,southeastern
C180,C201,eastern
C180,C202,southeastern
C180,C203,southeastern
C180,C204,southeastern
C180,C205,southeastern
C180,C206,southeastern
C180,C207,northeastern
C180,C208,northeastern
C180,C209,northeastern
C180,C210,northeastern
C180,C211,northeastern
C180,C212,northeastern
C180,C213,northeastern
C180,C214,northeastern
C180,C215,northeastern
C180,C216,northeastern
C180,C217,eastern
C180,C218,northeastern
C180,C219,northeastern
C180,C220,northeastern
C180,C221,northeastern
C180,C222,northeastern
C180,C223,northeastern
C180,C224,northeastern
C180,C225,northeastern
C180,C226,northeastern
C180,C227,northeastern
C180,C228,northeastern
C180,C229,northeastern
C180,C230,northeastern
C181,C11,southwestern
C181,C12,western
C181,C13,southwestern
C181,C14,southwestern
C181,C15,southwestern
C181,C16,southwestern
C181,C17,southwestern
C181,C18,southwestern
C181,C19,southwestern
C181,C20,western
C181,C21,southwestern
C181,C22,southwestern
C181,C23,southwestern
C181,C24,southwestern
C181,C25,southwestern
C181,C26,southwestern
C181,C54,southwestern
C181,C55,southwestern
C181,C56,southwestern
C181,C57,southwestern
C181,C58,southwestern
C181,C59,southwestern
C181,C60,southwestern
C181,C61,southwestern
C181,C62,southwestern
C181,C63,southwestern
C181,C64,southwestern
C181,C65,southwestern
C181,C66,southwestern
C181,C169,western
C181,C170,southwestern
C181,C171,southwestern
C181,C172,southwestern
C181,C173,northwestern
C181,C174,northwestern
C181,C175,southwestern
C181,C176,southwestern
C181,C177,southwestern
C181,C178,southwestern
C181,C179,southern
C181,C180,southwestern
C181,C182,southwestern
C181,C183,southwestern
C181,C184,southwestern
C181,C185,western
C181,C186,southeastern
C181,C187,southeastern
C181,C188,southern
C181,C189,southern
C181,C190,southeastern
C181,C191,southeastern
C181,C192,southeastern
C181,C193,southeastern
C181,C194,southern
C181,C195,southern
C181,C196,southeastern
C181,C197,southern
C181,C198,southern
C181,C199,southern
C181,C200,southern
C181,C201,southern
C181,C202,southern
C181,C203,southern
C181,C204,southern
C181,C205,southern
C181,C206,southern
C181,C207,eastern
C181,C208,northeastern
C181,C209,eastern
C181,C210,northeastern
C181,C211,northeastern
C181,C212,eastern
C181,C213,northeastern
C181,C214,eastern
C181,C215,eastern
C181,C216,eastern
C181,C217,eastern
C181,C218,northeastern
C181,C219,northern
C181,C220,northeastern
C181,C221,northeastern
C181,C222,eastern
C181,C223,northern
C181,C224,northeastern
C181,C225,northeastern
C181,C226,eastern
C181,C227,northeastern
C181,C228,eastern
C181,C229,northeastern
C181,C230,northern
C182,C11,southwestern
C182,C12,western
C182,C13,southwestern
C182,C14,southwestern
C182,C15,southwestern
C182,C16,southwestern
C182,C17,southwestern
C182,C18,southwestern
C182,C19,western
C182,C20,western
C182,C21,southwestern
C182,C22,southwestern
C182,C23,southwestern
C182,C24,southwestern
C182,C25,southwestern
C182,C26,southwestern
C182,C54,southwestern
C182,C55,southern
C182,C56,southwestern
C182,C57,southern
C182,C58,southwestern
C182,C59,southern
C182,C60,southwestern
C182,C61,southwestern
C182,C62,southern
C182,C63,southwestern
C182,C64,southwestern
C182,C65,southwestern
C182,C66,southwestern
C182,C169,northern
C182,C170,southwestern
C182,C171,southwestern
C182,C172,southeastern
C182,C173,northern
C182,C174,northeastern
C182,C175,southern
C182,C176,southwestern
C182,C177,northeastern
C182,C178,southern
C182,C179,southeastern
C182,C180,southwestern
C182,C181,northeastern
C182,C183,southwestern
C182,C184,southern
C182,C185,northwestern
C182,C186,southeastern
C182,C187,eastern
C182,C188,southeastern
C182,C189,southeastern
C182,C190,eastern
C182,C191,southeastern
C182,C192,southeastern
C182,C193,eastern
C182,C194,southeastern
C182,C195,eastern
C182,C196,eastern
C182,C197,southeastern
C182,C198,southeastern
C182,C199,southern
C182,C200,southern
C182,C201,southeastern
C182,C202,southern
C182,C203,southern
C182,C204,southeastern
C182,C205,southeastern
C182,C206,southeastern
C182,C207,eastern
C182,C208,northeastern
C182,C209,eastern
C182,C210,northeastern
C182,C211,northeastern
C182,C212,northeastern
C182,C213,northeastern
C182,C214,eastern
C182,C215,eastern
C182,C216,eastern
C182,C217,eastern
C182,C218,northeastern
C182,C219,northeastern
C182,C220,northeastern
C182,C221,northeastern
C182,C222,eastern
C182,C223,northeastern
C182,C224,northeastern
C182,C225,northeastern
C182,C226,northeastern
C182,C227,northeastern
C182,C228,northeastern
C182,C229,northeastern
C182,C230,northeastern
C183,C11,southwestern
C183,C12,western
C183,C13,southwestern
C183,C14,southwestern
C183,C15,southwestern
C183,C16,southwestern
C183,C17,southwestern
C183,C18,southwestern
C183,C19,western
C183,C20,western
C183,C21,southwestern
C183,C22,southwestern
C183,C23,southwestern
C183,C24,southwestern
C183,C25,southwestern
C183,C26,southwestern
C183,C54,southwestern
C183,C55,southern
C183,C56,southwestern
C183,C57,southern
C183,C58,southwestern
C183,C59,southern
C183,C60,southern
C183,C61,southern
C183,C62,southern
C183,C63,southwestern
C183,C64,southern
C183,C65,southwestern
C183,C66,southwestern
C183,C169,northeastern
C183,C170,southwestern
C183,C171,southern
C183,C172,eastern
C183,C173,northeastern
C183,C174,northeastern
C183,C175,southeastern
C183,C176,southwestern
C183,C177,northeastern
C183,C178,southern
C183,C179,southeastern
C183,C180,southwestern
C183,C181,northeastern
C183,C182,northeastern
C183,C184,southeastern
C183,C185,northern
C183,C186,eastern
C183,C187,eastern
C183,C188,eastern
C183,C189,eastern
C183,C190,eastern
C183,C191,southeastern
C183,C192,southeastern
C183,C193,eastern
C183,C194,southeastern
C183,C195,eastern
C183,C196,eastern
C183,C197,southeastern
C183,C198,southeastern
C183,C199,southern
C183,C200,southern
C183,C201,southeastern
C183,C202,southeastern
C183,C203,southeastern
C183,C204,southeastern
C183,C205,southeastern
C183,C206,southeastern
C183,C207,eastern
C183,C208,northeastern
C183,C209,eastern
C183,C210,northeastern
C183,C211,northeastern
C183,C212,northeastern
C183,C213,northeastern
C183,C214,eastern
C183,C215,eastern
C183,C216,eastern
C183,C217,eastern
C183,C218,northeastern
C183,C219,northeastern
C183,C220,northeastern
C183,C221,northeastern
C183,C222,eastern
C183,C223,northeastern
C183,C224,northeastern
C183,C225,northeastern
C183,C226,northeastern
C183,C227,northeastern
C183,C228,northeastern
C183,C229,northeastern
C183,C230,northeastern
C184,C11,western
C184,C12,western
C184,C13,southwestern
C184,C14,western
C184,C15,southwestern
C184,C16,western
C184,C17,southwestern
C184,C18,southwestern
C184,C19,western
C184,C20,western
C184,C21,western
C184,C22,southwestern
C184,C23,southwestern
C184,C24,southwestern
C184,C25,southwestern
C184,C26,southwestern
C184,C54,southwestern
C184,C55,southern
C184,C56,southwestern
C184,C57,southwestern
C184,C58,southwestern
C184,C59,southwestern
C184,C60,southwestern
C184,C61,southwestern
C184,C62,southern
C184,C63,southwestern
C184,C64,southwestern
C184,C65,southwestern
C184,C66,southwestern
C184,C169,northern
C184,C170,western
C184,C171,southwestern
C184,C172,northeastern
C184,C173,northern
C184,C174,northern
C184,C175,southern
C184,C176,western
C184,C177,northeastern
C184,C178,southwestern
C184,C179,southeastern
C184,C180,southwestern
C184,C181,northeastern
C184,C182,northern
C184,C183,northwestern
C184,C185,northwestern
C184,C186,eastern
C184,C187,northeastern
C184,C188,eastern
C184,C189,eastern
C184,C190,eastern
C184,C191,southeastern
C184,C192,southeastern
C184,C193,eastern
C184,C194,southeastern
C184,C195,northeastern
C184,C196,eastern
C184,C197,southeastern
C184,C198,southeastern
C184,C199,southern
C184,C200,southern
C184,C201,southeastern
C184,C202,southern
C184,C203,southeastern
C184,C204,southeastern
C184,C205,southeastern
C184,C206,southeastern
C184,C207,northeastern
C184,C208,northeastern
C184,C209,northeastern
C184,C210,northeastern
C184,C211,northeastern
C184,C212,northeastern
C184,C213,northeastern
C184,C214,northeastern
C184,C215,northeastern
C184,C216,northeastern
C184,C217,eastern
C184,C218,northeastern
C184,C219,northeastern
C184,C220,northeastern
C184,C221,northeastern
C184,C222,northeastern
C184,C223,northeastern
C184,C224,northeastern
C184,C225,northeastern
C184,C226,northeastern
C184,C227,northeastern
C184,C228,northeastern
C184,C229,northeastern
C184,C230,northeastern
C185,C11,southwestern
C185,C12,southwestern
C185,C13,southwestern
C185,C14,southwestern
C185,C15,southwestern
C185,C16,southwestern
C185,C17,southwestern
C185,C18,southwestern
C185,C19,southwestern
C185,C20,southwestern
C185,C21,southwestern
C185,C22,southern
C185,C23,southwestern
C185,C24,southwestern
C185,C25,southwestern
C185,C26,southwestern
C185,C54,southwestern
C185,C55,southern
C185,C56,southern
C185,C57,southern
C185,C58,southern
C185,C59,southern
C185,C60,southern
C185,C61,southern
C185,C62,southern
C185,C63,southwestern
C185,C64,southern
C185,C65,southern
C185,C66,southwestern
C185,C169,eastern
C185,C170,southwestern
C185,C171,southern
C185,C172,southeastern
C185,C173,northeastern
C185,C174,eastern
C185,C175,southern
C185,C176,southwestern
C185,C177,eastern
C185,C178,southern
C185,C179,southeastern
C185,C180,southern
C185,C181,eastern
C185,C182,southeastern
C185,C183,southern
C185,C184,southeastern
C185,C186,southeastern
C185,C187,eastern
C185,C188,southeastern
C185,C189,southeastern
C185,C190,eastern
C185,C191,southeastern
C185,C192,southeastern
C185,C193,eastern
C185,C194,southeastern
C185,C195,eastern
C185,C196,southeastern
C185,C197,southeastern
C185,C198,southeastern
C185,C199,southern
C185,C200,southern
C185,C201,southeastern
C185,C202,southeastern
C185,C203,southeastern
C185,C204,southeastern
C185,C205,southeastern
C185,C206,southeastern
C185,C207,eastern
C185,C208,eastern
C185,C209,eastern
C185,C210,northeastern
C185,C211,northeastern
C185,C212,eastern
C185,C213,eastern
C185,C214,eastern
C185,C215,eastern
C185,C216,eastern
C185,C217,eastern
C185,C218,eastern
C185,C219,eastern
C185,C220,northeastern
C185,C221,northeastern
C185,C222,eastern
C185,C223,northeastern
C185,C224,northeastern
C185,C225,northeastern
C185,C226,eastern
C185,C227,eastern
C185,C228,eastern
C185,C229,eastern
C185,C230,northeastern
C186,C168,northern
C186,C169,northwestern
C186,C170,western
C186,C171,western
C186,C172,northwestern
C186,C173,northwestern
C186,C174,northwestern
C186,C175,western
C186,C176,western
C186,C177,northwestern
C186,C178,western
C186,C179,western
C186,C180,western
C186,C181,northwestern
C186,C182,northwestern
C186,C183,western
C186,C184,western
C186,C185,northwestern
C186,C187,northwestern
C186,C188,northwestern
C186,C189,western
C186,C190,northwestern
C186,C191,western
C186,C192,southwestern
C186,C193,northwestern
C186,C194,southwestern
C186,C195,northwestern
C186,C196,northwestern
C186,C197,southwestern
C186,C198,southwestern
C186,C199,western
C186,C200,southwestern
C186,C201,western
C186,C202,southwestern
C186,C203,western
C186,C204,southwestern
C186,C205,southwestern
C186,C206,southwestern
C186,C207,northern
C186,C208,northern
C186,C209,northern
C186,C210,northern
C186,C211,northern
C186,C212,northwestern
C186,C213,northern
C186,C214,northern
C186,C215,northwestern
C186,C216,northern
C186,C217,northeastern
C186,C218,northern
C186,C219,northwestern
C186,C220,northern
C186,C221,northern
C186,C222,northern
C186,C223,northwestern
C186,C224,northern
C186,C225,northern
C186,C226,northern
C186,C227,northwestern
C186,C228,northern
C186,C229,northern
C186,C230,northwestern
C186,C231,eastern
C186,C232,eastern
C186,C233,northeastern
C186,C234,northeastern
C186,C235,eastern
C186,C236,northeastern
C186,C237,eastern
C186,C238,northeastern
C186,C239,northeastern
C186,C240,northeastern
C186,C241,northern
C186,C242,eastern
C186,C243,northeastern
C186,C317,southeastern
C186,C387,southern
C186,C388,southeastern
C186,C389,southern
C186,C390,southern
C186,C391,southern
C186,C392,southwestern
C186,C393,southern
C186,C394,southwestern
C186,C395,southern
C186,C396,southern
C187,C168,eastern
C187,C169,northwestern
C187,C170,western
C187,C171,southwestern
C187,C172,western
C187,C173,northwestern
C187,C174,northwestern
C187,C175,southwestern
C187,C176,western
C187,C177,northwestern
C187,C178,southwestern
C187,C179,southwestern
C187,C180,southwestern
C187,C181,northwestern
C187,C182,western
C187,C183,western
C187,C184,western
C187,C185,western
C187,C186,southeastern
C187,C188,southwestern
C187,C189,southern
C187,C190,eastern
C187,C191,southern
C187,C192,southeastern
C187,C193,southeastern
C187,C194,southern
C187,C195,western
C187,C196,southeastern
C187,C197,southern
C187,C198,southern
C187,C199,southwestern
C187,C200,southwestern
C187,C201,southern
C187,C202,southern
C187,C203,southern
C187,C204,southern
C187,C205,southern
C187,C206,southern
C187,C207,northeastern
C187,C208,northeastern
C187,C209,northeastern
C187,C210,northeastern
C187,C211,northeastern
C187,C212,northern
C187,C213,northeastern
C187,C214,northeastern
C187,C215,northeastern
C187,C216,northeastern
C187,C217,eastern
C187,C218,northeastern
C187,C219,northern
C187,C220,northeastern
C187,C221,northern
C187,C222,northeastern
C187,C223,northern
C187,C224,northeastern
C187,C225,northern
C187,C226,northeastern
C187,C227,northern
C187,C228,northeastern
C187,C229,northeastern
C187,C230,northern
C187,C231,southeastern
C187,C232,southeastern
C187,C233,eastern
C187,C234,southeastern
C187,C235,eastern
C187,C236,eastern
C187,C237,eastern
C187,C238,eastern
C187,C239,eastern
C187,C240,southeastern
C187,C241,eastern
C187,C242,southeastern
C187,C243,eastern
C187,C317,southeastern
C187,C387,southeastern
C187,C388,southeastern
C187,C389,southeastern
C187,C390,southern
C187,C391,southeastern
C187,C392,southern
C187,C393,southern
C187,C394,southern
C187,C395,southeastern
C187,C396,southeastern
C188,C168,eastern
C188,C169,northwestern
C188,C170,western
C188,C171,western
C188,C172,western
C188,C173,northern
C188,C174,northern
C188,C175,southwestern
C188,C176,western
C188,C177,northern
C188,C178,southwestern
C188,C179,southwestern
C188,C180,western
C188,C181,northern
C188,C182,northwestern
C188,C183,western
C188,C184,western
C188,C185,northwestern
C188,C186,southeastern
C188,C187,northeastern
C188,C189,southeastern
C188,C190,eastern
C188,C191,southeastern
C188,C192,southeastern
C188,C193,eastern
C188,C194,southeastern
C188,C195,northern
C188,C196,eastern
C188,C197,southern
C188,C198,southeastern
C188,C199,southwestern
C188,C200,southern
C188,C201,southern
C188,C202,southern
C188,C203,southern
C188,C204,southern
C188,C205,southern
C188,C206,southeastern
C188,C207,northeastern
C188,C208,northeastern
C188,C209,northeastern
C188,C210,northeastern
C188,C211,northeastern
C188,C212,northeastern
C188,C213,northeastern
C188,C214,northeastern
C188,C215,northeastern
C188,C216,northeastern
C188,C217,northeastern
C188,C218,northeastern
C188,C219,northern
C188,C220,northeastern
C188,C221,northeastern
C188,C222,northeastern
C188,C223,northern
C188,C224,northeastern
C188,C225,northeastern
C188,C226,northeastern
C188,C227,northeastern
C188,C228,northeastern
C188,C229,northeastern
C188,C230,northern
C188,C231,eastern
C188,C232,eastern
C188,C233,eastern
C188,C234,eastern
C188,C235,eastern
C188,C236,eastern
C188,C237,eastern
C188,C238,eastern
C188,C239,eastern
C188,C240,eastern
C188,C241,eastern
C188,C242,eastern
C188,C243,eastern
C188,C317,southeastern
C188,C387,southeastern
C188,C388,southeastern
C188,C389,southeastern
C188,C390,southeastern
C188,C391,southeastern
C188,C392,southeastern
C188,C393,southeastern
C188,C394,southeastern
C188,C395,southeastern
C188,C396,southeastern
C189,C168,northeastern
C189,C169,northwestern
C189,C170,western
C189,C171,western
C189,C172,northwestern
C189,C173,northwestern
C189,C174,northwestern
C189,C175,western
C189,C176,western
C189,C177,northwestern
C189,C178,western
C189,C179,western
C189,C180,western
C189,C181,northern
C189,C182,northwestern
C189,C183,western
C189,C184,western
C189,C185,northwestern
C189,C186,eastern
C189,C187,northern
C189,C188,northwestern
C189,C190,northeastern
C189,C191,southeastern
C189,C192,southeastern
C189,C193,northeastern
C189,C194,southern
C189,C195,northern
C189,C196,eastern
C189,C197,southern
C189,C198,southern
C189,C199,southwestern
C189,C200,southwestern
C189,C201,southwestern
C189,C202,southern
C189,C203,southwestern
C189,C204,southern
C189,C205,southern
C189,C206,southern
C189,C207,northeastern
C189,C208,northeastern
C189,C209,northeastern
C189,C210,northern
C189,C211,northern
C189,C212,northern
C189,C213,northeastern
C189,C214,northeastern
C189,C215,northern
C189,C216,northeastern
C189,C217,northeastern
C189,C218,northeastern
C189,C219,northern
C189,C220,northeastern
C189,C221,northern
C189,C222,northeastern
C189,C223,northern
C189,C224,northeastern
C189,C225,northern
C189,C226,northeastern
C189,C227,northern
C189,C228,northeastern
C189,C229,northeastern
C189,C230,northern
C189,C231,eastern
C189,C232,eastern
C189,C233,eastern
C189,C234,eastern
C189,C235,eastern
C189,C236,eastern
C189,C237,eastern
C189,C238,northeastern
C189,C239,eastern
C189,C240,eastern
C189,C241,northeastern
C189,C242,eastern
C189,C243,eastern
C189,C317,southeastern
C189,C387,southeastern
C189,C388,southeastern
C189,C389,southeastern
C189,C390,southeastern
C189,C391,southeastern
C189,C392,southeastern
C189,C393,southeastern
C189,C394,southeastern
C189,C395,southeastern
C189,C396,southeastern
C190,C168,eastern
C190,C169,northwestern
C190,C170,western
C190,C171,western
C190,C172,western
C190,C173,northwestern
C190,C174,northwestern
C190,C175,southwestern
C190,C176,western
C190,C177,western
C190,C178,southwestern
C190,C179,southwestern
C190,C180,western
C190,C181,northwestern
C190,C182,western
C190,C183,western
C190,C184,western
C190,C185,western
C190,C186,southeastern
C190,C187,western
C190,C188,western
C190,C189,southwestern
C190,C191,southern
C190,C192,southern
C190,C193,southwestern
C190,C194,southern
C190,C195,western
C190,C196,southern
C190,C197,southern
C190,C198,southern
C190,C199,southwestern
C190,C200,southwestern
C190,C201,southwestern
C190,C202,southwestern
C190,C203,southwestern
C190,C204,southern
C190,C205,southern
C190,C206,southern
C190,C207,northern
C190,C208,northern
C190,C209,northeastern
C190,C210,northern
C190,C211,northern
C190,C212,northwestern
C190,C213,northeastern
C190,C214,northeastern
C190,C215,northwestern
C190,C216,northeastern
C190,C217,northeastern
C190,C218,northeastern
C190,C219,northwestern
C190,C220,northeastern
C190,C221,northern
C190,C222,northern
C190,C223,northwestern
C190,C224,northeastern
C190,C225,northern
C190,C226,northeastern
C190,C227,northern
C190,C228,northeastern
C190,C229,northeastern
C190,C230,northern
C190,C231,southeastern
C190,C232,southeastern
C190,C233,eastern
C190,C234,southeastern
C190,C235,eastern
C190,C236,eastern
C190,C237,eastern
C190,C238,eastern
C190,C239,eastern
C190,C240,southeastern
C190,C241,eastern
C190,C242,southeastern
C190,C243,eastern
C190,C317,southeastern
C190,C387,southern
C190,C388,southeastern
C190,C389,southern
C190,C390,southern
C190,C391,southern
C190,C392,southern
C190,C393,southern
C190,C394,southern
C190,C395,southern
C190,C396,southern
C191,C168,northeastern
C191,C169,northwestern
C191,C170,western
C191,C171,western
C191,C172,northwestern
C191,C173,northwestern
C191,C174,northwestern
C191,C175,western
C191,C176,western
C191,C177,northwestern
C191,C178,western
C191,C179,western
C191,C180,western
C191,C181,northwestern
C191,C182,northwestern
C191,C183,northwestern
C191,C184,northwestern
C191,C185,northwestern
C191,C186,eastern
C191,C187,northern
C191,C188,northwestern
C191,C189,northwestern
C191,C190,northern
C191,C192,southeastern
C191,C193,northern
C191,C194,southern
C191,C195,northwestern
C191,C196,northeastern
C191,C197,southern
C191,C198,southwestern
C191,C199,western
C191,C200,southwestern
C191,C201,western
C191,C202,southwestern
C191,C203,southwestern
C191,C204,southwestern
C191,C205,southwestern
C191,C206,southern
C191,C207,northern
C191,C208,northern
C191,C209,northeastern
C191,C210,northern
C191,C211,northern
C191,C212,northern
C191,C213,northern
C191,C214,northeastern
C191,C215,northern
C191,C216,northeastern
C191,C217,northeastern
C191,C218,northeastern
C191,C219,northern
C191,C220,northern
C191,C221,northern
C191,C222,northern
C191,C223,northern
C191,C224,northern
C191,C225,northern
C191,C226,northern
C191,C227,northern
C191,C228,northeastern
C191,C229,northeastern
C191,C230,northern
C191,C231,eastern
C191,C232,eastern
C191,C233,eastern
C191,C234,eastern
C191,C235,eastern
C191,C236,northeastern
C191,C237,eastern
C191,C238,northeastern
C191,C239,northeastern
C191,C240,eastern
C191,C241,northeastern
C191,C242,eastern
C191,C243,northeastern
C191,C317,southeastern
C191,C387,southeastern
C191,C388,southeastern
C191,C389,southeastern
C191,C390,southeastern
C191,C391,southeastern
C191,C392,southern
C191,C393,southern
C191,C394,southeastern
C191,C395,southeastern
C191,C396,southeastern
C192,C168,northern
C192,C169,northwestern
C192,C170,western
C192,C171,western
C192,C172,northwestern
C192,C173,northwestern
C192,C174,northwestern
C192,C175,western
C192,C176,western
C192,C177,northwestern
C192,C178,western
C192,C179,western
C192,C180,western
C192,C181,northwestern
C192,C182,northwestern
C192,C183,northwestern
C192,C184,northwestern
C192,C185,northwestern
C192,C186,northeastern
C192,C187,northwestern
C192,C188,northwestern
C192,C189,northwestern
C192,C190,northern
C192,C191,northwestern
C192,C193,northwestern
C192,C194,western
C192,C195,northwestern
C192,C196,northern
C192,C197,southwestern
C192,C198,southwestern
C192,C199,western
C192,C200,southwestern
C192,C201,western
C192,C202,southwestern
C192,C203,western
C192,C204,western
C192,C205,southwestern
C192,C206,southwestern
C192,C207,northern
C192,C208,northern
C192,C209,northern
C192,C210,northern
C192,C211,northern
C192,C212,northwestern
C192,C213,northern
C192,C214,northern
C192,C215,northern
C192,C216,northern
C192,C217,northeastern
C192,C218,northern
C192,C219,northwestern
C192,C220,northern
C192,C221,northern
C192,C222,northern
C192,C223,northwestern
C192,C224,northern
C192,C225,northern
C192,C226,northern
C192,C227,northern
C192,C228,northern
C192,C229,northern
C192,C230,northern
C192,C231,eastern
C192,C232,eastern
C192,C233,northeastern
C192,C234,northeastern
C192,C235,northeastern
C192,C236,northeastern
C192,C237,eastern
C192,C238,northeastern
C192,C239,northeastern
C192,C240,northeastern
C192,C241,northeastern
C192,C242,eastern
C192,C243,northeastern
C192,C317,eastern
C192,C387,southeastern
C192,C388,southeastern
C192,C389,southeastern
C192,C390,southern
C192,C391,southeastern
C192,C392,southern
C192,C393,southern
C192,C394,southwestern
C192,C395,southeastern
C192,C396,southeastern
C193,C168,eastern
C193,C169,northwestern
C193,C170,western
C193,C171,western
C193,C172,western
C193,C173,northwestern
C193,C174,northwestern
C193,C175,western
C193,C176,western
C193,C177,northwestern
C193,C178,southwestern
C193,C179,southwestern
C193,C180,western
C193,C181,northwestern
C193,C182,western
C193,C183,western
C193,C184,western
C193,C185,northwestern
C193,C186,southeastern
C193,C187,northwestern
C193,C188,western
C193,C189,southwestern
C193,C190,northeastern
C193,C191,southern
C193,C192,southeastern
C193,C194,southern
C193,C195,northwestern
C193,C196,southeastern
C193,C197,southern
C193,C198,southern
C193,C199,southwestern
C193,C200,southwestern
C193,C201,southwestern
C193,C202,southwestern
C193,C203,southwestern
C193,C204,southern
C193,C205,southern
C193,C206,southern
C193,C207,northeastern
C193,C208,northern
C193,C209,northeastern
C193,C210,northern
C193,C211,northern
C193,C212,northern
C193,C213,northeastern
C193,C214,northeastern
C193,C215,northern
C193,C216,northeastern
C193,C217,northeastern
C193,C218,northeastern
C193,C219,northwestern
C193,C220,northeastern
C193,C221,northern
C193,C222,northeastern
C193,C223,northern
C193,C224,northeastern
C193,C225,northern
C193,C226,northeastern
C193,C227,northern
C193,C228,northeastern
C193,C229,northeastern
C193,C230,northern
C193,C231,southeastern
C193,C232,eastern
C193,C233,eastern
C193,C234,southeastern
C193,C235,eastern
C193,C236,eastern
C193,C237,eastern
C193,C238,northeastern
C193,C239,eastern
C193,C240,eastern
C193,C241,eastern
C193,C242,eastern
C193,C243,eastern
C193,C317,southeastern
C193,C387,southeastern
C193,C388,southeastern
C193,C389,southeastern
C193,C390,southern
C193,C391,southeastern
C193,C392,southern
C193,C393,southern
C193,C394,southern
C193,C395,southeastern
C193,C396,southeastern
C194,C168,northeastern
C194,C169,northwestern
C194,C170,western
C194,C171,northwestern
C194,C172,northwestern
C194,C173,northwestern
C194,C174,northern
C194,C175,northwestern
C194,C176,western
C194,C177,northwestern
C194,C178,western
C194,C179,northwestern
C194,C180,western
C194,C181,northern
C194,C182,northwestern
C194,C183,northwestern
C194,C184,northwestern
C194,C185,northwestern
C194,C186,northeastern
C194,C187,northern
C194,C188,northwestern
C194,C189,northern
C194,C190,northern
C194,C191,northern
C194,C192,eastern
C194,C193,northern
C194,C195,northern
C194,C196,northeastern
C194,C197,southern
C194,C198,southwestern
C194,C199,western
C194,C200,southwestern
C194,C201,western
C194,C202,southwestern
C194,C203,western
C194,C204,southwestern
C194,C205,southwestern
C194,C206,southern
C194,C207,northern
C194,C208,northern
C194,C209,northern
C194,C210,northern
C194,C211,northern
C194,C212,northern
C194,C213,northern
C194,C214,northeastern
C194,C215,northern
C194,C216,northeastern
C194,C217,northeastern
C194,C218,northeastern
C194,C219,northern
C194,C220,northern
C194,C221,northern
C194,C222,northern
C194,C223,northern
C194,C224,northern
C194,C225,northern
C194,C226,northern
C194,C227,northern
C194,C228,northeastern
C194,C229,northeastern
C194,C230,northern
C194,C231,eastern
C194,C232,eastern
C194,C233,northeastern
C194,C234,northeastern
C194,C235,eastern
C194,C236,northeastern
C194,C237,eastern
C194,C238,northeastern
C194,C239,northeastern
C194,C240,northeastern
C194,C241,northeastern
C194,C242,eastern
C194,C243,northeastern
C194,C317,eastern
C194,C387,southeastern
C194,C388,southeastern
C194,C389,southeastern
C194,C390,southeastern
C194,C391,southeastern
C194,C392,southeastern
C194,C393,southeastern
C194,C394,eastern
C194,C395,southeastern
C194,C396,eastern
C195,C168,eastern
C195,C169,northwestern
C195,C170,southwestern
C195,C171,southwestern
C195,C172,southwestern
C195,C173,northwestern
C195,C174,northwestern
C195,C175,southwestern
C195,C176,western
C195,C177,northwestern
C195,C178,southwestern
C195,C179,southwestern
C195,C180,southwestern
C195,C181,northern
C195,C182,western
C195,C183,western
C195,C184,southwestern
C195,C185,western
C195,C186,southeastern
C195,C187,eastern
C195,C188,southern
C195,C189,southern
C195,C190,eastern
C195,C191,southeastern
C195,C192,southeastern
C195,C193,southeastern
C195,C194,southern
C195,C196,southeastern
C195,C197,southern
C195,C198,southern
C195,C199,southwestern
C195,C200,southern
C195,C201,southern
C195,C202,southern
C195,C203,southern
C195,C204,southern
C195,C205,southern
C195,C206,southern
C195,C207,eastern
C195,C208,northeastern
C195,C209,eastern
C195,C210,northeastern
C195,C211,northeastern
C195,C212,northeastern
C195,C213,northeastern
C195,C214,eastern
C195,C215,northeastern
C195,C216,eastern
C195,C217,eastern
C195,C218,northeastern
C195,C219,northern
C195,C220,northeastern
C195,C221,northeastern
C195,C222,northeastern
C195,C223,northern
C195,C224,northeastern
C195,C225,northeastern
C195,C226,northeastern
C195,C227,northeastern
C195,C228,northeastern
C195,C229,northeastern
C195,C230,northern
C195,C231,southeastern
C195,C232,southeastern
C195,C233,eastern
C195,C234,southeastern
C195,C235,eastern
C195,C236,eastern
C195,C237,eastern
C195,C238,eastern
C195,C239,eastern
C195,C240,southeastern
C195,C241,eastern
C195,C242,southeastern
C195,C243,eastern
C195,C317,southeastern
C195,C387,southeastern
C195,C388,southeastern
C195,C389,southeastern
C195,C390,southeastern
C195,C391,southeastern
C195,C392,southeastern
C195,C393,southern
C195,C394,southeastern
C195,C395,southeastern
C195,C396,southeastern
C196,C168,northeastern
C196,C169,northwestern
C196,C170,western
C196,C171,western
C196,C172,western
C196,C173,northwestern
C196,C174,northwestern
C196,C175,western
C196,C176,western
C196,C177,northwestern
C196,C178,western
C196,C179,western
C196,C180,western
C196,C181,northwestern
C196,C182,western
C196,C183,western
C196,C184,western
C196,C185,northwestern
C196,C186,southeastern
C196,C187,northwestern
C196,C188,western
C196,C189,western
C196,C190,northern
C196,C191,southwestern
C196,C192,southern
C196,C193,northwestern
C196,C194,southwestern
C196,C195,northwestern
C196,C197,southern
C196,C198,southwestern
C196,C199,southwestern
C196,C200,southwestern
C196,C201,southwestern
C196,C202,southwestern
C196,C203,southwestern
C196,C204,southwestern
C196,C205,southwestern
C196,C206,southern
C196,C207,northern
C196,C208,northern
C196,C209,northern
C196,C210,northern
C196,C211,northern
C196,C212,northwestern
C196,C213,northern
C196,C214,northeastern
C196,C215,northwestern
C196,C216,northeastern
C196,C217,northeastern
C196,C218,northeastern
C196,C219,northwestern
C196,C220,northern
C196,C221,northern
C196,C222,northern
C196,C223,northwestern
C196,C224,northern
C196,C225,northern
C196,C226,northern
C196,C227,northern
C196,C228,northeastern
C196,C229,northeastern
C196,C230,northern
C196,C231,eastern
C196,C232,eastern
C196,C233,eastern
C196,C234,southeastern
C196,C235,eastern
C196,C236,eastern
C196,C237,eastern
C196,C238,northeastern
C196,C239,northeastern
C196,C240,eastern
C196,C241,northeastern
C196,C242,eastern
C196,C243,eastern
C196,C317,southeastern
C196,C387,southern
C196,C388,southeastern
C196,C389,southeastern
C196,C390,southern
C196,C391,southern
C196,C392,southern
C196,C393,southern
C196,C394,southern
C196,C395,southeastern
C196,C396,southeastern
C197,C3,southwestern
C197,C54,western
C197,C55,western
C197,C56,northwestern
C197,C57,western
C197,C58,western
C197,C59,western
C197,C60,western
C197,C61,western
C197,C62,northwestern
C197,C63,western
C197,C64,western
C197,C65,western
C197,C66,western
C197,C166,western
C197,C167,western
C197,C169,northern
C197,C170,northwestern
C197,C171,northwestern
C197,C172,northwestern
C197,C173,northern
C197,C174,northern
C197,C175,northwestern
C197,C176,northwestern
C197,C177,northern
C197,C178,northwestern
C197,C179,northwestern
C197,C180,northwestern
C197,C181,northern
C197,C182,northwestern
C197,C183,northwestern
C197,C184,northwestern
C197,C185,northwestern
C197,C186,northeastern
C197,C187,northern
C197,C188,northern
C197,C189,northern
C197,C190,northern
C197,C191,northern
C197,C192,northeastern
C197,C193,northern
C197,C194,northern
C197,C195,northern
C197,C196,northern
C197,C198,northern
C197,C199,northwestern
C197,C200,western
C197,C201,northwestern
C197,C202,western
C197,C203,northwestern
C197,C204,northwestern
C197,C205,northwestern
C197,C206,northeastern
C197,C314,southwestern
C197,C315,southeastern
C197,C318,southwestern
C197,C387,eastern
C197,C388,eastern
C197,C389,eastern
C197,C390,eastern
C197,C391,eastern
C197,C392,eastern
C197,C393,southeastern
C197,C394,northeastern
C197,C395,eastern
C197,C396,northeastern
C198,C3,southwestern
C198,C54,western
C198,C55,western
C198,C56,western
C198,C57,western
C198,C58,western
C198,C59,southwestern
C198,C60,southwestern
C198,C61,western
C198,C62,western
C198,C63,western
C198,C64,western
C198,C65,western
C198,C66,western
C198,C166,western
C198,C167,southwestern
C198,C169,northwestern
C198,C170,northwestern
C198,C171,northwestern
C198,C172,northwestern
C198,C173,northern
C198,C174,northern
C198,C175,northwestern
C198,C176,western
C198,C177,northern
C198,C178,western
C198,C179,northwestern
C198,C180,northwestern
C198,C181,northern
C198,C182,northwestern
C198,C183,northwestern
C198,C184,northwestern
C198,C185,northwestern
C198,C186,northeastern
C198,C187,northern
C198,C188,northwestern
C198,C189,northern
C198,C190,northern
C198,C191,northeastern
C198,C192,northeastern
C198,C193,northern
C198,C194,northeastern
C198,C195,northern
C198,C196,northeastern
C198,C197,southern
C198,C199,western
C198,C200,southwestern
C198,C201,northwestern
C198,C202,southwestern
C198,C203,western
C198,C204,western
C198,C205,southwestern
C198,C206,southeastern
C198,C314,southern
C198,C315,southeastern
C198,C318,southwestern
C198,C387,eastern
C198,C388,eastern
C198,C389,southeastern
C198,C390,southeastern
C198,C391,eastern
C198,C392,southeastern
C198,C393,southeastern
C198,C394,eastern
C198,C395,southeastern
C198,C396,eastern
C199,C3,southern
C199,C54,western
C199,C55,southwestern
C199,C56,western
C199,C57,southwestern
C199,C58,southwestern
C199,C59,southwestern
C199,C60,southwestern
C199,C61,southwestern
C199,C62,western
C199,C63,western
C199,C64,southwestern
C199,C65,western
C199,C66,western
C199,C166,southern
C199,C167,southern
C199,C169,northern
C199,C170,northwestern
C199,C171,northwestern
C199,C172,northern
C199,C173,northern
C199,C174,northern
C199,C175,northern
C199,C176,western
C199,C177,northern
C199,C178,northwestern
C199,C179,northeastern
C199,C180,northwestern
C199,C181,northern
C199,C182,northern
C199,C183,northern
C199,C184,northern
C199,C185,northern
C199,C186,eastern
C199,C187,northeastern
C199,C188,northeastern
C199,C189,northeastern
C199,C190,northeastern
C199,C191,eastern
C199,C192,eastern
C199,C193,northeastern
C199,C194,eastern
C199,C195,northeastern
C199,C196,northeastern
C199,C197,southeastern
C199,C198,eastern
C199,C200,southern
C199,C201,eastern
C199,C202,southeastern
C199,C203,southeastern
C199,C204,eastern
C199,C205,southeastern
C199,C206,eastern
C199,C314,southeastern
C199,C315,southeastern
C199,C318,southeastern
C199,C387,eastern
C199,C388,eastern
C199,C389,southeastern
C199,C390,southeastern
C199,C391,eastern
C199,C392,eastern
C199,C393,southeastern
C199,C394,eastern
C199,C395,eastern
C199,C396,eastern
C200,C3,southern
C200,C54,western
C200,C55,western
C200,C56,northwestern
C200,C57,northwestern
C200,C58,western
C200,C59,southwestern
C200,C60,southwestern
C200,C61,western
C200,C62,northwestern
C200,C63,western
C200,C64,western
C200,C65,western
C200,C66,western
C200,C166,western
C200,C167,eastern
C200,C169,northern
C200,C170,northwestern
C200,C171,northern
C200,C172,northern
C200,C173,northern
C200,C174,northern
C200,C175,northern
C200,C176,northwestern
C200,C177,northern
C200,C178,northwestern
C200,C179,northern
C200,C180,northwestern
C200,C181,northern
C200,C182,northern
C200,C183,northern
C200,C184,northern
C200,C185,northern
C200,C186,northeastern
C200,C187,northeastern
C200,C188,northern
C200,C189,northeastern
C200,C190,northeastern
C200,C191,northeastern
C200,C192,northeastern
C200,C193,northeastern
C200,C194,northeastern
C200,C195,northern
C200,C196,northeastern
C200,C197,eastern
C200,C198,northeastern
C200,C199,northern
C200,C201,northeastern
C200,C202,eastern
C200,C203,northeastern
C200,C204,northeastern
C200,C205,eastern
C200,C206,eastern
C200,C314,southeastern
C200,C315,eastern
C200,C318,eastern
C200,C387,eastern
C200,C388,eastern
C200,C389,eastern
C200,C390,eastern
C200,C391,eastern
C200,C392,eastern
C200,C393,eastern
C200,C394,eastern
C200,C395,eastern
C200,C396,eastern
C201,C3,southern
C201,C54,western
C201,C55,southwestern
C201,C56,western
C201,C57,southwestern
C201,C58,southwestern
C201,C59,southwestern
C201,C60,southwestern
C201,C61,southwestern
C201,C62,western
C201,C63,western
C201,C64,southwestern
C201,C65,western
C201,C66,western
C201,C166,southwestern
C201,C167,southern
C201,C169,northern
C201,C170,western
C201,C171,northwestern
C201,C172,northwestern
C201,C173,northern
C201,C174,northern
C201,C175,northwestern
C201,C176,western
C201,C177,northern
C201,C178,western
C201,C179,northwestern
C201,C180,western
C201,C181,northern
C201,C182,northwestern
C201,C183,northwestern
C201,C184,northwestern
C201,C185,northwestern
C201,C186,eastern
C201,C187,northern
C201,C188,northern
C201,C189,northeastern
C201,C190,northeastern
C201,C191,eastern
C201,C192,eastern
C201,C193,northeastern
C201,C194,eastern
C201,C195,northern
C201,C196,northeastern
C201,C197,southeastern
C201,C198,southeastern
C201,C199,western
C201,C200,southwestern
C201,C202,southern
C201,C203,southwestern
C201,C204,southern
C201,C205,southern
C201,C206,southeastern
C201,C314,southern
C201,C315,southeastern
C201,C318,southern
C201,C387,southeastern
C201,C388,southeastern
C201,C389,southeastern
C201,C390,southeastern
C201,C391,southeastern
C201,C392,southeastern
C201,C393,southeastern
C201,C394,eastern
C201,C395,southeastern
C201,C396,eastern
C202,C3,southwestern
C202,C54,western
C202,C55,western
C202,C56,northwestern
C202,C57,western
C202,C58,western
C202,C59,southwestern
C202,C60,southwestern
C202,C61,western
C202,C62,northwestern
C202,C63,western
C202,C64,western
C202,C65,western
C202,C66,western
C202,C166,western
C202,C167,southwestern
C202,C169,northern
C202,C170,northwestern
C202,C171,northwestern
C202,C172,northern
C202,C173,northern
C202,C174,northern
C202,C175,northwestern
C202,C176,northwestern
C202,C177,northern
C202,C178,northwestern
C202,C179,northern
C202,C180,northwestern
C202,C181,northern
C202,C182,northern
C202,C183,northwestern
C202,C184,northern
C202,C185,northwestern
C202,C186,northeastern
C202,C187,northern
C202,C188,northern
C202,C189,northern
C202,C190,northeastern
C202,C191,northeastern
C202,C192,northeastern
C202,C193,northeastern
C202,C194,northeastern
C202,C195,northern
C202,C196,northeastern
C202,C197,eastern
C202,C198,northeastern
C202,C199,northwestern
C202,C200,western
C202,C201,northern
C202,C203,northern
C202,C204,northeastern
C202,C205,eastern
C202,C206,eastern
C202,C314,southeastern
C202,C315,eastern
C202,C318,southeastern
C202,C387,eastern
C202,C388,eastern
C202,C389,eastern
C202,C390,eastern
C202,C391,eastern
C202,C392,eastern
C202,C393,southeastern
C202,C394,eastern
C202,C395,eastern
C202,C396,eastern
C203,C3,southern
C203,C54,western
C203,C55,southwestern
C203,C56,western
C203,C57,western
C203,C58,western
C203,C59,southwestern
C203,C60,southwestern
C203,C61,western
C203,C62,western
C203,C63,western
C203,C64,western
C203,C65,western
C203,C66,western
C203,C166,southwestern
C203,C167,southern
C203,C169,northern
C203,C170,northwestern
C203,C171,northwestern
C203,C172,northern
C203,C173,northern
C203,C174,northern
C203,C175,northwestern
C203,C176,northwestern
C203,C177,northern
C203,C178,northwestern
C203,C179,northern
C203,C180,northwestern
C203,C181,northern
C203,C182,northern
C203,C183,northwestern
C203,C184,northwestern
C203,C185,northwestern
C203,C186,eastern
C203,C187,northern
C203,C188,northern
C203,C189,northeastern
C203,C190,northeastern
C203,C191,northeastern
C203,C192,eastern
C203,C193,northeastern
C203,C194,eastern
C203,C195,northern
C203,C196,northeastern
C203,C197,southeastern
C203,C198,eastern
C203,C199,northwestern
C203,C200,southwestern
C203,C201,northeastern
C203,C202,southern
C203,C204,eastern
C203,C205,southeastern
C203,C206,eastern
C203,C314,southern
C203,C315,southeastern
C203,C318,southeastern
C203,C387,eastern
C203,C388,eastern
C203,C389,southeastern
C203,C390,southeastern
C203,C391,eastern
C203,C392,eastern
C203,C393,southeastern
C203,C394,eastern
C203,C395,eastern
C203,C396,eastern
C204,C3,southwestern
C204,C54,western
C204,C55,western
C204,C56,western
C204,C57,western
C204,C58,western
C204,C59,southwestern
C204,C60,southwestern
C204,C61,western
C204,C62,western
C204,C63,western
C204,C64,western
C204,C65,western
C204,C66,western
C204,C166,southwestern
C204,C167,southwestern
C204,C169,northern
C204,C170,northwestern
C204,C171,northwestern
C204,C172,northwestern
C204,C173,northern
C204,C174,northern
C204,C175,northwestern
C204,C176,western
C204,C177,northern
C204,C178,northwestern
C204,C179,northwestern
C204,C180,northwestern
C204,C181,northern
C204,C182,northwestern
C204,C183,northwestern
C204,C184,northwestern
C204,C185,northwestern
C204,C186,northeastern
C204,C187,northern
C204,C188,northern
C204,C189,northern
C204,C190,northern
C204,C191,northeastern
C204,C192,eastern
C204,C193,northern
C204,C194,northeastern
C204,C195,northern
C204,C196,northeastern
C204,C197,southeastern
C204,C198,eastern
C204,C199,western
C204,C200,southwestern
C204,C201,northern
C204,C202,southwestern
C204,C203,western
C204,C205,southern
C204,C206,eastern
C204,C314,southern
C204,C315,southeastern
C204,C318,southern
C204,C387,eastern
C204,C388,eastern
C204,C389,southeastern
C204,C390,southeastern
C204,C391,eastern
C204,C392,eastern
C204,C393,southeastern
C204,C394,eastern
C204,C395,eastern
C204,C396,eastern
C205,C3,southwestern
C205,C54,western
C205,C55,western
C205,C56,western
C205,C57,western
C205,C58,western
C205,C59,western
C205,C60,western
C205,C61,western
C205,C62,western
C205,C63,western
C205,C64,western
C205,C65,western
C205,C66,western
C205,C166,western
C205,C167,southwestern
C205,C169,northern
C205,C170,northwestern
C205,C171,northwestern
C205,C172,northern
C205,C173,northern
C205,C174,northern
C205,C175,northwestern
C205,C176,northwestern
C205,C177,northern
C205,C178,northwestern
C205,C179,northwestern
C205,C180,northwestern
C205,C181,northern
C205,C182,northwestern
C205,C183,northwestern
C205,C184,northwestern
C205,C185,northwestern
C205,C186,northeastern
C205,C187,northern
C205,C188,northern
C205,C189,northern
C205,C190,northern
C205,C191,northeastern
C205,C192,northeastern
C205,C193,northern
C205,C194,northeastern
C205,C195,northern
C205,C196,northeastern
C205,C197,southeastern
C205,C198,northeastern
C205,C199,northwestern
C205,C200,western
C205,C201,northern
C205,C202,western
C205,C203,northwestern
C205,C204,northern
C205,C206,eastern
C205,C314,southern
C205,C315,southeastern
C205,C318,southern
C205,C387,eastern
C205,C388,eastern
C205,C389,eastern
C205,C390,southeastern
C205,C391,eastern
C205,C392,eastern
C205,C393,southeastern
C205,C394,northeastern
C205,C395,eastern
C205,C396,eastern
C206,C3,southwestern
C206,C54,western
C206,C55,western
C206,C56,western
C206,C57,western
C206,C58,western
C206,C59,western
C206,C60,western
C206,C61,western
C206,C62,western
C206,C63,western
C206,C64,western
C206,C65,western
C206,C66,western
C206,C166,western
C206,C167,western
C206,C169,northwestern
C206,C170,northwestern
C206,C171,northwestern
C206,C172,northwestern
C206,C173,northern
C206,C174,northern
C206,C175,northwestern
C206,C176,western
C206,C177,northwestern
C206,C178,western
C206,C179,northwestern
C206,C180,northwestern
C206,C181,northern
C206,C182,northwestern
C206,C183,northwestern
C206,C184,northwestern
C206,C185,northwestern
C206,C186,northeastern
C206,C187,northern
C206,C188,northwestern
C206,C189,northern
C206,C190,northern
C206,C191,northern
C206,C192,northeastern
C206,C193,northern
C206,C194,northern
C206,C195,northern
C206,C196,northern
C206,C197,southwestern
C206,C198,northwestern
C206,C199,western
C206,C200,western
C206,C201,northwestern
C206,C202,western
C206,C203,western
C206,C204,western
C206,C205,western
C206,C314,southwestern
C206,C315,southeastern
C206,C318,southwestern
C206,C387,eastern
C206,C388,eastern
C206,C389,southeastern
C206,C390,southeastern
C206,C391,eastern
C206,C392,eastern
C206,C393,southeastern
C206,C394,northeastern
C206,C395,eastern
C206,C396,eastern
C207,C168,southeastern
C207,C169,western
C207,C170,western
C207,C171,southwestern
C207,C172,western
C207,C173,northwestern
C207,C174,western
C207,C175,southwestern
C207,C176,western
C207,C177,western
C207,C178,southwestern
C207,C179,southwestern
C207,C180,southwestern
C207,C181,western
C207,C182,western
C207,C183,western
C207,C184,southwestern
C207,C185,western
C207,C186,southern
C207,C187,southwestern
C207,C188,southwestern
C207,C189,southwestern
C207,C190,southern
C207,C191,southern
C207,C192,southern
C207,C193,southwestern
C207,C194,southern
C207,C195,western
C207,C196,southern
C207,C208,northern
C207,C209,northeastern
C207,C210,northern
C207,C211,northern
C207,C212,northwestern
C207,C213,northeastern
C207,C214,northeastern
C207,C215,western
C207,C216,northeastern
C207,C217,eastern
C207,C218,northeastern
C207,C219,northwestern
C207,C220,northeastern
C207,C221,northern
C207,C222,northern
C207,C223,northwestern
C207,C224,northeastern
C207,C225,northern
C207,C226,northeastern
C207,C227,northwestern
C207,C228,northeastern
C207,C229,northeastern
C207,C230,northwestern
C207,C231,southeastern
C207,C232,southeastern
C207,C233,eastern
C207,C234,southeastern
C207,C235,southeastern
C207,C236,southeastern
C207,C237,southeastern
C207,C238,eastern
C207,C239,eastern
C207,C240,southeastern
C207,C241,eastern
C207,C242,southeastern
C207,C243,eastern
C208,C168,southern
C208,C169,western
C208,C170,southwestern
C208,C171,southwestern
C208,C172,southwestern
C208,C173,western
C208,C174,western
C208,C175,southwestern
C208,C176,southwestern
C208,C177,southwestern
C208,C178,southwestern
C208,C179,southwestern
C208,C180,southwestern
C208,C181,southwestern
C208,C182,southwestern
C208,C183,southwestern
C208,C184,southwestern
C208,C185,western
C208,C186,southern
C208,C187,southwestern
C208,C188,southwestern
C208,C189,southwestern
C208,C190,southern
C208,C191,southern
C208,C192,southern
C208,C193,southern
C208,C194,southern
C208,C195,southwestern
C208,C196,southern
C208,C207,southern
C208,C209,southeastern
C208,C210,northern
C208,C211,northern
C208,C212,southwestern
C208,C213,northeastern
C208,C214,eastern
C208,C215,southwestern
C208,C216,eastern
C208,C217,eastern
C208,C218,northeastern
C208,C219,western
C208,C220,northeastern
C208,C221,northwestern
C208,C222,southern
C208,C223,western
C208,C224,northeastern
C208,C225,northern
C208,C226,eastern
C208,C227,western
C208,C228,eastern
C208,C229,northeastern
C208,C230,northwestern
C208,C231,southeastern
C208,C232,southeastern
C208,C233,southeastern
C208,C234,southern
C208,C235,southeastern
C208,C236,southeastern
C208,C237,southeastern
C208,C238,southeastern
C208,C239,southeastern
C208,C240,southeastern
C208,C241,southeastern
C208,C242,southeastern
C208,C243,southeastern
C209,C168,southern
C209,C169,western
C209,C170,western
C209,C171,southwestern
C209,C172,western
C209,C173,western
C209,C174,western
C209,C175,southwestern
C209,C176,western
C209,C177,western
C209,C178,southwestern
C209,C179,southwestern
C209,C180,southwestern
C209,C181,western
C209,C182,western
C209,C183,western
C209,C184,southwestern
C209,C185,western
C209,C186,southern
C209,C187,southwestern
C209,C188,southwestern
C209,C189,southwestern
C209,C190,southwestern
C209,C191,southwestern
C209,C192,southern
C209,C193,southwestern
C209,C194,southern
C209,C195,western
C209,C196,southern
C209,C207,southwestern
C209,C208,northwestern
C209,C210,northern
C209,C211,northern
C209,C212,western
C209,C213,northern
C209,C214,northeastern
C209,C215,western
C209,C216,northeastern
C209,C217,eastern
C209,C218,northeastern
C209,C219,western
C209,C220,northern
C209,C221,northwestern
C209,C222,western
C209,C223,northwestern
C209,C224,northern
C209,C225,northwestern
C209,C226,northern
C209,C227,western
C209,C228,northeastern
C209,C229,northeastern
C209,C230,northwestern
C209,C231,southeastern
C209,C232,southeastern
C209,C233,southeastern
C209,C234,southern
C209,C235,southeastern
C209,C236,southeastern
C209,C237,southeastern
C209,C238,eastern
C209,C239,eastern
C209,C240,southern
C209,C241,southeastern
C209,C242,southeastern
C209,C243,southeastern
C210,C168,southern
C210,C169,southwestern
C210,C170,southwestern
C210,C171,southwestern
C210,C172,southwestern
C210,C173,western
C210,C174,southwestern
C210,C175,southwestern
C210,C176,southwestern
C210,C177,southwestern
C210,C178,southwestern
C210,C179,southwestern
C210,C180,southwestern
C210,C181,southwestern
C210,C182,southwestern
C210,C183,southwestern
C210,C184,southwestern
C210,C185,southwestern
C210,C186,southern
C210,C187,southwestern
C210,C188,southwestern
C210,C189,southern
C210,C190,southern
C210,C191,southern
C210,C192,southern
C210,C193,southern
C210,C194,southern
C210,C195,southwestern
C210,C196,southern
C210,C207,southern
C210,C208,southern
C210,C209,southern
C210,C211,northern
C210,C212,southwestern
C210,C213,eastern
C210,C214,southeastern
C210,C215,southwestern
C210,C216,southeastern
C210,C217,southeastern
C210,C218,eastern
C210,C219,southwestern
C210,C220,eastern
C210,C221,western
C210,C222,southern
C210,C223,western
C210,C224,northeastern
C210,C225,western
C210,C226,southern
C210,C227,southwestern
C210,C228,southeastern
C210,C229,eastern
C210,C230,western
C210,C231,southern
C210,C232,southeastern
C210,C233,southeastern
C210,C234,southern
C210,C235,southeastern
C210,C236,southeastern
C210,C237,southeastern
C210,C238,southeastern
C210,C239,southeastern
C210,C240,southern
C210,C241,southeastern
C210,C242,southeastern
C210,C243,southeastern
C211,C168,southern
C211,C169,southwestern
C211,C170,southwestern
C211,C171,southwestern
C211,C172,southwestern
C211,C173,southwestern
C211,C174,southwestern
C211,C175,southwestern
C211,C176,southwestern
C211,C177,southwestern
C211,C178,southwestern
C211,C179,southwestern
C211,C180,southwestern
C211,C181,southwestern
C211,C182,southwestern
C211,C183,southwestern
C211,C184,southwestern
C211,C185,southwestern
C211,C186,southern
C211,C187,southwestern
C211,C188,southwestern
C211,C189,southern
C211,C190,southern
C211,C191,southern
C211,C192,southern
C211,C193,southern
C211,C194,southern
C211,C195,southwestern
C211,C196,southern
C211,C207,southern
C211,C208,southern
C211,C209,southern
C211,C210,southern
C211,C212,southwestern
C211,C213,southern
C211,C214,southern
C211,C215,southwestern
C211,C216,southeastern
C211,C217,southeastern
C211,C218,southeastern
C211,C219,southwestern
C211,C220,southeastern
C211,C221,southwestern
C211,C222,southern
C211,C223,southwestern
C211,C224,southeastern
C211,C225,southwestern
C211,C226,southern
C211,C227,southwestern
C211,C228,southeastern
C211,C229,southeastern
C211,C230,southwestern
C211,C231,southern
C211,C232,southern
C211,C233,southeastern
C211,C234,southern
C211,C235,southeastern
C211,C236,southern
C211,C237,southeastern
C211,C238,southern
C211,C239,southeastern
C211,C240,southern
C211,C241,southern
C211,C242,southeastern
C211,C243,southeastern
C212,C168,southeastern
C212,C169,western
C212,C170,southwestern
C212,C171,southwestern
C212,C172,southwestern
C212,C173,northwestern
C212,C174,western
C212,C175,southwestern
C212,C176,southwestern
C212,C177,southwestern
C212,C178,southwestern
C212,C179,southwestern
C212,C180,southwestern
C212,C181,western
C212,C182,southwestern
C212,C183,southwestern
C212,C184,southwestern
C212,C185,western
C212,C186,southeastern
C212,C187,southern
C212,C188,southwestern
C212,C189,southern
C212,C190,southeastern
C212,C191,southern
C212,C192,southeastern
C212,C193,southern
C212,C194,southern
C212,C195,southwestern
C212,C196,southeastern
C212,C207,southeastern
C212,C208,northeastern
C212,C209,eastern
C212,C210,northeastern
C212,C211,northeastern
C212,C213,northeastern
C212,C214,eastern
C212,C215,southeastern
C212,C216,eastern
C212,C217,eastern
C212,C218,northeastern
C212,C219,northwestern
C212,C220,northeastern
C212,C221,northern
C212,C222,eastern
C212,C223,northwestern
C212,C224,northeastern
C212,C225,northeastern
C212,C226,eastern
C212,C227,northeastern
C212,C228,eastern
C212,C229,northeastern
C212,C230,northern
C212,C231,southeastern
C212,C232,southeastern
C212,C233,eastern
C212,C234,southeastern
C212,C235,southeastern
C212,C236,southeastern
C212,C237,southeastern
C212,C238,eastern
C212,C239,eastern
C212,C240,southeastern
C212,C241,eastern
C212,C242,southeastern
C212,C243,eastern
C213,C168,southern
C213,C169,western
C213,C170,southwestern
C213,C171,southwestern
C213,C172,southwestern
C213,C173,western
C213,C174,western
C213,C175,southwestern
C213,C176,southwestern
C213,C177,southwestern
C213,C178,southwestern
C213,C179,southwestern
C213,C180,southwestern
C213,C181,southwestern
C213,C182,southwestern
C213,C183,southwestern
C213,C184,southwestern
C213,C185,western
C213,C186,southern
C213,C187,southwestern
C213,C188,southwestern
C213,C189,southwestern
C213,C190,southwestern
C213,C191,southern
C213,C192,southern
C213,C193,southwestern
C213,C194,southern
C213,C195,southwestern
C213,C196,southern
C213,C207,southwestern
C213,C208,southwestern
C213,C209,southern
C213,C210,western
C213,C211,northern
C213,C212,southwestern
C213,C214,southern
C213,C215,southwestern
C213,C216,southeastern
C213,C217,southeastern
C213,C218,eastern
C213,C219,southwestern
C213,C220,northeastern
C213,C221,western
C213,C222,southwestern
C213,C223,western
C213,C224,northern
C213,C225,western
C213,C226,southwestern
C213,C227,southwestern
C213,C228,southeastern
C213,C229,northeastern
C213,C230,western
C213,C231,southern
C213,C232,southern
C213,C233,southeastern
C213,C234,southern
C213,C235,southeastern
C213,C236,southern
C213,C237,southeastern
C213,C238,southern
C213,C239,southeastern
C213,C240,southern
C213,C241,southern
C213,C242,southeastern
C213,C243,southeastern
C214,C168,southwestern
C214,C169,western
C214,C170,western
C214,C171,southwestern
C214,C172,western
C214,C173,western
C214,C174,western
C214,C175,southwestern
C214,C176,western
C214,C177,western
C214,C178,southwestern
C214,C179,southwestern
C214,C180,southwestern
C214,C181,western
C214,C182,western
C214,C183,western
C214,C184,southwestern
C214,C185,western
C214,C186,southern
C214,C187,southwestern
C214,C188,southwestern
C214,C189,southwestern
C214,C190,southwestern
C214,C191,southwestern
C214,C192,southern
C214,C193,southwestern
C214,C194,southwestern
C214,C195,western
C214,C196,southwestern
C214,C207,southwestern
C214,C208,western
C214,C209,southwestern
C214,C210,northwestern
C214,C211,northern
C214,C212,western
C214,C213,northern
C214,C215,western
C214,C216,northeastern
C214,C217,eastern
C214,C218,northeastern
C214,C219,western
C214,C220,northern
C214,C221,northwestern
C214,C222,western
C214,C223,western
C214,C224,northern
C214,C225,northwestern
C214,C226,northwestern
C214,C227,western
C214,C228,northern
C214,C229,northern
C214,C230,western
C214,C231,southern
C214,C232,southeastern
C214,C233,southeastern
C214,C234,southern
C214,C235,southeastern
C214,C236,southern
C214,C237,southeastern
C214,C238,southeastern
C214,C239,southeastern
C214,C240,southern
C214,C241,southern
C214,C242,southeastern
C214,C243,southeastern
C215,C168,southeastern
C215,C169,western
C215,C170,southwestern
C215,C171,southwestern
C215,C172,southwestern
C215,C173,northwestern
C215,C174,northwestern
C215,C175,southwestern
C215,C176,western
C215,C177,western
C215,C178,southwestern
C215,C179,southwestern
C215,C180,southwestern
C215,C181,western
C215,C182,western
C215,C183,western
C215,C184,southwestern
C215,C185,western
C215,C186,southeastern
C215,C187,southwestern
C215,C188,southwestern
C215,C189,southern
C215,C190,southeastern
C215,C191,southern
C215,C192,southern
C215,C193,southern
C215,C194,southern
C215,C195,southwestern
C215,C196,southeastern
C215,C207,eastern
C215,C208,northeastern
C215,C209,eastern
C215,C210,northeastern
C215,C211,northeastern
C215,C212,northwestern
C215,C213,northeastern
C215,C214,eastern
C215,C216,eastern
C215,C217,eastern
C215,C218,northeastern
C215,C219,northwestern
C215,C220,northeastern
C215,C221,northern
C215,C222,northeastern
C215,C223,northwestern
C215,C224,northeastern
C215,C225,northern
C215,C226,northeastern
C215,C227,northern
C215,C228,northeastern
C215,C229,northeastern
C215,C230,northern
C215,C231,southeastern
C215,C232,southeastern
C215,C233,eastern
C215,C234,southeastern
C215,C235,southeastern
C215,C236,southeastern
C215,C237,southeastern
C215,C238,eastern
C215,C239,eastern
C215,C240,southeastern
C215,C241,eastern
C215,C242,southeastern
C215,C243,eastern
C216,C168,southwestern
C216,C169,western
C216,C170,western
C216,C171,southwestern
C216,C172,southwestern
C216,C173,western
C216,C174,western
C216,C175,southwestern
C216,C176,western
C216,C177,western
C216,C178,southwestern
C216,C179,southwestern
C216,C180,southwestern
C216,C181,western
C216,C182,western
C216,C183,western
C216,C184,southwestern
C216,C185,western
C216,C186,southern
C216,C187,southwestern
C216,C188,southwestern
C216,C189,southwestern
C216,C190,southwestern
C216,C191,southwestern
C216,C192,southern
C216,C193,southwestern
C216,C194,southwestern
C216,C195,western
C216,C196,southwestern
C216,C207,southwestern
C216,C208,western
C216,C209,southwestern
C216,C210,northwestern
C216,C211,northwestern
C216,C212,western
C216,C213,northwestern
C216,C214,southwestern
C216,C215,western
C216,C217,southeastern
C216,C218,northeastern
C216,C219,western
C216,C220,northern
C216,C221,western
C216,C222,western
C216,C223,western
C216,C224,northern
C216,C225,northwestern
C216,C226,western
C216,C227,western
C216,C228,northern
C216,C229,northern
C216,C230,western
C216,C231,southern
C216,C232,southern
C216,C233,southeastern
C216,C234,southern
C216,C235,southern
C216,C236,southern
C216,C237,southeastern
C216,C238,southern
C216,C239,southeastern
C216,C240,southern
C216,C241,southern
C216,C242,southeastern
C216,C243,southern
C217,C168,southwestern
C217,C169,western
C217,C170,western
C217,C171,western
C217,C172,western
C217,C173,western
C217,C174,western
C217,C175,southwestern
C217,C176,western
C217,C177,western
C217,C178,southwestern
C217,C179,southwestern
C217,C180,western
C217,C181,western
C217,C182,western
C217,C183,western
C217,C184,western
C217,C185,western
C217,C186,southwestern
C217,C187,western
C217,C188,southwestern
C217,C189,southwestern
C217,C190,southwestern
C217,C191,southwestern
C217,C192,southwestern
C217,C193,southwestern
C217,C194,southwestern
C217,C195,western
C217,C196,southwestern
C217,C207,western
C217,C208,western
C217,C209,western
C217,C210,northwestern
C217,C211,northwestern
C217,C212,western
C217,C213,northwestern
C217,C214,western
C217,C215,western
C217,C216,northwestern
C217,C218,northern
C217,C219,western
C217,C220,northwestern
C217,C221,western
C217,C222,western
C217,C223,western
C217,C224,northwestern
C217,C225,northwestern
C217,C226,western
C217,C227,western
C217,C228,northwestern
C217,C229,northern
C217,C230,western
C217,C231,southern
C217,C232,southern
C217,C233,southeastern
C217,C234,southern
C217,C235,southern
C217,C236,southern
C217,C237,southeastern
C217,C238,southwestern
C217,C239,southeastern
C217,C240,southern
C217,C241,southwestern
C217,C242,southeastern
C217,C243,southern
C218,C168,southwestern
C218,C169,western
C218,C170,southwestern
C218,C171,southwestern
C218,C172,southwestern
C218,C173,western
C218,C174,western
C218,C175,southwestern
C218,C176,southwestern
C218,C177,southwestern
C218,C178,southwestern
C218,C179,southwestern
C218,C180,southwestern
C218,C181,southwestern
C218,C182,southwestern
C218,C183,southwestern
C218,C184,southwestern
C218,C185,western
C218,C186,southern
C218,C187,southwestern
C218,C188,southwestern
C218,C189,southwestern
C218,C190,southwestern
C218,C191,southwestern
C218,C192,southern
C218,C193,southwestern
C218,C194,southwestern
C218,C195,southwestern
C218,C196,southwestern
C218,C207,southwestern
C218,C208,southwestern
C218,C209,southwestern
C218,C210,western
C218,C211,northwestern
C218,C212,southwestern
C218,C213,western
C218,C214,southwestern
C218,C215,southwestern
C218,C216,southwestern
C218,C217,southern
C218,C219,western
C218,C220,western
C218,C221,western
C218,C222,southwestern
C218,C223,western
C218,C224,northwestern
C218,C225,western
C218,C226,southwestern
C218,C227,southwestern
C218,C228,southwestern
C218,C229,northwestern
C218,C230,western
C218,C231,southern
C218,C232,southern
C218,C233,southern
C218,C234,southern
C218,C235,southern
C218,C236,southern
C218,C237,southern
C218,C238,southern
C218,C239,southern
C218,C240,southern
C218,C241,southern
C218,C242,southern
C218,C243,southern
C219,C168,southeastern
C219,C169,western
C219,C170,southwestern
C219,C171,southwestern
C219,C172,southwestern
C219,C173,western
C219,C174,western
C219,C175,southwestern
C219,C176,southwestern
C219,C177,southwestern
C219,C178,southwestern
C219,C179,southern
C219,C180,southwestern
C219,C181,southern
C219,C182,southwestern
C219,C183,southwestern
C219,C184,southwestern
C219,C185,western
C219,C186,southeastern
C219,C187,southern
C219,C188,southern
C219,C189,southern
C219,C190,southeastern
C219,C191,southern
C219,C192,southeastern
C219,C193,southeastern
C219,C194,southern
C219,C195,southern
C219,C196,southeastern
C219,C207,southeastern
C219,C208,eastern
C219,C209,eastern
C219,C210,northeastern
C219,C211,northeastern
C219,C212,southeastern
C219,C213,northeastern
C219,C214,eastern
C219,C215,southeastern
C219,C216,eastern
C219,C217,eastern
C219,C218,eastern
C219,C220,northeastern
C219,C221,northeastern
C219,C222,eastern
C219,C223,northern
C219,C224,northeastern
C219,C225,northeastern
C219,C226,eastern
C219,C227,eastern
C219,C228,eastern
C219,C229,northeastern
C219,C230,northeastern
C219,C231,southeastern
C219,C232,southeastern
C219,C233,eastern
C219,C234,southeastern
C219,C235,southeastern
C219,C236,southeastern
C219,C237,southeastern
C219,C238,eastern
C219,C239,eastern
C219,C240,southeastern
C219,C241,southeastern
C219,C242,southeastern
C219,C243,southeastern
C220,C168,southern
C220,C169,southwestern
C220,C170,southwestern
C220,C171,southwestern
C220,C172,southwestern
C220,C173,western
C220,C174,southwestern
C220,C175,southwestern
C220,C176,southwestern
C220,C177,southwestern
C220,C178,southwestern
C220,C179,southwestern
C220,C180,southwestern
C220,C181,southwestern
C220,C182,southwestern
C220,C183,southwestern
C220,C184,southwestern
C220,C185,southwestern
C220,C186,southern
C220,C187,southwestern
C220,C188,southwestern
C220,C189,southwestern
C220,C190,southwestern
C220,C191,southern
C220,C192,southern
C220,C193,southwestern
C220,C194,southern
C220,C195,southwestern
C220,C196,southern
C220,C207,southwestern
C220,C208,southwestern
C220,C209,southern
C220,C210,western
C220,C211,northwestern
C220,C212,southwestern
C220,C213,southwestern
C220,C214,southern
C220,C215,southwestern
C220,C216,southern
C220,C217,southeastern
C220,C218,eastern
C220,C219,southwestern
C220,C221,western
C220,C222,southwestern
C220,C223,western
C220,C224,northwestern
C220,C225,western
C220,C226,southwestern
C220,C227,southwestern
C220,C228,southern
C220,C229,eastern
C220,C230,western
C220,C231,southern
C220,C232,southern
C220,C233,southeastern
C220,C234,southern
C220,C235,southern
C220,C236,southern
C220,C237,southeastern
C220,C238,southern
C220,C239,southeastern
C220,C240,southern
C220,C241,southern
C220,C242,southeastern
C220,C243,southern
C221,C168,southeastern
C221,C169,southwestern
C221,C170,southwestern
C221,C171,southwestern
C221,C172,southwestern
C221,C173,western
C221,C174,southwestern
C221,C175,southwestern
C221,C176,southwestern
C221,C177,southwestern
C221,C178,southwestern
C221,C179,southwestern
C221,C180,southwestern
C221,C181,southwestern
C221,C182,southwestern
C221,C183,southwestern
C221,C184,southwestern
C221,C185,southwestern
C221,C186,southern
C221,C187,southern
C221,C188,southwestern
C221,C189,southern
C221,C190,southern
C221,C191,southern
C221,C192,southern
C221,C193,southern
C221,C194,southern
C221,C195,southwestern
C221,C196,southern
C221,C207,southern
C221,C208,southeastern
C221,C209,southeastern
C221,C210,eastern
C221,C211,northeastern
C221,C212,southern
C221,C213,eastern
C221,C214,southeastern
C221,C215,southern
C221,C216,eastern
C221,C217,eastern
C221,C218,eastern
C221,C219,southwestern
C221,C220,eastern
C221,C222,southeastern
C221,C223,western
C221,C224,northeastern
C221,C225,northeastern
C221,C226,eastern
C221,C227,southern
C221,C228,eastern
C221,C229,eastern
C221,C230,western
C221,C231,southeastern
C221,C232,southeastern
C221,C233,southeastern
C221,C234,southeastern
C221,C235,southeastern
C221,C236,southeastern
C221,C237,southeastern
C221,C238,southeastern
C221,C239,southeastern
C221,C240,southeastern
C221,C241,southeastern
C221,C242,southeastern
C221,C243,southeastern
C222,C168,southeastern
C222,C169,western
C222,C170,southwestern
C222,C171,southwestern
C222,C172,southwestern
C222,C173,western
C222,C174,western
C222,C175,southwestern
C222,C176,western
C222,C177,western
C222,C178,southwestern
C222,C179,southwestern
C222,C180,southwestern
C222,C181,western
C222,C182,western
C222,C183,western
C222,C184,southwestern
C222,C185,western
C222,C186,southern
C222,C187,southwestern
C222,C188,southwestern
C222,C189,southwestern
C222,C190,southern
C222,C191,southern
C222,C192,southern
C222,C193,southwestern
C222,C194,southern
C222,C195,southwestern
C222,C196,southern
C222,C207,southern
C222,C208,northern
C222,C209,eastern
C222,C210,northern
C222,C211,northern
C222,C212,western
C222,C213,northeastern
C222,C214,eastern
C222,C215,southwestern
C222,C216,eastern
C222,C217,eastern
C222,C218,northeastern
C222,C219,western
C222,C220,northeastern
C222,C221,northwestern
C222,C223,northwestern
C222,C224,northeastern
C222,C225,northern
C222,C226,northeastern
C222,C227,northwestern
C222,C228,northeastern
C222,C229,northeastern
C222,C230,northwestern
C222,C231,southeastern
C222,C232,southeastern
C222,C233,southeastern
C222,C234,southeastern
C222,C235,southeastern
C222,C236,southeastern
C222,C237,southeastern
C222,C238,eastern
C222,C239,eastern
C222,C240,southeastern
C222,C241,southeastern
C222,C242,southeastern
C222,C243,southeastern
C223,C168,southeastern
C223,C169,southwestern
C223,C170,southwestern
C223,C171,southwestern
C223,C172,southern
C223,C173,western
C223,C174,southwestern
C223,C175,southern
C223,C176,southwestern
C223,C177,southern
C223,C178,southwestern
C223,C179,southern
C223,C180,southwestern
C223,C181,southern
C223,C182,southwestern
C223,C183,southwestern
C223,C184,southwestern
C223,C185,southwestern
C223,C186,southeastern
C223,C187,southern
C223,C188,southern
C223,C189,southern
C223,C190,southeastern
C223,C191,southern
C223,C192,southeastern
C223,C193,southern
C223,C194,southern
C223,C195,southern
C223,C196,southeastern
C223,C207,southeastern
C223,C208,eastern
C223,C209,southeastern
C223,C210,eastern
C223,C211,northeastern
C223,C212,southeastern
C223,C213,eastern
C223,C214,eastern
C223,C215,southeastern
C223,C216,eastern
C223,C217,eastern
C223,C218,eastern
C223,C219,southern
C223,C220,eastern
C223,C221,eastern
C223,C222,southeastern
C223,C224,northeastern
C223,C225,eastern
C223,C226,eastern
C223,C227,southeastern
C223,C228,eastern
C223,C229,eastern
C223,C230,eastern
C223,C231,southeastern
C223,C232,southeastern
C223,C233,southeastern
C223,C234,southeastern
C223,C235,southeastern
C223,C236,southeastern
C223,C237,southeastern
C223,C238,eastern
C223,C239,eastern
C223,C240,southeastern
C223,C241,southeastern
C223,C242,southeastern
C223,C243,southeastern
C224,C168,southern
C224,C169,southwestern
C224,C170,southwestern
C224,C171,southwestern
C224,C172,southwestern
C224,C173,western
C224,C174,southwestern
C224,C175,southwestern
C224,C176,southwestern
C224,C177,southwestern
C224,C178,southwestern
C224,C179,southwestern
C224,C180,southwestern
C224,C181,southwestern
C224,C182,southwestern
C224,C183,southwestern
C224,C184,southwestern
C224,C185,southwestern
C224,C186,southern
C224,C187,southwestern
C224,C188,southwestern
C224,C189,southwestern
C224,C190,southwestern
C224,C191,southern
C224,C192,southern
C224,C193,southwestern
C224,C194,southern
C224,C195,southwestern
C224,C196,southern
C224,C207,southwestern
C224,C208,southwestern
C224,C209,southern
C224,C210,southwestern
C224,C211,northwestern
C224,C212,southwestern
C224,C213,southern
C224,C214,southern
C224,C215,southwestern
C224,C216,southern
C224,C217,southeastern
C224,C218,southeastern
C224,C219,southwestern
C224,C220,southeastern
C224,C221,southwestern
C224,C222,southwestern
C224,C223,southwestern
C224,C225,southwestern
C224,C226,southern
C224,C227,southwestern
C224,C228,southeastern
C224,C229,southeastern
C224,C230,southwestern
C224,C231,southern
C224,C232,southern
C224,C233,southeastern
C224,C234,southern
C224,C235,southern
C224,C236,southern
C224,C237,southeastern
C224,C238,southern
C224,C239,southeastern
C224,C240,southern
C224,C241,southern
C224,C242,southeastern
C224,C243,southern
C225,C168,southern
C225,C169,southwestern
C225,C170,southwestern
C225,C171,southwestern
C225,C172,southwestern
C225,C173,western
C225,C174,southwestern
C225,C175,southwestern
C225,C176,southwestern
C225,C177,southwestern
C225,C178,southwestern
C225,C179,southwestern
C225,C180,southwestern
C225,C181,southwestern
C225,C182,southwestern
C225,C183,southwestern
C225,C184,southwestern
C225,C185,southwestern
C225,C186,southern
C225,C187,southern
C225,C188,southwestern
C225,C189,southern
C225,C190,southern
C225,C191,southern
C225,C192,southern
C225,C193,southern
C225,C194,southern
C225,C195,southwestern
C225,C196,southern
C225,C207,southern
C225,C208,southern
C225,C209,southeastern
C225,C210,eastern
C225,C211,northeastern
C225,C212,southwestern
C225,C213,eastern
C225,C214,southeastern
C225,C215,southern
C225,C216,eastern
C225,C217,southeastern
C225,C218,eastern
C225,C219,southwestern
C225,C220,eastern
C225,C221,southwestern
C225,C222,southern
C225,C223,western
C225,C224,northeastern
C225,C226,southeastern
C225,C227,southwestern
C225,C228,eastern
C225,C229,eastern
C225,C230,western
C225,C231,southeastern
C225,C232,southeastern
C225,C233,southeastern
C225,C234,southern
C225,C235,southeastern
C225,C236,southeastern
C225,C237,southeastern
C225,C238,southeastern
C225,C239,southeastern
C225,C240,southeastern
C225,C241,southeastern
C225,C242,southeastern
C225,C243,southeastern
C226,C168,southern
C226,C169,western
C226,C170,southwestern
C226,C171,southwestern
C226,C172,southwestern
C226,C173,western
C226,C174,western
C226,C175,southwestern
C226,C176,southwestern
C226,C177,western
C226,C178,southwestern
C226,C179,southwestern
C226,C180,southwestern
C226,C181,western
C226,C182,western
C226,C183,southwestern
C226,C184,southwestern
C226,C185,western
C226,C186,southern
C226,C187,southwestern
C226,C188,southwestern
C226,C189,southwestern
C226,C190,southwestern
C226,C191,southern
C226,C192,southern
C226,C193,southwestern
C226,C194,southern
C226,C195,southwestern
C226,C196,southern
C226,C207,southwestern
C226,C208,western
C226,C209,southern
C226,C210,northern
C226,C211,northern
C226,C212,western
C226,C213,northeastern
C226,C214,southeastern
C226,C215,southwestern
C226,C216,eastern
C226,C217,eastern
C226,C218,northeastern
C226,C219,western
C226,C220,northeastern
C226,C221,western
C226,C222,southwestern
C226,C223,western
C226,C224,northern
C226,C225,northwestern
C226,C227,western
C226,C228,northeastern
C226,C229,northeastern
C226,C230,western
C226,C231,southern
C226,C232,southeastern
C226,C233,southeastern
C226,C234,southern
C226,C235,southeastern
C226,C236,southeastern
C226,C237,southeastern
C226,C238,southeastern
C226,C239,southeastern
C226,C240,southern
C226,C241,southeastern
C226,C242,southeastern
C226,C243,southeastern
C227,C168,southeastern
C227,C169,western
C227,C170,southwestern
C227,C171,southwestern
C227,C172,southwestern
C227,C173,western
C227,C174,western
C227,C175,southwestern
C227,C176,southwestern
C227,C177,southwestern
C227,C178,southwestern
C227,C179,southwestern
C227,C180,southwestern
C227,C181,southwestern
C227,C182,southwestern
C227,C183,southwestern
C227,C184,southwestern
C227,C185,western
C227,C186,southeastern
C227,C187,southern
C227,C188,southwestern
C227,C189,southern
C227,C190,southern
C227,C191,southern
C227,C192,southern
C227,C193,southern
C227,C194,southern
C227,C195,southwestern
C227,C196,southern
C227,C207,southeastern
C227,C208,eastern
C227,C209,eastern
C227,C210,northeastern
C227,C211,northeastern
C227,C212,southwestern
C227,C213,northeastern
C227,C214,eastern
C227,C215,southern
C227,C216,eastern
C227,C217,eastern
C227,C218,northeastern
C227,C219,western
C227,C220,northeastern
C227,C221,northern
C227,C222,southeastern
C227,C223,northwestern
C227,C224,northeastern
C227,C225,northeastern
C227,C226,eastern
C227,C228,eastern
C227,C229,northeastern
C227,C230,northwestern
C227,C231,southeastern
C227,C232,southeastern
C227,C233,southeastern
C227,C234,southeastern
C227,C235,southeastern
C227,C236,southeastern
C227,C237,southeastern
C227,C238,eastern
C227,C239,eastern
C227,C240,southeastern
C227,C241,southeastern
C227,C242,southeastern
C227,C243,southeastern
C228,C168,southern
C228,C169,western
C228,C170,southwestern
C228,C171,southwestern
C228,C172,southwestern
C228,C173,western
C228,C174,western
C228,C175,southwestern
C228,C176,southwestern
C228,C177,western
C228,C178,southwestern
C228,C179,southwestern
C228,C180,southwestern
C228,C181,western
C228,C182,western
C228,C183,southwestern
C228,C184,southwestern
C228,C185,western
C228,C186,southern
C228,C187,southwestern
C228,C188,southwestern
C228,C189,southwestern
C228,C190,southwestern
C228,C191,southwestern
C228,C192,southern
C228,C193,southwestern
C228,C194,southwestern
C228,C195,southwestern
C228,C196,southwestern
C228,C207,southwestern
C228,C208,western
C228,C209,southwestern
C228,C210,northwestern
C228,C211,northwestern
C228,C212,western
C228,C213,northwestern
C228,C214,southern
C228,C215,southwestern
C228,C216,southern
C228,C217,southeastern
C228,C218,northeastern
C228,C219,western
C228,C220,northern
C228,C221,western
C228,C222,southwestern
C228,C223,western
C228,C224,northwestern
C228,C225,western
C228,C226,southwestern
C228,C227,western
C228,C229,northern
C228,C230,western
C228,C231,southern
C228,C232,southern
C228,C233,southeastern
C228,C234,southern
C228,C235,southern
C228,C236,southern
C228,C237,southeastern
C228,C238,southern
C228,C239,southeastern
C228,C240,southern
C228,C241,southern
C228,C242,southeastern
C228,C243,southern
C229,C168,southern
C229,C169,western
C229,C170,southwestern
C229,C171,southwestern
C229,C172,southwestern
C229,C173,western
C229,C174,western
C229,C175,southwestern
C229,C176,southwestern
C229,C177,southwestern
C229,C178,southwestern
C229,C179,southwestern
C229,C180,southwestern
C229,C181,southwestern
C229,C182,southwestern
C229,C183,southwestern
C229,C184,southwestern
C229,C185,western
C229,C186,southern
C229,C187,southwestern
C229,C188,southwestern
C229,C189,southwestern
C229,C190,southwestern
C229,C191,southwestern
C229,C192,southern
C229,C193,southwestern
C229,C194,southwestern
C229,C195,southwestern
C229,C196,southwestern
C229,C207,southwestern
C229,C208,southwestern
C229,C209,southwestern
C229,C210,western
C229,C211,northwestern
C229,C212,southwestern
C229,C213,southwestern
C229,C214,southern
C229,C215,southwestern
C229,C216,southern
C229,C217,southern
C229,C218,southeastern
C229,C219,southwestern
C229,C220,western
C229,C221,western
C229,C222,southwestern
C229,C223,western
C229,C224,northwestern
C229,C225,western
C229,C226,southwestern
C229,C227,southwestern
C229,C228,southern
C229,C230,western
C229,C231,southern
C229,C232,southern
C229,C233,southern
C229,C234,southern
C229,C235,southern
C229,C236,southern
C229,C237,southern
C229,C238,southern
C229,C239,southern
C229,C240,southern
C229,C241,southern
C229,C242,southern
C229,C243,southern
C230,C168,southeastern
C230,C169,southwestern
C230,C170,southwestern
C230,C171,southwestern
C230,C172,southwestern
C230,C173,western
C230,C174,southwestern
C230,C175,southwestern
C230,C176,southwestern
C230,C177,southwestern
C230,C178,southwestern
C230,C179,southern
C230,C180,southwestern
C230,C181,southern
C230,C182,southwestern
C230,C183,southwestern
C230,C184,southwestern
C230,C185,southwestern
C230,C186,southeastern
C230,C187,southern
C230,C188,southern
C230,C189,southern
C230,C190,southern
C230,C191,southern
C230,C192,southern
C230,C193,southern
C230,C194,southern
C230,C195,southern
C230,C196,southern
C230,C207,southeastern
C230,C208,southeastern
C230,C209,southeastern
C230,C210,eastern
C230,C211,northeastern
C230,C212,southern
C230,C213,eastern
C230,C214,eastern
C230,C215,southern
C230,C216,eastern
C230,C217,eastern
C230,C218,eastern
C230,C219,southwestern
C230,C220,eastern
C230,C221,eastern
C230,C222,southeastern
C230,C223,western
C230,C224,northeastern
C230,C225,eastern
C230,C226,eastern
C230,C227,southeastern
C230,C228,eastern
C230,C229,eastern
C230,C231,southeastern
C230,C232,southeastern
C230,C233,southeastern
C230,C234,southeastern
C230,C235,southeastern
C230,C236,southeastern
C230,C237,southeastern
C230,C238,southeastern
C230,C239,southeastern
C230,C240,southeastern
C230,C241,southeastern
C230,C242,southeastern
C230,C243,southeastern
C231,C168,northwestern
C231,C186,western
C231,C187,northwestern
C231,C188,western
C231,C189,western
C231,C190,northwestern
C231,C191,western
C231,C192,western
C231,C193,northwestern
C231,C194,western
C231,C195,northwestern
C231,C196,western
C231,C207,northwestern
C231,C208,northwestern
C231,C209,northwestern
C231,C210,northern
C231,C211,northern
C231,C212,northwestern
C231,C213,northern
C231,C214,northern
C231,C215,northwestern
C231,C216,northern
C231,C217,northern
C231,C218,northern
C231,C219,northwestern
C231,C220,northern
C231,C221,northwestern
C231,C222,northwestern
C231,C223,northwestern
C231,C224,northern
C231,C225,northwestern
C231,C226,northern
C231,C227,northwestern
C231,C228,northern
C231,C229,northern
C231,C230,northwestern
C231,C232,eastern
C231,C233,northeastern
C231,C234,western
C231,C235,northeastern
C231,C236,northern
C231,C237,eastern
C231,C238,northern
C231,C239,northern
C231,C240,northwestern
C231,C241,northern
C231,C242,eastern
C231,C243,northern
C231,C245,northeastern
C231,C246,northeastern
C231,C247,northeastern
C231,C248,northeastern
C231,C249,northeastern
C231,C250,eastern
C231,C251,eastern
C231,C252,eastern
C231,C253,eastern
C231,C254,northeastern
C231,C255,eastern
C231,C256,northeastern
C231,C257,northeastern
C231,C317,southwestern
C231,C373,southeastern
C231,C374,southeastern
C231,C375,southern
C231,C376,southeastern
C231,C377,eastern
C231,C378,southeastern
C231,C379,eastern
C231,C380,southeastern
C231,C381,southeastern
C231,C382,southeastern
C231,C383,southeastern
C231,C384,southern
C231,C385,southern
C231,C386,southern
C232,C168,northwestern
C232,C186,western
C232,C187,northwestern
C232,C188,western
C232,C189,western
C232,C190,northwestern
C232,C191,western
C232,C192,western
C232,C193,western
C232,C194,western
C232,C195,northwestern
C232,C196,western
C232,C207,northwestern
C232,C208,northwestern
C232,C209,northwestern
C232,C210,northwestern
C232,C211,northern
C232,C212,northwestern
C232,C213,northern
C232,C214,northwestern
C232,C215,northwestern
C232,C216,northern
C232,C217,northern
C232,C218,northern
C232,C219,northwestern
C232,C220,northern
C232,C221,northwestern
C232,C222,northwestern
C232,C223,northwestern
C232,C224,northern
C232,C225,northwestern
C232,C226,northwestern
C232,C227,northwestern
C232,C228,northern
C232,C229,northern
C232,C230,northwestern
C232,C231,western
C232,C233,northern
C232,C234,western
C232,C235,northern
C232,C236,northwestern
C232,C237,northeastern
C232,C238,northwestern
C232,C239,northern
C232,C240,northwestern
C232,C241,northwestern
C232,C242,eastern
C232,C243,northern
C232,C245,northeastern
C232,C246,northeastern
C232,C247,northeastern
C232,C248,northeastern
C232,C249,northeastern
C232,C250,eastern
C232,C251,northeastern
C232,C252,eastern
C232,C253,eastern
C232,C254,northeastern
C232,C255,eastern
C232,C256,northern
C232,C257,northeastern
C232,C317,southwestern
C232,C373,southeastern
C232,C374,southeastern
C232,C375,southern
C232,C376,southeastern
C232,C377,southeastern
C232,C378,southern
C232,C379,southeastern
C232,C380,southern
C232,C381,southeastern
C232,C382,southern
C232,C383,southeastern
C232,C384,southern
C232,C385,southwestern
C232,C386,southwestern
C233,C168,western
C233,C186,southwestern
C233,C187,western
C233,C188,western
C233,C189,western
C233,C190,western
C233,C191,western
C233,C192,southwestern
C233,C193,western
C233,C194,southwestern
C233,C195,western
C233,C196,western
C233,C207,western
C233,C208,northwestern
C233,C209,northwestern
C233,C210,northwestern
C233,C211,northwestern
C233,C212,western
C233,C213,northwestern
C233,C214,northwestern
C233,C215,western
C233,C216,northwestern
C233,C217,northwestern
C233,C218,northern
C233,C219,western
C233,C220,northwestern
C233,C221,northwestern
C233,C222,northwestern
C233,C223,northwestern
C233,C224,northwestern
C233,C225,northwestern
C233,C226,northwestern
C233,C227,northwestern
C233,C228,northwestern
C233,C229,northern
C233,C230,northwestern
C233,C231,southwestern
C233,C232,southern
C233,C234,southwestern
C233,C235,southwestern
C233,C236,western
C233,C237,southern
C233,C238,northwestern
C233,C239,northwestern
C233,C240,western
C233,C241,western
C233,C242,southern
C233,C243,western
C233,C245,northeastern
C233,C246,eastern
C233,C247,northeastern
C233,C248,northeastern
C233,C249,eastern
C233,C250,southeastern
C233,C251,southeastern
C233,C252,southeastern
C233,C253,eastern
C233,C254,northeastern
C233,C255,eastern
C233,C256,northern
C233,C257,northeastern
C233,C317,southwestern
C233,C373,southern
C233,C374,southern
C233,C375,southern
C233,C376,southern
C233,C377,southeastern
C233,C378,southern
C233,C379,southeastern
C233,C380,southern
C233,C381,southeastern
C233,C382,southern
C233,C383,southern
C233,C384,southern
C233,C385,southern
C233,C386,southern
C234,C168,northwestern
C234,C186,southwestern
C234,C187,northwestern
C234,C188,western
C234,C189,western
C234,C190,northwestern
C234,C191,western
C234,C192,southwestern
C234,C193,northwestern
C234,C194,southwestern
C234,C195,northwestern
C234,C196,northwestern
C234,C207,northwestern
C234,C208,northern
C234,C209,northern
C234,C210,northern
C234,C211,northern
C234,C212,northwestern
C234,C213,northern
C234,C214,northern
C234,C215,northwestern
C234,C216,northern
C234,C217,northern
C234,C218,northern
C234,C219,northwestern
C234,C220,northern
C234,C221,northwestern
C234,C222,northwestern
C234,C223,northwestern
C234,C224,northern
C234,C225,northern
C234,C226,northern
C234,C227,northwestern
C234,C228,northern
C234,C229,northern
C234,C230,northwestern
C234,C231,eastern
C234,C232,eastern
C234,C233,northeastern
C234,C235,eastern
C234,C236,northeastern
C234,C237,eastern
C234,C238,northern
C234,C239,northeastern
C234,C240,northeastern
C234,C241,northern
C234,C242,eastern
C234,C243,northeastern
C234,C245,northeastern
C234,C246,eastern
C234,C247,northeastern
C234,C248,northeastern
C234,C249,eastern
C234,C250,eastern
C234,C251,eastern
C234,C252,eastern
C234,C253,eastern
C234,C254,northeastern
C234,C255,eastern
C234,C256,northeastern
C234,C257,northeastern
C234,C317,southeastern
C234,C373,southeastern
C234,C374,southeastern
C234,C375,southeastern
C234,C376,southeastern
C234,C377,eastern
C234,C378,southeastern
C234,C379,eastern
C234,C380,southeastern
C234,C381,southeastern
C234,C382,southeastern
C234,C383,southeastern
C234,C384,southeastern
C234,C385,southeastern
C234,C386,southern
C235,C168,western
C235,C186,western
C235,C187,western
C235,C188,western
C235,C189,western
C235,C190,western
C235,C191,western
C235,C192,southwestern
C235,C193,western
C235,C194,western
C235,C195,western
C235,C196,western
C235,C207,northwestern
C235,C208,northwestern
C235,C209,northwestern
C235,C210,northwestern
C235,C211,northwestern
C235,C212,northwestern
C235,C213,northwestern
C235,C214,northwestern
C235,C215,northwestern
C235,C216,northern
C235,C217,northern
C235,C218,northern
C235,C219,northwestern
C235,C220,northern
C235,C221,northwestern
C235,C222,northwestern
C235,C223,northwestern
C235,C224,northern
C235,C225,northwestern
C235,C226,northwestern
C235,C227,northwestern
C235,C228,northern
C235,C229,northern
C235,C230,northwestern
C235,C231,southwestern
C235,C232,southern
C235,C233,northeastern
C235,C234,western
C235,C236,northwestern
C235,C237,southeastern
C235,C238,northwestern
C235,C239,northern
C235,C240,western
C235,C241,northwestern
C235,C242,southeastern
C235,C243,northwestern
C235,C245,northeastern
C235,C246,eastern
C235,C247,northeastern
C235,C248,northeastern
C235,C249,eastern
C235,C250,southeastern
C235,C251,eastern
C235,C252,eastern
C235,C253,eastern
C235,C254,northeastern
C235,C255,eastern
C235,C256,northeastern
C235,C257,northeastern
C235,C317,southwestern
C235,C373,southeastern
C235,C374,southern
C235,C375,southern
C235,C376,southeastern
C235,C377,southeastern
C235,C378,southern
C235,C379,southeastern
C235,C380,southern
C235,C381,southeastern
C235,C382,southern
C235,C383,southeastern
C235,C384,southern
C235,C385,southern
C235,C386,southern
C236,C168,western
C236,C186,southwestern
C236,C187,western
C236,C188,western
C236,C189,western
C236,C190,western
C236,C191,southwestern
C236,C192,southwestern
C236,C193,western
C236,C194,southwestern
C236,C195,western
C236,C196,western
C236,C207,northwestern
C236,C208,northwestern
C236,C209,northwestern
C236,C210,northwestern
C236,C211,northern
C236,C212,northwestern
C236,C213,northern
C236,C214,northern
C236,C215,northwestern
C236,C216,northern
C236,C217,northern
C236,C218,northern
C236,C219,northwestern
C236,C220,northern
C236,C221,northwestern
C236,C222,northwestern
C236,C223,northwestern
C236,C224,northern
C236,C225,northwestern
C236,C226,northwestern
C236,C227,northwestern
C236,C228,northern
C236,C229,northern
C236,C230,northwestern
C236,C231,southern
C236,C232,southeastern
C236,C233,eastern
C236,C234,southwestern
C236,C235,southeastern
C236,C237,southeastern
C236,C238,northern
C236,C239,northeastern
C236,C240,southwestern
C236,C241,northwestern
C236,C242,southeastern
C236,C243,eastern
C236,C245,northeastern
C236,C246,eastern
C236,C247,eastern
C236,C248,eastern
C236,C249,eastern
C236,C250,southeastern
C236,C251,eastern
C236,C252,eastern
C236,C253,eastern
C236,C254,eastern
C236,C255,eastern
C236,C256,northeastern
C236,C257,northeastern
C236,C317,southern
C236,C373,southeastern
C236,C374,southeastern
C236,C375,southern
C236,C376,southeastern
C236,C377,southeastern
C236,C378,southeastern
C236,C379,southeastern
C236,C380,southern
C236,C381,southeastern
C236,C382,southeastern
C236,C383,southeastern
C236,C384,southern
C236,C385,southern
C236,C386,southern
C237,C168,western
C237,C186,western
C237,C187,western
C237,C188,western
C237,C189,western
C237,C190,western
C237,C191,western
C237,C192,western
C237,C193,western
C237,C194,western
C237,C195,western
C237,C196,western
C237,C207,northwestern
C237,C208,northwestern
C237,C209,northwestern
C237,C210,northwestern
C237,C211,northwestern
C237,C212,northwestern
C237,C213,northwestern
C237,C214,northwestern
C237,C215,northwestern
C237,C216,northwestern
C237,C217,northwestern
C237,C218,northern
C237,C219,northwestern
C237,C220,northwestern
C237,C221,northwestern
C237,C222,northwestern
C237,C223,northwestern
C237,C224,northwestern
C237,C225,northwestern
C237,C226,northwestern
C237,C227,northwestern
C237,C228,northwestern
C237,C229,northern
C237,C230,northwestern
C237,C231,western
C237,C232,southwestern
C237,C233,northern
C237,C234,western
C237,C235,northwestern
C237,C236,northwestern
C237,C238,northwestern
C237,C239,northern
C237,C240,western
C237,C241,northwestern
C237,C242,southern
C237,C243,northwestern
C237,C245,northern
C237,C246,northeastern
C237,C247,northeastern
C237,C248,northern
C237,C249,northeastern
C237,C250,southeastern
C237,C251,eastern
C237,C252,eastern
C237,C253,eastern
C237,C254,northeastern
C237,C255,eastern
C237,C256,northern
C237,C257,northeastern
C237,C317,southwestern
C237,C373,southern
C237,C374,southern
C237,C375,southern
C237,C376,southeastern
C237,C377,southeastern
C237,C378,southern
C237,C379,southeastern
C237,C380,southern
C237,C381,southeastern
C237,C382,southern
C237,C383,southern
C237,C384,southwestern
C237,C385,southwestern
C237,C386,southwestern
C238,C168,southwestern
C238,C186,southwestern
C238,C187,western
C238,C188,western
C238,C189,southwestern
C238,C190,western
C238,C191,southwestern
C238,C192,southwestern
C238,C193,southwestern
C238,C194,southwestern
C238,C195,western
C238,C196,southwestern
C238,C207,western
C238,C208,northwestern
C238,C209,western
C238,C210,northwestern
C238,C211,northern
C238,C212,western
C238,C213,northern
C238,C214,northwestern
C238,C215,western
C238,C216,northern
C238,C217,northeastern
C238,C218,northern
C238,C219,western
C238,C220,northern
C238,C221,northwestern
C238,C222,western
C238,C223,western
C238,C224,northern
C238,C225,northwestern
C238,C226,northwestern
C238,C227,western
C238,C228,northern
C238,C229,northern
C238,C230,northwestern
C238,C231,southern
C238,C232,southeastern
C238,C233,southeastern
C238,C234,southern
C238,C235,southeastern
C238,C236,southern
C238,C237,southeastern
C238,C239,eastern
C238,C240,southern
C238,C241,southwestern
C238,C242,southeastern
C238,C243,southeastern
C238,C245,eastern
C238,C246,eastern
C238,C247,eastern
C238,C248,eastern
C238,C249,southeastern
C238,C250,southeastern
C238,C251,southeastern
C238,C252,southeastern
C238,C253,eastern
C238,C254,eastern
C238,C255,eastern
C238,C256,eastern
C238,C257,eastern
C238,C317,southern
C238,C373,southeastern
C238,C374,southeastern
C238,C375,southern
C238,C376,southeastern
C238,C377,southeastern
C238,C378,southeastern
C238,C379,southeastern
C238,C380,southern
C238,C381,southeastern
C238,C382,southern
C238,C383,southeastern
C238,C384,southern
C238,C385,southern
C238,C386,southern
C239,C168,western
C239,C186,southwestern
C239,C187,western
C239,C188,western
C239,C189,western
C239,C190,western
C239,C191,southwestern
C239,C192,southwestern
C239,C193,western
C239,C194,southwestern
C239,C195,western
C239,C196,southwestern
C239,C207,western
C239,C208,northwestern
C239,C209,western
C239,C210,northwestern
C239,C211,northwestern
C239,C212,western
C239,C213,northwestern
C239,C214,northwestern
C239,C215,western
C239,C216,northwestern
C239,C217,northwestern
C239,C218,northern
C239,C219,western
C239,C220,northwestern
C239,C221,northwestern
C239,C222,western
C239,C223,western
C239,C224,northwestern
C239,C225,northwestern
C239,C226,northwestern
C239,C227,western
C239,C228,northwestern
C239,C229,northern
C239,C230,northwestern
C239,C231,southern
C239,C232,southern
C239,C233,southeastern
C239,C234,southwestern
C239,C235,southern
C239,C236,southwestern
C239,C237,southern
C239,C238,western
C239,C240,southwestern
C239,C241,western
C239,C242,southern
C239,C243,southwestern
C239,C245,northeastern
C239,C246,southeastern
C239,C247,eastern
C239,C248,eastern
C239,C249,southeastern
C239,C250,southeastern
C239,C251,southeastern
C239,C252,southeastern
C239,C253,eastern
C239,C254,eastern
C239,C255,southeastern
C239,C256,eastern
C239,C257,eastern
C239,C317,southern
C239,C373,southern
C239,C374,southern
C239,C375,southern
C239,C376,southern
C239,C377,southeastern
C239,C378,southern
C239,C379,southeastern
C239,C380,southern
C239,C381,southeastern
C239,C382,southern
C239,C383,southern
C239,C384,southern
C239,C385,southern
C239,C386,southern
C240,C168,northwestern
C240,C186,southwestern
C240,C187,northwestern
C240,C188,western
C240,C189,western
C240,C190,northwestern
C240,C191,western
C240,C192,southwestern
C240,C193,western
C240,C194,southwestern
C240,C195,northwestern
C240,C196,western
C240,C207,northwestern
C240,C208,northwestern
C240,C209,northern
C240,C210,northern
C240,C211,northern
C240,C212,northwestern
C240,C213,northern
C240,C214,northern
C240,C215,northwestern
C240,C216,northern
C240,C217,northern
C240,C218,northern
C240,C219,northwestern
C240,C220,northern
C240,C221,northwestern
C240,C222,northwestern
C240,C223,northwestern
C240,C224,northern
C240,C225,northwestern
C240,C226,northern
C240,C227,northwestern
C240,C228,northern
C240,C229,northern
C240,C230,northwestern
C240,C231,southeastern
C240,C232,southeastern
C240,C233,eastern
C240,C234,southwestern
C240,C235,eastern
C240,C236,northeastern
C240,C237,eastern
C240,C238,northern
C240,C239,northeastern
C240,C241,northern
C240,C242,southeastern
C240,C243,northeastern
C240,C245,northeastern
C240,C246,eastern
C240,C247,northeastern
C240,C248,northeastern
C240,C249,eastern
C240,C250,eastern
C240,C251,eastern
C240,C252,eastern
C240,C253,eastern
C240,C254,eastern
C240,C255,eastern
C240,C256,northeastern
C240,C257,northeastern
C240,C317,southern
C240,C373,southeastern
C240,C374,southeastern
C240,C375,southern
C240,C376,southeastern
C240,C377,southeastern
C240,C378,southeastern
C240,C379,southeastern
C240,C380,southeastern
C240,C381,southeastern
C240,C382,southeastern
C240,C383,southeastern
C240,C384,southeastern
C240,C385,southern
C240,C386,southern
C241,C168,western
C241,C186,southwestern
C241,C187,western
C241,C188,western
C241,C189,southwestern
C241,C190,western
C241,C191,southwestern
C241,C192,southwestern
C241,C193,western
C241,C194,southwestern
C241,C195,western
C241,C196,southwestern
C241,C207,western
C241,C208,northwestern
C241,C209,northwestern
C241,C210,northwestern
C241,C211,northern
C241,C212,western
C241,C213,northern
C241,C214,northern
C241,C215,western
C241,C216,northern
C241,C217,northeastern
C241,C218,northern
C241,C219,northwestern
C241,C220,northern
C241,C221,northwestern
C241,C222,northwestern
C241,C223,northwestern
C241,C224,northern
C241,C225,northwestern
C241,C226,northwestern
C241,C227,northwestern
C241,C228,northern
C241,C229,northern
C241,C230,northwestern
C241,C231,southern
C241,C232,southeastern
C241,C233,eastern
C241,C234,southern
C241,C235,southeastern
C241,C236,southeastern
C241,C237,southeastern
C241,C238,northeastern
C241,C239,eastern
C241,C240,southern
C241,C242,southeastern
C241,C243,southeastern
C241,C245,eastern
C241,C246,eastern
C241,C247,eastern
C241,C248,eastern
C241,C249,eastern
C241,C250,southeastern
C241,C251,southeastern
C241,C252,southeastern
C241,C253,eastern
C241,C254,eastern
C241,C255,eastern
C241,C256,eastern
C241,C257,eastern
C241,C317,southern
C241,C373,southeastern
C241,C374,southeastern
C241,C375,southern
C241,C376,southeastern
C241,C377,southeastern
C241,C378,southeastern
C241,C379,southeastern
C241,C380,southern
C241,C381,southeastern
C241,C382,southeastern
C241,C383,southeastern
C241,C384,southern
C241,C385,southern
C241,C386,southern
C242,C168,northwestern
C242,C186,western
C242,C187,northwestern
C242,C188,western
C242,C189,western
C242,C190,northwestern
C242,C191,western
C242,C192,western
C242,C193,western
C242,C194,western
C242,C195,northwestern
C242,C196,western
C242,C207,northwestern
C242,C208,northwestern
C242,C209,northwestern
C242,C210,northwestern
C242,C211,northwestern
C242,C212,northwestern
C242,C213,northwestern
C242,C214,northwestern
C242,C215,northwestern
C242,C216,northwestern
C242,C217,northwestern
C242,C218,northern
C242,C219,northwestern
C242,C220,northwestern
C242,C221,northwestern
C242,C222,northwestern
C242,C223,northwestern
C242,C224,northwestern
C242,C225,northwestern
C242,C226,northwestern
C242,C227,northwestern
C242,C228,northwestern
C242,C229,northern
C242,C230,northwestern
C242,C231,western
C242,C232,western
C242,C233,northern
C242,C234,western
C242,C235,northwestern
C242,C236,northwestern
C242,C237,northern
C242,C238,northwestern
C242,C239,northern
C242,C240,northwestern
C242,C241,northwestern
C242,C243,northwestern
C242,C245,northern
C242,C246,northeastern
C242,C247,northern
C242,C248,northern
C242,C249,northern
C242,C250,northeastern
C242,C251,northeastern
C242,C252,northeastern
C242,C253,northeastern
C242,C254,northern
C242,C255,northeastern
C242,C256,northern
C242,C257,northern
C242,C317,western
C242,C373,southern
C242,C374,southern
C242,C375,southwestern
C242,C376,southeastern
C242,C377,southeastern
C242,C378,southwestern
C242,C379,southeastern
C242,C380,southern
C242,C381,southeastern
C242,C382,southwestern
C242,C383,southern
C242,C384,southwestern
C242,C385,southwestern
C242,C386,southwestern
C243,C168,western
C243,C186,southwestern
C243,C187,western
C243,C188,western
C243,C189,western
C243,C190,western
C243,C191,southwestern
C243,C192,southwestern
C243,C193,western
C243,C194,southwestern
C243,C195,western
C243,C196,western
C243,C207,western
C243,C208,northwestern
C243,C209,northwestern
C243,C210,northwestern
C243,C211,northwestern
C243,C212,western
C243,C213,northwestern
C243,C214,northwestern
C243,C215,western
C243,C216,northern
C243,C217,northern
C243,C218,northern
C243,C219,northwestern
C243,C220,northern
C243,C221,northwestern
C243,C222,northwestern
C243,C223,northwestern
C243,C224,northern
C243,C225,northwestern
C243,C226,northwestern
C243,C227,northwestern
C243,C228,northern
C243,C229,northern
C243,C230,northwestern
C243,C231,southern
C243,C232,southern
C243,C233,eastern
C243,C234,southwestern
C243,C235,southeastern
C243,C236,western
C243,C237,southeastern
C243,C238,northwestern
C243,C239,northeastern
C243,C240,southwestern
C243,C241,northwestern
C243,C242,southeastern
C243,C245,northeastern
C243,C246,eastern
C243,C247,northeastern
C243,C248,eastern
C243,C249,eastern
C243,C250,southeastern
C243,C251,southeastern
C243,C252,southeastern
C243,C253,eastern
C243,C254,eastern
C243,C255,eastern
C243,C256,northeastern
C243,C257,northeastern
C243,C317,southern
C243,C373,southeastern
C243,C374,southern
C243,C375,southern
C243,C376,southeastern
C243,C377,southeastern
C243,C378,southern
C243,C379,southeastern
C243,C380,southern
C243,C381,southeastern
C243,C382,southern
C243,C383,southeastern
C243,C384,southern
C243,C385,southern
C243,C386,southern
C244,C245,northwestern
C244,C246,southwestern
C244,C247,western
C244,C248,western
C244,C249,southwestern
C244,C250,southwestern
C244,C251,southwestern
C244,C252,southern
C244,C253,southeastern
C244,C254,western
C244,C255,southern
C244,C256,western
C244,C257,northwestern
C244,C258,northern
C244,C259,northern
C244,C260,northeastern
C244,C261,northern
C244,C262,northern
C244,C263,northeastern
C244,C264,northern
C244,C265,northern
C244,C266,northeastern
C244,C277,southeastern
C244,C278,northeastern
C244,C279,eastern
C244,C280,eastern
C244,C281,eastern
C244,C282,eastern
C244,C283,eastern
C244,C284,southeastern
C244,C285,northeastern
C244,C286,eastern
C244,C287,eastern
C244,C288,eastern
C244,C289,eastern
C244,C290,southeastern
C244,C291,eastern
C244,C292,southeastern
C245,C231,southwestern
C245,C232,southwestern
C245,C233,southwestern
C245,C234,southwestern
C245,C235,southwestern
C245,C236,southwestern
C245,C237,southern
C245,C238,western
C245,C239,southwestern
C245,C240,southwestern
C245,C241,western
C245,C242,southern
C245,C243,southwestern
C245,C244,southeastern
C245,C246,southern
C245,C247,southeastern
C245,C248,southern
C245,C249,southern
C245,C250,southern
C245,C251,southern
C245,C252,southern
C245,C253,southeastern
C245,C254,southeastern
C245,C255,southeastern
C245,C256,southwestern
C245,C257,eastern
C245,C258,northeastern
C245,C259,eastern
C245,C260,eastern
C245,C261,eastern
C245,C262,northeastern
C245,C263,eastern
C245,C264,northeastern
C245,C265,eastern
C245,C266,eastern
C245,C277,southeastern
C245,C278,eastern
C245,C279,eastern
C245,C280,eastern
C245,C281,southeastern
C245,C282,eastern
C245,C283,eastern
C245,C284,southeastern
C245,C285,eastern
C245,C286,eastern
C245,C287,eastern
C245,C288,eastern
C245,C289,eastern
C245,C290,southeastern
C245,C291,eastern
C245,C292,southeastern
C245,C304,southeastern
C245,C305,southeastern
C245,C306,southeastern
C245,C307,southern
C245,C308,southeastern
C245,C309,southeastern
C245,C310,southeastern
C245,C311,southeastern
C245,C312,southeastern
C245,C313,southeastern
C245,C373,southern
C245,C374,southern
C245,C375,southern
C245,C376,southern
C245,C377,southern
C245,C378,southern
C245,C379,southern
C245,C380,southern
C245,C381,southern
C245,C382,southern
C245,C383,southern
C245,C384,southern
C245,C385,southwestern
C245,C386,southwestern
C246,C231,southwestern
C246,C232,southwestern
C246,C233,western
C246,C234,western
C246,C235,western
C246,C236,western
C246,C237,southwestern
C246,C238,western
C246,C239,northwestern
C246,C240,western
C246,C241,western
C246,C242,southwestern
C246,C243,western
C246,C244,northeastern
C246,C245,northern
C246,C247,northern
C246,C248,northwestern
C246,C249,western
C246,C250,southern
C246,C251,southwestern
C246,C252,southern
C246,C253,eastern
C246,C254,northern
C246,C255,southeastern
C246,C256,northwestern
C246,C257,northern
C246,C258,northern
C246,C259,northeastern
C246,C260,northeastern
C246,C261,northeastern
C246,C262,northeastern
C246,C263,northeastern
C246,C264,northern
C246,C265,northern
C246,C266,northeastern
C246,C277,eastern
C246,C278,northeastern
C246,C279,eastern
C246,C280,eastern
C246,C281,eastern
C246,C282,eastern
C246,C283,eastern
C246,C284,eastern
C246,C285,northeastern
C246,C286,eastern
C246,C287,eastern
C246,C288,northeastern
C246,C289,eastern
C246,C290,eastern
C246,C291,eastern
C246,C292,eastern
C246,C304,southeastern
C246,C305,southeastern
C246,C306,southeastern
C246,C307,southern
C246,C308,southeastern
C246,C309,southeastern
C246,C310,southeastern
C246,C311,southeastern
C246,C312,southeastern
C246,C313,southeastern
C246,C373,southern
C246,C374,southern
C246,C375,southwestern
C246,C376,southern
C246,C377,southern
C246,C378,southwestern
C246,C379,southern
C246,C380,southern
C246,C381,southern
C246,C382,southwestern
C246,C383,southern
C246,C384,southwestern
C246,C385,southwestern
C246,C386,southwestern
C247,C231,southwestern
C247,C232,southwestern
C247,C233,southwestern
C247,C234,southwestern
C247,C235,southwestern
C247,C236,western
C247,C237,southwestern
C247,C238,western
C247,C239,western
C247,C240,southwestern
C247,C241,western
C247,C242,southern
C247,C243,western
C247,C244,eastern
C247,C245,northwestern
C247,C246,southern
C247,C248,southwestern
C247,C249,southwestern
C247,C250,southern
C247,C251,southern
C247,C252,southern
C247,C253,southeastern
C247,C254,southeastern
C247,C255,southeastern
C247,C256,western
C247,C257,northeastern
C247,C258,northeastern
C247,C259,northeastern
C247,C260,eastern
C247,C261,northeastern
C247,C262,northeastern
C247,C263,northeastern
C247,C264,northeastern
C247,C265,northeastern
C247,C266,eastern
C247,C277,southeastern
C247,C278,eastern
C247,C279,eastern
C247,C280,eastern
C247,C281,eastern
C247,C282,eastern
C247,C283,eastern
C247,C284,southeastern
C247,C285,eastern
C247,C286,eastern
C247,C287,eastern
C247,C288,eastern
C247,C289,eastern
C247,C290,southeastern
C247,C291,eastern
C247,C292,southeastern
C247,C304,southeastern
C247,C305,southeastern
C247,C306,southeastern
C247,C307,southern
C247,C308,southeastern
C247,C309,southeastern
C247,C310,southeastern
C247,C311,southeastern
C247,C312,southeastern
C247,C313,southeastern
C247,C373,southern
C247,C374,southern
C247,C375,southwestern
C247,C376,southern
C247,C377,southern
C247,C378,southern
C247,C379,southern
C247,C380,southern
C247,C381,southern
C247,C382,southern
C247,C383,southern
C247,C384,southwestern
C247,C385,southwestern
C247,C386,southwestern
C248,C231,southwestern
C248,C232,southwestern
C248,C233,southwestern
C248,C234,southwestern
C248,C235,southwestern
C248,C236,western
C248,C237,southern
C248,C238,western
C248,C239,western
C248,C240,southwestern
C248,C241,western
C248,C242,southern
C248,C243,western
C248,C244,eastern
C248,C245,northern
C248,C246,southeastern
C248,C247,northeastern
C248,C249,southern
C248,C250,southern
C248,C251,southeastern
C248,C252,southeastern
C248,C253,eastern
C248,C254,eastern
C248,C255,southeastern
C248,C256,northern
C248,C257,northeastern
C248,C258,northeastern
C248,C259,northeastern
C248,C260,northeastern
C248,C261,northeastern
C248,C262,northeastern
C248,C263,northeastern
C248,C264,northeastern
C248,C265,northeastern
C248,C266,northeastern
C248,C277,eastern
C248,C278,eastern
C248,C279,eastern
C248,C280,eastern
C248,C281,eastern
C248,C282,eastern
C248,C283,eastern
C248,C284,eastern
C248,C285,eastern
C248,C286,eastern
C248,C287,eastern
C248,C288,eastern
C248,C289,eastern
C248,C290,eastern
C248,C291,eastern
C248,C292,eastern
C248,C304,southeastern
C248,C305,southeastern
C248,C306,southeastern
C248,C307,southeastern
C248,C308,southeastern
C248,C309,southeastern
C248,C310,southeastern
C248,C311,southeastern
C248,C312,southeastern
C248,C313,southeastern
C248,C373,southern
C248,C374,southern
C248,C375,southern
C248,C376,southern
C248,C377,southeastern
C248,C378,southern
C248,C379,southern
C248,C380,southern
C248,C381,southern
C248,C382,southern
C248,C383,southern
C248,C384,southern
C248,C385,southwestern
C248,C386,southwestern
C249,C231,southwestern
C249,C232,southwestern
C249,C233,western
C249,C234,western
C249,C235,western
C249,C236,western
C249,C237,southwestern
C249,C238,northwestern
C249,C239,northwestern
C249,C240,western
C249,C241,western
C249,C242,southern
C249,C243,western
C249,C244,northeastern
C249,C245,northern
C249,C246,eastern
C249,C247,northeastern
C249,C248,northern
C249,C250,southern
C249,C251,southeastern
C249,C252,southeastern
C249,C253,eastern
C249,C254,northeastern
C249,C255,eastern
C249,C256,northern
C249,C257,northeastern
C249,C258,northeastern
C249,C259,northeastern
C249,C260,northeastern
C249,C261,northeastern
C249,C262,northeastern
C249,C263,northeastern
C249,C264,northeastern
C249,C265,northeastern
C249,C266,northeastern
C249,C277,eastern
C249,C278,northeastern
C249,C279,eastern
C249,C280,eastern
C249,C281,eastern
C249,C282,eastern
C249,C283,eastern
C249,C284,eastern
C249,C285,northeastern
C249,C286,eastern
C249,C287,eastern
C249,C288,eastern
C249,C289,eastern
C249,C290,eastern
C249,C291,eastern
C249,C292,eastern
C249,C304,eastern
C249,C305,eastern
C249,C306,southeastern
C249,C307,southeastern
C249,C308,southeastern
C249,C309,eastern
C249,C310,southeastern
C249,C311,southeastern
C249,C312,southeastern
C249,C313,southeastern
C249,C373,southern
C249,C374,southern
C249,C375,southern
C249,C376,southern
C249,C377,southeastern
C249,C378,southern
C249,C379,southern
C249,C380,southern
C249,C381,southern
C249,C382,southern
C249,C383,southern
C249,C384,southwestern
C249,C385,southwestern
C249,C386,southwestern
C250,C231,western
C250,C232,western
C250,C233,northwestern
C250,C234,western
C250,C235,northwestern
C250,C236,northwestern
C250,C237,northwestern
C250,C238,northwestern
C250,C239,northwestern
C250,C240,western
C250,C241,northwestern
C250,C242,southwestern
C250,C243,northwestern
C250,C244,northeastern
C250,C245,northern
C250,C246,northern
C250,C247,northern
C250,C248,northern
C250,C249,northern
C250,C251,northern
C250,C252,northeastern
C250,C253,northeastern
C250,C254,northern
C250,C255,northeastern
C250,C256,northern
C250,C257,northern
C250,C258,northern
C250,C259,northern
C250,C260,northeastern
C250,C261,northeastern
C250,C262,northeastern
C250,C263,northeastern
C250,C264,northern
C250,C265,northern
C250,C266,northeastern
C250,C277,northeastern
C250,C278,northeastern
C250,C279,northeastern
C250,C280,eastern
C250,C281,northeastern
C250,C282,northeastern
C250,C283,northeastern
C250,C284,eastern
C250,C285,northeastern
C250,C286,northeastern
C250,C287,northeastern
C250,C288,northeastern
C250,C289,eastern
C250,C290,northeastern
C250,C291,eastern
C250,C292,eastern
C250,C304,eastern
C250,C305,eastern
C250,C306,eastern
C250,C307,southeastern
C250,C308,eastern
C250,C309,eastern
C250,C310,southeastern
C250,C311,eastern
C250,C312,southeastern
C250,C313,southeastern
C250,C373,southern
C250,C374,southwestern
C250,C375,southwestern
C250,C376,southern
C250,C377,southeastern
C250,C378,southwestern
C250,C379,southern
C250,C380,southwestern
C250,C381,southern
C250,C382,southwestern
C250,C383,southern
C250,C384,southwestern
C250,C385,southwestern
C250,C386,southwestern
C251,C231,western
C251,C232,southwestern
C251,C233,northwestern
C251,C234,western
C251,C235,western
C251,C236,western
C251,C237,western
C251,C238,northwestern
C251,C239,northwestern
C251,C240,western
C251,C241,northwestern
C251,C242,southwestern
C251,C243,northwestern
C251,C244,northeastern
C251,C245,northern
C251,C246,northeastern
C251,C247,northern
C251,C248,northwestern
C251,C249,northwestern
C251,C250,southern
C251,C252,southeastern
C251,C253,eastern
C251,C254,northern
C251,C255,eastern
C251,C256,northern
C251,C257,northern
C251,C258,northeastern
C251,C259,northeastern
C251,C260,northeastern
C251,C261,northeastern
C251,C262,northeastern
C251,C263,northeastern
C251,C264,northern
C251,C265,northern
C251,C266,northeastern
C251,C277,eastern
C251,C278,northeastern
C251,C279,eastern
C251,C280,eastern
C251,C281,eastern
C251,C282,northeastern
C251,C283,northeastern
C251,C284,eastern
C251,C285,northeastern
C251,C286,northeastern
C251,C287,northeastern
C251,C288,northeastern
C251,C289,eastern
C251,C290,northeastern
C251,C291,eastern
C251,C292,eastern
C251,C304,eastern
C251,C305,eastern
C251,C306,southeastern
C251,C307,southeastern
C251,C308,southeastern
C251,C309,eastern
C251,C310,southeastern
C251,C311,eastern
C251,C312,southeastern
C251,C313,southeastern
C251,C373,southern
C251,C374,southern
C251,C375,southwestern
C251,C376,southern
C251,C377,southeastern
C251,C378,southwestern
C251,C379,southern
C251,C380,southern
C251,C381,southern
C251,C382,southwestern
C251,C383,southern
C251,C384,southwestern
C251,C385,southwestern
C251,C386,southwestern
C252,C231,western
C252,C232,western
C252,C233,northwestern
C252,C234,western
C252,C235,western
C252,C236,western
C252,C237,western
C252,C238,northwestern
C252,C239,northwestern
C252,C240,western
C252,C241,northwestern
C252,C242,southwestern
C252,C243,northwestern
C252,C244,northern
C252,C245,northern
C252,C246,northern
C252,C247,northern
C252,C248,northwestern
C252,C249,northwestern
C252,C250,southwestern
C252,C251,northwestern
C252,C253,northeastern
C252,C254,northern
C252,C255,northeastern
C252,C256,northwestern
C252,C257,northern
C252,C258,northern
C252,C259,northern
C252,C260,northeastern
C252,C261,northern
C252,C262,northern
C252,C263,northeastern
C252,C264,northern
C252,C265,northern
C252,C266,northeastern
C252,C277,northeastern
C252,C278,northeastern
C252,C279,northeastern
C252,C280,eastern
C252,C281,northeastern
C252,C282,northeastern
C252,C283,northeastern
C252,C284,eastern
C252,C285,northeastern
C252,C286,northeastern
C252,C287,northeastern
C252,C288,northeastern
C252,C289,eastern
C252,C290,northeastern
C252,C291,eastern
C252,C292,eastern
C252,C304,eastern
C252,C305,eastern
C252,C306,southeastern
C252,C307,southern
C252,C308,southeastern
C252,C309,eastern
C252,C310,southeastern
C252,C311,eastern
C252,C312,southeastern
C252,C313,southeastern
C252,C373,southern
C252,C374,southwestern
C252,C375,southwestern
C252,C376,southern
C252,C377,southern
C252,C378,southwestern
C252,C379,southern
C252,C380,southwestern
C252,C381,southern
C252,C382,southwestern
C252,C383,southern
C252,C384,southwestern
C252,C385,southwestern
C252,C386,southwestern
C253,C231,western
C253,C232,western
C253,C233,western
C253,C234,western
C253,C235,western
C253,C236,western
C253,C237,western
C253,C238,western
C253,C239,western
C253,C240,western
C253,C241,western
C253,C242,southwestern
C253,C243,western
C253,C244,northwestern
C253,C245,northwestern
C253,C246,western
C253,C247,northwestern
C253,C248,western
C253,C249,western
C253,C250,southwestern
C253,C251,western
C253,C252,southwestern
C253,C254,northwestern
C253,C255,western
C253,C256,northwestern
C253,C257,northwestern
C253,C258,northern
C253,C259,northern
C253,C260,northern
C253,C261,northern
C253,C262,northern
C253,C263,northern
C253,C264,northern
C253,C265,northwestern
C253,C266,northeastern
C253,C277,eastern
C253,C278,northern
C253,C279,eastern
C253,C280,eastern
C253,C281,eastern
C253,C282,northeastern
C253,C283,northeastern
C253,C284,eastern
C253,C285,northeastern
C253,C286,northeastern
C253,C287,northeastern
C253,C288,northern
C253,C289,eastern
C253,C290,northern
C253,C291,eastern
C253,C292,southeastern
C253,C304,southeastern
C253,C305,southeastern
C253,C306,southern
C253,C307,southern
C253,C308,southwestern
C253,C309,southern
C253,C310,southeastern
C253,C311,southern
C253,C312,southern
C253,C313,southern
C253,C373,southwestern
C253,C374,southwestern
C253,C375,southwestern
C253,C376,southwestern
C253,C377,southern
C253,C378,southwestern
C253,C379,southwestern
C253,C380,southwestern
C253,C381,southern
C253,C382,southwestern
C253,C383,southwestern
C253,C384,southwestern
C253,C385,southwestern
C253,C386,southwestern
C254,C231,southwestern
C254,C232,southwestern
C254,C233,southwestern
C254,C234,southwestern
C254,C235,southwestern
C254,C236,western
C254,C237,southwestern
C254,C238,western
C254,C239,western
C254,C240,western
C254,C241,western
C254,C242,southern
C254,C243,western
C254,C244,eastern
C254,C245,northwestern
C254,C246,southern
C254,C247,northwestern
C254,C248,western
C254,C249,southwestern
C254,C250,southern
C254,C251,southern
C254,C252,southern
C254,C253,southeastern
C254,C255,southeastern
C254,C256,western
C254,C257,northern
C254,C258,northeastern
C254,C259,northeastern
C254,C260,northeastern
C254,C261,northeastern
C254,C262,northeastern
C254,C263,northeastern
C254,C264,northern
C254,C265,northern
C254,C266,northeastern
C254,C277,southeastern
C254,C278,eastern
C254,C279,eastern
C254,C280,eastern
C254,C281,eastern
C254,C282,eastern
C254,C283,eastern
C254,C284,eastern
C254,C285,eastern
C254,C286,eastern
C254,C287,eastern
C254,C288,eastern
C254,C289,eastern
C254,C290,eastern
C254,C291,eastern
C254,C292,southeastern
C254,C304,southeastern
C254,C305,southeastern
C254,C306,southeastern
C254,C307,southern
C254,C308,southeastern
C254,C309,southeastern
C254,C310,southeastern
C254,C311,southeastern
C254,C312,southeastern
C254,C313,southeastern
C254,C373,southern
C254,C374,southern
C254,C375,southwestern
C254,C376,southern
C254,C377,southern
C254,C378,southwestern
C254,C379,southern
C254,C380,southern
C254,C381,southern
C254,C382,southwestern
C254,C383,southern
C254,C384,southwestern
C254,C385,southwestern
C254,C386,southwestern
C255,C231,western
C255,C232,western
C255,C233,western
C255,C234,western
C255,C235,western
C255,C236,western
C255,C237,western
C255,C238,northwestern
C255,C239,northwestern
C255,C240,western
C255,C241,western
C255,C242,southwestern
C255,C243,western
C255,C244,northern
C255,C245,northwestern
C255,C246,northwestern
C255,C247,northwestern
C255,C248,northwestern
C255,C249,western
C255,C250,southwestern
C255,C251,western
C255,C252,southwestern
C255,C253,eastern
C255,C254,northwestern
C255,C256,northwestern
C255,C257,northern
C255,C258,northern
C255,C259,northern
C255,C260,northern
C255,C261,northern
C255,C262,northern
C255,C263,northern
C255,C264,northern
C255,C265,northern
C255,C266,northeastern
C255,C277,eastern
C255,C278,northeastern
C255,C279,eastern
C255,C280,eastern
C255,C281,eastern
C255,C282,northeastern
C255,C283,northeastern
C255,C284,eastern
C255,C285,northeastern
C255,C286,northeastern
C255,C287,northeastern
C255,C288,northeastern
C255,C289,eastern
C255,C290,northeastern
C255,C291,eastern
C255,C292,eastern
C255,C304,southeastern
C255,C305,southeastern
C255,C306,southeastern
C255,C307,southern
C255,C308,southern
C255,C309,southeastern
C255,C310,southeastern
C255,C311,southeastern
C255,C312,southern
C255,C313,southern
C255,C373,southern
C255,C374,southwestern
C255,C375,southwestern
C255,C376,southwestern
C255,C377,southern
C255,C378,southwestern
C255,C379,southwestern
C255,C380,southwestern
C255,C381,southern
C255,C382,southwestern
C255,C383,southern
C255,C384,southwestern
C255,C385,southwestern
C255,C386,southwestern
C256,C231,southwestern
C256,C232,southern
C256,C233,southern
C256,C234,southwestern
C256,C235,southwestern
C256,C236,southwestern
C256,C237,southern
C256,C238,western
C256,C239,western
C256,C240,southwestern
C256,C241,western
C256,C242,southern
C256,C243,southwestern
C256,C244,eastern
C256,C245,northeastern
C256,C246,southeastern
C256,C247,eastern
C256,C248,southern
C256,C249,southern
C256,C250,southern
C256,C251,southern
C256,C252,southeastern
C256,C253,southeastern
C256,C254,eastern
C256,C255,southeastern
C256,C257,eastern
C256,C258,northeastern
C256,C259,northeastern
C256,C260,eastern
C256,C261,eastern
C256,C262,northeastern
C256,C263,northeastern
C256,C264,northeastern
C256,C265,northeastern
C256,C266,eastern
C256,C277,eastern
C256,C278,eastern
C256,C279,eastern
C256,C280,eastern
C256,C281,eastern
C256,C282,eastern
C256,C283,eastern
C256,C284,eastern
C256,C285,eastern
C256,C286,eastern
C256,C287,eastern
C256,C288,eastern
C256,C289,eastern
C256,C290,eastern
C256,C291,eastern
C256,C292,southeastern
C256,C304,southeastern
C256,C305,southeastern
C256,C306,southeastern
C256,C307,southeastern
C256,C308,southeastern
C256,C309,southeastern
C256,C310,southeastern
C256,C311,southeastern
C256,C312,southeastern
C256,C313,southeastern
C256,C373,southern
C256,C374,southern
C256,C375,southern
C256,C376,southern
C256,C377,southeastern
C256,C378,southern
C256,C379,southern
C256,C380,southern
C256,C381,southern
C256,C382,southern
C256,C383,southern
C256,C384,southern
C256,C385,southern
C256,C386,southern
C257,C231,southwestern
C257,C232,southwestern
C257,C233,southwestern
C257,C234,southwestern
C257,C235,southwestern
C257,C236,southwestern
C257,C237,southwestern
C257,C238,western
C257,C239,western
C257,C240,southwestern
C257,C241,western
C257,C242,southern
C257,C243,southwestern
C257,C244,southeastern
C257,C245,western
C257,C246,southern
C257,C247,southwestern
C257,C248,southwestern
C257,C249,southwestern
C257,C250,southern
C257,C251,southern
C257,C252,southern
C257,C253,southeastern
C257,C254,southern
C257,C255,southern
C257,C256,western
C257,C258,northeastern
C257,C259,northeastern
C257,C260,eastern
C257,C261,northeastern
C257,C262,northeastern
C257,C263,northeastern
C257,C264,northern
C257,C265,northeastern
C257,C266,eastern
C257,C277,southeastern
C257,C278,eastern
C257,C279,eastern
C257,C280,eastern
C257,C281,southeastern
C257,C282,eastern
C257,C283,eastern
C257,C284,southeastern
C257,C285,eastern
C257,C286,southeastern
C257,C287,eastern
C257,C288,southeastern
C257,C289,eastern
C257,C290,southeastern
C257,C291,eastern
C257,C292,southeastern
C257,C304,southeastern
C257,C305,southeastern
C257,C306,southeastern
C257,C307,southern
C257,C308,southern
C257,C309,southeastern
C257,C310,southeastern
C257,C311,southeastern
C257,C312,southern
C257,C313,southern
C257,C373,southern
C257,C374,southern
C257,C375,southwestern
C257,C376,southern
C257,C377,southern
C257,C378,southwestern
C257,C379,southern
C257,C380,southern
C257,C381,southern
C257,C382,southern
C257,C383,southern
C257,C384,southwestern
C257,C385,southwestern
C257,C386,southwestern
C258,C244,southern
C258,C245,southwestern
C258,C246,southern
C258,C247,southwestern
C258,C248,southwestern
C258,C249,southwestern
C258,C250,southern
C258,C251,southwestern
C258,C252,southern
C258,C253,southern
C258,C254,southwestern
C258,C255,southern
C258,C256,southwestern
C258,C257,southwestern
C258,C259,southern
C258,C260,southeastern
C258,C261,southeastern
C258,C262,eastern
C258,C263,eastern
C258,C264,northwestern
C258,C265,southwestern
C258,C266,eastern
C258,C277,southern
C258,C278,southeastern
C258,C279,southeastern
C258,C280,southeastern
C258,C281,southeastern
C258,C282,southeastern
C258,C283,eastern
C258,C284,southeastern
C258,C285,eastern
C258,C286,southeastern
C258,C287,southeastern
C258,C288,southern
C258,C289,southeastern
C258,C290,southern
C258,C291,southeastern
C258,C292,southeastern
C258,C293,eastern
C258,C294,northern
C258,C295,northeastern
C258,C296,northeastern
C258,C297,northern
C258,C298,northeastern
C258,C299,northeastern
C258,C300,eastern
C258,C301,northern
C258,C302,northern
C258,C303,northern
C259,C244,southern
C259,C245,western
C259,C246,southwestern
C259,C247,southwestern
C259,C248,southwestern
C259,C249,southwestern
C259,C250,southern
C259,C251,southwestern
C259,C252,southern
C259,C253,southern
C259,C254,southwestern
C259,C255,southern
C259,C256,southwestern
C259,C257,southwestern
C259,C258,northern
C259,C260,eastern
C259,C261,eastern
C259,C262,northeastern
C259,C263,northeastern
C259,C264,northern
C259,C265,western
C259,C266,eastern
C259,C277,southeastern
C259,C278,southeastern
C259,C279,eastern
C259,C280,southeastern
C259,C281,southeastern
C259,C282,eastern
C259,C283,eastern
C259,C284,southeastern
C259,C285,eastern
C259,C286,southeastern
C259,C287,southeastern
C259,C288,southeastern
C259,C289,southeastern
C259,C290,southern
C259,C291,southeastern
C259,C292,southeastern
C259,C293,northeastern
C259,C294,northern
C259,C295,northeastern
C259,C296,northeastern
C259,C297,northern
C259,C298,northeastern
C259,C299,northeastern
C259,C300,eastern
C259,C301,northern
C259,C302,northern
C259,C303,northern
C260,C244,southwestern
C260,C245,western
C260,C246,southwestern
C260,C247,western
C260,C248,southwestern
C260,C249,southwestern
C260,C250,southwestern
C260,C251,southwestern
C260,C252,southwestern
C260,C253,southern
C260,C254,southwestern
C260,C255,southern
C260,C256,western
C260,C257,western
C260,C258,northwestern
C260,C259,western
C260,C261,northern
C260,C262,northern
C260,C263,northeastern
C260,C264,northwestern
C260,C265,western
C260,C266,eastern
C260,C277,southern
C260,C278,southeastern
C260,C279,eastern
C260,C280,southeastern
C260,C281,southeastern
C260,C282,eastern
C260,C283,eastern
C260,C284,southeastern
C260,C285,eastern
C260,C286,southeastern
C260,C287,southeastern
C260,C288,southern
C260,C289,southeastern
C260,C290,southern
C260,C291,southeastern
C260,C292,southern
C260,C293,northeastern
C260,C294,northern
C260,C295,northern
C260,C296,northern
C260,C297,northern
C260,C298,northeastern
C260,C299,northeastern
C260,C300,northeastern
C260,C301,northwestern
C260,C302,northern
C260,C303,northern
C261,C244,southern
C261,C245,western
C261,C246,southwestern
C261,C247,southwestern
C261,C248,southwestern
C261,C249,southwestern
C261,C250,southwestern
C261,C251,southwestern
C261,C252,southern
C261,C253,southern
C261,C254,southwestern
C261,C255,southern
C261,C256,western
C261,C257,southwestern
C261,C258,northwestern
C261,C259,western
C261,C260,southern
C261,C262,northern
C261,C263,northeastern
C261,C264,northwestern
C261,C265,western
C261,C266,eastern
C261,C277,southern
C261,C278,southeastern
C261,C279,southeastern
C261,C280,southeastern
C261,C281,southeastern
C261,C282,southeastern
C261,C283,eastern
C261,C284,southeastern
C261,C285,eastern
C261,C286,southeastern
C261,C287,southeastern
C261,C288,southern
C261,C289,southeastern
C261,C290,southern
C261,C291,southeastern
C261,C292,southern
C261,C293,northeastern
C261,C294,northern
C261,C295,northeastern
C261,C296,northern
C261,C297,northern
C261,C298,northeastern
C261,C299,northeastern
C261,C300,eastern
C261,C301,northwestern
C261,C302,northern
C261,C303,northern
C262,C244,southern
C262,C245,southwestern
C262,C246,southwestern
C262,C247,southwestern
C262,C248,southwestern
C262,C249,southwestern
C262,C250,southwestern
C262,C251,southwestern
C262,C252,southern
C262,C253,southern
C262,C254,southwestern
C262,C255,southern
C262,C256,southwestern
C262,C257,southwestern
C262,C258,western
C262,C259,southwestern
C262,C260,southern
C262,C261,southern
C262,C263,southeastern
C262,C264,western
C262,C265,southwestern
C262,C266,southeastern
C262,C277,southern
C262,C278,southeastern
C262,C279,southeastern
C262,C280,southeastern
C262,C281,southeastern
C262,C282,southeastern
C262,C283,southeastern
C262,C284,southeastern
C262,C285,southeastern
C262,C286,southern
C262,C287,southeastern
C262,C288,southern
C262,C289,southeastern
C262,C290,southern
C262,C291,southeastern
C262,C292,southern
C262,C293,eastern
C262,C294,northern
C262,C295,northeastern
C262,C296,northern
C262,C297,northern
C262,C298,northeastern
C262,C299,northeastern
C262,C300,eastern
C262,C301,northwestern
C262,C302,northern
C262,C303,northwestern
C263,C244,southwestern
C263,C245,western
C263,C246,southwestern
C263,C247,southwestern
C263,C248,southwestern
C263,C249,southwestern
C263,C250,southwestern
C263,C251,southwestern
C263,C252,southwestern
C263,C253,southern
C263,C254,southwestern
C263,C255,southern
C263,C256,southwestern
C263,C257,southwestern
C263,C258,western
C263,C259,southwestern
C263,C260,southwestern
C263,C261,southwestern
C263,C262,northwestern
C263,C264,western
C263,C265,western
C263,C266,southeastern
C263,C277,southern
C263,C278,southern
C263,C279,southeastern
C263,C280,southeastern
C263,C281,southern
C263,C282,southeastern
C263,C283,southeastern
C263,C284,southeastern
C263,C285,southeastern
C263,C286,southern
C263,C287,southeastern
C263,C288,southern
C263,C289,southeastern
C263,C290,southern
C263,C291,southeastern
C263,C292,southern
C263,C293,northeastern
C263,C294,northern
C263,C295,northern
C263,C296,northwestern
C263,C297,northwestern
C263,C298,northeastern
C263,C299,northeastern
C263,C300,eastern
C263,C301,northwestern
C263,C302,northern
C263,C303,northwestern
C264,C244,southern
C264,C245,southwestern
C264,C246,southern
C264,C247,southwestern
C264,C248,southwestern
C264,C249,southwestern
C264,C250,southern
C264,C251,southern
C264,C252,southern
C264,C253,southern
C264,C254,southern
C264,C255,southern
C264,C256,southwestern
C264,C257,southern
C264,C258,southeastern
C264,C259,southern
C264,C260,southeastern
C264,C261,southeastern
C264,C262,eastern
C264,C263,eastern
C264,C265,southern
C264,C266,southeastern
C264,C277,southeastern
C264,C278,southeastern
C264,C279,southeastern
C264,C280,southeastern
C264,C281,southeastern
C264,C282,southeastern
C264,C283,eastern
C264,C284,southeastern
C264,C285,eastern
C264,C286,southeastern
C264,C287,southeastern
C264,C288,southeastern
C264,C289,southeastern
C264,C290,southern
C264,C291,southeastern
C264,C292,southeastern
C264,C293,eastern
C264,C294,northeastern
C264,C295,northeastern
C264,C296,eastern
C264,C297,northeastern
C264,C298,eastern
C264,C299,northeastern
C264,C300,eastern
C264,C301,northern
C264,C302,northern
C264,C303,northern
C265,C244,southern
C265,C245,western
C265,C246,southern
C265,C247,southwestern
C265,C248,southwestern
C265,C249,southwestern
C265,C250,southern
C265,C251,southern
C265,C252,southern
C265,C253,southeastern
C265,C254,southern
C265,C255,southern
C265,C256,southwestern
C265,C257,southwestern
C265,C258,northeastern
C265,C259,eastern
C265,C260,eastern
C265,C261,eastern
C265,C262,northeastern
C265,C263,eastern
C265,C264,northern
C265,C266,eastern
C265,C277,southeastern
C265,C278,eastern
C265,C279,eastern
C265,C280,southeastern
C265,C281,southeastern
C265,C282,eastern
C265,C283,eastern
C265,C284,southeastern
C265,C285,eastern
C265,C286,southeastern
C265,C287,eastern
C265,C288,southeastern
C265,C289,southeastern
C265,C290,southeastern
C265,C291,southeastern
C265,C292,southeastern
C265,C293,northeastern
C265,C294,northern
C265,C295,northeastern
C265,C296,northeastern
C265,C297,northeastern
C265,C298,northeastern
C265,C299,northeastern
C265,C300,eastern
C265,C301,northern
C265,C302,northern
C265,C303,northern
C266,C244,southwestern
C266,C245,western
C266,C246,southwestern
C266,C247,western
C266,C248,southwestern
C266,C249,southwestern
C266,C250,southwestern
C266,C251,southwestern
C266,C252,southwestern
C266,C253,southwestern
C266,C254,southwestern
C266,C255,southwestern
C266,C256,western
C266,C257,western
C266,C258,western
C266,C259,western
C266,C260,western
C266,C261,western
C266,C262,northwestern
C266,C263,northwestern
C266,C264,northwestern
C266,C265,western
C266,C277,southern
C266,C278,southwestern
C266,C279,southeastern
C266,C280,southeastern
C266,C281,southern
C266,C282,southeastern
C266,C283,eastern
C266,C284,southern
C266,C285,eastern
C266,C286,southern
C266,C287,southern
C266,C288,southwestern
C266,C289,southeastern
C266,C290,southwestern
C266,C291,southeastern
C266,C292,southern
C266,C293,northern
C266,C294,northwestern
C266,C295,northern
C266,C296,northwestern
C266,C297,northwestern
C266,C298,northern
C266,C299,northern
C266,C300,northeastern
C266,C301,northwestern
C266,C302,northwestern
C266,C303,northwestern
C267,C268,eastern
C267,C269,southeastern
C267,C270,eastern
C267,C271,eastern
C267,C272,northeastern
C267,C273,northeastern
C267,C274,northern
C267,C275,southern
C267,C276,southern
C267,C277,northwestern
C267,C278,northwestern
C267,C279,northern
C267,C280,northern
C267,C281,northwestern
C267,C282,northern
C267,C283,northern
C267,C284,northern
C267,C285,northern
C267,C286,northwestern
C267,C287,northern
C267,C288,northwestern
C267,C289,northeastern
C267,C290,northwestern
C267,C291,northeastern
C267,C292,northwestern
C267,C304,western
C267,C305,northwestern
C267,C306,southwestern
C267,C307,southwestern
C267,C308,western
C267,C309,northwestern
C267,C310,southwestern
C267,C311,western
C267,C312,western
C267,C313,southwestern
C267,C328,southwestern
C267,C329,southwestern
C267,C330,southwestern
C267,C331,southwestern
C267,C332,southwestern
C267,C333,southwestern
C267,C334,southwestern
C267,C335,southwestern
C267,C336,southwestern
C267,C337,southwestern
C267,C338,southwestern
C267,C339,southwestern
C268,C267,western
C268,C269,southwestern
C268,C270,northwestern
C268,C271,northern
C268,C272,northern
C268,C273,northwestern
C268,C274,northwestern
C268,C275,southwestern
C268,C276,western
C268,C277,northwestern
C268,C278,northwestern
C268,C279,northern
C268,C280,northwestern
C268,C281,northwestern
C268,C282,northwestern
C268,C283,northern
C268,C284,northwestern
C268,C285,northwestern
C268,C286,northwestern
C268,C287,northwestern
C268,C288,northwestern
C268,C289,northern
C268,C290,northwestern
C268,C291,northwestern
C268,C292,northwestern
C268,C304,western
C268,C305,western
C268,C306,western
C268,C307,western
C268,C308,western
C268,C309,western
C268,C310,western
C268,C311,western
C268,C312,western
C268,C313,western
C268,C328,western
C268,C329,southwestern
C268,C330,southwestern
C268,C331,southwestern
C268,C332,southwestern
C268,C333,southwestern
C268,C334,southwestern
C268,C335,southwestern
C268,C336,southwestern
C268,C337,southwestern
C268,C338,southwestern
C268,C339,southwestern
C269,C267,northwestern
C269,C268,northeastern
C269,C270,northern
C269,C271,northern
C269,C272,northern
C269,C273,northern
C269,C274,northwestern
C269,C275,southwestern
C269,C276,western
C269,C277,northwestern
C269,C278,northwestern
C269,C279,northern
C269,C280,northern
C269,C281,northwestern
C269,C282,northern
C269,C283,northern
C269,C284,northwestern
C269,C285,northern
C269,C286,northwestern
C269,C287,northwestern
C269,C288,northwestern
C269,C289,northern
C269,C290,northwestern
C269,C291,northern
C269,C292,northwestern
C269,C304,northwestern
C269,C305,northwestern
C269,C306,western
C269,C307,western
C269,C308,northwestern
C269,C309,northwestern
C269,C310,western
C269,C311,northwestern
C269,C312,western
C269,C313,western
C269,C328,western
C269,C329,southwestern
C269,C330,western
C269,C331,southwestern
C269,C332,southwestern
C269,C333,southwestern
C269,C334,southwestern
C269,C335,western
C269,C336,southwestern
C269,C337,southwestern
C269,C338,western
C269,C339,southwestern
C270,C267,western
C270,C268,southeastern
C270,C269,southern
C270,C271,northeastern
C270,C272,northern
C270,C273,northwestern
C270,C274,northwestern
C270,C275,southern
C270,C276,southwestern
C270,C277,northwestern
C270,C278,northwestern
C270,C279,northern
C270,C280,northern
C270,C281,northwestern
C270,C282,northern
C270,C283,northern
C270,C284,northwestern
C270,C285,northern
C270,C286,northwestern
C270,C287,northwestern
C270,C288,northwestern
C270,C289,northern
C270,C290,northwestern
C270,C291,northern
C270,C292,northwestern
C270,C304,western
C270,C305,western
C270,C306,western
C270,C307,southwestern
C270,C308,western
C270,C309,western
C270,C310,southwestern
C270,C311,western
C270,C312,western
C270,C313,southwestern
C270,C328,western
C270,C329,southwestern
C270,C330,southwestern
C270,C331,southwestern
C270,C332,southwestern
C270,C333,southwestern
C270,C334,southwestern
C270,C335,southwestern
C270,C336,southwestern
C270,C337,southwestern
C270,C338,southwestern
C270,C339,southwestern
C271,C267,western
C271,C268,southern
C271,C269,southern
C271,C270,southwestern
C271,C272,northwestern
C271,C273,western
C271,C274,western
C271,C275,southwestern
C271,C276,southwestern
C271,C277,western
C271,C278,northwestern
C271,C279,northwestern
C271,C280,northwestern
C271,C281,northwestern
C271,C282,northwestern
C271,C283,northwestern
C271,C284,western
C271,C285,northwestern
C271,C286,northwestern
C271,C287,northwestern
C271,C288,northwestern
C271,C289,northern
C271,C290,western
C271,C291,northwestern
C271,C292,western
C271,C304,western
C271,C305,western
C271,C306,western
C271,C307,southwestern
C271,C308,western
C271,C309,western
C271,C310,southwestern
C271,C311,western
C271,C312,western
C271,C313,southwestern
C271,C328,southwestern
C271,C329,southwestern
C271,C330,southwestern
C271,C331,southwestern
C271,C332,southwestern
C271,C333,southwestern
C271,C334,southwestern
C271,C335,southwestern
C271,C336,southwestern
C271,C337,southwestern
C271,C338,southwestern
C271,C339,southwestern
C272,C267,southwestern
C272,C268,southeastern
C272,C269,southern
C272,C270,southern
C272,C271,southeastern
C272,C273,western
C272,C274,western
C272,C275,southern
C272,C276,southern
C272,C277,western
C272,C278,northwestern
C272,C279,northern
C272,C280,northwestern
C272,C281,northwestern
C272,C282,northwestern
C272,C283,northern
C272,C284,western
C272,C285,northwestern
C272,C286,northwestern
C272,C287,northwestern
C272,C288,northwestern
C272,C289,northern
C272,C290,western
C272,C291,northwestern
C272,C292,western
C272,C304,southwestern
C272,C305,western
C272,C306,southwestern
C272,C307,southwestern
C272,C308,western
C272,C309,western
C272,C310,southwestern
C272,C311,western
C272,C312,western
C272,C313,southwestern
C272,C328,southwestern
C272,C329,southwestern
C272,C330,southwestern
C272,C331,southwestern
C272,C332,southwestern
C272,C333,southwestern
C272,C334,southwestern
C272,C335,southwestern
C272,C336,southwestern
C272,C337,southwestern
C272,C338,southwestern
C272,C339,southwestern
C273,C267,southwestern
C273,C268,southeastern
C273,C269,southeastern
C273,C270,southeastern
C273,C271,eastern
C273,C272,eastern
C273,C274,northwestern
C273,C275,southern
C273,C276,southern
C273,C277,northwestern
C273,C278,northwestern
C273,C279,northern
C273,C280,northern
C273,C281,northwestern
C273,C282,northern
C273,C283,northern
C273,C284,northwestern
C273,C285,northern
C273,C286,northwestern
C273,C287,northwestern
C273,C288,northwestern
C273,C289,northeastern
C273,C290,northwestern
C273,C291,northeastern
C273,C292,western
C273,C304,southwestern
C273,C305,western
C273,C306,southwestern
C273,C307,southwestern
C273,C308,western
C273,C309,western
C273,C310,southwestern
C273,C311,western
C273,C312,southwestern
C273,C313,southwestern
C273,C328,southwestern
C273,C329,southwestern
C273,C330,southwestern
C273,C331,southwestern
C273,C332,southwestern
C273,C333,southwestern
C273,C334,southwestern
C273,C335,southwestern
C273,C336,southwestern
C273,C337,southwestern
C273,C338,southwestern
C273,C339,southwestern
C274,C267,southern
C274,C268,southeastern
C274,C269,southeastern
C274,C270,southeastern
C274,C271,eastern
C274,C272,eastern
C274,C273,southeastern
C274,C275,southern
C274,C276,southern
C274,C277,western
C274,C278,northwestern
C274,C279,northern
C274,C280,northern
C274,C281,northwestern
C274,C282,northern
C274,C283,northern
C274,C284,western
C274,C285,northern
C274,C286,northwestern
C274,C287,northwestern
C274,C288,northwestern
C274,C289,northeastern
C274,C290,northwestern
C274,C291,northeastern
C274,C292,western
C274,C304,southwestern
C274,C305,southwestern
C274,C306,southwestern
C274,C307,southwestern
C274,C308,western
C274,C309,western
C274,C310,southwestern
C274,C311,southwestern
C274,C312,southwestern
C274,C313,southwestern
C274,C328,southwestern
C274,C329,southwestern
C274,C330,southwestern
C274,C331,southwestern
C274,C332,southern
C274,C333,southern
C274,C334,southern
C274,C335,southwestern
C274,C336,southwestern
C274,C337,southwestern
C274,C338,southwestern
C274,C339,southwestern
C275,C267,northern
C275,C268,northeastern
C275,C269,northeastern
C275,C270,northern
C275,C271,northeastern
C275,C272,northern
C275,C273,northern
C275,C274,northern
C275,C276,northern
C275,C277,northwestern
C275,C278,northern
C275,C279,northern
C275,C280,northern
C275,C281,northern
C275,C282,northern
C275,C283,northern
C275,C284,northern
C275,C285,northern
C275,C286,northern
C275,C287,northern
C275,C288,northwestern
C275,C289,northern
C275,C290,northwestern
C275,C291,northern
C275,C292,northwestern
C275,C304,northwestern
C275,C305,northwestern
C275,C306,northwestern
C275,C307,western
C275,C308,northwestern
C275,C309,northwestern
C275,C310,northwestern
C275,C311,northwestern
C275,C312,northwestern
C275,C313,western
C275,C328,western
C275,C329,western
C275,C330,western
C275,C331,southwestern
C275,C332,southwestern
C275,C333,southwestern
C275,C334,southwestern
C275,C335,western
C275,C336,southwestern
C275,C337,southwestern
C275,C338,western
C275,C339,southwestern
C276,C267,northern
C276,C268,eastern
C276,C269,eastern
C276,C270,northeastern
C276,C271,northeastern
C276,C272,northern
C276,C273,northern
C276,C274,northern
C276,C275,southern
C276,C277,northwestern
C276,C278,northwestern
C276,C279,northern
C276,C280,northern
C276,C281,northern
C276,C282,northern
C276,C283,northern
C276,C284,northern
C276,C285,northern
C276,C286,northwestern
C276,C287,northern
C276,C288,northwestern
C276,C289,northern
C276,C290,northwestern
C276,C291,northern
C276,C292,northwestern
C276,C304,northwestern
C276,C305,northwestern
C276,C306,western
C276,C307,western
C276,C308,northwestern
C276,C309,northwestern
C276,C310,western
C276,C311,northwestern
C276,C312,western
C276,C313,western
C276,C328,western
C276,C329,southwestern
C276,C330,southwestern
C276,C331,southwestern
C276,C332,southwestern
C276,C333,southwestern
C276,C334,southwestern
C276,C335,southwestern
C276,C336,southwestern
C276,C337,southwestern
C276,C338,southwestern
C276,C339,southwestern
C277,C244,northwestern
C277,C245,northwestern
C277,C246,western
C277,C247,northwestern
C277,C248,western
C277,C249,western
C277,C250,southwestern
C277,C251,western
C277,C252,southwestern
C277,C253,western
C277,C254,northwestern
C277,C255,western
C277,C256,western
C277,C257,northwestern
C277,C258,northern
C277,C259,northwestern
C277,C260,northern
C277,C261,northern
C277,C262,northern
C277,C263,northern
C277,C264,northwestern
C277,C265,northwestern
C277,C266,northern
C277,C267,southeastern
C277,C268,southeastern
C277,C269,southeastern
C277,C270,southeastern
C277,C271,eastern
C277,C272,eastern
C277,C273,southeastern
C277,C274,eastern
C277,C275,southeastern
C277,C276,southeastern
C277,C278,northern
C277,C279,northeastern
C277,C280,eastern
C277,C281,eastern
C277,C282,northeastern
C277,C283,northeastern
C277,C284,eastern
C277,C285,northeastern
C277,C286,northern
C277,C287,northeastern
C277,C288,northern
C277,C289,eastern
C277,C290,northwestern
C277,C291,eastern
C277,C292,southeastern
C277,C293,northern
C277,C294,northern
C277,C295,northern
C277,C296,northern
C277,C297,northern
C277,C298,northern
C277,C299,northern
C277,C300,northern
C277,C301,northern
C277,C302,northern
C277,C303,northern
C277,C304,southeastern
C277,C305,southern
C277,C306,southern
C277,C307,southern
C277,C308,southwestern
C277,C309,southwestern
C277,C310,southern
C277,C311,southern
C277,C312,southwestern
C277,C313,southern
C278,C244,southwestern
C278,C245,western
C278,C246,southwestern
C278,C247,western
C278,C248,western
C278,C249,southwestern
C278,C250,southwestern
C278,C251,southwestern
C278,C252,southwestern
C278,C253,southern
C278,C254,western
C278,C255,southwestern
C278,C256,western
C278,C257,western
C278,C258,northwestern
C278,C259,northwestern
C278,C260,northwestern
C278,C261,northwestern
C278,C262,northwestern
C278,C263,northern
C278,C264,northwestern
C278,C265,western
C278,C266,northeastern
C278,C267,southeastern
C278,C268,southeastern
C278,C269,southeastern
C278,C270,southeastern
C278,C271,southeastern
C278,C272,southeastern
C278,C273,southeastern
C278,C274,southeastern
C278,C275,southern
C278,C276,southeastern
C278,C277,southern
C278,C279,eastern
C278,C280,southeastern
C278,C281,southeastern
C278,C282,eastern
C278,C283,eastern
C278,C284,southeastern
C278,C285,eastern
C278,C286,southern
C278,C287,southeastern
C278,C288,southwestern
C278,C289,southeastern
C278,C290,southwestern
C278,C291,southeastern
C278,C292,southern
C278,C293,northern
C278,C294,northern
C278,C295,northern
C278,C296,northern
C278,C297,northern
C278,C298,northern
C278,C299,northeastern
C278,C300,northeastern
C278,C301,northwestern
C278,C302,northern
C278,C303,northwestern
C278,C304,southern
C278,C305,southern
C278,C306,southern
C278,C307,southern
C278,C308,southwestern
C278,C309,southern
C278,C310,southern
C278,C311,southern
C278,C312,southern
C278,C313,southern
C279,C244,western
C279,C245,western
C279,C246,western
C279,C247,western
C279,C248,western
C279,C249,western
C279,C250,southwestern
C279,C251,western
C279,C252,southwestern
C279,C253,western
C279,C254,western
C279,C255,western
C279,C256,western
C279,C257,western
C279,C258,northwestern
C279,C259,western
C279,C260,western
C279,C261,northwestern
C279,C262,northwestern
C279,C263,northwestern
C279,C264,northwestern
C279,C265,western
C279,C266,northwestern
C279,C267,southern
C279,C268,southern
C279,C269,southern
C279,C270,southern
C279,C271,southeastern
C279,C272,southern
C279,C273,southern
C279,C274,southern
C279,C275,southern
C279,C276,southern
C279,C277,southwestern
C279,C278,western
C279,C280,southwestern
C279,C281,southwestern
C279,C282,northwestern
C279,C283,northern
C279,C284,southwestern
C279,C285,northwestern
C279,C286,western
C279,C287,western
C279,C288,western
C279,C289,southeastern
C279,C290,western
C279,C291,southern
C279,C292,southwestern
C279,C293,northwestern
C279,C294,northwestern
C279,C295,northwestern
C279,C296,northwestern
C279,C297,northwestern
C279,C298,northwestern
C279,C299,northern
C279,C300,northwestern
C279,C301,northwestern
C279,C302,northwestern
C279,C303,northwestern
C279,C304,southwestern
C279,C305,southwestern
C279,C306,southwestern
C279,C307,southwestern
C279,C308,southwestern
C279,C309,southwestern
C279,C310,southern
C279,C311,southwestern
C279,C312,southwestern
C279,C313,southwestern
C280,C244,western
C280,C245,western
C280,C246,western
C280,C247,western
C280,C248,western
C280,C249,western
C280,C250,western
C280,C251,western
C280,C252,western
C280,C253,western
C280,C254,western
C280,C255,western
C280,C256,western
C280,C257,western
C280,C258,northwestern
C280,C259,northwestern
C280,C260,northwestern
C280,C261,northwestern
C280,C262,northwestern
C280,C263,northwestern
C280,C264,northwestern
C280,C265,northwestern
C280,C266,northwestern
C280,C267,southern
C280,C268,southeastern
C280,C269,southern
C280,C270,southern
C280,C271,southeastern
C280,C272,southeastern
C280,C273,southern
C280,C274,southern
C280,C275,southern
C280,C276,southern
C280,C277,western
C280,C278,northwestern
C280,C279,northeastern
C280,C281,western
C280,C282,northern
C280,C283,northern
C280,C284,southwestern
C280,C285,northern
C280,C286,western
C280,C287,northwestern
C280,C288,western
C280,C289,eastern
C280,C290,western
C280,C291,southeastern
C280,C292,southwestern
C280,C293,northwestern
C280,C294,northwestern
C280,C295,northwestern
C280,C296,northwestern
C280,C297,northwestern
C280,C298,northern
C280,C299,northern
C280,C300,northern
C280,C301,northwestern
C280,C302,northwestern
C280,C303,northwestern
C280,C304,southern
C280,C305,southwestern
C280,C306,southwestern
C280,C307,southwestern
C280,C308,southwestern
C280,C309,southwestern
C280,C310,southern
C280,C311,southwestern
C280,C312,southwestern
C280,C313,southwestern
C281,C244,western
C281,C245,northwestern
C281,C246,western
C281,C247,western
C281,C248,western
C281,C249,western
C281,C250,southwestern
C281,C251,western
C281,C252,southwestern
C281,C253,western
C281,C254,western
C281,C255,western
C281,C256,western
C281,C257,northwestern
C281,C258,northwestern
C281,C259,northwestern
C281,C260,northwestern
C281,C261,northwestern
C281,C262,northwestern
C281,C263,northern
C281,C264,northwestern
C281,C265,northwestern
C281,C266,northern
C281,C267,southeastern
C281,C268,southeastern
C281,C269,southeastern
C281,C270,southeastern
C281,C271,southeastern
C281,C272,southeastern
C281,C273,southeastern
C281,C274,southeastern
C281,C275,southern
C281,C276,southern
C281,C277,western
C281,C278,northwestern
C281,C279,northeastern
C281,C280,eastern
C281,C282,northeastern
C281,C283,northeastern
C281,C284,southeastern
C281,C285,northern
C281,C286,northwestern
C281,C287,northern
C281,C288,northwestern
C281,C289,eastern
C281,C290,western
C281,C291,eastern
C281,C292,southern
C281,C293,northern
C281,C294,northern
C281,C295,northern
C281,C296,northern
C281,C297,northwestern
C281,C298,northern
C281,C299,northern
C281,C300,northern
C281,C301,northwestern
C281,C302,northern
C281,C303,northwestern
C281,C304,southern
C281,C305,southern
C281,C306,southern
C281,C307,southwestern
C281,C308,southwestern
C281,C309,southwestern
C281,C310,southern
C281,C311,southern
C281,C312,southwestern
C281,C313,southern
C282,C244,western
C282,C245,western
C282,C246,western
C282,C247,western
C282,C248,western
C282,C249,western
C282,C250,southwestern
C282,C251,southwestern
C282,C252,southwestern
C282,C253,southwestern
C282,C254,western
C282,C255,southwestern
C282,C256,western
C282,C257,western
C282,C258,northwestern
C282,C259,western
C282,C260,western
C282,C261,northwestern
C282,C262,northwestern
C282,C263,northwestern
C282,C264,northwestern
C282,C265,western
C282,C266,northwestern
C282,C267,southern
C282,C268,southeastern
C282,C269,southern
C282,C270,southern
C282,C271,southeastern
C282,C272,southeastern
C282,C273,southern
C282,C274,southern
C282,C275,southern
C282,C276,southern
C282,C277,southwestern
C282,C278,western
C282,C279,southeastern
C282,C280,southern
C282,C281,southwestern
C282,C283,northeastern
C282,C284,southern
C282,C285,northwestern
C282,C286,western
C282,C287,western
C282,C288,western
C282,C289,southeastern
C282,C290,western
C282,C291,southeastern
C282,C292,southwestern
C282,C293,northwestern
C282,C294,northwestern
C282,C295,northwestern
C282,C296,northwestern
C282,C297,northwestern
C282,C298,northern
C282,C299,northern
C282,C300,northern
C282,C301,northwestern
C282,C302,northwestern
C282,C303,northwestern
C282,C304,southern
C282,C305,southwestern
C282,C306,southwestern
C282,C307,southwestern
C282,C308,southwestern
C282,C309,southwestern
C282,C310,southern
C282,C311,southwestern
C282,C312,southwestern
C282,C313,southern
C283,C244,western
C283,C245,western
C283,C246,western
C283,C247,western
C283,C248,western
C283,C249,western
C283,C250,southwestern
C283,C251,southwestern
C283,C252,southwestern
C283,C253,southwestern
C283,C254,western
C283,C255,southwestern
C283,C256,western
C283,C257,western
C283,C258,western
C283,C259,western
C283,C260,western
C283,C261,western
C283,C262,northwestern
C283,C263,northwestern
C283,C264,western
C283,C265,western
C283,C266,western
C283,C267,southern
C283,C268,southern
C283,C269,southern
C283,C270,southern
C283,C271,southeastern
C283,C272,southern
C283,C273,southern
C283,C274,southern
C283,C275,southern
C283,C276,southern
C283,C277,southwestern
C283,C278,western
C283,C279,southern
C283,C280,southern
C283,C281,southwestern
C283,C282,southwestern
C283,C284,southern
C283,C285,western
C283,C286,southwestern
C283,C287,southwestern
C283,C288,western
C283,C289,southeastern
C283,C290,southwestern
C283,C291,southern
C283,C292,southwestern
C283,C293,northwestern
C283,C294,northwestern
C283,C295,northwestern
C283,C296,northwestern
C283,C297,northwestern
C283,C298,northwestern
C283,C299,northern
C283,C300,northwestern
C283,C301,northwestern
C283,C302,northwestern
C283,C303,northwestern
C283,C304,southern
C283,C305,southwestern
C283,C306,southwestern
C283,C307,southwestern
C283,C308,southwestern
C283,C309,southwestern
C283,C310,southern
C283,C311,southwestern
C283,C312,southwestern
C283,C313,southern
C284,C244,northwestern
C284,C245,northwestern
C284,C246,western
C284,C247,northwestern
C284,C248,western
C284,C249,western
C284,C250,western
C284,C251,western
C284,C252,western
C284,C253,western
C284,C254,western
C284,C255,western
C284,C256,western
C284,C257,northwestern
C284,C258,northwestern
C284,C259,northwestern
C284,C260,northwestern
C284,C261,northwestern
C284,C262,northwestern
C284,C263,northwestern
C284,C264,northwestern
C284,C265,northwestern
C284,C266,northern
C284,C267,southern
C284,C268,southeastern
C284,C269,southeastern
C284,C270,southeastern
C284,C271,eastern
C284,C272,eastern
C284,C273,southeastern
C284,C274,eastern
C284,C275,southern
C284,C276,southern
C284,C277,western
C284,C278,northwestern
C284,C279,northeastern
C284,C280,northeastern
C284,C281,northwestern
C284,C282,northern
C284,C283,northern
C284,C285,northern
C284,C286,northwestern
C284,C287,northern
C284,C288,northwestern
C284,C289,eastern
C284,C290,northwestern
C284,C291,eastern
C284,C292,western
C284,C293,northern
C284,C294,northwestern
C284,C295,northern
C284,C296,northwestern
C284,C297,northwestern
C284,C298,northern
C284,C299,northern
C284,C300,northern
C284,C301,northwestern
C284,C302,northern
C284,C303,northwestern
C284,C304,southern
C284,C305,southwestern
C284,C306,southwestern
C284,C307,southwestern
C284,C308,western
C284,C309,western
C284,C310,southern
C284,C311,southwestern
C284,C312,southwestern
C284,C313,southwestern
C285,C244,southwestern
C285,C245,western
C285,C246,southwestern
C285,C247,western
C285,C248,western
C285,C249,southwestern
C285,C250,southwestern
C285,C251,southwestern
C285,C252,southwestern
C285,C253,southwestern
C285,C254,western
C285,C255,southwestern
C285,C256,western
C285,C257,western
C285,C258,western
C285,C259,western
C285,C260,western
C285,C261,western
C285,C262,northwestern
C285,C263,northwestern
C285,C264,western
C285,C265,western
C285,C266,western
C285,C267,southern
C285,C268,southeastern
C285,C269,southern
C285,C270,southern
C285,C271,southeastern
C285,C272,southeastern
C285,C273,southern
C285,C274,southern
C285,C275,southern
C285,C276,southern
C285,C277,southwestern
C285,C278,western
C285,C279,southeastern
C285,C280,southern
C285,C281,southern
C285,C282,southeastern
C285,C283,eastern
C285,C284,southern
C285,C286,southwestern
C285,C287,southern
C285,C288,southwestern
C285,C289,southeastern
C285,C290,southwestern
C285,C291,southeastern
C285,C292,southern
C285,C293,northwestern
C285,C294,northwestern
C285,C295,northwestern
C285,C296,northwestern
C285,C297,northwestern
C285,C298,northern
C285,C299,northern
C285,C300,northern
C285,C301,northwestern
C285,C302,northwestern
C285,C303,northwestern
C285,C304,southern
C285,C305,southern
C285,C306,southern
C285,C307,southern
C285,C308,southwestern
C285,C309,southwestern
C285,C310,southern
C285,C311,southern
C285,C312,southwestern
C285,C313,southern
C286,C244,western
C286,C245,western
C286,C246,western
C286,C247,western
C286,C248,western
C286,C249,western
C286,C250,southwestern
C286,C251,southwestern
C286,C252,southwestern
C286,C253,southwestern
C286,C254,western
C286,C255,southwestern
C286,C256,western
C286,C257,northwestern
C286,C258,northwestern
C286,C259,northwestern
C286,C260,northwestern
C286,C261,northwestern
C286,C262,northern
C286,C263,northern
C286,C264,northwestern
C286,C265,northwestern
C286,C266,northern
C286,C267,southeastern
C286,C268,southeastern
C286,C269,southeastern
C286,C270,southeastern
C286,C271,southeastern
C286,C272,southeastern
C286,C273,southeastern
C286,C274,southeastern
C286,C275,southeastern
C286,C276,southeastern
C286,C277,southern
C286,C278,northern
C286,C279,eastern
C286,C280,eastern
C286,C281,southeastern
C286,C282,eastern
C286,C283,northeastern
C286,C284,southeastern
C286,C285,northeastern
C286,C287,northeastern
C286,C288,northwestern
C286,C289,eastern
C286,C290,southwestern
C286,C291,eastern
C286,C292,southern
C286,C293,northern
C286,C294,northern
C286,C295,northern
C286,C296,northern
C286,C297,northern
C286,C298,northern
C286,C299,northern
C286,C300,northeastern
C286,C301,northwestern
C286,C302,northern
C286,C303,northwestern
C286,C304,southern
C286,C305,southern
C286,C306,southern
C286,C307,southern
C286,C308,southwestern
C286,C309,southwestern
C286,C310,southern
C286,C311,southern
C286,C312,southern
C286,C313,southern
C287,C244,western
C287,C245,western
C287,C246,western
C287,C247,western
C287,C248,western
C287,C249,western
C287,C250,southwestern
C287,C251,southwestern
C287,C252,southwestern
C287,C253,southwestern
C287,C254,western
C287,C255,southwestern
C287,C256,western
C287,C257,western
C287,C258,northwestern
C287,C259,northwestern
C287,C260,northwestern
C287,C261,northwestern
C287,C262,northwestern
C287,C263,northwestern
C287,C264,northwestern
C287,C265,western
C287,C266,northern
C287,C267,southern
C287,C268,southeastern
C287,C269,southeastern
C287,C270,southeastern
C287,C271,southeastern
C287,C272,southeastern
C287,C273,southeastern
C287,C274,southeastern
C287,C275,southern
C287,C276,southern
C287,C277,southwestern
C287,C278,northwestern
C287,C279,eastern
C287,C280,southeastern
C287,C281,southern
C287,C282,eastern
C287,C283,northeastern
C287,C284,southern
C287,C285,northern
C287,C286,southwestern
C287,C288,western
C287,C289,southeastern
C287,C290,southwestern
C287,C291,southeastern
C287,C292,southern
C287,C293,northern
C287,C294,northwestern
C287,C295,northern
C287,C296,northwestern
C287,C297,northwestern
C287,C298,northern
C287,C299,northern
C287,C300,northern
C287,C301,northwestern
C287,C302,northern
C287,C303,northwestern
C287,C304,southern
C287,C305,southern
C287,C306,southern
C287,C307,southern
C287,C308,southwestern
C287,C309,southwestern
C287,C310,southern
C287,C311,southern
C287,C312,southwestern
C287,C313,southern
C288,C244,western
C288,C245,western
C288,C246,southwestern
C288,C247,western
C288,C248,western
C288,C249,western
C288,C250,southwestern
C288,C251,southwestern
C288,C252,southwestern
C288,C253,southern
C288,C254,western
C288,C255,southwestern
C288,C256,western
C288,C257,northwestern
C288,C258,northern
C288,C259,northwestern
C288,C260,northern
C288,C261,northern
C288,C262,northern
C288,C263,northern
C288,C264,northwestern
C288,C265,northwestern
C288,C266,northeastern
C288,C267,southeastern
C288,C268,southeastern
C288,C269,southeastern
C288,C270,southeastern
C288,C271,southeastern
C288,C272,southeastern
C288,C273,southeastern
C288,C274,southeastern
C288,C275,southeastern
C288,C276,southeastern
C288,C277,southern
C288,C278,northeastern
C288,C279,eastern
C288,C280,eastern
C288,C281,southeastern
C288,C282,eastern
C288,C283,eastern
C288,C284,southeastern
C288,C285,northeastern
C288,C286,southeastern
C288,C287,eastern
C288,C289,eastern
C288,C290,southern
C288,C291,eastern
C288,C292,southeastern
C288,C293,northern
C288,C294,northern
C288,C295,northern
C288,C296,northern
C288,C297,northern
C288,C298,northeastern
C288,C299,northeastern
C288,C300,northeastern
C288,C301,northern
C288,C302,northern
C288,C303,northern
C288,C304,southeastern
C288,C305,southern
C288,C306,southern
C288,C307,southern
C288,C308,southern
C288,C309,southern
C288,C310,southern
C288,C311,southern
C288,C312,southern
C288,C313,southern
C289,C244,western
C289,C245,western
C289,C246,western
C289,C247,western
C289,C248,western
C289,C249,western
C289,C250,western
C289,C251,western
C289,C252,western
C289,C253,western
C289,C254,western
C289,C255,western
C289,C256,western
C289,C257,western
C289,C258,northwestern
C289,C259,northwestern
C289,C260,northwestern
C289,C261,northwestern
C289,C262,northwestern
C289,C263,northwestern
C289,C264,northwestern
C289,C265,northwestern
C289,C266,northwestern
C289,C267,southwestern
C289,C268,southern
C289,C269,southern
C289,C270,southern
C289,C271,southern
C289,C272,southern
C289,C273,southwestern
C289,C274,southwestern
C289,C275,southern
C289,C276,southern
C289,C277,western
C289,C278,northwestern
C289,C279,northwestern
C289,C280,western
C289,C281,western
C289,C282,northwestern
C289,C283,northwestern
C289,C284,western
C289,C285,northwestern
C289,C286,western
C289,C287,northwestern
C289,C288,western
C289,C290,western
C289,C291,western
C289,C292,western
C289,C293,northwestern
C289,C294,northwestern
C289,C295,northwestern
C289,C296,northwestern
C289,C297,northwestern
C289,C298,northwestern
C289,C299,northern
C289,C300,northwestern
C289,C301,northwestern
C289,C302,northwestern
C289,C303,northwestern
C289,C304,southwestern
C289,C305,southwestern
C289,C306,southwestern
C289,C307,southwestern
C289,C308,western
C289,C309,western
C289,C310,southwestern
C289,C311,southwestern
C289,C312,southwestern
C289,C313,southwestern
C290,C244,northwestern
C290,C245,northwestern
C290,C246,western
C290,C247,northwestern
C290,C248,western
C290,C249,western
C290,C250,southwestern
C290,C251,southwestern
C290,C252,southwestern
C290,C253,southern
C290,C254,western
C290,C255,southwestern
C290,C256,western
C290,C257,northwestern
C290,C258,northern
C290,C259,northern
C290,C260,northern
C290,C261,northern
C290,C262,northern
C290,C263,northern
C290,C264,northern
C290,C265,northwestern
C290,C266,northeastern
C290,C267,southeastern
C290,C268,southeastern
C290,C269,southeastern
C290,C270,southeastern
C290,C271,eastern
C290,C272,eastern
C290,C273,southeastern
C290,C274,southeastern
C290,C275,southeastern
C290,C276,southeastern
C290,C277,southeastern
C290,C278,northeastern
C290,C279,eastern
C290,C280,eastern
C290,C281,eastern
C290,C282,eastern
C290,C283,northeastern
C290,C284,southeastern
C290,C285,northeastern
C290,C286,northeastern
C290,C287,northeastern
C290,C288,northern
C290,C289,eastern
C290,C291,eastern
C290,C292,southeastern
C290,C293,northern
C290,C294,northern
C290,C295,northern
C290,C296,northern
C290,C297,northern
C290,C298,northern
C290,C299,northeastern
C290,C300,northeastern
C290,C301,northern
C290,C302,northern
C290,C303,northern
C290,C304,southeastern
C290,C305,southeastern
C290,C306,southern
C290,C307,southern
C290,C308,southwestern
C290,C309,southern
C290,C310,southern
C290,C311,southern
C290,C312,southern
C290,C313,southern
C291,C244,western
C291,C245,western
C291,C246,western
C291,C247,western
C291,C248,western
C291,C249,western
C291,C250,western
C291,C251,western
C291,C252,western
C291,C253,western
C291,C254,western
C291,C255,western
C291,C256,western
C291,C257,western
C291,C258,northwestern
C291,C259,northwestern
C291,C260,northwestern
C291,C261,northwestern
C291,C262,northwestern
C291,C263,northwestern
C291,C264,northwestern
C291,C265,northwestern
C291,C266,northwestern
C291,C267,southwestern
C291,C268,southeastern
C291,C269,southern
C291,C270,southern
C291,C271,southeastern
C291,C272,southeastern
C291,C273,southwestern
C291,C274,southwestern
C291,C275,southern
C291,C276,southern
C291,C277,western
C291,C278,northwestern
C291,C279,northern
C291,C280,northwestern
C291,C281,western
C291,C282,northwestern
C291,C283,northern
C291,C284,western
C291,C285,northwestern
C291,C286,western
C291,C287,northwestern
C291,C288,western
C291,C289,eastern
C291,C290,western
C291,C292,western
C291,C293,northwestern
C291,C294,northwestern
C291,C295,northwestern
C291,C296,northwestern
C291,C297,northwestern
C291,C298,northern
C291,C299,northern
C291,C300,northern
C291,C301,northwestern
C291,C302,northwestern
C291,C303,northwestern
C291,C304,southwestern
C291,C305,southwestern
C291,C306,southwestern
C291,C307,southwestern
C291,C308,western
C291,C309,western
C291,C310,southwestern
C291,C311,southwestern
C291,C312,southwestern
C291,C313,southwestern
C292,C244,northwestern
C292,C245,northwestern
C292,C246,western
C292,C247,northwestern
C292,C248,western
C292,C249,western
C292,C250,western
C292,C251,western
C292,C252,western
C292,C253,northwestern
C292,C254,northwestern
C292,C255,western
C292,C256,northwestern
C292,C257,northwestern
C292,C258,northwestern
C292,C259,northwestern
C292,C260,northern
C292,C261,northern
C292,C262,northern
C292,C263,northern
C292,C264,northwestern
C292,C265,northwestern
C292,C266,northern
C292,C267,southeastern
C292,C268,southeastern
C292,C269,southeastern
C292,C270,southeastern
C292,C271,eastern
C292,C272,eastern
C292,C273,eastern
C292,C274,eastern
C292,C275,southeastern
C292,C276,southeastern
C292,C277,northwestern
C292,C278,northern
C292,C279,northeastern
C292,C280,northeastern
C292,C281,northern
C292,C282,northeastern
C292,C283,northeastern
C292,C284,eastern
C292,C285,northern
C292,C286,northern
C292,C287,northern
C292,C288,northwestern
C292,C289,eastern
C292,C290,northwestern
C292,C291,eastern
C292,C293,northern
C292,C294,northern
C292,C295,northern
C292,C296,northern
C292,C297,northern
C292,C298,northern
C292,C299,northern
C292,C300,northern
C292,C301,northwestern
C292,C302,northern
C292,C303,northern
C292,C304,southeastern
C292,C305,southern
C292,C306,southern
C292,C307,southwestern
C292,C308,western
C292,C309,western
C292,C310,southern
C292,C311,southwestern
C292,C312,southwestern
C292,C313,southern
C293,C258,western
C293,C259,southwestern
C293,C260,southwestern
C293,C261,southwestern
C293,C262,western
C293,C263,southwestern
C293,C264,western
C293,C265,southwestern
C293,C266,southern
C293,C277,southern
C293,C278,southern
C293,C279,southeastern
C293,C280,southeastern
C293,C281,southern
C293,C282,southeastern
C293,C283,southeastern
C293,C284,southern
C293,C285,southeastern
C293,C286,southern
C293,C287,southern
C293,C288,southern
C293,C289,southeastern
C293,C290,southern
C293,C291,southeastern
C293,C292,southern
C293,C294,northwestern
C293,C295,northern
C293,C296,northwestern
C293,C297,northwestern
C293,C298,northeastern
C293,C299,northeastern
C293,C300,eastern
C293,C301,northwestern
C293,C302,northwestern
C293,C303,northwestern
C294,C258,southern
C294,C259,southern
C294,C260,southern
C294,C261,southern
C294,C262,southern
C294,C263,southern
C294,C264,southwestern
C294,C265,southern
C294,C266,southeastern
C294,C277,southern
C294,C278,southern
C294,C279,southeastern
C294,C280,southeastern
C294,C281,southern
C294,C282,southeastern
C294,C283,southeastern
C294,C284,southeastern
C294,C285,southeastern
C294,C286,southern
C294,C287,southeastern
C294,C288,southern
C294,C289,southeastern
C294,C290,southern
C294,C291,southeastern
C294,C292,southern
C294,C293,southeastern
C294,C295,southeastern
C294,C296,southern
C294,C297,southern
C294,C298,southeastern
C294,C299,eastern
C294,C300,southeastern
C294,C301,southwestern
C294,C302,northern
C294,C303,northwestern
C295,C258,southwestern
C295,C259,southwestern
C295,C260,southern
C295,C261,southwestern
C295,C262,southwestern
C295,C263,southern
C295,C264,southwestern
C295,C265,southwestern
C295,C266,southern
C295,C277,southern
C295,C278,southern
C295,C279,southeastern
C295,C280,southeastern
C295,C281,southern
C295,C282,southeastern
C295,C283,southeastern
C295,C284,southern
C295,C285,southeastern
C295,C286,southern
C295,C287,southern
C295,C288,southern
C295,C289,southeastern
C295,C290,southern
C295,C291,southeastern
C295,C292,southern
C295,C293,southern
C295,C294,northwestern
C295,C296,southwestern
C295,C297,western
C295,C298,eastern
C295,C299,northeastern
C295,C300,southeastern
C295,C301,western
C295,C302,northwestern
C295,C303,northwestern
C296,C258,southwestern
C296,C259,southwestern
C296,C260,southern
C296,C261,southern
C296,C262,southern
C296,C263,southeastern
C296,C264,western
C296,C265,southwestern
C296,C266,southeastern
C296,C277,southern
C296,C278,southern
C296,C279,southeastern
C296,C280,southeastern
C296,C281,southern
C296,C282,southeastern
C296,C283,southeastern
C296,C284,southeastern
C296,C285,southeastern
C296,C286,southern
C296,C287,southeastern
C296,C288,southern
C296,C289,southeastern
C296,C290,southern
C296,C291,southeastern
C296,C292,southern
C296,C293,southeastern
C296,C294,northern
C296,C295,northeastern
C296,C297,northwestern
C296,C298,eastern
C296,C299,northeastern
C296,C300,eastern
C296,C301,northwestern
C296,C302,northern
C296,C303,northwestern
C297,C258,southern
C297,C259,southern
C297,C260,southern
C297,C261,southern
C297,C262,southern
C297,C263,southeastern
C297,C264,southwestern
C297,C265,southwestern
C297,C266,southeastern
C297,C277,southern
C297,C278,southern
C297,C279,southeastern
C297,C280,southeastern
C297,C281,southeastern
C297,C282,southeastern
C297,C283,southeastern
C297,C284,southeastern
C297,C285,southeastern
C297,C286,southern
C297,C287,southeastern
C297,C288,southern
C297,C289,southeastern
C297,C290,southern
C297,C291,southeastern
C297,C292,southern
C297,C293,southeastern
C297,C294,northern
C297,C295,eastern
C297,C296,southeastern
C297,C298,eastern
C297,C299,eastern
C297,C300,southeastern
C297,C301,western
C297,C302,northern
C297,C303,northwestern
C298,C258,southwestern
C298,C259,southwestern
C298,C260,southwestern
C298,C261,southwestern
C298,C262,southwestern
C298,C263,southwestern
C298,C264,western
C298,C265,southwestern
C298,C266,southern
C298,C277,southern
C298,C278,southern
C298,C279,southeastern
C298,C280,southern
C298,C281,southern
C298,C282,southern
C298,C283,southeastern
C298,C284,southern
C298,C285,southern
C298,C286,southern
C298,C287,southern
C298,C288,southwestern
C298,C289,southeastern
C298,C290,southern
C298,C291,southeastern
C298,C292,southern
C298,C293,southwestern
C298,C294,northwestern
C298,C295,western
C298,C296,western
C298,C297,western
C298,C299,northeastern
C298,C300,southeastern
C298,C301,western
C298,C302,northwestern
C298,C303,northwestern
C299,C258,southwestern
C299,C259,southwestern
C299,C260,southwestern
C299,C261,southwestern
C299,C262,southwestern
C299,C263,southwestern
C299,C264,southwestern
C299,C265,southwestern
C299,C266,southern
C299,C277,southern
C299,C278,southwestern
C299,C279,southern
C299,C280,southern
C299,C281,southern
C299,C282,southern
C299,C283,southern
C299,C284,southern
C299,C285,southern
C299,C286,southern
C299,C287,southern
C299,C288,southwestern
C299,C289,southern
C299,C290,southwestern
C299,C291,southern
C299,C292,southern
C299,C293,southwestern
C299,C294,western
C299,C295,southwestern
C299,C296,southwestern
C299,C297,western
C299,C298,southwestern
C299,C300,southern
C299,C301,western
C299,C302,western
C299,C303,western
C300,C258,western
C300,C259,western
C300,C260,southwestern
C300,C261,western
C300,C262,western
C300,C263,western
C300,C264,western
C300,C265,western
C300,C266,southwestern
C300,C277,southern
C300,C278,southwestern
C300,C279,southeastern
C300,C280,southern
C300,C281,southern
C300,C282,southern
C300,C283,southeastern
C300,C284,southern
C300,C285,southern
C300,C286,southwestern
C300,C287,southern
C300,C288,southwestern
C300,C289,southeastern
C300,C290,southwestern
C300,C291,southeastern
C300,C292,southern
C300,C293,western
C300,C294,northwestern
C300,C295,northwestern
C300,C296,western
C300,C297,northwestern
C300,C298,northwestern
C300,C299,northern
C300,C301,western
C300,C302,northwestern
C300,C303,northwestern
C301,C258,southern
C301,C259,southern
C301,C260,southeastern
C301,C261,southeastern
C301,C262,southeastern
C301,C263,southeastern
C301,C264,southern
C301,C265,southern
C301,C266,southeastern
C301,C277,southern
C301,C278,southeastern
C301,C279,southeastern
C301,C280,southeastern
C301,C281,southeastern
C301,C282,southeastern
C301,C283,southeastern
C301,C284,southeastern
C301,C285,southeastern
C301,C286,southeastern
C301,C287,southeastern
C301,C288,southern
C301,C289,southeastern
C301,C290,southern
C301,C291,southeastern
C301,C292,southeastern
C301,C293,southeastern
C301,C294,northeastern
C301,C295,eastern
C301,C296,southeastern
C301,C297,eastern
C301,C298,eastern
C301,C299,eastern
C301,C300,eastern
C301,C302,northeastern
C301,C303,northern
C302,C258,southern
C302,C259,southern
C302,C260,southern
C302,C261,southern
C302,C262,southern
C302,C263,southern
C302,C264,southern
C302,C265,southern
C302,C266,southeastern
C302,C277,southern
C302,C278,southern
C302,C279,southeastern
C302,C280,southeastern
C302,C281,southern
C302,C282,southeastern
C302,C283,southeastern
C302,C284,southern
C302,C285,southeastern
C302,C286,southern
C302,C287,southern
C302,C288,southern
C302,C289,southeastern
C302,C290,southern
C302,C291,southeastern
C302,C292,southern
C302,C293,southeastern
C302,C294,southern
C302,C295,southeastern
C302,C296,southern
C302,C297,southern
C302,C298,southeastern
C302,C299,eastern
C302,C300,southeastern
C302,C301,southwestern
C302,C303,western
C303,C258,southern
C303,C259,southern
C303,C260,southern
C303,C261,southern
C303,C262,southeastern
C303,C263,southeastern
C303,C264,southern
C303,C265,southern
C303,C266,southeastern
C303,C277,southern
C303,C278,southeastern
C303,C279,southeastern
C303,C280,southeastern
C303,C281,southeastern
C303,C282,southeastern
C303,C283,southeastern
C303,C284,southeastern
C303,C285,southeastern
C303,C286,southeastern
C303,C287,southeastern
C303,C288,southern
C303,C289,southeastern
C303,C290,southern
C303,C291,southeastern
C303,C292,southern
C303,C293,southeastern
C303,C294,southeastern
C303,C295,southeastern
C303,C296,southeastern
C303,C297,southeastern
C303,C298,southeastern
C303,C299,eastern
C303,C300,southeastern
C303,C301,southern
C303,C302,eastern
C304,C245,northwestern
C304,C246,northwestern
C304,C247,northwestern
C304,C248,northwestern
C304,C249,western
C304,C250,western
C304,C251,western
C304,C252,western
C304,C253,northwestern
C304,C254,northwestern
C304,C255,northwestern
C304,C256,northwestern
C304,C257,northwestern
C304,C267,eastern
C304,C268,eastern
C304,C269,southeastern
C304,C270,eastern
C304,C271,eastern
C304,C272,northeastern
C304,C273,northeastern
C304,C274,northeastern
C304,C275,southeastern
C304,C276,southeastern
C304,C277,northwestern
C304,C278,northern
C304,C279,northeastern
C304,C280,northern
C304,C281,northern
C304,C282,northern
C304,C283,northern
C304,C284,northern
C304,C285,northern
C304,C286,northern
C304,C287,northern
C304,C288,northwestern
C304,C289,northeastern
C304,C290,northwestern
C304,C291,northeastern
C304,C292,northwestern
C304,C305,northwestern
C304,C306,southwestern
C304,C307,southwestern
C304,C308,western
C304,C309,northwestern
C304,C310,southern
C304,C311,western
C304,C312,western
C304,C313,southwestern
C304,C328,southwestern
C304,C329,southwestern
C304,C330,southwestern
C304,C331,southwestern
C304,C332,southern
C304,C333,southern
C304,C334,southern
C304,C335,southwestern
C304,C336,southwestern
C304,C337,southwestern
C304,C338,southwestern
C304,C339,southwestern
C304,C373,southwestern
C304,C374,western
C304,C375,western
C304,C376,western
C304,C377,western
C304,C378,western
C304,C379,western
C304,C380,southwestern
C304,C381,southwestern
C304,C382,western
C304,C383,southwestern
C304,C384,western
C304,C385,western
C304,C386,western
C305,C245,northwestern
C305,C246,northwestern
C305,C247,northwestern
C305,C248,northwestern
C305,C249,western
C305,C250,western
C305,C251,western
C305,C252,western
C305,C253,northwestern
C305,C254,northwestern
C305,C255,northwestern
C305,C256,northwestern
C305,C257,northwestern
C305,C267,southeastern
C305,C268,eastern
C305,C269,southeastern
C305,C270,eastern
C305,C271,eastern
C305,C272,eastern
C305,C273,eastern
C305,C274,northeastern
C305,C275,southeastern
C305,C276,southeastern
C305,C277,northern
C305,C278,northern
C305,C279,northeastern
C305,C280,northeastern
C305,C281,northern
C305,C282,northeastern
C305,C283,northeastern
C305,C284,northeastern
C305,C285,northern
C305,C286,northern
C305,C287,northern
C305,C288,northern
C305,C289,northeastern
C305,C290,northwestern
C305,C291,northeastern
C305,C292,northern
C305,C304,southeastern
C305,C306,southern
C305,C307,southwestern
C305,C308,western
C305,C309,northwestern
C305,C310,southern
C305,C311,southwestern
C305,C312,southwestern
C305,C313,southern
C305,C328,southwestern
C305,C329,southwestern
C305,C330,southern
C305,C331,southwestern
C305,C332,southern
C305,C333,southern
C305,C334,southern
C305,C335,southwestern
C305,C336,southwestern
C305,C337,southwestern
C305,C338,southwestern
C305,C339,southern
C305,C373,southwestern
C305,C374,southwestern
C305,C375,southwestern
C305,C376,southwestern
C305,C377,southwestern
C305,C378,western
C305,C379,western
C305,C380,southwestern
C305,C381,southwestern
C305,C382,southwestern
C305,C383,southwestern
C305,C384,western
C305,C385,western
C305,C386,southwestern
C306,C245,northwestern
C306,C246,northwestern
C306,C247,northwestern
C306,C248,northwestern
C306,C249,northwestern
C306,C250,northwestern
C306,C251,northwestern
C306,C252,northwestern
C306,C253,northern
C306,C254,northwestern
C306,C255,northwestern
C306,C256,northwestern
C306,C257,northwestern
C306,C267,northeastern
C306,C268,eastern
C306,C269,eastern
C306,C270,eastern
C306,C271,eastern
C306,C272,northeastern
C306,C273,northeastern
C306,C274,northeastern
C306,C275,southeastern
C306,C276,eastern
C306,C277,northern
C306,C278,northern
C306,C279,northeastern
C306,C280,northeastern
C306,C281,northern
C306,C282,northeastern
C306,C283,northeastern
C306,C284,northeastern
C306,C285,northern
C306,C286,northern
C306,C287,northern
C306,C288,northern
C306,C289,northeastern
C306,C290,northern
C306,C291,northeastern
C306,C292,northern
C306,C304,northeastern
C306,C305,northern
C306,C307,southwestern
C306,C308,northwestern
C306,C309,northern
C306,C310,southeastern
C306,C311,northern
C306,C312,western
C306,C313,southern
C306,C328,southwestern
C306,C329,southwestern
C306,C330,southwestern
C306,C331,southwestern
C306,C332,southern
C306,C333,southern
C306,C334,southern
C306,C335,southwestern
C306,C336,southwestern
C306,C337,southwestern
C306,C338,southwestern
C306,C339,southern
C306,C373,western
C306,C374,western
C306,C375,western
C306,C376,western
C306,C377,western
C306,C378,western
C306,C379,western
C306,C380,western
C306,C381,southwestern
C306,C382,western
C306,C383,southwestern
C306,C384,western
C306,C385,western
C306,C386,western
C307,C245,northern
C307,C246,northern
C307,C247,northern
C307,C248,northwestern
C307,C249,northwestern
C307,C250,northwestern
C307,C251,northwestern
C307,C252,northern
C307,C253,northern
C307,C254,northern
C307,C255,northern
C307,C256,northwestern
C307,C257,northern
C307,C267,northeastern
C307,C268,eastern
C307,C269,eastern
C307,C270,northeastern
C307,C271,northeastern
C307,C272,northeastern
C307,C273,northeastern
C307,C274,northeastern
C307,C275,eastern
C307,C276,eastern
C307,C277,northern
C307,C278,northern
C307,C279,northeastern
C307,C280,northeastern
C307,C281,northeastern
C307,C282,northeastern
C307,C283,northeastern
C307,C284,northeastern
C307,C285,northern
C307,C286,northern
C307,C287,northern
C307,C288,northern
C307,C289,northeastern
C307,C290,northern
C307,C291,northeastern
C307,C292,northeastern
C307,C304,northeastern
C307,C305,northeastern
C307,C306,northeastern
C307,C308,northern
C307,C309,northern
C307,C310,eastern
C307,C311,northeastern
C307,C312,northern
C307,C313,eastern
C307,C328,western
C307,C329,southwestern
C307,C330,southern
C307,C331,southwestern
C307,C332,southern
C307,C333,southeastern
C307,C334,southern
C307,C335,southwestern
C307,C336,southern
C307,C337,southwestern
C307,C338,southwestern
C307,C339,southern
C307,C373,western
C307,C374,western
C307,C375,western
C307,C376,western
C307,C377,northwestern
C307,C378,western
C307,C379,northwestern
C307,C380,western
C307,C381,southwestern
C307,C382,western
C307,C383,southwestern
C307,C384,western
C307,C385,western
C307,C386,western
C308,C245,northwestern
C308,C246,northwestern
C308,C247,northwestern
C308,C248,northwestern
C308,C249,northwestern
C308,C250,western
C308,C251,northwestern
C308,C252,northwestern
C308,C253,northeastern
C308,C254,northwestern
C308,C255,northern
C308,C256,northwestern
C308,C257,northern
C308,C267,eastern
C308,C268,eastern
C308,C269,southeastern
C308,C270,eastern
C308,C271,eastern
C308,C272,eastern
C308,C273,eastern
C308,C274,eastern
C308,C275,southeastern
C308,C276,southeastern
C308,C277,northeastern
C308,C278,northeastern
C308,C279,northeastern
C308,C280,northeastern
C308,C281,northeastern
C308,C282,northeastern
C308,C283,northeastern
C308,C284,eastern
C308,C285,northeastern
C308,C286,northeastern
C308,C287,northeastern
C308,C288,northern
C308,C289,eastern
C308,C290,northeastern
C308,C291,eastern
C308,C292,eastern
C308,C304,eastern
C308,C305,eastern
C308,C306,southeastern
C308,C307,southern
C308,C309,northeastern
C308,C310,southeastern
C308,C311,eastern
C308,C312,southeastern
C308,C313,southeastern
C308,C328,southwestern
C308,C329,southern
C308,C330,southern
C308,C331,southwestern
C308,C332,southern
C308,C333,southeastern
C308,C334,southern
C308,C335,southwestern
C308,C336,southern
C308,C337,southern
C308,C338,southwestern
C308,C339,southern
C308,C373,southwestern
C308,C374,southwestern
C308,C375,southwestern
C308,C376,southwestern
C308,C377,southern
C308,C378,western
C308,C379,southwestern
C308,C380,southwestern
C308,C381,southern
C308,C382,southwestern
C308,C383,southwestern
C308,C384,southwestern
C308,C385,southwestern
C308,C386,southwestern
C309,C245,northwestern
C309,C246,northwestern
C309,C247,northwestern
C309,C248,northwestern
C309,C249,western
C309,C250,western
C309,C251,western
C309,C252,western
C309,C253,northern
C309,C254,northwestern
C309,C255,northwestern
C309,C256,northwestern
C309,C257,northwestern
C309,C267,southeastern
C309,C268,eastern
C309,C269,southeastern
C309,C270,eastern
C309,C271,eastern
C309,C272,eastern
C309,C273,eastern
C309,C274,eastern
C309,C275,southeastern
C309,C276,southeastern
C309,C277,northeastern
C309,C278,northern
C309,C279,northeastern
C309,C280,northeastern
C309,C281,northeastern
C309,C282,northeastern
C309,C283,northeastern
C309,C284,eastern
C309,C285,northeastern
C309,C286,northeastern
C309,C287,northeastern
C309,C288,northern
C309,C289,eastern
C309,C290,northern
C309,C291,eastern
C309,C292,eastern
C309,C304,southeastern
C309,C305,southeastern
C309,C306,southern
C309,C307,southern
C309,C308,southwestern
C309,C310,southeastern
C309,C311,southeastern
C309,C312,southern
C309,C313,southern
C309,C328,southwestern
C309,C329,southern
C309,C330,southern
C309,C331,southwestern
C309,C332,southern
C309,C333,southern
C309,C334,southern
C309,C335,southwestern
C309,C336,southern
C309,C337,southern
C309,C338,southwestern
C309,C339,southern
C309,C373,southwestern
C309,C374,southwestern
C309,C375,southwestern
C309,C376,southwestern
C309,C377,southwestern
C309,C378,southwestern
C309,C379,southwestern
C309,C380,southwestern
C309,C381,southwestern
C309,C382,southwestern
C309,C383,southwestern
C309,C384,southwestern
C309,C385,southwestern
C309,C386,southwestern
C310,C245,northwestern
C310,C246,northwestern
C310,C247,northwestern
C310,C248,northwestern
C310,C249,northwestern
C310,C250,northwestern
C310,C251,northwestern
C310,C252,northwestern
C310,C253,northwestern
C310,C254,northwestern
C310,C255,northwestern
C310,C256,northwestern
C310,C257,northwestern
C310,C267,northeastern
C310,C268,eastern
C310,C269,eastern
C310,C270,northeastern
C310,C271,northeastern
C310,C272,northeastern
C310,C273,northeastern
C310,C274,northern
C310,C275,southeastern
C310,C276,eastern
C310,C277,northern
C310,C278,northern
C310,C279,northern
C310,C280,northern
C310,C281,northern
C310,C282,northern
C310,C283,northern
C310,C284,northern
C310,C285,northern
C310,C286,northern
C310,C287,northern
C310,C288,northern
C310,C289,northeastern
C310,C290,northern
C310,C291,northeastern
C310,C292,northern
C310,C304,northern
C310,C305,northern
C310,C306,northwestern
C310,C307,western
C310,C308,northwestern
C310,C309,northwestern
C310,C311,northwestern
C310,C312,western
C310,C313,southwestern
C310,C328,western
C310,C329,southwestern
C310,C330,southwestern
C310,C331,southwestern
C310,C332,southern
C310,C333,southern
C310,C334,southern
C310,C335,southwestern
C310,C336,southwestern
C310,C337,southwestern
C310,C338,southwestern
C310,C339,southwestern
C310,C373,western
C310,C374,western
C310,C375,western
C310,C376,western
C310,C377,western
C310,C378,western
C310,C379,western
C310,C380,western
C310,C381,western
C310,C382,western
C310,C383,western
C310,C384,western
C310,C385,western
C310,C386,western
C311,C245,northwestern
C311,C246,northwestern
C311,C247,northwestern
C311,C248,northwestern
C311,C249,northwestern
C311,C250,western
C311,C251,western
C311,C252,western
C311,C253,northern
C311,C254,northwestern
C311,C255,northwestern
C311,C256,northwestern
C311,C257,northwestern
C311,C267,eastern
C311,C268,eastern
C311,C269,southeastern
C311,C270,eastern
C311,C271,eastern
C311,C272,eastern
C311,C273,eastern
C311,C274,northeastern
C311,C275,southeastern
C311,C276,southeastern
C311,C277,northern
C311,C278,northern
C311,C279,northeastern
C311,C280,northeastern
C311,C281,northern
C311,C282,northeastern
C311,C283,northeastern
C311,C284,northeastern
C311,C285,northern
C311,C286,northern
C311,C287,northern
C311,C288,northern
C311,C289,northeastern
C311,C290,northern
C311,C291,northeastern
C311,C292,northeastern
C311,C304,eastern
C311,C305,northeastern
C311,C306,southern
C311,C307,southwestern
C311,C308,western
C311,C309,northwestern
C311,C310,southeastern
C311,C312,southwestern
C311,C313,southern
C311,C328,southwestern
C311,C329,southwestern
C311,C330,southern
C311,C331,southwestern
C311,C332,southern
C311,C333,southern
C311,C334,southern
C311,C335,southwestern
C311,C336,southwestern
C311,C337,southwestern
C311,C338,southwestern
C311,C339,southern
C311,C373,southwestern
C311,C374,southwestern
C311,C375,southwestern
C311,C376,southwestern
C311,C377,southwestern
C311,C378,western
C311,C379,western
C311,C380,southwestern
C311,C381,southwestern
C311,C382,western
C311,C383,southwestern
C311,C384,western
C311,C385,western
C311,C386,southwestern
C312,C245,northwestern
C312,C246,northwestern
C312,C247,northwestern
C312,C248,northwestern
C312,C249,northwestern
C312,C250,northwestern
C312,C251,northwestern
C312,C252,northwestern
C312,C253,northern
C312,C254,northwestern
C312,C255,northern
C312,C256,northwestern
C312,C257,northern
C312,C267,eastern
C312,C268,eastern
C312,C269,eastern
C312,C270,eastern
C312,C271,eastern
C312,C272,eastern
C312,C273,northeastern
C312,C274,northeastern
C312,C275,southeastern
C312,C276,eastern
C312,C277,northeastern
C312,C278,northern
C312,C279,northeastern
C312,C280,northeastern
C312,C281,northeastern
C312,C282,northeastern
C312,C283,northeastern
C312,C284,northeastern
C312,C285,northeastern
C312,C286,northern
C312,C287,northeastern
C312,C288,northern
C312,C289,northeastern
C312,C290,northern
C312,C291,northeastern
C312,C292,northeastern
C312,C304,eastern
C312,C305,northeastern
C312,C306,eastern
C312,C307,southern
C312,C308,northwestern
C312,C309,northern
C312,C310,eastern
C312,C311,northeastern
C312,C313,southeastern
C312,C328,southwestern
C312,C329,southern
C312,C330,southern
C312,C331,southwestern
C312,C332,southern
C312,C333,southeastern
C312,C334,southern
C312,C335,southwestern
C312,C336,southern
C312,C337,southern
C312,C338,southwestern
C312,C339,southern
C312,C373,southwestern
C312,C374,western
C312,C375,southwestern
C312,C376,western
C312,C377,southwestern
C312,C378,western
C312,C379,western
C312,C380,southwestern
C312,C381,southwestern
C312,C382,western
C312,C383,southwestern
C312,C384,western
C312,C385,western
C312,C386,western
C313,C245,northwestern
C313,C246,northwestern
C313,C247,northwestern
C313,C248,northwestern
C313,C249,northwestern
C313,C250,northwestern
C313,C251,northwestern
C313,C252,northwestern
C313,C253,northern
C313,C254,northwestern
C313,C255,northern
C313,C256,northwestern
C313,C257,northern
C313,C267,northeastern
C313,C268,eastern
C313,C269,eastern
C313,C270,northeastern
C313,C271,northeastern
C313,C272,northeastern
C313,C273,northeastern
C313,C274,northeastern
C313,C275,eastern
C313,C276,eastern
C313,C277,northern
C313,C278,northern
C313,C279,northeastern
C313,C280,northeastern
C313,C281,northern
C313,C282,northern
C313,C283,northern
C313,C284,northeastern
C313,C285,northern
C313,C286,northern
C313,C287,northern
C313,C288,northern
C313,C289,northeastern
C313,C290,northern
C313,C291,northeastern
C313,C292,northern
C313,C304,northeastern
C313,C305,northern
C313,C306,northern
C313,C307,western
C313,C308,northwestern
C313,C309,northern
C313,C310,northeastern
C313,C311,northern
C313,C312,northwestern
C313,C328,western
C313,C329,southwestern
C313,C330,southwestern
C313,C331,southwestern
C313,C332,southern
C313,C333,southeastern
C313,C334,southern
C313,C335,southwestern
C313,C336,southwestern
C313,C337,southwestern
C313,C338,southwestern
C313,C339,southwestern
C313,C373,western
C313,C374,western
C313,C375,western
C313,C376,western
C313,C377,northwestern
C313,C378,western
C313,C379,northwestern
C313,C380,western
C313,C381,western
C313,C382,western
C313,C383,western
C313,C384,western
C313,C385,western
C313,C386,western
C314,C3,western
C314,C167,northwestern
C314,C197,northeastern
C314,C198,northern
C314,C199,northwestern
C314,C200,northwestern
C314,C201,northern
C314,C202,northwestern
C314,C203,northern
C314,C204,northern
C314,C205,northern
C314,C206,northeastern
C314,C315,eastern
C314,C318,northern
C314,C319,southeastern
C314,C320,southeastern
C314,C321,southeastern
C314,C322,southern
C314,C323,southeastern
C314,C324,southern
C314,C325,southern
C314,C326,southeastern
C314,C327,southeastern
C315,C197,northwestern
C315,C198,northwestern
C315,C199,northwestern
C315,C200,western
C315,C201,northwestern
C315,C202,western
C315,C203,northwestern
C315,C204,northwestern
C315,C205,northwestern
C315,C206,northwestern
C315,C314,western
C315,C316,southern
C315,C319,southern
C315,C320,southern
C315,C321,southwestern
C315,C322,southwestern
C315,C323,southern
C315,C324,southwestern
C315,C325,southwestern
C315,C326,southwestern
C315,C327,southwestern
C315,C387,northeastern
C315,C388,northeastern
C315,C389,eastern
C315,C390,eastern
C315,C391,northeastern
C315,C392,northern
C315,C393,southeastern
C315,C394,northern
C315,C395,eastern
C315,C396,northeastern
C316,C315,northern
C316,C319,southern
C316,C320,southwestern
C316,C321,western
C316,C322,western
C316,C323,northwestern
C316,C324,southwestern
C316,C325,western
C316,C326,western
C316,C327,northwestern
C316,C340,southeastern
C316,C341,eastern
C316,C342,southern
C316,C343,eastern
C316,C344,southeastern
C316,C345,eastern
C316,C346,southern
C316,C347,southeastern
C316,C348,southeastern
C316,C349,northeastern
C316,C350,southeastern
C316,C351,eastern
C316,C352,southeastern
C316,C353,southern
C316,C354,southeastern
C316,C387,northern
C316,C388,northeastern
C316,C389,northeastern
C316,C390,northeastern
C316,C391,northeastern
C316,C392,northern
C316,C393,northeastern
C316,C394,northern
C316,C395,northeastern
C316,C396,northern
C317,C186,northwestern
C317,C187,northwestern
C317,C188,northwestern
C317,C189,northwestern
C317,C190,northwestern
C317,C191,northwestern
C317,C192,western
C317,C193,northwestern
C317,C194,western
C317,C195,northwestern
C317,C196,northwestern
C317,C231,northeastern
C317,C232,northeastern
C317,C233,northeastern
C317,C234,northwestern
C317,C235,northeastern
C317,C236,northern
C317,C237,northeastern
C317,C238,northern
C317,C239,northern
C317,C240,northern
C317,C241,northern
C317,C242,eastern
C317,C243,northern
C317,C373,eastern
C317,C374,eastern
C317,C375,southeastern
C317,C376,eastern
C317,C377,eastern
C317,C378,eastern
C317,C379,eastern
C317,C380,southeastern
C317,C381,eastern
C317,C382,southeastern
C317,C383,southeastern
C317,C384,southeastern
C317,C385,southeastern
C317,C386,southern
C317,C387,western
C317,C388,southwestern
C317,C389,southern
C317,C390,southwestern
C317,C391,southwestern
C317,C392,western
C317,C393,southwestern
C317,C394,western
C317,C395,southwestern
C317,C396,western
C318,C167,western
C318,C197,northeastern
C318,C198,northeastern
C318,C199,northwestern
C318,C200,western
C318,C201,northern
C318,C202,northwestern
C318,C203,northwestern
C318,C204,northern
C318,C205,northern
C318,C206,northeastern
C318,C314,southern
C319,C3,northwestern
C319,C10,western
C319,C27,western
C319,C28,western
C319,C29,western
C319,C30,western
C319,C31,southwestern
C319,C32,western
C319,C33,southwestern
C319,C34,western
C319,C35,western
C319,C36,western
C319,C126,southeastern
C319,C127,southern
C319,C128,southern
C319,C129,southwestern
C319,C130,southern
C319,C131,southern
C319,C132,southern
C319,C133,southern
C319,C134,southwestern
C319,C135,southeastern
C319,C136,southern
C319,C137,southern
C319,C138,southern
C319,C314,northwestern
C319,C315,northern
C319,C316,northern
C319,C320,western
C319,C321,northwestern
C319,C322,northwestern
C319,C323,northern
C319,C324,western
C319,C325,northwestern
C319,C326,northwestern
C319,C327,northwestern
C319,C340,eastern
C319,C341,eastern
C319,C342,southern
C319,C343,northeastern
C319,C344,southeastern
C319,C345,northeastern
C319,C346,southeastern
C319,C347,southeastern
C319,C348,southeastern
C319,C349,northeastern
C319,C350,northeastern
C319,C351,eastern
C319,C352,eastern
C319,C353,eastern
C319,C354,eastern
C320,C3,northwestern
C320,C10,western
C320,C27,western
C320,C28,western
C320,C29,western
C320,C30,southwestern
C320,C31,southwestern
C320,C32,western
C320,C33,southwestern
C320,C34,western
C320,C35,western
C320,C36,western
C320,C126,southeastern
C320,C127,southern
C320,C128,southeastern
C320,C129,southern
C320,C130,southern
C320,C131,southeastern
C320,C132,southeastern
C320,C133,southern
C320,C134,southern
C320,C135,southeastern
C320,C136,southern
C320,C137,southern
C320,C138,southern
C320,C314,northwestern
C320,C315,northern
C320,C316,northeastern
C320,C319,eastern
C320,C321,northern
C320,C322,northwestern
C320,C323,northern
C320,C324,western
C320,C325,northwestern
C320,C326,northern
C320,C327,northern
C320,C340,eastern
C320,C341,eastern
C320,C342,southeastern
C320,C343,eastern
C320,C344,southeastern
C320,C345,northeastern
C320,C346,southeastern
C320,C347,eastern
C320,C348,southeastern
C320,C349,northeastern
C320,C350,eastern
C320,C351,eastern
C320,C352,eastern
C320,C353,eastern
C320,C354,eastern
C321,C3,northwestern
C321,C10,southwestern
C321,C27,southwestern
C321,C28,southwestern
C321,C29,western
C321,C30,southwestern
C321,C31,southwestern
C321,C32,western
C321,C33,southwestern
C321,C34,western
C321,C35,western
C321,C36,western
C321,C126,southeastern
C321,C127,southern
C321,C128,southeastern
C321,C129,southern
C321,C130,southern
C321,C131,southeastern
C321,C132,southeastern
C321,C133,southern
C321,C134,southern
C321,C135,southeastern
C321,C136,southern
C321,C137,southern
C321,C138,southern
C321,C314,northwestern
C321,C315,northeastern
C321,C316,eastern
C321,C319,southeastern
C321,C320,southern
C321,C322,northwestern
C321,C323,northeastern
C321,C324,southwestern
C321,C325,western
C321,C326,northern
C321,C327,northern
C321,C340,eastern
C321,C341,eastern
C321,C342,southeastern
C321,C343,eastern
C321,C344,southeastern
C321,C345,eastern
C321,C346,southeastern
C321,C347,southeastern
C321,C348,southeastern
C321,C349,eastern
C321,C350,eastern
C321,C351,eastern
C321,C352,eastern
C321,C353,southeastern
C321,C354,eastern
C322,C3,northwestern
C322,C10,southern
C322,C27,southwestern
C322,C28,southwestern
C322,C29,western
C322,C30,southwestern
C322,C31,southwestern
C322,C32,southwestern
C322,C33,southwestern
C322,C34,western
C322,C35,southwestern
C322,C36,southwestern
C322,C126,southeastern
C322,C127,southern
C322,C128,southeastern
C322,C129,southern
C322,C130,southern
C322,C131,southeastern
C322,C132,southeastern
C322,C133,southeastern
C322,C134,southeastern
C322,C135,southeastern
C322,C136,southeastern
C322,C137,southeastern
C322,C138,southeastern
C322,C314,northern
C322,C315,northeastern
C322,C316,eastern
C322,C319,southeastern
C322,C320,southeastern
C322,C321,southeastern
C322,C323,eastern
C322,C324,southeastern
C322,C325,southeastern
C322,C326,eastern
C322,C327,northeastern
C322,C340,eastern
C322,C341,eastern
C322,C342,southeastern
C322,C343,eastern
C322,C344,southeastern
C322,C345,eastern
C322,C346,southeastern
C322,C347,southeastern
C322,C348,southeastern
C322,C349,eastern
C322,C350,eastern
C322,C351,eastern
C322,C352,eastern
C322,C353,southeastern
C322,C354,eastern
C323,C3,western
C323,C10,southwestern
C323,C27,southwestern
C323,C28,southwestern
C323,C29,western
C323,C30,southwestern
C323,C31,southwestern
C323,C32,southwestern
C323,C33,southwestern
C323,C34,western
C323,C35,western
C323,C36,southwestern
C323,C126,southeastern
C323,C127,southern
C323,C128,southern
C323,C129,southern
C323,C130,southern
C323,C131,southern
C323,C132,southern
C323,C133,southern
C323,C134,southern
C323,C135,southern
C323,C136,southern
C323,C137,southern
C323,C138,southern
C323,C314,northwestern
C323,C315,northern
C323,C316,southeastern
C323,C319,southern
C323,C320,southern
C323,C321,southwestern
C323,C322,western
C323,C324,southwestern
C323,C325,southwestern
C323,C326,southwestern
C323,C327,western
C323,C340,southeastern
C323,C341,eastern
C323,C342,southern
C323,C343,eastern
C323,C344,southeastern
C323,C345,eastern
C323,C346,southern
C323,C347,southeastern
C323,C348,southeastern
C323,C349,eastern
C323,C350,southeastern
C323,C351,southeastern
C323,C352,southeastern
C323,C353,southeastern
C323,C354,southeastern
C324,C3,northwestern
C324,C10,southwestern
C324,C27,western
C324,C28,southwestern
C324,C29,western
C324,C30,southwestern
C324,C31,southwestern
C324,C32,western
C324,C33,southwestern
C324,C34,western
C324,C35,northwestern
C324,C36,western
C324,C126,southeastern
C324,C127,southern
C324,C128,southeastern
C324,C129,southern
C324,C130,southern
C324,C131,southeastern
C324,C132,southeastern
C324,C133,southern
C324,C134,southeastern
C324,C135,southeastern
C324,C136,southeastern
C324,C137,southeastern
C324,C138,southern
C324,C314,northern
C324,C315,northeastern
C324,C316,northeastern
C324,C319,eastern
C324,C320,eastern
C324,C321,northeastern
C324,C322,northwestern
C324,C323,northeastern
C324,C325,northern
C324,C326,northeastern
C324,C327,northern
C324,C340,eastern
C324,C341,eastern
C324,C342,southeastern
C324,C343,eastern
C324,C344,eastern
C324,C345,northeastern
C324,C346,southeastern
C324,C347,eastern
C324,C348,southeastern
C324,C349,northeastern
C324,C350,eastern
C324,C351,eastern
C324,C352,eastern
C324,C353,eastern
C324,C354,eastern
C325,C3,northwestern
C325,C10,southwestern
C325,C27,southwestern
C325,C28,southwestern
C325,C29,western
C325,C30,southwestern
C325,C31,southwestern
C325,C32,southwestern
C325,C33,southwestern
C325,C34,western
C325,C35,western
C325,C36,western
C325,C126,southeastern
C325,C127,southern
C325,C128,southeastern
C325,C129,southern
C325,C130,southern
C325,C131,southeastern
C325,C132,southeastern
C325,C133,southern
C325,C134,southeastern
C325,C135,southeastern
C325,C136,southeastern
C325,C137,southeastern
C325,C138,southern
C325,C314,northern
C325,C315,northeastern
C325,C316,eastern
C325,C319,southeastern
C325,C320,southeastern
C325,C321,eastern
C325,C322,northwestern
C325,C323,northeastern
C325,C324,southern
C325,C326,northeastern
C325,C327,northeastern
C325,C340,eastern
C325,C341,eastern
C325,C342,southeastern
C325,C343,eastern
C325,C344,southeastern
C325,C345,eastern
C325,C346,southeastern
C325,C347,southeastern
C325,C348,southeastern
C325,C349,eastern
C325,C350,eastern
C325,C351,eastern
C325,C352,eastern
C325,C353,southeastern
C325,C354,eastern
C326,C3,western
C326,C10,southwestern
C326,C27,southwestern
C326,C28,southwestern
C326,C29,western
C326,C30,southwestern
C326,C31,southwestern
C326,C32,southwestern
C326,C33,southwestern
C326,C34,western
C326,C35,western
C326,C36,southwestern
C326,C126,southeastern
C326,C127,southern
C326,C128,southern
C326,C129,southern
C326,C130,southern
C326,C131,southern
C326,C132,southeastern
C326,C133,southern
C326,C134,southern
C326,C135,southeastern
C326,C136,southern
C326,C137,southern
C326,C138,southern
C326,C314,northwestern
C326,C315,northeastern
C326,C316,eastern
C326,C319,southeastern
C326,C320,southern
C326,C321,southern
C326,C322,western
C326,C323,northeastern
C326,C324,southwestern
C326,C325,southwestern
C326,C327,northern
C326,C340,southeastern
C326,C341,eastern
C326,C342,southeastern
C326,C343,eastern
C326,C344,southeastern
C326,C345,eastern
C326,C346,southeastern
C326,C347,southeastern
C326,C348,southeastern
C326,C349,eastern
C326,C350,eastern
C326,C351,eastern
C326,C352,southeastern
C326,C353,southeastern
C326,C354,southeastern
C327,C3,western
C327,C10,southwestern
C327,C27,southwestern
C327,C28,southwestern
C327,C29,southwestern
C327,C30,southwestern
C327,C31,southwestern
C327,C32,southwestern
C327,C33,southwestern
C327,C34,western
C327,C35,southwestern
C327,C36,southwestern
C327,C126,southeastern
C327,C127,southern
C327,C128,southern
C327,C129,southern
C327,C130,southern
C327,C131,southern
C327,C132,southeastern
C327,C133,southern
C327,C134,southern
C327,C135,southeastern
C327,C136,southern
C327,C137,southern
C327,C138,southern
C327,C314,northwestern
C327,C315,northeastern
C327,C316,southeastern
C327,C319,southeastern
C327,C320,southern
C327,C321,southern
C327,C322,southwestern
C327,C323,eastern
C327,C324,southern
C327,C325,southwestern
C327,C326,southern
C327,C340,southeastern
C327,C341,eastern
C327,C342,southeastern
C327,C343,eastern
C327,C344,southeastern
C327,C345,eastern
C327,C346,southeastern
C327,C347,southeastern
C327,C348,southeastern
C327,C349,eastern
C327,C350,southeastern
C327,C351,southeastern
C327,C352,southeastern
C327,C353,southeastern
C327,C354,southeastern
C328,C267,northeastern
C328,C268,eastern
C328,C269,eastern
C328,C270,northeastern
C328,C271,northeastern
C328,C272,northeastern
C328,C273,northeastern
C328,C274,northeastern
C328,C275,eastern
C328,C276,eastern
C328,C304,northeastern
C328,C305,northeastern
C328,C306,northeastern
C328,C307,eastern
C328,C308,northeastern
C328,C309,northeastern
C328,C310,eastern
C328,C311,northeastern
C328,C312,northeastern
C328,C313,eastern
C328,C329,eastern
C328,C330,eastern
C328,C331,southeastern
C328,C332,southeastern
C328,C333,eastern
C328,C334,southeastern
C328,C335,southeastern
C328,C336,eastern
C328,C337,southeastern
C328,C338,southern
C328,C339,southeastern
C328,C340,southwestern
C328,C341,southwestern
C328,C342,southwestern
C328,C343,western
C328,C344,southwestern
C328,C345,western
C328,C346,southwestern
C328,C347,southwestern
C328,C348,southwestern
C328,C349,western
C328,C350,southwestern
C328,C351,southwestern
C328,C352,southwestern
C328,C353,southwestern
C328,C354,southwestern
C328,C355,southern
C328,C356,southern
C328,C357,southern
C328,C358,southern
C328,C359,southern
C328,C360,southern
C328,C361,southern
C328,C362,southeastern
C328,C363,southern
C328,C364,southern
C328,C365,southern
C328,C366,southern
C328,C367,southern
C328,C368,southeastern
C328,C369,southern
C328,C370,southern
C328,C371,southern
C328,C372,southern
C328,C373,northeastern
C328,C374,northeastern
C328,C375,northern
C328,C376,northeastern
C328,C377,northeastern
C328,C378,northern
C328,C379,northeastern
C328,C380,northeastern
C328,C381,eastern
C328,C382,northern
C328,C383,eastern
C328,C384,northern
C328,C385,northwestern
C328,C386,northwestern
C329,C267,northeastern
C329,C268,northeastern
C329,C269,northeastern
C329,C270,northeastern
C329,C271,northeastern
C329,C272,northeastern
C329,C273,northeastern
C329,C274,northeastern
C329,C275,eastern
C329,C276,northeastern
C329,C304,northeastern
C329,C305,northeastern
C329,C306,northeastern
C329,C307,northeastern
C329,C308,northern
C329,C309,northern
C329,C310,northeastern
C329,C311,northeastern
C329,C312,northern
C329,C313,northeastern
C329,C328,western
C329,C330,northeastern
C329,C331,southwestern
C329,C332,southeastern
C329,C333,eastern
C329,C334,southeastern
C329,C335,western
C329,C336,eastern
C329,C337,southern
C329,C338,western
C329,C339,southeastern
C329,C340,western
C329,C341,western
C329,C342,western
C329,C343,western
C329,C344,western
C329,C345,western
C329,C346,western
C329,C347,western
C329,C348,southwestern
C329,C349,western
C329,C350,western
C329,C351,western
C329,C352,western
C329,C353,western
C329,C354,western
C329,C355,southwestern
C329,C356,southwestern
C329,C357,southwestern
C329,C358,southwestern
C329,C359,southwestern
C329,C360,southwestern
C329,C361,southwestern
C329,C362,southern
C329,C363,southern
C329,C364,southern
C329,C365,southwestern
C329,C366,southwestern
C329,C367,southwestern
C329,C368,southern
C329,C369,southern
C329,C370,southwestern
C329,C371,southwestern
C329,C372,southern
C329,C373,northern
C329,C374,northwestern
C329,C375,northwestern
C329,C376,northern
C329,C377,northern
C329,C378,northwestern
C329,C379,northern
C329,C380,northwestern
C329,C381,northern
C329,C382,northwestern
C329,C383,northwestern
C329,C384,northwestern
C329,C385,northwestern
C329,C386,northwestern
C330,C267,northeastern
C330,C268,northeastern
C330,C269,northeastern
C330,C270,northeastern
C330,C271,northeastern
C330,C272,northeastern
C330,C273,northeastern
C330,C274,northeastern
C330,C275,eastern
C330,C276,northeastern
C330,C304,northeastern
C330,C305,northern
C330,C306,northeastern
C330,C307,northern
C330,C308,northern
C330,C309,northern
C330,C310,northeastern
C330,C311,northern
C330,C312,northern
C330,C313,northeastern
C330,C328,western
C330,C329,southwestern
C330,C331,southwestern
C330,C332,southern
C330,C333,eastern
C330,C334,southern
C330,C335,western
C330,C336,southwestern
C330,C337,southwestern
C330,C338,western
C330,C339,southern
C330,C340,western
C330,C341,western
C330,C342,western
C330,C343,western
C330,C344,southwestern
C330,C345,western
C330,C346,western
C330,C347,western
C330,C348,southwestern
C330,C349,western
C330,C350,western
C330,C351,western
C330,C352,southwestern
C330,C353,western
C330,C354,western
C330,C355,southwestern
C330,C356,southwestern
C330,C357,southwestern
C330,C358,southwestern
C330,C359,southwestern
C330,C360,southwestern
C330,C361,southwestern
C330,C362,southern
C330,C363,southwestern
C330,C364,southwestern
C330,C365,southwestern
C330,C366,southwestern
C330,C367,southwestern
C330,C368,southern
C330,C369,southwestern
C330,C370,southwestern
C330,C371,southwestern
C330,C372,southwestern
C330,C373,northwestern
C330,C374,northwestern
C330,C375,western
C330,C376,northwestern
C330,C377,northern
C330,C378,northwestern
C330,C379,northwestern
C330,C380,western
C330,C381,northwestern
C330,C382,northwestern
C330,C383,western
C330,C384,northwestern
C330,C385,western
C330,C386,western
C331,C267,northeastern
C331,C268,northeastern
C331,C269,northeastern
C331,C270,northeastern
C331,C271,northeastern
C331,C272,northeastern
C331,C273,northeastern
C331,C274,northeastern
C331,C275,northeastern
C331,C276,northeastern
C331,C304,northeastern
C331,C305,northeastern
C331,C306,northeastern
C331,C307,northeastern
C331,C308,northeastern
C331,C309,northeastern
C331,C310,northeastern
C331,C311,northeastern
C331,C312,northeastern
C331,C313,northeastern
C331,C328,northwestern
C331,C329,northeastern
C331,C330,northeastern
C331,C332,southeastern
C331,C333,northeastern
C331,C334,eastern
C331,C335,northeastern
C331,C336,northeastern
C331,C337,southeastern
C331,C338,northwestern
C331,C339,eastern
C331,C340,western
C331,C341,northwestern
C331,C342,western
C331,C343,northwestern
C331,C344,western
C331,C345,northwestern
C331,C346,western
C331,C347,western
C331,C348,southwestern
C331,C349,northwestern
C331,C350,western
C331,C351,western
C331,C352,western
C331,C353,western
C331,C354,western
C331,C355,southwestern
C331,C356,southwestern
C331,C357,southwestern
C331,C358,southern
C331,C359,southwestern
C331,C360,southwestern
C331,C361,southwestern
C331,C362,southeastern
C331,C363,southern
C331,C364,southern
C331,C365,southwestern
C331,C366,southern
C331,C367,southwestern
C331,C368,southern
C331,C369,southern
C331,C370,southern
C331,C371,southern
C331,C372,southern
C331,C373,northern
C331,C374,northern
C331,C375,northwestern
C331,C376,northern
C331,C377,northeastern
C331,C378,northern
C331,C379,northern
C331,C380,northern
C331,C381,northeastern
C331,C382,northern
C331,C383,northern
C331,C384,northern
C331,C385,northwestern
C331,C386,northwestern
C332,C267,northeastern
C332,C268,northeastern
C332,C269,northeastern
C332,C270,northeastern
C332,C271,northeastern
C332,C272,northeastern
C332,C273,northeastern
C332,C274,northern
C332,C275,northeastern
C332,C276,northeastern
C332,C304,northern
C332,C305,northern
C332,C306,northern
C332,C307,northern
C332,C308,northern
C332,C309,northern
C332,C310,northern
C332,C311,northern
C332,C312,northern
C332,C313,northern
C332,C328,northwestern
C332,C329,northwestern
C332,C330,northern
C332,C331,northwestern
C332,C333,northeastern
C332,C334,northeastern
C332,C335,northwestern
C332,C336,northern
C332,C337,western
C332,C338,northwestern
C332,C339,northwestern
C332,C340,western
C332,C341,northwestern
C332,C342,western
C332,C343,northwestern
C332,C344,western
C332,C345,northwestern
C332,C346,western
C332,C347,western
C332,C348,western
C332,C349,northwestern
C332,C350,western
C332,C351,western
C332,C352,western
C332,C353,western
C332,C354,western
C332,C355,western
C332,C356,western
C332,C357,western
C332,C358,western
C332,C359,western
C332,C360,western
C332,C361,western
C332,C362,southwestern
C332,C363,southwestern
C332,C364,southwestern
C332,C365,southwestern
C332,C366,southwestern
C332,C367,western
C332,C368,southwestern
C332,C369,southwestern
C332,C370,southwestern
C332,C371,southwestern
C332,C372,southwestern
C332,C373,northwestern
C332,C374,northwestern
C332,C375,northwestern
C332,C376,northern
C332,C377,northern
C332,C378,northwestern
C332,C379,northern
C332,C380,northwestern
C332,C381,northern
C332,C382,northwestern
C332,C383,northwestern
C332,C384,northwestern
C332,C385,northwestern
C332,C386,northwestern
C333,C267,northeastern
C333,C268,northeastern
C333,C269,northeastern
C333,C270,northeastern
C333,C271,northeastern
C333,C272,northeastern
C333,C273,northeastern
C333,C274,northern
C333,C275,northeastern
C333,C276,northeastern
C333,C304,northern
C333,C305,northern
C333,C306,northern
C333,C307,northwestern
C333,C308,northwestern
C333,C309,northern
C333,C310,northern
C333,C311,northern
C333,C312,northwestern
C333,C313,northwestern
C333,C328,western
C333,C329,western
C333,C330,western
C333,C331,southwestern
C333,C332,southwestern
C333,C334,southwestern
C333,C335,western
C333,C336,southwestern
C333,C337,southwestern
C333,C338,western
C333,C339,southwestern
C333,C340,western
C333,C341,western
C333,C342,western
C333,C343,western
C333,C344,western
C333,C345,western
C333,C346,western
C333,C347,western
C333,C348,southwestern
C333,C349,western
C333,C350,western
C333,C351,western
C333,C352,western
C333,C353,western
C333,C354,western
C333,C355,southwestern
C333,C356,southwestern
C333,C357,southwestern
C333,C358,southwestern
C333,C359,southwestern
C333,C360,southwestern
C333,C361,southwestern
C333,C362,southwestern
C333,C363,southwestern
C333,C364,southwestern
C333,C365,southwestern
C333,C366,southwestern
C333,C367,southwestern
C333,C368,southwestern
C333,C369,southwestern
C333,C370,southwestern
C333,C371,southwestern
C333,C372,southwestern
C333,C373,western
C333,C374,western
C333,C375,western
C333,C376,northwestern
C333,C377,northwestern
C333,C378,northwestern
C333,C379,northwestern
C333,C380,western
C333,C381,western
C333,C382,western
C333,C383,western
C333,C384,western
C333,C385,western
C333,C386,western
C334,C267,northeastern
C334,C268,northeastern
C334,C269,northeastern
C334,C270,northeastern
C334,C271,northeastern
C334,C272,northeastern
C334,C273,northeastern
C334,C274,northern
C334,C275,northeastern
C334,C276,northeastern
C334,C304,northern
C334,C305,northern
C334,C306,northern
C334,C307,northern
C334,C308,northern
C334,C309,northern
C334,C310,northern
C334,C311,northern
C334,C312,northern
C334,C313,northern
C334,C328,northwestern
C334,C329,northwestern
C334,C330,northern
C334,C331,western
C334,C332,southwestern
C334,C333,northeastern
C334,C335,northwestern
C334,C336,northwestern
C334,C337,western
C334,C338,western
C334,C339,western
C334,C340,western
C334,C341,western
C334,C342,western
C334,C343,western
C334,C344,western
C334,C345,western
C334,C346,western
C334,C347,western
C334,C348,western
C334,C349,northwestern
C334,C350,western
C334,C351,western
C334,C352,western
C334,C353,western
C334,C354,western
C334,C355,western
C334,C356,western
C334,C357,western
C334,C358,southwestern
C334,C359,western
C334,C360,western
C334,C361,southwestern
C334,C362,southwestern
C334,C363,southwestern
C334,C364,southwestern
C334,C365,southwestern
C334,C366,southwestern
C334,C367,southwestern
C334,C368,southwestern
C334,C369,southwestern
C334,C370,southwestern
C334,C371,southwestern
C334,C372,southwestern
C334,C373,northwestern
C334,C374,northwestern
C334,C375,northwestern
C334,C376,northwestern
C334,C377,northern
C334,C378,northwestern
C334,C379,northwestern
C334,C380,northwestern
C334,C381,northwestern
C334,C382,northwestern
C334,C383,northwestern
C334,C384,northwestern
C334,C385,northwestern
C334,C386,northwestern
C335,C267,northeastern
C335,C268,northeastern
C335,C269,eastern
C335,C270,northeastern
C335,C271,northeastern
C335,C272,northeastern
C335,C273,northeastern
C335,C274,northeastern
C335,C275,eastern
C335,C276,northeastern
C335,C304,northeastern
C335,C305,northeastern
C335,C306,northeastern
C335,C307,northeastern
C335,C308,northeastern
C335,C309,northeastern
C335,C310,northeastern
C335,C311,northeastern
C335,C312,northeastern
C335,C313,northeastern
C335,C328,northwestern
C335,C329,eastern
C335,C330,eastern
C335,C331,southwestern
C335,C332,southeastern
C335,C333,eastern
C335,C334,southeastern
C335,C336,eastern
C335,C337,southern
C335,C338,western
C335,C339,southeastern
C335,C340,western
C335,C341,western
C335,C342,western
C335,C343,western
C335,C344,southwestern
C335,C345,western
C335,C346,southwestern
C335,C347,western
C335,C348,southwestern
C335,C349,western
C335,C350,western
C335,C351,western
C335,C352,southwestern
C335,C353,western
C335,C354,western
C335,C355,southwestern
C335,C356,southwestern
C335,C357,southwestern
C335,C358,southern
C335,C359,southwestern
C335,C360,southwestern
C335,C361,southwestern
C335,C362,southern
C335,C363,southern
C335,C364,southern
C335,C365,southwestern
C335,C366,southern
C335,C367,southwestern
C335,C368,southern
C335,C369,southern
C335,C370,southern
C335,C371,southern
C335,C372,southern
C335,C373,northern
C335,C374,northern
C335,C375,northwestern
C335,C376,northern
C335,C377,northeastern
C335,C378,northern
C335,C379,northern
C335,C380,northwestern
C335,C381,northeastern
C335,C382,northwestern
C335,C383,northern
C335,C384,northwestern
C335,C385,northwestern
C335,C386,northwestern
C336,C267,northeastern
C336,C268,northeastern
C336,C269,northeastern
C336,C270,northeastern
C336,C271,northeastern
C336,C272,northeastern
C336,C273,northeastern
C336,C274,northeastern
C336,C275,northeastern
C336,C276,northeastern
C336,C304,northeastern
C336,C305,northeastern
C336,C306,northeastern
C336,C307,northern
C336,C308,northern
C336,C309,northern
C336,C310,northeastern
C336,C311,northern
C336,C312,northern
C336,C313,northeastern
C336,C328,western
C336,C329,western
C336,C330,northeastern
C336,C331,western
C336,C332,southern
C336,C333,northeastern
C336,C334,southeastern
C336,C335,western
C336,C337,southwestern
C336,C338,western
C336,C339,southern
C336,C340,western
C336,C341,western
C336,C342,western
C336,C343,western
C336,C344,western
C336,C345,western
C336,C346,western
C336,C347,western
C336,C348,southwestern
C336,C349,western
C336,C350,western
C336,C351,western
C336,C352,western
C336,C353,western
C336,C354,western
C336,C355,southwestern
C336,C356,southwestern
C336,C357,southwestern
C336,C358,southwestern
C336,C359,southwestern
C336,C360,southwestern
C336,C361,southwestern
C336,C362,southern
C336,C363,southwestern
C336,C364,southwestern
C336,C365,southwestern
C336,C366,southwestern
C336,C367,southwestern
C336,C368,southern
C336,C369,southwestern
C336,C370,southwestern
C336,C371,southwestern
C336,C372,southwestern
C336,C373,northwestern
C336,C374,northwestern
C336,C375,northwestern
C336,C376,northern
C336,C377,northern
C336,C378,northwestern
C336,C379,northern
C336,C380,northwestern
C336,C381,northern
C336,C382,northwestern
C336,C383,northwestern
C336,C384,northwestern
C336,C385,northwestern
C336,C386,northwestern
C337,C267,northeastern
C337,C268,northeastern
C337,C269,northeastern
C337,C270,northeastern
C337,C271,northeastern
C337,C272,northeastern
C337,C273,northeastern
C337,C274,northeastern
C337,C275,northeastern
C337,C276,northeastern
C337,C304,northeastern
C337,C305,northeastern
C337,C306,northeastern
C337,C307,northeastern
C337,C308,northern
C337,C309,northern
C337,C310,northeastern
C337,C311,northeastern
C337,C312,northern
C337,C313,northeastern
C337,C328,northwestern
C337,C329,northern
C337,C330,northeastern
C337,C331,northwestern
C337,C332,eastern
C337,C333,northeastern
C337,C334,eastern
C337,C335,northern
C337,C336,northeastern
C337,C338,northwestern
C337,C339,eastern
C337,C340,western
C337,C341,northwestern
C337,C342,western
C337,C343,northwestern
C337,C344,western
C337,C345,northwestern
C337,C346,western
C337,C347,western
C337,C348,western
C337,C349,northwestern
C337,C350,western
C337,C351,western
C337,C352,western
C337,C353,western
C337,C354,western
C337,C355,western
C337,C356,southwestern
C337,C357,western
C337,C358,southwestern
C337,C359,western
C337,C360,southwestern
C337,C361,southwestern
C337,C362,southeastern
C337,C363,southern
C337,C364,southern
C337,C365,southwestern
C337,C366,southwestern
C337,C367,southwestern
C337,C368,southern
C337,C369,southern
C337,C370,southwestern
C337,C371,southwestern
C337,C372,southern
C337,C373,northern
C337,C374,northern
C337,C375,northwestern
C337,C376,northern
C337,C377,northern
C337,C378,northern
C337,C379,northern
C337,C380,northern
C337,C381,northern
C337,C382,northern
C337,C383,northern
C337,C384,northwestern
C337,C385,northwestern
C337,C386,northwestern
C338,C267,northeastern
C338,C268,northeastern
C338,C269,eastern
C338,C270,northeastern
C338,C271,northeastern
C338,C272,northeastern
C338,C273,northeastern
C338,C274,northeastern
C338,C275,eastern
C338,C276,northeastern
C338,C304,northeastern
C338,C305,northeastern
C338,C306,northeastern
C338,C307,northeastern
C338,C308,northeastern
C338,C309,northeastern
C338,C310,northeastern
C338,C311,northeastern
C338,C312,northeastern
C338,C313,northeastern
C338,C328,northern
C338,C329,eastern
C338,C330,eastern
C338,C331,southeastern
C338,C332,southeastern
C338,C333,eastern
C338,C334,eastern
C338,C335,eastern
C338,C336,eastern
C338,C337,southeastern
C338,C339,eastern
C338,C340,western
C338,C341,western
C338,C342,western
C338,C343,western
C338,C344,southwestern
C338,C345,western
C338,C346,southwestern
C338,C347,southwestern
C338,C348,southwestern
C338,C349,northwestern
C338,C350,western
C338,C351,western
C338,C352,southwestern
C338,C353,western
C338,C354,western
C338,C355,southern
C338,C356,southwestern
C338,C357,southern
C338,C358,southern
C338,C359,southern
C338,C360,southern
C338,C361,southern
C338,C362,southeastern
C338,C363,southern
C338,C364,southeastern
C338,C365,southern
C338,C366,southern
C338,C367,southern
C338,C368,southeastern
C338,C369,southern
C338,C370,southern
C338,C371,southern
C338,C372,southern
C338,C373,northeastern
C338,C374,northern
C338,C375,northern
C338,C376,northeastern
C338,C377,northeastern
C338,C378,northern
C338,C379,northeastern
C338,C380,northeastern
C338,C381,northeastern
C338,C382,northern
C338,C383,northeastern
C338,C384,northern
C338,C385,northern
C338,C386,northwestern
C339,C267,northeastern
C339,C268,northeastern
C339,C269,northeastern
C339,C270,northeastern
C339,C271,northeastern
C339,C272,northeastern
C339,C273,northeastern
C339,C274,northeastern
C339,C275,northeastern
C339,C276,northeastern
C339,C304,northeastern
C339,C305,northern
C339,C306,northern
C339,C307,northern
C339,C308,northern
C339,C309,northern
C339,C310,northeastern
C339,C311,northern
C339,C312,northern
C339,C313,northeastern
C339,C328,northwestern
C339,C329,northwestern
C339,C330,northern
C339,C331,western
C339,C332,southeastern
C339,C333,northeastern
C339,C334,eastern
C339,C335,northwestern
C339,C336,northern
C339,C337,western
C339,C338,western
C339,C340,western
C339,C341,western
C339,C342,western
C339,C343,western
C339,C344,western
C339,C345,western
C339,C346,western
C339,C347,western
C339,C348,western
C339,C349,northwestern
C339,C350,western
C339,C351,western
C339,C352,western
C339,C353,western
C339,C354,western
C339,C355,western
C339,C356,western
C339,C357,western
C339,C358,southwestern
C339,C359,western
C339,C360,southwestern
C339,C361,southwestern
C339,C362,southwestern
C339,C363,southwestern
C339,C364,southwestern
C339,C365,southwestern
C339,C366,southwestern
C339,C367,southwestern
C339,C368,southern
C339,C369,southwestern
C339,C370,southwestern
C339,C371,southwestern
C339,C372,southwestern
C339,C373,northern
C339,C374,northwestern
C339,C375,northwestern
C339,C376,northern
C339,C377,northern
C339,C378,northwestern
C339,C379,northern
C339,C380,northwestern
C339,C381,northern
C339,C382,northwestern
C339,C383,northwestern
C339,C384,northwestern
C339,C385,northwestern
C339,C386,northwestern
C340,C126,southern
C340,C127,southwestern
C340,C128,southern
C340,C129,southwestern
C340,C130,southwestern
C340,C131,southwestern
C340,C132,southern
C340,C133,southern
C340,C134,western
C340,C135,southern
C340,C136,southern
C340,C137,southern
C340,C138,southwestern
C340,C316,northwestern
C340,C319,western
C340,C320,western
C340,C321,western
C340,C322,western
C340,C323,northwestern
C340,C324,western
C340,C325,western
C340,C326,northwestern
C340,C327,northwestern
C340,C328,northeastern
C340,C329,eastern
C340,C330,eastern
C340,C331,eastern
C340,C332,eastern
C340,C333,eastern
C340,C334,eastern
C340,C335,eastern
C340,C336,eastern
C340,C337,eastern
C340,C338,eastern
C340,C339,eastern
C340,C341,northeastern
C340,C342,southwestern
C340,C343,northeastern
C340,C344,southern
C340,C345,northern
C340,C346,southwestern
C340,C347,southwestern
C340,C348,southern
C340,C349,northeastern
C340,C350,northwestern
C340,C351,eastern
C340,C352,southeastern
C340,C353,western
C340,C354,southeastern
C340,C355,southeastern
C340,C356,southern
C340,C357,eastern
C340,C358,southeastern
C340,C359,southeastern
C340,C360,southeastern
C340,C361,southern
C340,C373,northeastern
C340,C374,northeastern
C340,C375,northeastern
C340,C376,northeastern
C340,C377,northeastern
C340,C378,northeastern
C340,C379,northeastern
C340,C380,northeastern
C340,C381,northeastern
C340,C382,northeastern
C340,C383,northeastern
C340,C384,northeastern
C340,C385,northeastern
C340,C386,northeastern
C340,C387,northern
C340,C388,northern
C340,C389,northern
C340,C390,northern
C340,C391,northern
C340,C392,northern
C340,C393,northwestern
C340,C394,northern
C340,C395,northern
C340,C396,northern
C341,C126,southern
C341,C127,southwestern
C341,C128,southwestern
C341,C129,southwestern
C341,C130,southwestern
C341,C131,southwestern
C341,C132,southern
C341,C133,southwestern
C341,C134,western
C341,C135,southern
C341,C136,southern
C341,C137,southwestern
C341,C138,southwestern
C341,C316,western
C341,C319,western
C341,C320,western
C341,C321,western
C341,C322,western
C341,C323,western
C341,C324,western
C341,C325,western
C341,C326,western
C341,C327,western
C341,C328,northeastern
C341,C329,eastern
C341,C330,eastern
C341,C331,southeastern
C341,C332,southeastern
C341,C333,eastern
C341,C334,eastern
C341,C335,eastern
C341,C336,eastern
C341,C337,southeastern
C341,C338,eastern
C341,C339,eastern
C341,C340,southwestern
C341,C342,southwestern
C341,C343,northwestern
C341,C344,southwestern
C341,C345,northwestern
C341,C346,southwestern
C341,C347,southwestern
C341,C348,southern
C341,C349,northern
C341,C350,western
C341,C351,southern
C341,C352,southern
C341,C353,southwestern
C341,C354,southwestern
C341,C355,southern
C341,C356,southern
C341,C357,southeastern
C341,C358,southeastern
C341,C359,southeastern
C341,C360,southern
C341,C361,southern
C341,C373,northeastern
C341,C374,northeastern
C341,C375,northern
C341,C376,northeastern
C341,C377,northeastern
C341,C378,northeastern
C341,C379,northeastern
C341,C380,northeastern
C341,C381,northeastern
C341,C382,northeastern
C341,C383,northeastern
C341,C384,northern
C341,C385,northern
C341,C386,northern
C341,C387,northwestern
C341,C388,northern
C341,C389,northern
C341,C390,northwestern
C341,C391,northwestern
C341,C392,northwestern
C341,C393,northwestern
C341,C394,northwestern
C341,C395,northern
C341,C396,northwestern
C342,C126,southeastern
C342,C127,southern
C342,C128,southern
C342,C129,western
C342,C130,southwestern
C342,C131,southern
C342,C132,southeastern
C342,C133,southern
C342,C134,western
C342,C135,southeastern
C342,C136,southern
C342,C137,southern
C342,C138,southwestern
C342,C316,northern
C342,C319,northern
C342,C320,northwestern
C342,C321,northwestern
C342,C322,northwestern
C342,C323,northern
C342,C324,northwestern
C342,C325,northwestern
C342,C326,northwestern
C342,C327,northwestern
C342,C328,northeastern
C342,C329,eastern
C342,C330,eastern
C342,C331,eastern
C342,C332,eastern
C342,C333,eastern
C342,C334,eastern
C342,C335,eastern
C342,C336,eastern
C342,C337,eastern
C342,C338,eastern
C342,C339,eastern
C342,C340,northeastern
C342,C341,northeastern
C342,C343,northeastern
C342,C344,eastern
C342,C345,northeastern
C342,C346,southeastern
C342,C347,eastern
C342,C348,southeastern
C342,C349,northeastern
C342,C350,northeastern
C342,C351,northeastern
C342,C352,eastern
C342,C353,northeastern
C342,C354,eastern
C342,C355,eastern
C342,C356,southeastern
C342,C357,eastern
C342,C358,eastern
C342,C359,eastern
C342,C360,southeastern
C342,C361,southeastern
C342,C373,northeastern
C342,C374,northeastern
C342,C375,northeastern
C342,C376,northeastern
C342,C377,northeastern
C342,C378,northeastern
C342,C379,northeastern
C342,C380,northeastern
C342,C381,northeastern
C342,C382,northeastern
C342,C383,northeastern
C342,C384,northeastern
C342,C385,northeastern
C342,C386,northeastern
C342,C387,northern
C342,C388,northeastern
C342,C389,northeastern
C342,C390,northern
C342,C391,northern
C342,C392,northern
C342,C393,northern
C342,C394,northern
C342,C395,northern
C342,C396,northern
C343,C126,southern
C343,C127,southwestern
C343,C128,southern
C343,C129,southwestern
C343,C130,southwestern
C343,C131,southwestern
C343,C132,southern
C343,C133,southern
C343,C134,southwestern
C343,C135,southern
C343,C136,southern
C343,C137,southern
C343,C138,southwestern
C343,C316,western
C343,C319,southwestern
C343,C320,western
C343,C321,western
C343,C322,western
C343,C323,western
C343,C324,western
C343,C325,western
C343,C326,western
C343,C327,western
C343,C328,eastern
C343,C329,eastern
C343,C330,eastern
C343,C331,southeastern
C343,C332,southeastern
C343,C333,eastern
C343,C334,eastern
C343,C335,eastern
C343,C336,eastern
C343,C337,southeastern
C343,C338,eastern
C343,C339,eastern
C343,C340,southwestern
C343,C341,southeastern
C343,C342,southwestern
C343,C344,southern
C343,C345,western
C343,C346,southwestern
C343,C347,southwestern
C343,C348,southern
C343,C349,northern
C343,C350,southwestern
C343,C351,southern
C343,C352,southern
C343,C353,southwestern
C343,C354,southern
C343,C355,southern
C343,C356,southern
C343,C357,southeastern
C343,C358,southeastern
C343,C359,southeastern
C343,C360,southern
C343,C361,southern
C343,C373,northeastern
C343,C374,northeastern
C343,C375,northeastern
C343,C376,northeastern
C343,C377,northeastern
C343,C378,northeastern
C343,C379,northeastern
C343,C380,northeastern
C343,C381,eastern
C343,C382,northeastern
C343,C383,eastern
C343,C384,northeastern
C343,C385,northeastern
C343,C386,northeastern
C343,C387,northern
C343,C388,northern
C343,C389,northern
C343,C390,northwestern
C343,C391,northern
C343,C392,northwestern
C343,C393,northwestern
C343,C394,northwestern
C343,C395,northern
C343,C396,northern
C344,C126,southern
C344,C127,southwestern
C344,C128,southwestern
C344,C129,western
C344,C130,southwestern
C344,C131,southwestern
C344,C132,southern
C344,C133,southwestern
C344,C134,western
C344,C135,southern
C344,C136,southern
C344,C137,southwestern
C344,C138,western
C344,C316,northwestern
C344,C319,northwestern
C344,C320,northwestern
C344,C321,northwestern
C344,C322,northwestern
C344,C323,northwestern
C344,C324,western
C344,C325,northwestern
C344,C326,northwestern
C344,C327,northwestern
C344,C328,northeastern
C344,C329,eastern
C344,C330,northeastern
C344,C331,eastern
C344,C332,eastern
C344,C333,eastern
C344,C334,eastern
C344,C335,northeastern
C344,C336,eastern
C344,C337,eastern
C344,C338,northeastern
C344,C339,eastern
C344,C340,northern
C344,C341,northeastern
C344,C342,western
C344,C343,northern
C344,C345,northern
C344,C346,western
C344,C347,northwestern
C344,C348,southern
C344,C349,northern
C344,C350,northwestern
C344,C351,northeastern
C344,C352,northeastern
C344,C353,northwestern
C344,C354,northern
C344,C355,southeastern
C344,C356,southern
C344,C357,eastern
C344,C358,southeastern
C344,C359,eastern
C344,C360,southeastern
C344,C361,southern
C344,C373,northeastern
C344,C374,northeastern
C344,C375,northeastern
C344,C376,northeastern
C344,C377,northeastern
C344,C378,northeastern
C344,C379,northeastern
C344,C380,northeastern
C344,C381,northeastern
C344,C382,northeastern
C344,C383,northeastern
C344,C384,northern
C344,C385,northern
C344,C386,northern
C344,C387,northern
C344,C388,northern
C344,C389,northern
C344,C390,northern
C344,C391,northern
C344,C392,northern
C344,C393,northwestern
C344,C394,northern
C344,C395,northern
C344,C396,northern
C345,C126,southern
C345,C127,southern
C345,C128,southern
C345,C129,southwestern
C345,C130,southwestern
C345,C131,southern
C345,C132,southern
C345,C133,southern
C345,C134,southwestern
C345,C135,southern
C345,C136,southern
C345,C137,southern
C345,C138,southwestern
C345,C316,western
C345,C319,southwestern
C345,C320,southwestern
C345,C321,western
C345,C322,western
C345,C323,western
C345,C324,southwestern
C345,C325,western
C345,C326,western
C345,C327,western
C345,C328,eastern
C345,C329,eastern
C345,C330,eastern
C345,C331,southeastern
C345,C332,southeastern
C345,C333,eastern
C345,C334,eastern
C345,C335,eastern
C345,C336,eastern
C345,C337,southeastern
C345,C338,eastern
C345,C339,eastern
C345,C340,southern
C345,C341,southeastern
C345,C342,southwestern
C345,C343,eastern
C345,C344,southern
C345,C346,southern
C345,C347,southern
C345,C348,southern
C345,C349,northeastern
C345,C350,southwestern
C345,C351,southeastern
C345,C352,southeastern
C345,C353,southwestern
C345,C354,southern
C345,C355,southeastern
C345,C356,southern
C345,C357,southeastern
C345,C358,southeastern
C345,C359,southeastern
C345,C360,southern
C345,C361,southern
C345,C373,eastern
C345,C374,northeastern
C345,C375,northeastern
C345,C376,northeastern
C345,C377,northeastern
C345,C378,northeastern
C345,C379,northeastern
C345,C380,eastern
C345,C381,eastern
C345,C382,northeastern
C345,C383,eastern
C345,C384,northeastern
C345,C385,northeastern
C345,C386,northeastern
C345,C387,northern
C345,C388,northern
C345,C389,northeastern
C345,C390,northern
C345,C391,northern
C345,C392,northwestern
C345,C393,northwestern
C345,C394,northern
C345,C395,northern
C345,C396,northern
C346,C126,southeastern
C346,C127,southwestern
C346,C128,southern
C346,C129,western
C346,C130,southwestern
C346,C131,southern
C346,C132,southern
C346,C133,southern
C346,C134,northwestern
C346,C135,southern
C346,C136,southern
C346,C137,southern
C346,C138,western
C346,C316,northern
C346,C319,northwestern
C346,C320,northwestern
C346,C321,northwestern
C346,C322,northwestern
C346,C323,northern
C346,C324,northwestern
C346,C325,northwestern
C346,C326,northwestern
C346,C327,northwestern
C346,C328,northeastern
C346,C329,eastern
C346,C330,northeastern
C346,C331,eastern
C346,C332,eastern
C346,C333,eastern
C346,C334,eastern
C346,C335,northeastern
C346,C336,eastern
C346,C337,eastern
C346,C338,northeastern
C346,C339,eastern
C346,C340,northeastern
C346,C341,northeastern
C346,C342,northwestern
C346,C343,northeastern
C346,C344,eastern
C346,C345,northern
C346,C347,northeastern
C346,C348,eastern
C346,C349,northeastern
C346,C350,northern
C346,C351,northeastern
C346,C352,eastern
C346,C353,northern
C346,C354,northeastern
C346,C355,eastern
C346,C356,southeastern
C346,C357,eastern
C346,C358,eastern
C346,C359,eastern
C346,C360,southeastern
C346,C361,southeastern
C346,C373,northeastern
C346,C374,northeastern
C346,C375,northeastern
C346,C376,northeastern
C346,C377,northeastern
C346,C378,northeastern
C346,C379,northeastern
C346,C380,northeastern
C346,C381,northeastern
C346,C382,northeastern
C346,C383,northeastern
C346,C384,northeastern
C346,C385,northeastern
C346,C386,northeastern
C346,C387,northern
C346,C388,northern
C346,C389,northern
C346,C390,northern
C346,C391,northern
C346,C392,northern
C346,C393,northern
C346,C394,northern
C346,C395,northern
C346,C396,northern
C347,C126,southern
C347,C127,southwestern
C347,C128,southern
C347,C129,western
C347,C130,southwestern
C347,C131,southwestern
C347,C132,southern
C347,C133,southern
C347,C134,western
C347,C135,southern
C347,C136,southern
C347,C137,southern
C347,C138,southwestern
C347,C316,northwestern
C347,C319,northwestern
C347,C320,western
C347,C321,northwestern
C347,C322,northwestern
C347,C323,northwestern
C347,C324,western
C347,C325,northwestern
C347,C326,northwestern
C347,C327,northwestern
C347,C328,northeastern
C347,C329,eastern
C347,C330,eastern
C347,C331,eastern
C347,C332,eastern
C347,C333,eastern
C347,C334,eastern
C347,C335,eastern
C347,C336,eastern
C347,C337,eastern
C347,C338,northeastern
C347,C339,eastern
C347,C340,northeastern
C347,C341,northeastern
C347,C342,western
C347,C343,northeastern
C347,C344,southeastern
C347,C345,northern
C347,C346,southwestern
C347,C348,southeastern
C347,C349,northeastern
C347,C350,northern
C347,C351,northeastern
C347,C352,eastern
C347,C353,northwestern
C347,C354,northeastern
C347,C355,southeastern
C347,C356,southeastern
C347,C357,eastern
C347,C358,southeastern
C347,C359,eastern
C347,C360,southeastern
C347,C361,southeastern
C347,C373,northeastern
C347,C374,northeastern
C347,C375,northeastern
C347,C376,northeastern
C347,C377,northeastern
C347,C378,northeastern
C347,C379,northeastern
C347,C380,northeastern
C347,C381,northeastern
C347,C382,northeastern
C347,C383,northeastern
C347,C384,northeastern
C347,C385,northeastern
C347,C386,northeastern
C347,C387,northern
C347,C388,northern
C347,C389,northern
C347,C390,northern
C347,C391,northern
C347,C392,northern
C347,C393,northern
C347,C394,northern
C347,C395,northern
C347,C396,northern
C348,C126,southern
C348,C127,southwestern
C348,C128,southwestern
C348,C129,western
C348,C130,western
C348,C131,western
C348,C132,southern
C348,C133,southwestern
C348,C134,northwestern
C348,C135,southern
C348,C136,southern
C348,C137,southwestern
C348,C138,western
C348,C316,northwestern
C348,C319,northwestern
C348,C320,northwestern
C348,C321,northwestern
C348,C322,northwestern
C348,C323,northwestern
C348,C324,northwestern
C348,C325,northwestern
C348,C326,northwestern
C348,C327,northwestern
C348,C328,northeastern
C348,C329,northeastern
C348,C330,northeastern
C348,C331,northeastern
C348,C332,eastern
C348,C333,northeastern
C348,C334,eastern
C348,C335,northeastern
C348,C336,northeastern
C348,C337,eastern
C348,C338,northeastern
C348,C339,eastern
C348,C340,northern
C348,C341,northern
C348,C342,northwestern
C348,C343,northern
C348,C344,northern
C348,C345,northern
C348,C346,western
C348,C347,northwestern
C348,C349,northern
C348,C350,northern
C348,C351,northern
C348,C352,northeastern
C348,C353,northwestern
C348,C354,northern
C348,C355,eastern
C348,C356,southeastern
C348,C357,northeastern
C348,C358,eastern
C348,C359,eastern
C348,C360,southeastern
C348,C361,southeastern
C348,C373,northeastern
C348,C374,northeastern
C348,C375,northern
C348,C376,northeastern
C348,C377,northeastern
C348,C378,northern
C348,C379,northeastern
C348,C380,northeastern
C348,C381,northeastern
C348,C382,northeastern
C348,C383,northeastern
C348,C384,northern
C348,C385,northern
C348,C386,northern
C348,C387,northern
C348,C388,northern
C348,C389,northern
C348,C390,northern
C348,C391,northern
C348,C392,northern
C348,C393,northern
C348,C394,northern
C348,C395,northern
C348,C396,northern
C349,C126,southern
C349,C127,southwestern
C349,C128,southern
C349,C129,southwestern
C349,C130,southwestern
C349,C131,southwestern
C349,C132,southern
C349,C133,southern
C349,C134,southwestern
C349,C135,southern
C349,C136,southern
C349,C137,southern
C349,C138,southwestern
C349,C316,southwestern
C349,C319,southwestern
C349,C320,southwestern
C349,C321,western
C349,C322,western
C349,C323,western
C349,C324,southwestern
C349,C325,western
C349,C326,western
C349,C327,western
C349,C328,eastern
C349,C329,eastern
C349,C330,eastern
C349,C331,southeastern
C349,C332,southeastern
C349,C333,eastern
C349,C334,southeastern
C349,C335,eastern
C349,C336,eastern
C349,C337,southeastern
C349,C338,southeastern
C349,C339,southeastern
C349,C340,southwestern
C349,C341,southern
C349,C342,southwestern
C349,C343,southern
C349,C344,southern
C349,C345,southwestern
C349,C346,southwestern
C349,C347,southwestern
C349,C348,southern
C349,C350,southwestern
C349,C351,southern
C349,C352,southern
C349,C353,southwestern
C349,C354,southern
C349,C355,southern
C349,C356,southern
C349,C357,southeastern
C349,C358,southeastern
C349,C359,southeastern
C349,C360,southern
C349,C361,southern
C349,C373,eastern
C349,C374,northeastern
C349,C375,northeastern
C349,C376,northeastern
C349,C377,northeastern
C349,C378,northeastern
C349,C379,northeastern
C349,C380,eastern
C349,C381,eastern
C349,C382,northeastern
C349,C383,eastern
C349,C384,northeastern
C349,C385,northeastern
C349,C386,northeastern
C349,C387,northwestern
C349,C388,northern
C349,C389,northwestern
C349,C390,northwestern
C349,C391,northwestern
C349,C392,northwestern
C349,C393,western
C349,C394,northwestern
C349,C395,northwestern
C349,C396,northwestern
C350,C126,southern
C350,C127,southern
C350,C128,southern
C350,C129,southwestern
C350,C130,southwestern
C350,C131,southern
C350,C132,southern
C350,C133,southern
C350,C134,southwestern
C350,C135,southern
C350,C136,southern
C350,C137,southern
C350,C138,southwestern
C350,C316,northwestern
C350,C319,southwestern
C350,C320,western
C350,C321,western
C350,C322,western
C350,C323,northwestern
C350,C324,western
C350,C325,western
C350,C326,western
C350,C327,northwestern
C350,C328,northeastern
C350,C329,eastern
C350,C330,eastern
C350,C331,eastern
C350,C332,eastern
C350,C333,eastern
C350,C334,eastern
C350,C335,eastern
C350,C336,eastern
C350,C337,eastern
C350,C338,eastern
C350,C339,eastern
C350,C340,southeastern
C350,C341,eastern
C350,C342,southwestern
C350,C343,northeastern
C350,C344,southeastern
C350,C345,northeastern
C350,C346,southern
C350,C347,southern
C350,C348,southern
C350,C349,northeastern
C350,C351,eastern
C350,C352,southeastern
C350,C353,southwestern
C350,C354,southeastern
C350,C355,southeastern
C350,C356,southern
C350,C357,southeastern
C350,C358,southeastern
C350,C359,southeastern
C350,C360,southeastern
C350,C361,southeastern
C350,C373,northeastern
C350,C374,northeastern
C350,C375,northeastern
C350,C376,northeastern
C350,C377,northeastern
C350,C378,northeastern
C350,C379,northeastern
C350,C380,northeastern
C350,C381,eastern
C350,C382,northeastern
C350,C383,eastern
C350,C384,northeastern
C350,C385,northeastern
C350,C386,northeastern
C350,C387,northern
C350,C388,northern
C350,C389,northeastern
C350,C390,northern
C350,C391,northern
C350,C392,northern
C350,C393,northern
C350,C394,northern
C350,C395,northern
C350,C396,northern
C351,C126,southern
C351,C127,southwestern
C351,C128,southwestern
C351,C129,southwestern
C351,C130,southwestern
C351,C131,southwestern
C351,C132,southern
C351,C133,southwestern
C351,C134,western
C351,C135,southern
C351,C136,southern
C351,C137,southwestern
C351,C138,southwestern
C351,C316,western
C351,C319,western
C351,C320,western
C351,C321,western
C351,C322,western
C351,C323,northwestern
C351,C324,western
C351,C325,western
C351,C326,western
C351,C327,northwestern
C351,C328,northeastern
C351,C329,eastern
C351,C330,eastern
C351,C331,eastern
C351,C332,eastern
C351,C333,eastern
C351,C334,eastern
C351,C335,eastern
C351,C336,eastern
C351,C337,eastern
C351,C338,eastern
C351,C339,eastern
C351,C340,western
C351,C341,northern
C351,C342,southwestern
C351,C343,northern
C351,C344,southwestern
C351,C345,northwestern
C351,C346,southwestern
C351,C347,southwestern
C351,C348,southern
C351,C349,northern
C351,C350,western
C351,C352,southern
C351,C353,western
C351,C354,southwestern
C351,C355,southern
C351,C356,southern
C351,C357,southeastern
C351,C358,southeastern
C351,C359,southeastern
C351,C360,southern
C351,C361,southern
C351,C373,northeastern
C351,C374,northeastern
C351,C375,northern
C351,C376,northeastern
C351,C377,northeastern
C351,C378,northern
C351,C379,northeastern
C351,C380,northeastern
C351,C381,northeastern
C351,C382,northeastern
C351,C383,northeastern
C351,C384,northern
C351,C385,northern
C351,C386,northern
C351,C387,northern
C351,C388,northern
C351,C389,northern
C351,C390,northwestern
C351,C391,northern
C351,C392,northwestern
C351,C393,northwestern
C351,C394,northwestern
C351,C395,northern
C351,C396,northern
C352,C126,southwestern
C352,C127,southwestern
C352,C128,southwestern
C352,C129,western
C352,C130,southwestern
C352,C131,southwestern
C352,C132,southern
C352,C133,southwestern
C352,C134,western
C352,C135,southwestern
C352,C136,southwestern
C352,C137,southwestern
C352,C138,western
C352,C316,northwestern
C352,C319,western
C352,C320,western
C352,C321,western
C352,C322,western
C352,C323,northwestern
C352,C324,western
C352,C325,western
C352,C326,northwestern
C352,C327,northwestern
C352,C328,northeastern
C352,C329,eastern
C352,C330,northeastern
C352,C331,eastern
C352,C332,eastern
C352,C333,eastern
C352,C334,eastern
C352,C335,northeastern
C352,C336,eastern
C352,C337,eastern
C352,C338,northeastern
C352,C339,eastern
C352,C340,northwestern
C352,C341,northern
C352,C342,western
C352,C343,northern
C352,C344,southwestern
C352,C345,northwestern
C352,C346,western
C352,C347,western
C352,C348,southwestern
C352,C349,northern
C352,C350,northwestern
C352,C351,northern
C352,C353,western
C352,C354,northwestern
C352,C355,southern
C352,C356,southern
C352,C357,eastern
C352,C358,southeastern
C352,C359,southeastern
C352,C360,southern
C352,C361,southern
C352,C373,northeastern
C352,C374,northeastern
C352,C375,northern
C352,C376,northeastern
C352,C377,northeastern
C352,C378,northern
C352,C379,northeastern
C352,C380,northeastern
C352,C381,northeastern
C352,C382,northern
C352,C383,northeastern
C352,C384,northern
C352,C385,northern
C352,C386,northern
C352,C387,northern
C352,C388,northern
C352,C389,northern
C352,C390,northwestern
C352,C391,northern
C352,C392,northwestern
C352,C393,northwestern
C352,C394,northwestern
C352,C395,northern
C352,C396,northern
C353,C126,southern
C353,C127,southern
C353,C128,southern
C353,C129,southwestern
C353,C130,southwestern
C353,C131,southern
C353,C132,southern
C353,C133,southern
C353,C134,western
C353,C135,southern
C353,C136,southern
C353,C137,southern
C353,C138,southwestern
C353,C316,northern
C353,C319,western
C353,C320,western
C353,C321,northwestern
C353,C322,northwestern
C353,C323,northwestern
C353,C324,western
C353,C325,northwestern
C353,C326,northwestern
C353,C327,northwestern
C353,C328,northeastern
C353,C329,eastern
C353,C330,eastern
C353,C331,eastern
C353,C332,eastern
C353,C333,eastern
C353,C334,eastern
C353,C335,eastern
C353,C336,eastern
C353,C337,eastern
C353,C338,eastern
C353,C339,eastern
C353,C340,eastern
C353,C341,northeastern
C353,C342,southwestern
C353,C343,northeastern
C353,C344,southeastern
C353,C345,northeastern
C353,C346,southern
C353,C347,southeastern
C353,C348,southeastern
C353,C349,northeastern
C353,C350,northeastern
C353,C351,eastern
C353,C352,eastern
C353,C354,eastern
C353,C355,southeastern
C353,C356,southeastern
C353,C357,eastern
C353,C358,southeastern
C353,C359,eastern
C353,C360,southeastern
C353,C361,southeastern
C353,C373,northeastern
C353,C374,northeastern
C353,C375,northeastern
C353,C376,northeastern
C353,C377,northeastern
C353,C378,northeastern
C353,C379,northeastern
C353,C380,northeastern
C353,C381,northeastern
C353,C382,northeastern
C353,C383,northeastern
C353,C384,northeastern
C353,C385,northeastern
C353,C386,northeastern
C353,C387,northern
C353,C388,northern
C353,C389,northeastern
C353,C390,northern
C353,C391,northern
C353,C392,northern
C353,C393,northern
C353,C394,northern
C353,C395,northern
C353,C396,northern
C354,C126,southern
C354,C127,southwestern
C354,C128,southwestern
C354,C129,western
C354,C130,southwestern
C354,C131,southwestern
C354,C132,southern
C354,C133,southern
C354,C134,western
C354,C135,southern
C354,C136,southern
C354,C137,southwestern
C354,C138,southwestern
C354,C316,northwestern
C354,C319,western
C354,C320,western
C354,C321,western
C354,C322,western
C354,C323,northwestern
C354,C324,western
C354,C325,western
C354,C326,northwestern
C354,C327,northwestern
C354,C328,northeastern
C354,C329,eastern
C354,C330,eastern
C354,C331,eastern
C354,C332,eastern
C354,C333,eastern
C354,C334,eastern
C354,C335,eastern
C354,C336,eastern
C354,C337,eastern
C354,C338,eastern
C354,C339,eastern
C354,C340,northwestern
C354,C341,northeastern
C354,C342,western
C354,C343,northern
C354,C344,southern
C354,C345,northern
C354,C346,southwestern
C354,C347,southwestern
C354,C348,southern
C354,C349,northern
C354,C350,northwestern
C354,C351,northeastern
C354,C352,southeastern
C354,C353,western
C354,C355,southeastern
C354,C356,southern
C354,C357,eastern
C354,C358,southeastern
C354,C359,southeastern
C354,C360,southeastern
C354,C361,southern
C354,C373,northeastern
C354,C374,northeastern
C354,C375,northeastern
C354,C376,northeastern
C354,C377,northeastern
C354,C378,northeastern
C354,C379,northeastern
C354,C380,northeastern
C354,C381,northeastern
C354,C382,northeastern
C354,C383,northeastern
C354,C384,northeastern
C354,C385,northern
C354,C386,northern
C354,C387,northern
C354,C388,northern
C354,C389,northern
C354,C390,northern
C354,C391,northern
C354,C392,northern
C354,C393,northwestern
C354,C394,northern
C354,C395,northern
C354,C396,northern
C355,C126,southwestern
C355,C127,southwestern
C355,C128,southwestern
C355,C129,western
C355,C130,western
C355,C131,western
C355,C132,southwestern
C355,C133,southwestern
C355,C134,western
C355,C135,southwestern
C355,C136,southwestern
C355,C137,southwestern
C355,C138,western
C355,C328,northern
C355,C329,northeastern
C355,C330,northeastern
C355,C331,northeastern
C355,C332,eastern
C355,C333,northeastern
C355,C334,eastern
C355,C335,northeastern
C355,C336,northeastern
C355,C337,eastern
C355,C338,northern
C355,C339,eastern
C355,C340,northwestern
C355,C341,northern
C355,C342,western
C355,C343,northern
C355,C344,northwestern
C355,C345,northwestern
C355,C346,western
C355,C347,northwestern
C355,C348,western
C355,C349,northern
C355,C350,northwestern
C355,C351,northern
C355,C352,northern
C355,C353,northwestern
C355,C354,northwestern
C355,C356,southwestern
C355,C357,northeastern
C355,C358,southeastern
C355,C359,eastern
C355,C360,southern
C355,C361,southern
C355,C362,eastern
C355,C363,southern
C355,C364,southeastern
C355,C365,southern
C355,C366,southeastern
C355,C367,southern
C355,C368,southeastern
C355,C369,southeastern
C355,C370,southern
C355,C371,southern
C355,C372,southeastern
C356,C126,western
C356,C127,western
C356,C128,western
C356,C129,northwestern
C356,C130,western
C356,C131,western
C356,C132,southern
C356,C133,southwestern
C356,C134,northwestern
C356,C135,southwestern
C356,C136,southwestern
C356,C137,southwestern
C356,C138,western
C356,C328,northern
C356,C329,northeastern
C356,C330,northeastern
C356,C331,northeastern
C356,C332,eastern
C356,C333,northeastern
C356,C334,eastern
C356,C335,northeastern
C356,C336,northeastern
C356,C337,northeastern
C356,C338,northeastern
C356,C339,eastern
C356,C340,northern
C356,C341,northern
C356,C342,northwestern
C356,C343,northern
C356,C344,northern
C356,C345,northern
C356,C346,northwestern
C356,C347,northwestern
C356,C348,northern
C356,C349,northern
C356,C350,northern
C356,C351,northern
C356,C352,northern
C356,C353,northwestern
C356,C354,northern
C356,C355,northeastern
C356,C357,northeastern
C356,C358,eastern
C356,C359,northeastern
C356,C360,eastern
C356,C361,southeastern
C356,C362,eastern
C356,C363,southeastern
C356,C364,eastern
C356,C365,southeastern
C356,C366,eastern
C356,C367,eastern
C356,C368,eastern
C356,C369,southeastern
C356,C370,southeastern
C356,C371,southeastern
C356,C372,southeastern
C357,C126,southwestern
C357,C127,southwestern
C357,C128,southwestern
C357,C129,western
C357,C130,southwestern
C357,C131,western
C357,C132,southwestern
C357,C133,southwestern
C357,C134,western
C357,C135,southwestern
C357,C136,southwestern
C357,C137,southwestern
C357,C138,western
C357,C328,northern
C357,C329,northeastern
C357,C330,northeastern
C357,C331,northeastern
C357,C332,eastern
C357,C333,northeastern
C357,C334,eastern
C357,C335,northeastern
C357,C336,northeastern
C357,C337,eastern
C357,C338,northern
C357,C339,eastern
C357,C340,northwestern
C357,C341,northwestern
C357,C342,western
C357,C343,northwestern
C357,C344,western
C357,C345,northwestern
C357,C346,western
C357,C347,western
C357,C348,southwestern
C357,C349,northwestern
C357,C350,northwestern
C357,C351,northwestern
C357,C352,western
C357,C353,western
C357,C354,western
C357,C355,southwestern
C357,C356,southwestern
C357,C358,southeastern
C357,C359,southeastern
C357,C360,southwestern
C357,C361,southern
C357,C362,southeastern
C357,C363,southern
C357,C364,southeastern
C357,C365,southern
C357,C366,southern
C357,C367,southern
C357,C368,southeastern
C357,C369,southern
C357,C370,southern
C357,C371,southern
C357,C372,southern
C358,C126,western
C358,C127,western
C358,C128,western
C358,C129,western
C358,C130,western
C358,C131,western
C358,C132,southwestern
C358,C133,southwestern
C358,C134,western
C358,C135,western
C358,C136,southwestern
C358,C137,western
C358,C138,western
C358,C328,northern
C358,C329,northeastern
C358,C330,northeastern
C358,C331,northern
C358,C332,eastern
C358,C333,northeastern
C358,C334,northeastern
C358,C335,northern
C358,C336,northeastern
C358,C337,northeastern
C358,C338,northern
C358,C339,northeastern
C358,C340,northwestern
C358,C341,northwestern
C358,C342,western
C358,C343,northwestern
C358,C344,northwestern
C358,C345,northwestern
C358,C346,western
C358,C347,northwestern
C358,C348,western
C358,C349,northwestern
C358,C350,northwestern
C358,C351,northwestern
C358,C352,northwestern
C358,C353,northwestern
C358,C354,northwestern
C358,C355,northwestern
C358,C356,western
C358,C357,northwestern
C358,C359,northern
C358,C360,western
C358,C361,southwestern
C358,C362,eastern
C358,C363,southern
C358,C364,southeastern
C358,C365,southwestern
C358,C366,southern
C358,C367,southwestern
C358,C368,southeastern
C358,C369,southern
C358,C370,southern
C358,C371,southern
C358,C372,southern
C359,C126,western
C359,C127,western
C359,C128,western
C359,C129,western
C359,C130,western
C359,C131,western
C359,C132,southwestern
C359,C133,southwestern
C359,C134,western
C359,C135,southwestern
C359,C136,southwestern
C359,C137,southwestern
C359,C138,western
C359,C328,northern
C359,C329,northeastern
C359,C330,northeastern
C359,C331,northeastern
C359,C332,eastern
C359,C333,northeastern
C359,C334,eastern
C359,C335,northeastern
C359,C336,northeastern
C359,C337,eastern
C359,C338,northern
C359,C339,eastern
C359,C340,northwestern
C359,C341,northwestern
C359,C342,western
C359,C343,northwestern
C359,C344,western
C359,C345,northwestern
C359,C346,western
C359,C347,western
C359,C348,western
C359,C349,northwestern
C359,C350,northwestern
C359,C351,northwestern
C359,C352,northwestern
C359,C353,western
C359,C354,northwestern
C359,C355,western
C359,C356,southwestern
C359,C357,northwestern
C359,C358,southern
C359,C360,southwestern
C359,C361,southwestern
C359,C362,eastern
C359,C363,southern
C359,C364,southeastern
C359,C365,southwestern
C359,C366,southern
C359,C367,southern
C359,C368,southeastern
C359,C369,southern
C359,C370,southern
C359,C371,southern
C359,C372,southern
C360,C126,western
C360,C127,western
C360,C128,western
C360,C129,western
C360,C130,western
C360,C131,western
C360,C132,southwestern
C360,C133,southwestern
C360,C134,northwestern
C360,C135,southwestern
C360,C136,southwestern
C360,C137,western
C360,C138,western
C360,C328,northern
C360,C329,northeastern
C360,C330,northeastern
C360,C331,northeastern
C360,C332,eastern
C360,C333,northeastern
C360,C334,eastern
C360,C335,northeastern
C360,C336,northeastern
C360,C337,northeastern
C360,C338,northern
C360,C339,northeastern
C360,C340,northwestern
C360,C341,northern
C360,C342,northwestern
C360,C343,northern
C360,C344,northwestern
C360,C345,northern
C360,C346,northwestern
C360,C347,northwestern
C360,C348,northwestern
C360,C349,northern
C360,C350,northwestern
C360,C351,northern
C360,C352,northern
C360,C353,northwestern
C360,C354,northwestern
C360,C355,northern
C360,C356,western
C360,C357,northeastern
C360,C358,eastern
C360,C359,northeastern
C360,C361,southern
C360,C362,eastern
C360,C363,southeastern
C360,C364,eastern
C360,C365,southern
C360,C366,eastern
C360,C367,southeastern
C360,C368,eastern
C360,C369,southeastern
C360,C370,southern
C360,C371,southeastern
C360,C372,southeastern
C361,C126,northwestern
C361,C127,western
C361,C128,western
C361,C129,northwestern
C361,C130,western
C361,C131,northwestern
C361,C132,southwestern
C361,C133,western
C361,C134,northwestern
C361,C135,western
C361,C136,southwestern
C361,C137,western
C361,C138,northwestern
C361,C328,northern
C361,C329,northeastern
C361,C330,northeastern
C361,C331,northeastern
C361,C332,eastern
C361,C333,northeastern
C361,C334,northeastern
C361,C335,northeastern
C361,C336,northeastern
C361,C337,northeastern
C361,C338,northern
C361,C339,northeastern
C361,C340,northern
C361,C341,northern
C361,C342,northwestern
C361,C343,northern
C361,C344,northern
C361,C345,northern
C361,C346,northwestern
C361,C347,northwestern
C361,C348,northwestern
C361,C349,northern
C361,C350,northwestern
C361,C351,northern
C361,C352,northern
C361,C353,northwestern
C361,C354,northern
C361,C355,northern
C361,C356,northwestern
C361,C357,northern
C361,C358,northeastern
C361,C359,northeastern
C361,C360,northern
C361,C362,eastern
C361,C363,southeastern
C361,C364,eastern
C361,C365,southern
C361,C366,eastern
C361,C367,eastern
C361,C368,eastern
C361,C369,eastern
C361,C370,southeastern
C361,C371,southeastern
C361,C372,southeastern
C362,C328,northwestern
C362,C329,northern
C362,C330,northern
C362,C331,northwestern
C362,C332,northeastern
C362,C333,northeastern
C362,C334,northeastern
C362,C335,northern
C362,C336,northern
C362,C337,northwestern
C362,C338,northwestern
C362,C339,northeastern
C362,C355,western
C362,C356,western
C362,C357,northwestern
C362,C358,western
C362,C359,western
C362,C360,western
C362,C361,western
C362,C363,southwestern
C362,C364,southwestern
C362,C365,southwestern
C362,C366,western
C362,C367,western
C362,C368,southern
C362,C369,southwestern
C362,C370,southwestern
C362,C371,southwestern
C362,C372,southwestern
C363,C328,northern
C363,C329,northern
C363,C330,northeastern
C363,C331,northern
C363,C332,northeastern
C363,C333,northeastern
C363,C334,northeastern
C363,C335,northern
C363,C336,northeastern
C363,C337,northern
C363,C338,northern
C363,C339,northeastern
C363,C355,northern
C363,C356,northwestern
C363,C357,northern
C363,C358,northern
C363,C359,northern
C363,C360,northwestern
C363,C361,northwestern
C363,C362,northeastern
C363,C364,northern
C363,C365,northwestern
C363,C366,northern
C363,C367,northern
C363,C368,northeastern
C363,C369,northern
C363,C370,northwestern
C363,C371,northern
C363,C372,northern
C364,C328,northern
C364,C329,northern
C364,C330,northeastern
C364,C331,northern
C364,C332,northeastern
C364,C333,northeastern
C364,C334,northeastern
C364,C335,northern
C364,C336,northeastern
C364,C337,northern
C364,C338,northwestern
C364,C339,northeastern
C364,C355,northwestern
C364,C356,western
C364,C357,northwestern
C364,C358,northwestern
C364,C359,northwestern
C364,C360,western
C364,C361,western
C364,C362,northeastern
C364,C363,southern
C364,C365,southwestern
C364,C366,western
C364,C367,western
C364,C368,southeastern
C364,C369,southwestern
C364,C370,southwestern
C364,C371,southwestern
C364,C372,southwestern
C365,C328,northern
C365,C329,northeastern
C365,C330,northeastern
C365,C331,northeastern
C365,C332,northeastern
C365,C333,northeastern
C365,C334,northeastern
C365,C335,northeastern
C365,C336,northeastern
C365,C337,northeastern
C365,C338,northern
C365,C339,northeastern
C365,C355,northern
C365,C356,northwestern
C365,C357,northern
C365,C358,northeastern
C365,C359,northeastern
C365,C360,northern
C365,C361,northern
C365,C362,northeastern
C365,C363,southeastern
C365,C364,northeastern
C365,C366,northeastern
C365,C367,northeastern
C365,C368,eastern
C365,C369,eastern
C365,C370,southeastern
C365,C371,eastern
C365,C372,southeastern
C366,C328,northern
C366,C329,northeastern
C366,C330,northeastern
C366,C331,northern
C366,C332,northeastern
C366,C333,northeastern
C366,C334,northeastern
C366,C335,northern
C366,C336,northeastern
C366,C337,northeastern
C366,C338,northern
C366,C339,northeastern
C366,C355,northwestern
C366,C356,western
C366,C357,northern
C366,C358,northern
C366,C359,northern
C366,C360,western
C366,C361,western
C366,C362,eastern
C366,C363,southern
C366,C364,eastern
C366,C365,southwestern
C366,C367,western
C366,C368,southeastern
C366,C369,southern
C366,C370,southern
C366,C371,southwestern
C366,C372,southern
C367,C328,northern
C367,C329,northeastern
C367,C330,northeastern
C367,C331,northeastern
C367,C332,eastern
C367,C333,northeastern
C367,C334,northeastern
C367,C335,northeastern
C367,C336,northeastern
C367,C337,northeastern
C367,C338,northern
C367,C339,northeastern
C367,C355,northern
C367,C356,western
C367,C357,northern
C367,C358,northeastern
C367,C359,northern
C367,C360,northwestern
C367,C361,western
C367,C362,eastern
C367,C363,southern
C367,C364,eastern
C367,C365,southwestern
C367,C366,eastern
C367,C368,eastern
C367,C369,southeastern
C367,C370,southern
C367,C371,southern
C367,C372,southeastern
C368,C328,northern
C368,C329,northern
C368,C330,northern
C368,C331,northern
C368,C332,northeastern
C368,C333,northeastern
C368,C334,northeastern
C368,C335,northern
C368,C336,northern
C368,C337,northern
C368,C338,northwestern
C368,C339,northern
C368,C355,northwestern
C368,C356,western
C368,C357,northwestern
C368,C358,northwestern
C368,C359,northwestern
C368,C360,western
C368,C361,western
C368,C362,northern
C368,C363,southwestern
C368,C364,northwestern
C368,C365,western
C368,C366,northwestern
C368,C367,western
C368,C369,western
C368,C370,southwestern
C368,C371,western
C368,C372,southwestern
C369,C328,northern
C369,C329,northern
C369,C330,northeastern
C369,C331,northern
C369,C332,northeastern
C369,C333,northeastern
C369,C334,northeastern
C369,C335,northern
C369,C336,northeastern
C369,C337,northern
C369,C338,northern
C369,C339,northeastern
C369,C355,northwestern
C369,C356,northwestern
C369,C357,northern
C369,C358,northern
C369,C359,northern
C369,C360,northwestern
C369,C361,western
C369,C362,northeastern
C369,C363,southern
C369,C364,northeastern
C369,C365,western
C369,C366,northern
C369,C367,northwestern
C369,C368,eastern
C369,C370,southwestern
C369,C371,western
C369,C372,southern
C370,C328,northern
C370,C329,northeastern
C370,C330,northeastern
C370,C331,northern
C370,C332,northeastern
C370,C333,northeastern
C370,C334,northeastern
C370,C335,northern
C370,C336,northeastern
C370,C337,northeastern
C370,C338,northern
C370,C339,northeastern
C370,C355,northern
C370,C356,northwestern
C370,C357,northern
C370,C358,northern
C370,C359,northern
C370,C360,northern
C370,C361,northwestern
C370,C362,northeastern
C370,C363,southeastern
C370,C364,northeastern
C370,C365,northwestern
C370,C366,northern
C370,C367,northern
C370,C368,northeastern
C370,C369,northeastern
C370,C371,northern
C370,C372,northeastern
C371,C328,northern
C371,C329,northeastern
C371,C330,northeastern
C371,C331,northern
C371,C332,northeastern
C371,C333,northeastern
C371,C334,northeastern
C371,C335,northern
C371,C336,northeastern
C371,C337,northeastern
C371,C338,northern
C371,C339,northeastern
C371,C355,northern
C371,C356,northwestern
C371,C357,northern
C371,C358,northern
C371,C359,northern
C371,C360,northwestern
C371,C361,northwestern
C371,C362,northeastern
C371,C363,southern
C371,C364,northeastern
C371,C365,western
C371,C366,northeastern
C371,C367,northern
C371,C368,eastern
C371,C369,eastern
C371,C370,southern
C371,C372,southeastern
C372,C328,northern
C372,C329,northern
C372,C330,northeastern
C372,C331,northern
C372,C332,northeastern
C372,C333,northeastern
C372,C334,northeastern
C372,C335,northern
C372,C336,northeastern
C372,C337,northern
C372,C338,northern
C372,C339,northeastern
C372,C355,northwestern
C372,C356,northwestern
C372,C357,northern
C372,C358,northern
C372,C359,northern
C372,C360,northwestern
C372,C361,northwestern
C372,C362,northeastern
C372,C363,southern
C372,C364,northeastern
C372,C365,northwestern
C372,C366,northern
C372,C367,northwestern
C372,C368,northeastern
C372,C369,northern
C372,C370,southwestern
C372,C371,northwestern
C373,C231,northwestern
C373,C232,northwestern
C373,C233,northern
C373,C234,northwestern
C373,C235,northwestern
C373,C236,northwestern
C373,C237,northern
C373,C238,northwestern
C373,C239,northern
C373,C240,northwestern
C373,C241,northwestern
C373,C242,northern
C373,C243,northwestern
C373,C245,northern
C373,C246,northern
C373,C247,northern
C373,C248,northern
C373,C249,northern
C373,C250,northern
C373,C251,northern
C373,C252,northern
C373,C253,northeastern
C373,C254,northern
C373,C255,northern
C373,C256,northern
C373,C257,northern
C373,C304,northeastern
C373,C305,northeastern
C373,C306,eastern
C373,C307,eastern
C373,C308,northeastern
C373,C309,northeastern
C373,C310,eastern
C373,C311,northeastern
C373,C312,northeastern
C373,C313,eastern
C373,C317,western
C373,C328,southwestern
C373,C329,southern
C373,C330,southeastern
C373,C331,southern
C373,C332,southeastern
C373,C333,eastern
C373,C334,southeastern
C373,C335,southern
C373,C336,southeastern
C373,C337,southern
C373,C338,southwestern
C373,C339,southern
C373,C340,southwestern
C373,C341,southwestern
C373,C342,southwestern
C373,C343,southwestern
C373,C344,southwestern
C373,C345,western
C373,C346,southwestern
C373,C347,southwestern
C373,C348,southwestern
C373,C349,western
C373,C350,southwestern
C373,C351,southwestern
C373,C352,southwestern
C373,C353,southwestern
C373,C354,southwestern
C373,C374,northwestern
C373,C375,western
C373,C376,northern
C373,C377,northeastern
C373,C378,northwestern
C373,C379,northern
C373,C380,southwestern
C373,C381,southeastern
C373,C382,western
C373,C383,southern
C373,C384,western
C373,C385,western
C373,C386,western
C373,C387,western
C373,C388,western
C373,C389,western
C373,C390,western
C373,C391,western
C373,C392,western
C373,C393,western
C373,C394,western
C373,C395,western
C373,C396,western
C374,C231,northwestern
C374,C232,northwestern
C374,C233,northern
C374,C234,northwestern
C374,C235,northern
C374,C236,northwestern
C374,C237,northern
C374,C238,northwestern
C374,C239,northern
C374,C240,northwestern
C374,C241,northwestern
C374,C242,northern
C374,C243,northern
C374,C245,northern
C374,C246,northern
C374,C247,northern
C374,C248,northern
C374,C249,northern
C374,C250,northeastern
C374,C251,northern
C374,C252,northeastern
C374,C253,northeastern
C374,C254,northern
C374,C255,northeastern
C374,C256,northern
C374,C257,northern
C374,C304,eastern
C374,C305,northeastern
C374,C306,eastern
C374,C307,eastern
C374,C308,northeastern
C374,C309,northeastern
C374,C310,eastern
C374,C311,northeastern
C374,C312,eastern
C374,C313,eastern
C374,C317,western
C374,C328,southwestern
C374,C329,southeastern
C374,C330,southeastern
C374,C331,southern
C374,C332,southeastern
C374,C333,eastern
C374,C334,southeastern
C374,C335,southern
C374,C336,southeastern
C374,C337,southern
C374,C338,southwestern
C374,C339,southeastern
C374,C340,southwestern
C374,C341,southwestern
C374,C342,southwestern
C374,C343,southwestern
C374,C344,southwestern
C374,C345,southwestern
C374,C346,southwestern
C374,C347,southwestern
C374,C348,southwestern
C374,C349,southwestern
C374,C350,southwestern
C374,C351,southwestern
C374,C352,southwestern
C374,C353,southwestern
C374,C354,southwestern
C374,C373,southeastern
C374,C375,southwestern
C374,C376,eastern
C374,C377,eastern
C374,C378,northwestern
C374,C379,northeastern
C374,C380,southern
C374,C381,southeastern
C374,C382,western
C374,C383,southeastern
C374,C384,western
C374,C385,western
C374,C386,southwestern
C374,C387,western
C374,C388,western
C374,C389,western
C374,C390,western
C374,C391,western
C374,C392,western
C374,C393,western
C374,C394,western
C374,C395,western
C374,C396,western
C375,C231,northern
C375,C232,northern
C375,C233,northern
C375,C234,northwestern
C375,C235,northern
C375,C236,northern
C375,C237,northern
C375,C238,northern
C375,C239,northern
C375,C240,northern
C375,C241,northern
C375,C242,northeastern
C375,C243,northern
C375,C245,northern
C375,C246,northeastern
C375,C247,northern
C375,C248,northern
C375,C249,northern
C375,C250,northeastern
C375,C251,northeastern
C375,C252,northeastern
C375,C253,northeastern
C375,C254,northeastern
C375,C255,northeastern
C375,C256,northern
C375,C257,northeastern
C375,C304,eastern
C375,C305,northeastern
C375,C306,eastern
C375,C307,eastern
C375,C308,northeastern
C375,C309,northeastern
C375,C310,eastern
C375,C311,northeastern
C375,C312,northeastern
C375,C313,eastern
C375,C317,northwestern
C375,C328,southern
C375,C329,southeastern
C375,C330,eastern
C375,C331,southeastern
C375,C332,southeastern
C375,C333,eastern
C375,C334,southeastern
C375,C335,southeastern
C375,C336,southeastern
C375,C337,southeastern
C375,C338,southern
C375,C339,southeastern
C375,C340,southwestern
C375,C341,southern
C375,C342,southwestern
C375,C343,southwestern
C375,C344,southwestern
C375,C345,southwestern
C375,C346,southwestern
C375,C347,southwestern
C375,C348,southern
C375,C349,southwestern
C375,C350,southwestern
C375,C351,southern
C375,C352,southern
C375,C353,southwestern
C375,C354,southwestern
C375,C373,eastern
C375,C374,northeastern
C375,C376,northeastern
C375,C377,eastern
C375,C378,northeastern
C375,C379,northeastern
C375,C380,eastern
C375,C381,eastern
C375,C382,northeastern
C375,C383,eastern
C375,C384,northern
C375,C385,northwestern
C375,C386,western
C375,C387,northwestern
C375,C388,northwestern
C375,C389,western
C375,C390,western
C375,C391,northwestern
C375,C392,western
C375,C393,western
C375,C394,northwestern
C375,C395,western
C375,C396,northwestern
C376,C231,northwestern
C376,C232,northwestern
C376,C233,northern
C376,C234,northwestern
C376,C235,northwestern
C376,C236,northwestern
C376,C237,northwestern
C376,C238,northwestern
C376,C239,northern
C376,C240,northwestern
C376,C241,northwestern
C376,C242,northwestern
C376,C243,northwestern
C376,C245,northern
C376,C246,northern
C376,C247,northern
C376,C248,northern
C376,C249,northern
C376,C250,northern
C376,C251,northern
C376,C252,northern
C376,C253,northeastern
C376,C254,northern
C376,C255,northeastern
C376,C256,northern
C376,C257,northern
C376,C304,eastern
C376,C305,northeastern
C376,C306,eastern
C376,C307,eastern
C376,C308,northeastern
C376,C309,northeastern
C376,C310,eastern
C376,C311,northeastern
C376,C312,eastern
C376,C313,eastern
C376,C317,western
C376,C328,southwestern
C376,C329,southern
C376,C330,southeastern
C376,C331,southern
C376,C332,southern
C376,C333,southeastern
C376,C334,southeastern
C376,C335,southern
C376,C336,southern
C376,C337,southern
C376,C338,southwestern
C376,C339,southern
C376,C340,southwestern
C376,C341,southwestern
C376,C342,southwestern
C376,C343,southwestern
C376,C344,southwestern
C376,C345,southwestern
C376,C346,southwestern
C376,C347,southwestern
C376,C348,southwestern
C376,C349,southwestern
C376,C350,southwestern
C376,C351,southwestern
C376,C352,southwestern
C376,C353,southwestern
C376,C354,southwestern
C376,C373,southern
C376,C374,western
C376,C375,southwestern
C376,C377,eastern
C376,C378,northwestern
C376,C379,northern
C376,C380,southwestern
C376,C381,southeastern
C376,C382,western
C376,C383,southern
C376,C384,western
C376,C385,western
C376,C386,southwestern
C376,C387,western
C376,C388,western
C376,C389,western
C376,C390,western
C376,C391,western
C376,C392,western
C376,C393,western
C376,C394,western
C376,C395,western
C376,C396,western
C377,C231,western
C377,C232,northwestern
C377,C233,northwestern
C377,C234,western
C377,C235,northwestern
C377,C236,northwestern
C377,C237,northwestern
C377,C238,northwestern
C377,C239,northwestern
C377,C240,northwestern
C377,C241,northwestern
C377,C242,northwestern
C377,C243,northwestern
C377,C245,northern
C377,C246,northern
C377,C247,northern
C377,C248,northwestern
C377,C249,northwestern
C377,C250,northwestern
C377,C251,northwestern
C377,C252,northern
C377,C253,northern
C377,C254,northern
C377,C255,northern
C377,C256,northwestern
C377,C257,northern
C377,C304,eastern
C377,C305,northeastern
C377,C306,eastern
C377,C307,southeastern
C377,C308,northern
C377,C309,northeastern
C377,C310,eastern
C377,C311,northeastern
C377,C312,northeastern
C377,C313,southeastern
C377,C317,western
C377,C328,southwestern
C377,C329,southern
C377,C330,southern
C377,C331,southwestern
C377,C332,southern
C377,C333,southeastern
C377,C334,southern
C377,C335,southwestern
C377,C336,southern
C377,C337,southern
C377,C338,southwestern
C377,C339,southern
C377,C340,southwestern
C377,C341,southwestern
C377,C342,southwestern
C377,C343,southwestern
C377,C344,southwestern
C377,C345,southwestern
C377,C346,southwestern
C377,C347,southwestern
C377,C348,southwestern
C377,C349,southwestern
C377,C350,southwestern
C377,C351,southwestern
C377,C352,southwestern
C377,C353,southwestern
C377,C354,southwestern
C377,C373,southwestern
C377,C374,western
C377,C375,western
C377,C376,western
C377,C378,western
C377,C379,northwestern
C377,C380,southwestern
C377,C381,southern
C377,C382,western
C377,C383,southwestern
C377,C384,western
C377,C385,western
C377,C386,western
C377,C387,western
C377,C388,western
C377,C389,western
C377,C390,western
C377,C391,western
C377,C392,western
C377,C393,western
C377,C394,western
C377,C395,western
C377,C396,western
C378,C231,northwestern
C378,C232,northern
C378,C233,northern
C378,C234,northwestern
C378,C235,northern
C378,C236,northwestern
C378,C237,northern
C378,C238,northwestern
C378,C239,northern
C378,C240,northwestern
C378,C241,northwestern
C378,C242,northeastern
C378,C243,northern
C378,C245,northern
C378,C246,northeastern
C378,C247,northern
C378,C248,northern
C378,C249,northern
C378,C250,northeastern
C378,C251,northeastern
C378,C252,northeastern
C378,C253,northeastern
C378,C254,northeastern
C378,C255,northeastern
C378,C256,northern
C378,C257,northeastern
C378,C304,eastern
C378,C305,eastern
C378,C306,eastern
C378,C307,eastern
C378,C308,eastern
C378,C309,northeastern
C378,C310,eastern
C378,C311,eastern
C378,C312,eastern
C378,C313,eastern
C378,C317,western
C378,C328,southern
C378,C329,southeastern
C378,C330,southeastern
C378,C331,southern
C378,C332,southeastern
C378,C333,southeastern
C378,C334,southeastern
C378,C335,southern
C378,C336,southeastern
C378,C337,southern
C378,C338,southern
C378,C339,southeastern
C378,C340,southwestern
C378,C341,southwestern
C378,C342,southwestern
C378,C343,southwestern
C378,C344,southwestern
C378,C345,southwestern
C378,C346,southwestern
C378,C347,southwestern
C378,C348,southern
C378,C349,southwestern
C378,C350,southwestern
C378,C351,southern
C378,C352,southern
C378,C353,southwestern
C378,C354,southwestern
C378,C373,southeastern
C378,C374,southeastern
C378,C375,southwestern
C378,C376,southeastern
C378,C377,eastern
C378,C379,eastern
C378,C380,southern
C378,C381,southeastern
C378,C382,southern
C378,C383,southeastern
C378,C384,southwestern
C378,C385,southwestern
C378,C386,southwestern
C378,C387,western
C378,C388,western
C378,C389,southwestern
C378,C390,southwestern
C378,C391,western
C378,C392,western
C378,C393,southwestern
C378,C394,western
C378,C395,southwestern
C378,C396,western
C379,C231,western
C379,C232,northwestern
C379,C233,northwestern
C379,C234,western
C379,C235,northwestern
C379,C236,northwestern
C379,C237,northwestern
C379,C238,northwestern
C379,C239,northwestern
C379,C240,northwestern
C379,C241,northwestern
C379,C242,northwestern
C379,C243,northwestern
C379,C245,northern
C379,C246,northern
C379,C247,northern
C379,C248,northern
C379,C249,northern
C379,C250,northern
C379,C251,northern
C379,C252,northern
C379,C253,northeastern
C379,C254,northern
C379,C255,northeastern
C379,C256,northern
C379,C257,northern
C379,C304,eastern
C379,C305,eastern
C379,C306,eastern
C379,C307,southeastern
C379,C308,northeastern
C379,C309,northeastern
C379,C310,eastern
C379,C311,eastern
C379,C312,eastern
C379,C313,southeastern
C379,C317,western
C379,C328,southwestern
C379,C329,southern
C379,C330,southeastern
C379,C331,southern
C379,C332,southern
C379,C333,southeastern
C379,C334,southeastern
C379,C335,southern
C379,C336,southern
C379,C337,southern
C379,C338,southwestern
C379,C339,southern
C379,C340,southwestern
C379,C341,southwestern
C379,C342,southwestern
C379,C343,southwestern
C379,C344,southwestern
C379,C345,southwestern
C379,C346,southwestern
C379,C347,southwestern
C379,C348,southwestern
C379,C349,southwestern
C379,C350,southwestern
C379,C351,southwestern
C379,C352,southwestern
C379,C353,southwestern
C379,C354,southwestern
C379,C373,southern
C379,C374,southwestern
C379,C375,southwestern
C379,C376,southern
C379,C377,southeastern
C379,C378,western
C379,C380,southwestern
C379,C381,southern
C379,C382,southwestern
C379,C383,southern
C379,C384,western
C379,C385,southwestern
C379,C386,southwestern
C379,C387,western
C379,C388,western
C379,C389,southwestern
C379,C390,western
C379,C391,western
C379,C392,western
C379,C393,southwestern
C379,C394,western
C379,C395,western
C379,C396,western
C380,C231,northwestern
C380,C232,northern
C380,C233,northern
C380,C234,northwestern
C380,C235,northern
C380,C236,northern
C380,C237,northern
C380,C238,northern
C380,C239,northern
C380,C240,northwestern
C380,C241,northern
C380,C242,northern
C380,C243,northern
C380,C245,northern
C380,C246,northern
C380,C247,northern
C380,C248,northern
C380,C249,northern
C380,C250,northeastern
C380,C251,northern
C380,C252,northeastern
C380,C253,northeastern
C380,C254,northern
C380,C255,northeastern
C380,C256,northern
C380,C257,northern
C380,C304,northeastern
C380,C305,northeastern
C380,C306,northeastern
C380,C307,eastern
C380,C308,northeastern
C380,C309,northeastern
C380,C310,eastern
C380,C311,northeastern
C380,C312,northeastern
C380,C313,eastern
C380,C317,northwestern
C380,C328,southwestern
C380,C329,southeastern
C380,C330,eastern
C380,C331,southern
C380,C332,southeastern
C380,C333,eastern
C380,C334,southeastern
C380,C335,southeastern
C380,C336,southeastern
C380,C337,southern
C380,C338,southwestern
C380,C339,southeastern
C380,C340,southwestern
C380,C341,southwestern
C380,C342,southwestern
C380,C343,southwestern
C380,C344,southwestern
C380,C345,western
C380,C346,southwestern
C380,C347,southwestern
C380,C348,southwestern
C380,C349,western
C380,C350,southwestern
C380,C351,southwestern
C380,C352,southwestern
C380,C353,southwestern
C380,C354,southwestern
C380,C373,northeastern
C380,C374,northern
C380,C375,western
C380,C376,northeastern
C380,C377,northeastern
C380,C378,northern
C380,C379,northeastern
C380,C381,eastern
C380,C382,northern
C380,C383,eastern
C380,C384,northwestern
C380,C385,northwestern
C380,C386,western
C380,C387,northwestern
C380,C388,northwestern
C380,C389,western
C380,C390,western
C380,C391,western
C380,C392,western
C380,C393,western
C380,C394,northwestern
C380,C395,western
C380,C396,northwestern
C381,C231,northwestern
C381,C232,northwestern
C381,C233,northwestern
C381,C234,northwestern
C381,C235,northwestern
C381,C236,northwestern
C381,C237,northwestern
C381,C238,northwestern
C381,C239,northwestern
C381,C240,northwestern
C381,C241,northwestern
C381,C242,northwestern
C381,C243,northwestern
C381,C245,northern
C381,C246,northern
C381,C247,northern
C381,C248,northern
C381,C249,northern
C381,C250,northern
C381,C251,northern
C381,C252,northern
C381,C253,northern
C381,C254,northern
C381,C255,northern
C381,C256,northern
C381,C257,northern
C381,C304,northeastern
C381,C305,northeastern
C381,C306,northeastern
C381,C307,northeastern
C381,C308,northern
C381,C309,northeastern
C381,C310,eastern
C381,C311,northeastern
C381,C312,northeastern
C381,C313,eastern
C381,C317,northwestern
C381,C328,western
C381,C329,southern
C381,C330,southeastern
C381,C331,southwestern
C381,C332,southern
C381,C333,eastern
C381,C334,southeastern
C381,C335,southwestern
C381,C336,southern
C381,C337,southern
C381,C338,southwestern
C381,C339,southern
C381,C340,southwestern
C381,C341,southwestern
C381,C342,southwestern
C381,C343,western
C381,C344,southwestern
C381,C345,western
C381,C346,southwestern
C381,C347,southwestern
C381,C348,southwestern
C381,C349,western
C381,C350,western
C381,C351,southwestern
C381,C352,southwestern
C381,C353,southwestern
C381,C354,southwestern
C381,C373,northwestern
C381,C374,northwestern
C381,C375,western
C381,C376,northwestern
C381,C377,northern
C381,C378,northwestern
C381,C379,northern
C381,C380,western
C381,C382,western
C381,C383,southwestern
C381,C384,western
C381,C385,western
C381,C386,western
C381,C387,western
C381,C388,western
C381,C389,western
C381,C390,western
C381,C391,western
C381,C392,western
C381,C393,western
C381,C394,western
C381,C395,western
C381,C396,western
C382,C231,northwestern
C382,C232,northern
C382,C233,northern
C382,C234,northwestern
C382,C235,northern
C382,C236,northwestern
C382,C237,northern
C382,C238,northern
C382,C239,northern
C382,C240,northwestern
C382,C241,northwestern
C382,C242,northeastern
C382,C243,northern
C382,C245,northern
C382,C246,northeastern
C382,C247,northern
C382,C248,northern
C382,C249,northern
C382,C250,northeastern
C382,C251,northeastern
C382,C252,northeastern
C382,C253,northeastern
C382,C254,northeastern
C382,C255,northeastern
C382,C256,northern
C382,C257,northern
C382,C304,eastern
C382,C305,northeastern
C382,C306,eastern
C382,C307,eastern
C382,C308,northeastern
C382,C309,northeastern
C382,C310,eastern
C382,C311,eastern
C382,C312,eastern
C382,C313,eastern
C382,C317,northwestern
C382,C328,southern
C382,C329,southeastern
C382,C330,southeastern
C382,C331,southern
C382,C332,southeastern
C382,C333,eastern
C382,C334,southeastern
C382,C335,southeastern
C382,C336,southeastern
C382,C337,southern
C382,C338,southern
C382,C339,southeastern
C382,C340,southwestern
C382,C341,southwestern
C382,C342,southwestern
C382,C343,southwestern
C382,C344,southwestern
C382,C345,southwestern
C382,C346,southwestern
C382,C347,southwestern
C382,C348,southwestern
C382,C349,southwestern
C382,C350,southwestern
C382,C351,southwestern
C382,C352,southern
C382,C353,southwestern
C382,C354,southwestern
C382,C373,eastern
C382,C374,eastern
C382,C375,southwestern
C382,C376,eastern
C382,C377,eastern
C382,C378,northern
C382,C379,northeastern
C382,C380,southern
C382,C381,eastern
C382,C383,southeastern
C382,C384,northwestern
C382,C385,western
C382,C386,southwestern
C382,C387,western
C382,C388,western
C382,C389,western
C382,C390,western
C382,C391,western
C382,C392,western
C382,C393,southwestern
C382,C394,western
C382,C395,western
C382,C396,western
C383,C231,northwestern
C383,C232,northwestern
C383,C233,northern
C383,C234,northwestern
C383,C235,northwestern
C383,C236,northwestern
C383,C237,northern
C383,C238,northwestern
C383,C239,northern
C383,C240,northwestern
C383,C241,northwestern
C383,C242,northern
C383,C243,northwestern
C383,C245,northern
C383,C246,northern
C383,C247,northern
C383,C248,northern
C383,C249,northern
C383,C250,northern
C383,C251,northern
C383,C252,northern
C383,C253,northeastern
C383,C254,northern
C383,C255,northern
C383,C256,northern
C383,C257,northern
C383,C304,northeastern
C383,C305,northeastern
C383,C306,northeastern
C383,C307,northeastern
C383,C308,northeastern
C383,C309,northeastern
C383,C310,northeastern
C383,C311,northeastern
C383,C312,northeastern
C383,C313,eastern
C383,C317,northwestern
C383,C328,western
C383,C329,southeastern
C383,C330,eastern
C383,C331,southern
C383,C332,southeastern
C383,C333,eastern
C383,C334,southeastern
C383,C335,southern
C383,C336,southeastern
C383,C337,southern
C383,C338,southwestern
C383,C339,southeastern
C383,C340,southwestern
C383,C341,southwestern
C383,C342,southwestern
C383,C343,western
C383,C344,southwestern
C383,C345,western
C383,C346,southwestern
C383,C347,southwestern
C383,C348,southwestern
C383,C349,western
C383,C350,western
C383,C351,southwestern
C383,C352,southwestern
C383,C353,southwestern
C383,C354,southwestern
C383,C373,northern
C383,C374,northwestern
C383,C375,western
C383,C376,northern
C383,C377,northeastern
C383,C378,northwestern
C383,C379,northern
C383,C380,western
C383,C381,northeastern
C383,C382,northwestern
C383,C384,northwestern
C383,C385,northwestern
C383,C386,western
C383,C387,western
C383,C388,northwestern
C383,C389,western
C383,C390,western
C383,C391,western
C383,C392,western
C383,C393,western
C383,C394,northwestern
C383,C395,western
C383,C396,northwestern
C384,C231,northern
C384,C232,northern
C384,C233,northern
C384,C234,northwestern
C384,C235,northern
C384,C236,northern
C384,C237,northeastern
C384,C238,northern
C384,C239,northern
C384,C240,northwestern
C384,C241,northern
C384,C242,northeastern
C384,C243,northern
C384,C245,northern
C384,C246,northeastern
C384,C247,northeastern
C384,C248,northern
C384,C249,northeastern
C384,C250,northeastern
C384,C251,northeastern
C384,C252,northeastern
C384,C253,northeastern
C384,C254,northeastern
C384,C255,northeastern
C384,C256,northern
C384,C257,northeastern
C384,C304,eastern
C384,C305,eastern
C384,C306,eastern
C384,C307,eastern
C384,C308,northeastern
C384,C309,northeastern
C384,C310,eastern
C384,C311,eastern
C384,C312,eastern
C384,C313,eastern
C384,C317,northwestern
C384,C328,southern
C384,C329,southeastern
C384,C330,southeastern
C384,C331,southern
C384,C332,southeastern
C384,C333,eastern
C384,C334,southeastern
C384,C335,southeastern
C384,C336,southeastern
C384,C337,southeastern
C384,C338,southern
C384,C339,southeastern
C384,C340,southwestern
C384,C341,southern
C384,C342,southwestern
C384,C343,southwestern
C384,C344,southern
C384,C345,southwestern
C384,C346,southwestern
C384,C347,southwestern
C384,C348,southern
C384,C349,southwestern
C384,C350,southwestern
C384,C351,southern
C384,C352,southern
C384,C353,southwestern
C384,C354,southwestern
C384,C373,eastern
C384,C374,eastern
C384,C375,southern
C384,C376,eastern
C384,C377,eastern
C384,C378,northeastern
C384,C379,eastern
C384,C380,southeastern
C384,C381,eastern
C384,C382,southeastern
C384,C383,southeastern
C384,C385,southwestern
C384,C386,southwestern
C384,C387,western
C384,C388,western
C384,C389,southwestern
C384,C390,southwestern
C384,C391,western
C384,C392,western
C384,C393,southwestern
C384,C394,western
C384,C395,southwestern
C384,C396,western
C385,C231,northern
C385,C232,northeastern
C385,C233,northern
C385,C234,northwestern
C385,C235,northern
C385,C236,northern
C385,C237,northeastern
C385,C238,northern
C385,C239,northern
C385,C240,northern
C385,C241,northern
C385,C242,northeastern
C385,C243,northern
C385,C245,northeastern
C385,C246,northeastern
C385,C247,northeastern
C385,C248,northeastern
C385,C249,northeastern
C385,C250,northeastern
C385,C251,northeastern
C385,C252,northeastern
C385,C253,northeastern
C385,C254,northeastern
C385,C255,northeastern
C385,C256,northern
C385,C257,northeastern
C385,C304,eastern
C385,C305,eastern
C385,C306,eastern
C385,C307,eastern
C385,C308,northeastern
C385,C309,northeastern
C385,C310,eastern
C385,C311,eastern
C385,C312,eastern
C385,C313,eastern
C385,C317,northwestern
C385,C328,southeastern
C385,C329,southeastern
C385,C330,eastern
C385,C331,southeastern
C385,C332,southeastern
C385,C333,eastern
C385,C334,southeastern
C385,C335,southeastern
C385,C336,southeastern
C385,C337,southeastern
C385,C338,southern
C385,C339,southeastern
C385,C340,southwestern
C385,C341,southern
C385,C342,southwestern
C385,C343,southwestern
C385,C344,southern
C385,C345,southwestern
C385,C346,southwestern
C385,C347,southwestern
C385,C348,southern
C385,C349,southwestern
C385,C350,southwestern
C385,C351,southern
C385,C352,southern
C385,C353,southwestern
C385,C354,southern
C385,C373,eastern
C385,C374,eastern
C385,C375,southeastern
C385,C376,eastern
C385,C377,eastern
C385,C378,northeastern
C385,C379,northeastern
C385,C380,southeastern
C385,C381,eastern
C385,C382,eastern
C385,C383,southeastern
C385,C384,northeastern
C385,C386,southwestern
C385,C387,western
C385,C388,northwestern
C385,C389,southwestern
C385,C390,western
C385,C391,western
C385,C392,western
C385,C393,southwestern
C385,C394,northwestern
C385,C395,western
C385,C396,northwestern
C386,C231,northern
C386,C232,northeastern
C386,C233,northern
C386,C234,northern
C386,C235,northern
C386,C236,northern
C386,C237,northeastern
C386,C238,northern
C386,C239,northern
C386,C240,northern
C386,C241,northern
C386,C242,northeastern
C386,C243,northern
C386,C245,northeastern
C386,C246,northeastern
C386,C247,northeastern
C386,C248,northeastern
C386,C249,northeastern
C386,C250,northeastern
C386,C251,northeastern
C386,C252,northeastern
C386,C253,northeastern
C386,C254,northeastern
C386,C255,northeastern
C386,C256,northern
C386,C257,northeastern
C386,C304,eastern
C386,C305,northeastern
C386,C306,eastern
C386,C307,eastern
C386,C308,northeastern
C386,C309,northeastern
C386,C310,eastern
C386,C311,northeastern
C386,C312,eastern
C386,C313,eastern
C386,C317,northern
C386,C328,southeastern
C386,C329,southeastern
C386,C330,eastern
C386,C331,southeastern
C386,C332,southeastern
C386,C333,eastern
C386,C334,southeastern
C386,C335,southeastern
C386,C336,southeastern
C386,C337,southeastern
C386,C338,southeastern
C386,C339,southeastern
C386,C340,southwestern
C386,C341,southern
C386,C342,southwestern
C386,C343,southwestern
C386,C344,southern
C386,C345,southwestern
C386,C346,southwestern
C386,C347,southwestern
C386,C348,southern
C386,C349,southwestern
C386,C350,southwestern
C386,C351,southern
C386,C352,southern
C386,C353,southwestern
C386,C354,southern
C386,C373,eastern
C386,C374,northeastern
C386,C375,eastern
C386,C376,northeastern
C386,C377,eastern
C386,C378,northeastern
C386,C379,northeastern
C386,C380,eastern
C386,C381,eastern
C386,C382,northeastern
C386,C383,eastern
C386,C384,northeastern
C386,C385,northeastern
C386,C387,northwestern
C386,C388,northwestern
C386,C389,western
C386,C390,western
C386,C391,northwestern
C386,C392,northwestern
C386,C393,western
C386,C394,northwestern
C386,C395,northwestern
C386,C396,northwestern
C387,C186,northern
C387,C187,northwestern
C387,C188,northwestern
C387,C189,northwestern
C387,C190,northern
C387,C191,northwestern
C387,C192,northwestern
C387,C193,northwestern
C387,C194,northwestern
C387,C195,northwestern
C387,C196,northern
C387,C197,western
C387,C198,western
C387,C199,western
C387,C200,western
C387,C201,northwestern
C387,C202,western
C387,C203,western
C387,C204,western
C387,C205,western
C387,C206,western
C387,C315,southwestern
C387,C316,southern
C387,C317,eastern
C387,C340,southern
C387,C341,southeastern
C387,C342,southern
C387,C343,southern
C387,C344,southern
C387,C345,southern
C387,C346,southern
C387,C347,southern
C387,C348,southern
C387,C349,southeastern
C387,C350,southern
C387,C351,southern
C387,C352,southern
C387,C353,southern
C387,C354,southern
C387,C373,eastern
C387,C374,eastern
C387,C375,southeastern
C387,C376,eastern
C387,C377,eastern
C387,C378,eastern
C387,C379,eastern
C387,C380,southeastern
C387,C381,eastern
C387,C382,eastern
C387,C383,eastern
C387,C384,eastern
C387,C385,eastern
C387,C386,southeastern
C387,C388,eastern
C387,C389,southeastern
C387,C390,southern
C387,C391,southeastern
C387,C392,western
C387,C393,southern
C387,C394,northwestern
C387,C395,southeastern
C387,C396,northern
C388,C186,northwestern
C388,C187,northwestern
C388,C188,northwestern
C388,C189,northwestern
C388,C190,northwestern
C388,C191,northwestern
C388,C192,northwestern
C388,C193,northwestern
C388,C194,northwestern
C388,C195,northwestern
C388,C196,northwestern
C388,C197,western
C388,C198,western
C388,C199,western
C388,C200,western
C388,C201,northwestern
C388,C202,western
C388,C203,western
C388,C204,western
C388,C205,western
C388,C206,western
C388,C315,southwestern
C388,C316,southwestern
C388,C317,northeastern
C388,C340,southern
C388,C341,southern
C388,C342,southwestern
C388,C343,southern
C388,C344,southern
C388,C345,southern
C388,C346,southern
C388,C347,southern
C388,C348,southern
C388,C349,southern
C388,C350,southern
C388,C351,southern
C388,C352,southern
C388,C353,southern
C388,C354,southern
C388,C373,eastern
C388,C374,eastern
C388,C375,southeastern
C388,C376,eastern
C388,C377,eastern
C388,C378,eastern
C388,C379,eastern
C388,C380,southeastern
C388,C381,eastern
C388,C382,eastern
C388,C383,southeastern
C388,C384,eastern
C388,C385,southeastern
C388,C386,southeastern
C388,C387,western
C388,C389,southern
C388,C390,southwestern
C388,C391,western
C388,C392,western
C388,C393,southwestern
C388,C394,northwestern
C388,C395,southwestern
C388,C396,northwestern
C389,C186,northern
C389,C187,northwestern
C389,C188,northwestern
C389,C189,northwestern
C389,C190,northern
C389,C191,northwestern
C389,C192,northwestern
C389,C193,northwestern
C389,C194,northwestern
C389,C195,northwestern
C389,C196,northwestern
C389,C197,western
C389,C198,northwestern
C389,C199,northwestern
C389,C200,western
C389,C201,northwestern
C389,C202,western
C389,C203,northwestern
C389,C204,northwestern
C389,C205,western
C389,C206,northwestern
C389,C315,western
C389,C316,southwestern
C389,C317,northern
C389,C340,southern
C389,C341,southern
C389,C342,southwestern
C389,C343,southern
C389,C344,southern
C389,C345,southwestern
C389,C346,southern
C389,C347,southern
C389,C348,southern
C389,C349,southeastern
C389,C350,southwestern
C389,C351,southern
C389,C352,southern
C389,C353,southwestern
C389,C354,southern
C389,C373,eastern
C389,C374,eastern
C389,C375,eastern
C389,C376,eastern
C389,C377,eastern
C389,C378,northeastern
C389,C379,northeastern
C389,C380,eastern
C389,C381,eastern
C389,C382,eastern
C389,C383,eastern
C389,C384,northeastern
C389,C385,northeastern
C389,C386,eastern
C389,C387,northwestern
C389,C388,northern
C389,C390,western
C389,C391,northwestern
C389,C392,northwestern
C389,C393,southwestern
C389,C394,northwestern
C389,C395,northwestern
C389,C396,northwestern
C390,C186,northern
C390,C187,northern
C390,C188,northwestern
C390,C189,northwestern
C390,C190,northern
C390,C191,northwestern
C390,C192,northern
C390,C193,northern
C390,C194,northwestern
C390,C195,northwestern
C390,C196,northern
C390,C197,western
C390,C198,northwestern
C390,C199,northwestern
C390,C200,western
C390,C201,northwestern
C390,C202,western
C390,C203,northwestern
C390,C204,northwestern
C390,C205,northwestern
C390,C206,northwestern
C390,C315,western
C390,C316,southwestern
C390,C317,northeastern
C390,C340,southern
C390,C341,southeastern
C390,C342,southern
C390,C343,southeastern
C390,C344,southern
C390,C345,southern
C390,C346,southern
C390,C347,southern
C390,C348,southern
C390,C349,southeastern
C390,C350,southern
C390,C351,southeastern
C390,C352,southeastern
C390,C353,southern
C390,C354,southern
C390,C373,eastern
C390,C374,eastern
C390,C375,eastern
C390,C376,eastern
C390,C377,eastern
C390,C378,northeastern
C390,C379,northeastern
C390,C380,eastern
C390,C381,eastern
C390,C382,eastern
C390,C383,eastern
C390,C384,northeastern
C390,C385,eastern
C390,C386,eastern
C390,C387,northern
C390,C388,northeastern
C390,C389,eastern
C390,C391,northern
C390,C392,northwestern
C390,C393,southwestern
C390,C394,northwestern
C390,C395,northeastern
C390,C396,northern
C391,C186,northern
C391,C187,northwestern
C391,C188,northwestern
C391,C189,northwestern
C391,C190,northern
C391,C191,northwestern
C391,C192,northwestern
C391,C193,northwestern
C391,C194,northwestern
C391,C195,northwestern
C391,C196,northern
C391,C197,western
C391,C198,western
C391,C199,western
C391,C200,western
C391,C201,northwestern
C391,C202,western
C391,C203,western
C391,C204,western
C391,C205,western
C391,C206,western
C391,C315,southwestern
C391,C316,southwestern
C391,C317,northeastern
C391,C340,southern
C391,C341,southeastern
C391,C342,southern
C391,C343,southern
C391,C344,southern
C391,C345,southern
C391,C346,southern
C391,C347,southern
C391,C348,southern
C391,C349,southeastern
C391,C350,southern
C391,C351,southern
C391,C352,southern
C391,C353,southern
C391,C354,southern
C391,C373,eastern
C391,C374,eastern
C391,C375,southeastern
C391,C376,eastern
C391,C377,eastern
C391,C378,eastern
C391,C379,eastern
C391,C380,eastern
C391,C381,eastern
C391,C382,eastern
C391,C383,eastern
C391,C384,eastern
C391,C385,eastern
C391,C386,southeastern
C391,C387,northwestern
C391,C388,eastern
C391,C389,southeastern
C391,C390,southern
C391,C392,western
C391,C393,southern
C391,C394,northwestern
C391,C395,southeastern
C391,C396,northern
C392,C186,northeastern
C392,C187,northern
C392,C188,northwestern
C392,C189,northwestern
C392,C190,northern
C392,C191,northern
C392,C192,northern
C392,C193,northern
C392,C194,northwestern
C392,C195,northwestern
C392,C196,northern
C392,C197,western
C392,C198,northwestern
C392,C199,western
C392,C200,western
C392,C201,northwestern
C392,C202,western
C392,C203,western
C392,C204,western
C392,C205,western
C392,C206,western
C392,C315,southern
C392,C316,southern
C392,C317,eastern
C392,C340,southern
C392,C341,southeastern
C392,C342,southern
C392,C343,southeastern
C392,C344,southern
C392,C345,southeastern
C392,C346,southern
C392,C347,southern
C392,C348,southern
C392,C349,southeastern
C392,C350,southern
C392,C351,southeastern
C392,C352,southeastern
C392,C353,southern
C392,C354,southern
C392,C373,eastern
C392,C374,eastern
C392,C375,eastern
C392,C376,eastern
C392,C377,eastern
C392,C378,eastern
C392,C379,eastern
C392,C380,eastern
C392,C381,eastern
C392,C382,eastern
C392,C383,eastern
C392,C384,eastern
C392,C385,eastern
C392,C386,southeastern
C392,C387,eastern
C392,C388,eastern
C392,C389,southeastern
C392,C390,southeastern
C392,C391,eastern
C392,C393,southern
C392,C394,northern
C392,C395,southeastern
C392,C396,northeastern
C393,C186,northern
C393,C187,northern
C393,C188,northwestern
C393,C189,northwestern
C393,C190,northern
C393,C191,northern
C393,C192,northern
C393,C193,northern
C393,C194,northwestern
C393,C195,northern
C393,C196,northern
C393,C197,northwestern
C393,C198,northwestern
C393,C199,northwestern
C393,C200,western
C393,C201,northwestern
C393,C202,northwestern
C393,C203,northwestern
C393,C204,northwestern
C393,C205,northwestern
C393,C206,northwestern
C393,C315,northwestern
C393,C316,southwestern
C393,C317,northeastern
C393,C340,southeastern
C393,C341,southeastern
C393,C342,southern
C393,C343,southeastern
C393,C344,southeastern
C393,C345,southeastern
C393,C346,southern
C393,C347,southern
C393,C348,southern
C393,C349,eastern
C393,C350,southern
C393,C351,southeastern
C393,C352,southeastern
C393,C353,southern
C393,C354,southeastern
C393,C373,eastern
C393,C374,eastern
C393,C375,eastern
C393,C376,eastern
C393,C377,eastern
C393,C378,northeastern
C393,C379,northeastern
C393,C380,eastern
C393,C381,eastern
C393,C382,northeastern
C393,C383,eastern
C393,C384,northeastern
C393,C385,northeastern
C393,C386,eastern
C393,C387,northern
C393,C388,northeastern
C393,C389,northeastern
C393,C390,northeastern
C393,C391,northern
C393,C392,northern
C393,C394,northern
C393,C395,northeastern
C393,C396,northern
C394,C186,northeastern
C394,C187,northern
C394,C188,northwestern
C394,C189,northwestern
C394,C190,northern
C394,C191,northwestern
C394,C192,northeastern
C394,C193,northern
C394,C194,western
C394,C195,northwestern
C394,C196,northern
C394,C197,southwestern
C394,C198,western
C394,C199,western
C394,C200,western
C394,C201,western
C394,C202,western
C394,C203,western
C394,C204,western
C394,C205,southwestern
C394,C206,southwestern
C394,C315,southern
C394,C316,southern
C394,C317,eastern
C394,C340,southern
C394,C341,southeastern
C394,C342,southern
C394,C343,southeastern
C394,C344,southern
C394,C345,southern
C394,C346,southern
C394,C347,southern
C394,C348,southern
C394,C349,southeastern
C394,C350,southern
C394,C351,southeastern
C394,C352,southeastern
C394,C353,southern
C394,C354,southern
C394,C373,eastern
C394,C374,eastern
C394,C375,southeastern
C394,C376,eastern
C394,C377,eastern
C394,C378,eastern
C394,C379,eastern
C394,C380,southeastern
C394,C381,eastern
C394,C382,eastern
C394,C383,southeastern
C394,C384,eastern
C394,C385,southeastern
C394,C386,southeastern
C394,C387,southeastern
C394,C388,southeastern
C394,C389,southeastern
C394,C390,southeastern
C394,C391,southeastern
C394,C392,southern
C394,C393,southern
C394,C395,southeastern
C394,C396,eastern
C395,C186,northern
C395,C187,northwestern
C395,C188,northwestern
C395,C189,northwestern
C395,C190,northern
C395,C191,northwestern
C395,C192,northwestern
C395,C193,northwestern
C395,C194,northwestern
C395,C195,northwestern
C395,C196,northwestern
C395,C197,western
C395,C198,northwestern
C395,C199,western
C395,C200,western
C395,C201,northwestern
C395,C202,western
C395,C203,western
C395,C204,western
C395,C205,western
C395,C206,northwestern
C395,C315,western
C395,C316,southwestern
C395,C317,northeastern
C395,C340,southern
C395,C341,southern
C395,C342,southwestern
C395,C343,southern
C395,C344,southern
C395,C345,southern
C395,C346,southern
C395,C347,southern
C395,C348,southern
C395,C349,southeastern
C395,C350,southern
C395,C351,southern
C395,C352,southern
C395,C353,southern
C395,C354,southern
C395,C373,eastern
C395,C374,eastern
C395,C375,eastern
C395,C376,eastern
C395,C377,eastern
C395,C378,northeastern
C395,C379,eastern
C395,C380,eastern
C395,C381,eastern
C395,C382,eastern
C395,C383,eastern
C395,C384,northeastern
C395,C385,eastern
C395,C386,southeastern
C395,C387,northwestern
C395,C388,northeastern
C395,C389,southeastern
C395,C390,southwestern
C395,C391,northwestern
C395,C392,northwestern
C395,C393,southwestern
C395,C394,northwestern
C395,C396,northwestern
C396,C186,northern
C396,C187,northwestern
C396,C188,northwestern
C396,C189,northwestern
C396,C190,northern
C396,C191,northwestern
C396,C192,northwestern
C396,C193,northwestern
C396,C194,western
C396,C195,northwestern
C396,C196,northwestern
C396,C197,southwestern
C396,C198,western
C396,C199,western
C396,C200,western
C396,C201,western
C396,C202,western
C396,C203,western
C396,C204,western
C396,C205,western
C396,C206,western
C396,C315,southwestern
C396,C316,southern
C396,C317,eastern
C396,C340,southern
C396,C341,southeastern
C396,C342,southern
C396,C343,southern
C396,C344,southern
C396,C345,southern
C396,C346,southern
C396,C347,southern
C396,C348,southern
C396,C349,southeastern
C396,C350,southern
C396,C351,southern
C396,C352,southern
C396,C353,southern
C396,C354,southern
C396,C373,eastern
C396,C374,eastern
C396,C375,southeastern
C396,C376,eastern
C396,C377,eastern
C396,C378,eastern
C396,C379,eastern
C396,C380,southeastern
C396,C381,eastern
C396,C382,eastern
C396,C383,southeastern
C396,C384,eastern
C396,C385,southeastern
C396,C386,southeastern
C396,C387,southern
C396,C388,southeastern
C396,C389,southeastern
C396,C390,southern
C396,C391,southern
C396,C392,southwestern
C396,C393,southern
C396,C394,western
C396,C395,southeastern
D1,D2,northern
D1,D3,northeastern
D1,D4,northwestern
D1,D5,western
D1,D6,northern
D1,D7,northern
D1,D8,eastern
D1,D9,southeastern
D1,D10,eastern
D1,D11,northwestern
D1,D12,eastern
D1,D13,southwestern
D1,D14,western
D1,D15,northern
D1,D16,southern
D1,D17,southern
D1,D18,southeastern
D1,D19,southwestern
D1,D20,southwestern
D1,D21,southern
D1,D22,southern
D1,D23,southwestern
D1,D24,southeastern
D1,D25,southeastern
D1,D26,southeastern
D1,D27,northern
D1,D28,northeastern
D1,D29,northeastern
D1,D30,northern
D1,D31,northeastern
D1,D32,northeastern
D1,D33,northeastern
D1,D34,northeastern
D1,D42,northeastern
D1,D43,northeastern
D1,D44,eastern
D1,D45,northeastern
D1,D46,northeastern
D1,D47,eastern
D1,D48,eastern
D1,D49,eastern
D1,D50,eastern
D1,D51,eastern
D1,D52,eastern
D1,D53,northeastern
D2,D1,southern
D2,D3,eastern
D2,D4,southwestern
D2,D5,southwestern
D2,D6,eastern
D2,D7,northeastern
D2,D8,southeastern
D2,D9,southeastern
D2,D10,southeastern
D2,D11,northwestern
D2,D12,southeastern
D2,D13,southern
D2,D14,southwestern
D2,D15,northern
D2,D16,southern
D2,D17,southern
D2,D18,southeastern
D2,D19,southwestern
D2,D20,southern
D2,D21,southern
D2,D22,southern
D2,D23,southwestern
D2,D24,southeastern
D2,D25,southeastern
D2,D26,southeastern
D2,D27,northeastern
D2,D28,northeastern
D2,D29,northeastern
D2,D30,northern
D2,D31,northeastern
D2,D32,northeastern
D2,D33,northeastern
D2,D34,northeastern
D2,D42,eastern
D2,D43,eastern
D2,D44,eastern
D2,D45,eastern
D2,D46,eastern
D2,D47,eastern
D2,D48,eastern
D2,D49,eastern
D2,D50,southeastern
D2,D51,southeastern
D2,D52,eastern
D2,D53,eastern
D3,D1,southwestern
D3,D2,western
D3,D4,western
D3,D5,southwestern
D3,D6,western
D3,D7,northwestern
D3,D8,southeastern
D3,D9,southern
D3,D10,southeastern
D3,D11,northwestern
D3,D12,southern
D3,D13,southwestern
D3,D14,western
D3,D15,northwestern
D3,D16,southern
D3,D17,southern
D3,D18,southern
D3,D19,southwestern
D3,D20,southwestern
D3,D21,southern
D3,D22,southern
D3,D23,southwestern
D3,D24,southeastern
D3,D25,southern
D3,D26,southern
D3,D27,northwestern
D3,D28,northern
D3,D29,northeastern
D3,D30,northern
D3,D31,northeastern
D3,D32,northern
D3,D33,northeastern
D3,D34,northeastern
D3,D42,eastern
D3,D43,eastern
D3,D44,eastern
D3,D45,northeastern
D3,D46,northeastern
D3,D47,southeastern
D3,D48,eastern
D3,D49,eastern
D3,D50,southeastern
D3,D51,southeastern
D3,D52,eastern
D3,D53,eastern
D4,D1,southeastern
D4,D2,northeastern
D4,D3,eastern
D4,D5,southwestern
D4,D6,eastern
D4,D7,northeastern
D4,D8,eastern
D4,D9,southeastern
D4,D10,eastern
D4,D11,northwestern
D4,D12,eastern
D4,D13,southern
D4,D14,western
D4,D15,northern
D4,D16,southeastern
D4,D17,southeastern
D4,D18,southeastern
D4,D19,southern
D4,D20,southern
D4,D21,southern
D4,D22,southern
D4,D23,southwestern
D4,D24,southeastern
D4,D25,southeastern
D4,D26,southeastern
D4,D27,northeastern
D4,D28,northeastern
D4,D29,northeastern
D4,D30,northern
D4,D31,northeastern
D4,D32,northeastern
D4,D33,northeastern
D4,D34,northeastern
D4,D42,eastern
D4,D43,eastern
D4,D44,eastern
D4,D45,northeastern
D4,D46,northeastern
D4,D47,eastern
D4,D48,eastern
D4,D49,eastern
D4,D50,eastern
D4,D51,eastern
D4,D52,eastern
D4,D53,eastern
D5,D1,eastern
D5,D2,northeastern
D5,D3,northeastern
D5,D4,northeastern
D5,D6,northeastern
D5,D7,northeastern
D5,D8,eastern
D5,D9,eastern
D5,D10,eastern
D5,D11,northern
D5,D12,eastern
D5,D13,eastern
D5,D14,northwestern
D5,D15,northern
D5,D16,southeastern
D5,D17,southeastern
D5,D18,eastern
D5,D19,southern
D5,D20,southern
D5,D21,southeastern
D5,D22,southern
D5,D23,southwestern
D5,D24,eastern
D5,D25,eastern
D5,D26,southeastern
D5,D27,northeastern
D5,D28,northeastern
D5,D29,northeastern
D5,D30,northern
D5,D31,northeastern
D5,D32,northeastern
D5,D33,northeastern
D5,D34,northeastern
D5,D42,northeastern
D5,D43,northeastern
D5,D44,eastern
D5,D45,northeastern
D5,D46,northeastern
D5,D47,eastern
D5,D48,eastern
D5,D49,eastern
D5,D50,eastern
D5,D51,eastern
D5,D52,eastern
D5,D53,northeastern
D6,D1,southern
D6,D2,western
D6,D3,eastern
D6,D4,western
D6,D5,southwestern
D6,D7,northern
D6,D8,southeastern
D6,D9,southeastern
D6,D10,southeastern
D6,D11,northwestern
D6,D12,southern
D6,D13,southwestern
D6,D14,western
D6,D15,northwestern
D6,D16,southern
D6,D17,southern
D6,D18,southern
D6,D19,southwestern
D6,D20,southwestern
D6,D21,southern
D6,D22,southern
D6,D23,southwestern
D6,D24,southeastern
D6,D25,southeastern
D6,D26,southern
D6,D27,northern
D6,D28,northeastern
D6,D29,northeastern
D6,D30,northern
D6,D31,northeastern
D6,D32,northeastern
D6,D33,northeastern
D6,D34,northeastern
D6,D42,eastern
D6,D43,eastern
D6,D44,eastern
D6,D45,northeastern
D6,D46,northeastern
D6,D47,eastern
D6,D48,eastern
D6,D49,eastern
D6,D50,southeastern
D6,D51,southeastern
D6,D52,eastern
D6,D53,eastern
D7,D1,southern
D7,D2,southwestern
D7,D3,southeastern
D7,D4,southwestern
D7,D5,southwestern
D7,D6,southern
D7,D8,southeastern
D7,D9,southern
D7,D10,southeastern
D7,D11,western
D7,D12,southern
D7,D13,southern
D7,D14,southwestern
D7,D15,northwestern
D7,D16,southern
D7,D17,southern
D7,D18,southern
D7,D19,southwestern
D7,D20,southern
D7,D21,southern
D7,D22,southern
D7,D23,southwestern
D7,D24,southeastern
D7,D25,southeastern
D7,D26,southern
D7,D27,northeastern
D7,D28,eastern
D7,D29,northeastern
D7,D30,northern
D7,D31,northeastern
D7,D32,northeastern
D7,D33,northeastern
D7,D34,northeastern
D7,D42,eastern
D7,D43,eastern
D7,D44,eastern
D7,D45,eastern
D7,D46,eastern
D7,D47,southeastern
D7,D48,eastern
D7,D49,southeastern
D7,D50,southeastern
D7,D51,southeastern
D7,D52,eastern
D7,D53,eastern
D8,D1,western
D8,D2,northwestern
D8,D3,northwestern
D8,D4,western
D8,D5,western
D8,D6,northwestern
D8,D7,northwestern
D8,D9,western
D8,D10,northwestern
D8,D11,northwestern
D8,D12,northwestern
D8,D13,western
D8,D14,western
D8,D15,northwestern
D8,D16,southern
D8,D17,southwestern
D8,D18,southwestern
D8,D19,southwestern
D8,D20,southwestern
D8,D21,southwestern
D8,D22,southwestern
D8,D23,western
D8,D24,southeastern
D8,D25,southern
D8,D26,southern
D8,D27,northwestern
D8,D28,northern
D8,D29,northern
D8,D30,northern
D8,D31,northern
D8,D32,northern
D8,D33,northern
D8,D34,northeastern
D8,D42,northern
D8,D43,northeastern
D8,D44,northeastern
D8,D45,northeastern
D8,D46,northern
D8,D47,northern
D8,D48,eastern
D8,D49,eastern
D8,D50,eastern
D8,D51,eastern
D8,D52,northeastern
D8,D53,northeastern
D9,D1,northwestern
D9,D2,northwestern
D9,D3,northern
D9,D4,northwestern
D9,D5,western
D9,D6,northwestern
D9,D7,northern
D9,D8,eastern
D9,D10,northeastern
D9,D11,northwestern
D9,D12,northwestern
D9,D13,western
D9,D14,western
D9,D15,northwestern
D9,D16,southern
D9,D17,southern
D9,D18,southern
D9,D19,southwestern
D9,D20,southwestern
D9,D21,southwestern
D9,D22,southwestern
D9,D23,western
D9,D24,southeastern
D9,D25,southeastern
D9,D26,southern
D9,D27,northern
D9,D28,northern
D9,D29,northeastern
D9,D30,northern
D9,D31,northern
D9,D32,northern
D9,D33,northern
D9,D34,northeastern
D9,D42,northern
D9,D43,northeastern
D9,D44,northeastern
D9,D45,northeastern
D9,D46,northern
D9,D47,northeastern
D9,D48,eastern
D9,D49,eastern
D9,D50,eastern
D9,D51,eastern
D9,D52,northeastern
D9,D53,northeastern
D10,D1,western
D10,D2,northwestern
D10,D3,northwestern
D10,D4,western
D10,D5,western
D10,D6,northwestern
D10,D7,northwestern
D10,D8,southeastern
D10,D9,southwestern
D10,D11,northwestern
D10,D12,western
D10,D13,western
D10,D14,western
D10,D15,northwestern
D10,D16,southern
D10,D17,southern
D10,D18,southwestern
D10,D19,southwestern
D10,D20,southwestern
D10,D21,southwestern
D10,D22,southwestern
D10,D23,western
D10,D24,southeastern
D10,D25,southern
D10,D26,southern
D10,D27,northwestern
D10,D28,northern
D10,D29,northern
D10,D30,northern
D10,D31,northern
D10,D32,northern
D10,D33,northern
D10,D34,northeastern
D10,D42,northern
D10,D43,northeastern
D10,D44,northeastern
D10,D45,northeastern
D10,D46,northern
D10,D47,northeastern
D10,D48,eastern
D10,D49,eastern
D10,D50,eastern
D10,D51,southeastern
D10,D52,northeastern
D10,D53,northeastern
D11,D1,southeastern
D11,D2,southeastern
D11,D3,southeastern
D11,D4,southeastern
D11,D5,southern
D11,D6,southeastern
D11,D7,eastern
D11,D8,southeastern
D11,D9,southeastern
D11,D10,southeastern
D11,D12,southeastern
D11,D13,southeastern
D11,D14,southern
D11,D15,eastern
D11,D16,southeastern
D11,D17,southeastern
D11,D18,southeastern
D11,D19,southern
D11,D20,southern
D11,D21,southern
D11,D22,southern
D11,D23,southern
D11,D24,southeastern
D11,D25,southeastern
D11,D26,southeastern
D11,D27,eastern
D11,D28,eastern
D11,D29,eastern
D11,D30,northeastern
D11,D31,eastern
D11,D32,eastern
D11,D33,northeastern
D11,D34,eastern
D11,D42,eastern
D11,D43,eastern
D11,D44,eastern
D11,D45,eastern
D11,D46,eastern
D11,D47,southeastern
D11,D48,eastern
D11,D49,southeastern
D11,D50,southeastern
D11,D51,southeastern
D11,D52,eastern
D11,D53,eastern
D12,D1,western
D12,D2,northwestern
D12,D3,northern
D12,D4,western
D12,D5,western
D12,D6,northern
D12,D7,northern
D12,D8,southeastern
D12,D9,southeastern
D12,D10,eastern
D12,D11,northwestern
D12,D13,southwestern
D12,D14,western
D12,D15,northwestern
D12,D16,southern
D12,D17,southern
D12,D18,southern
D12,D19,southwestern
D12,D20,southwestern
D12,D21,southwestern
D12,D22,southern
D12,D23,western
D12,D24,southeastern
D12,D25,southeastern
D12,D26,southern
D12,D27,northern
D12,D28,northern
D12,D29,northeastern
D12,D30,northern
D12,D31,northern
D12,D32,northern
D12,D33,northern
D12,D34,northeastern
D12,D42,northeastern
D12,D43,northeastern
D12,D44,eastern
D12,D45,northeastern
D12,D46,northeastern
D12,D47,eastern
D12,D48,eastern
D12,D49,eastern
D12,D50,eastern
D12,D51,eastern
D12,D52,eastern
D12,D53,northeastern
D13,D1,northeastern
D13,D2,northern
D13,D3,northeastern
D13,D4,northern
D13,D5,western
D13,D6,northeastern
D13,D7,northern
D13,D8,eastern
D13,D9,eastern
D13,D10,eastern
D13,D11,northwestern
D13,D12,northeastern
D13,D14,northwestern
D13,D15,northern
D13,D16,southeastern
D13,D17,southeastern
D13,D18,eastern
D13,D19,southwestern
D13,D20,southern
D13,D21,southern
D13,D22,southern
D13,D23,western
D13,D24,eastern
D13,D25,eastern
D13,D26,southeastern
D13,D27,northern
D13,D28,northeastern
D13,D29,northeastern
D13,D30,northern
D13,D31,northeastern
D13,D32,northeastern
D13,D33,northeastern
D13,D34,northeastern
D13,D42,northeastern
D13,D43,northeastern
D13,D44,eastern
D13,D45,northeastern
D13,D46,northeastern
D13,D47,northeastern
D13,D48,eastern
D13,D49,eastern
D13,D50,eastern
D13,D51,eastern
D13,D52,northeastern
D13,D53,northeastern
D14,D1,eastern
D14,D2,northeastern
D14,D3,eastern
D14,D4,eastern
D14,D5,southeastern
D14,D6,eastern
D14,D7,northeastern
D14,D8,eastern
D14,D9,eastern
D14,D10,eastern
D14,D11,northern
D14,D12,eastern
D14,D13,southeastern
D14,D15,northeastern
D14,D16,southeastern
D14,D17,southeastern
D14,D18,southeastern
D14,D19,southern
D14,D20,southern
D14,D21,southeastern
D14,D22,southern
D14,D23,southwestern
D14,D24,eastern
D14,D25,southeastern
D14,D26,southeastern
D14,D27,northeastern
D14,D28,northeastern
D14,D29,northeastern
D14,D30,northeastern
D14,D31,northeastern
D14,D32,northeastern
D14,D33,northeastern
D14,D34,northeastern
D14,D42,eastern
D14,D43,eastern
D14,D44,eastern
D14,D45,northeastern
D14,D46,northeastern
D14,D47,eastern
D14,D48,eastern
D14,D49,eastern
D14,D50,eastern
D14,D51,eastern
D14,D52,eastern
D14,D53,eastern
D15,D1,southern
D15,D2,southern
D15,D3,southeastern
D15,D4,southern
D15,D5,southern
D15,D6,southeastern
D15,D7,southeastern
D15,D8,southeastern
D15,D9,southeastern
D15,D10,southeastern
D15,D11,western
D15,D12,southeastern
D15,D13,southern
D15,D14,southwestern
D15,D16,southern
D15,D17,southern
D15,D18,southeastern
D15,D19,southern
D15,D20,southern
D15,D21,southern
D15,D22,southern
D15,D23,southwestern
D15,D24,southeastern
D15,D25,southeastern
D15,D26,southeastern
D15,D27,eastern
D15,D28,eastern
D15,D29,northeastern
D15,D30,northeastern
D15,D31,northeastern
D15,D32,eastern
D15,D33,northeastern
D15,D34,eastern
D15,D42,eastern
D15,D43,eastern
D15,D44,southeastern
D15,D45,eastern
D15,D46,eastern
D15,D47,southeastern
D15,D48,eastern
D15,D49,southeastern
D15,D50,southeastern
D15,D51,southeastern
D15,D52,eastern
D15,D53,eastern
D16,D1,northern
D16,D2,northern
D16,D3,northern
D16,D4,northwestern
D16,D5,northwestern
D16,D6,northern
D16,D7,northern
D16,D8,northern
D16,D9,northern
D16,D10,northern
D16,D11,northwestern
D16,D12,northern
D16,D13,northwestern
D16,D14,northwestern
D16,D15,northern
D16,D17,northern
D16,D18,northern
D16,D19,western
D16,D20,western
D16,D21,northwestern
D16,D22,southwestern
D16,D23,northwestern
D16,D24,northeastern
D16,D25,northern
D16,D26,northeastern
D16,D42,northern
D16,D43,northern
D16,D44,northern
D16,D45,northeastern
D16,D46,northern
D16,D47,northern
D16,D48,northeastern
D16,D49,northeastern
D16,D50,northeastern
D16,D51,eastern
D16,D52,northeastern
D16,D53,northern
D17,D1,northern
D17,D2,northern
D17,D3,northern
D17,D4,northwestern
D17,D5,northwestern
D17,D6,northern
D17,D7,northern
D17,D8,northeastern
D17,D9,northern
D17,D10,northern
D17,D11,northwestern
D17,D12,northern
D17,D13,northwestern
D17,D14,northwestern
D17,D15,northern
D17,D16,southern
D17,D18,northern
D17,D19,southwestern
D17,D20,western
D17,D21,western
D17,D22,southwestern
D17,D23,western
D17,D24,eastern
D17,D25,northeastern
D17,D26,southeastern
D17,D42,northern
D17,D43,northeastern
D17,D44,northeastern
D17,D45,northeastern
D17,D46,northern
D17,D47,northeastern
D17,D48,northeastern
D17,D49,northeastern
D17,D50,eastern
D17,D51,eastern
D17,D52,northeastern
D17,D53,northeastern
D18,D1,northwestern
D18,D2,northwestern
D18,D3,northern
D18,D4,northwestern
D18,D5,western
D18,D6,northern
D18,D7,northern
D18,D8,northeastern
D18,D9,northern
D18,D10,northeastern
D18,D11,northwestern
D18,D12,northern
D18,D13,western
D18,D14,northwestern
D18,D15,northwestern
D18,D16,southern
D18,D17,southern
D18,D19,southwestern
D18,D20,southwestern
D18,D21,southwestern
D18,D22,southwestern
D18,D23,western
D18,D24,eastern
D18,D25,eastern
D18,D26,southeastern
D18,D42,northern
D18,D43,northeastern
D18,D44,northeastern
D18,D45,northeastern
D18,D46,northern
D18,D47,northeastern
D18,D48,eastern
D18,D49,northeastern
D18,D50,eastern
D18,D51,eastern
D18,D52,northeastern
D18,D53,northeastern
D19,D1,northeastern
D19,D2,northeastern
D19,D3,northeastern
D19,D4,northern
D19,D5,northern
D19,D6,northeastern
D19,D7,northeastern
D19,D8,northeastern
D19,D9,northeastern
D19,D10,northeastern
D19,D11,northern
D19,D12,northeastern
D19,D13,northeastern
D19,D14,northern
D19,D15,northern
D19,D16,eastern
D19,D17,northeastern
D19,D18,northeastern
D19,D20,northeastern
D19,D21,northeastern
D19,D22,southeastern
D19,D23,northern
D19,D24,eastern
D19,D25,northeastern
D19,D26,eastern
D19,D42,northeastern
D19,D43,northeastern
D19,D44,northeastern
D19,D45,northeastern
D19,D46,northeastern
D19,D47,northeastern
D19,D48,northeastern
D19,D49,northeastern
D19,D50,eastern
D19,D51,eastern
D19,D52,northeastern
D19,D53,northeastern
D20,D1,northeastern
D20,D2,northern
D20,D3,northeastern
D20,D4,northern
D20,D5,northern
D20,D6,northeastern
D20,D7,northern
D20,D8,northeastern
D20,D9,northeastern
D20,D10,northeastern
D20,D11,northern
D20,D12,northeastern
D20,D13,northern
D20,D14,northern
D20,D15,northern
D20,D16,eastern
D20,D17,eastern
D20,D18,northeastern
D20,D19,southwestern
D20,D21,northeastern
D20,D22,southeastern
D20,D23,northwestern
D20,D24,eastern
D20,D25,northeastern
D20,D26,eastern
D20,D42,northeastern
D20,D43,northeastern
D20,D44,northeastern
D20,D45,northeastern
D20,D46,northeastern
D20,D47,northeastern
D20,D48,northeastern
D20,D49,northeastern
D20,D50,eastern
D20,D51,eastern
D20,D52,northeastern
D20,D53,northeastern
D21,D1,northern
D21,D2,northern
D21,D3,northern
D21,D4,northern
D21,D5,northwestern
D21,D6,northern
D21,D7,northern
D21,D8,northeastern
D21,D9,northeastern
D21,D10,northeastern
D21,D11,northern
D21,D12,northeastern
D21,D13,northern
D21,D14,northwestern
D21,D15,northern
D21,D16,southeastern
D21,D17,eastern
D21,D18,northeastern
D21,D19,southwestern
D21,D20,southwestern
D21,D22,southern
D21,D23,northwestern
D21,D24,eastern
D21,D25,eastern
D21,D26,southeastern
D21,D42,northeastern
D21,D43,northeastern
D21,D44,northeastern
D21,D45,northeastern
D21,D46,northeastern
D21,D47,northeastern
D21,D48,eastern
D21,D49,northeastern
D21,D50,eastern
D21,D51,eastern
D21,D52,northeastern
D21,D53,northeastern
D22,D1,northern
D22,D2,northern
D22,D3,northern
D22,D4,northern
D22,D5,northern
D22,D6,northern
D22,D7,northern
D22,D8,northeastern
D22,D9,northeastern
D22,D10,northeastern
D22,D11,northern
D22,D12,northern
D22,D13,northern
D22,D14,northern
D22,D15,northern
D22,D16,northeastern
D22,D17,northeastern
D22,D18,northeastern
D22,D19,northwestern
D22,D20,northwestern
D22,D21,northern
D22,D23,northwestern
D22,D24,northeastern
D22,D25,northeastern
D22,D26,northeastern
D22,D42,northern
D22,D43,northeastern
D22,D44,northeastern
D22,D45,northeastern
D22,D46,northern
D22,D47,northeastern
D22,D48,northeastern
D22,D49,northeastern
D22,D50,northeastern
D22,D51,northeastern
D22,D52,northeastern
D22,D53,northeastern
D23,D1,northeastern
D23,D2,northeastern
D23,D3,northeastern
D23,D4,northeastern
D23,D5,northeastern
D23,D6,northeastern
D23,D7,northeastern
D23,D8,eastern
D23,D9,eastern
D23,D10,eastern
D23,D11,northern
D23,D12,northeastern
D23,D13,eastern
D23,D14,northeastern
D23,D15,northeastern
D23,D16,southeastern
D23,D17,eastern
D23,D18,eastern
D23,D19,southern
D23,D20,southeastern
D23,D21,eastern
D23,D22,southeastern
D23,D24,eastern
D23,D25,eastern
D23,D26,southeastern
D23,D42,northeastern
D23,D43,northeastern
D23,D44,eastern
D23,D45,northeastern
D23,D46,northeastern
D23,D47,northeastern
D23,D48,eastern
D23,D49,eastern
D23,D50,eastern
D23,D51,eastern
D23,D52,northeastern
D23,D53,northeastern
D24,D1,northwestern
D24,D2,northwestern
D24,D3,northwestern
D24,D4,northwestern
D24,D5,western
D24,D6,northwestern
D24,D7,northwestern
D24,D8,northwestern
D24,D9,northwestern
D24,D10,northwestern
D24,D11,northwestern
D24,D12,northwestern
D24,D13,western
D24,D14,western
D24,D15,northwestern
D24,D16,southwestern
D24,D17,western
D24,D18,western
D24,D19,western
D24,D20,western
D24,D21,western
D24,D22,southwestern
D24,D23,western
D24,D25,western
D24,D26,southwestern
D24,D42,northern
D24,D43,northern
D24,D44,northern
D24,D45,northern
D24,D46,northern
D24,D47,northern
D24,D48,northeastern
D24,D49,northeastern
D24,D50,eastern
D24,D51,eastern
D24,D52,northeastern
D24,D53,northern
D25,D1,northwestern
D25,D2,northwestern
D25,D3,northern
D25,D4,northwestern
D25,D5,western
D25,D6,northwestern
D25,D7,northwestern
D25,D8,northern
D25,D9,northwestern
D25,D10,northern
D25,D11,northwestern
D25,D12,northwestern
D25,D13,western
D25,D14,northwestern
D25,D15,northwestern
D25,D16,southern
D25,D17,southwestern
D25,D18,western
D25,D19,southwestern
D25,D20,southwestern
D25,D21,western
D25,D22,southwestern
D25,D23,western
D25,D24,eastern
D25,D26,southern
D25,D42,northern
D25,D43,northern
D25,D44,northeastern
D25,D45,northeastern
D25,D46,northern
D25,D47,northern
D25,D48,eastern
D25,D49,northeastern
D25,D50,eastern
D25,D51,eastern
D25,D52,northeastern
D25,D53,northeastern
D26,D1,northwestern
D26,D2,northwestern
D26,D3,northern
D26,D4,northwestern
D26,D5,northwestern
D26,D6,northern
D26,D7,northern
D26,D8,northern
D26,D9,northern
D26,D10,northern
D26,D11,northwestern
D26,D12,northern
D26,D13,northwestern
D26,D14,northwestern
D26,D15,northwestern
D26,D16,southwestern
D26,D17,northwestern
D26,D18,northwestern
D26,D19,western
D26,D20,western
D26,D21,northwestern
D26,D22,southwestern
D26,D23,northwestern
D26,D24,northeastern
D26,D25,northern
D26,D42,northern
D26,D43,northern
D26,D44,northern
D26,D45,northern
D26,D46,northern
D26,D47,northern
D26,D48,northeastern
D26,D49,northeastern
D26,D50,northeastern
D26,D51,eastern
D26,D52,northeastern
D26,D53,northern
D27,D1,southern
D27,D2,southwestern
D27,D3,southeastern
D27,D4,southwestern
D27,D5,southwestern
D27,D6,southern
D27,D7,southwestern
D27,D8,southeastern
D27,D9,southern
D27,D10,southeastern
D27,D11,western
D27,D12,southern
D27,D13,southern
D27,D14,southwestern
D27,D15,western
D27,D28,eastern
D27,D29,northeastern
D27,D30,northern
D27,D31,northeastern
D27,D32,northeastern
D27,D33,northeastern
D27,D34,northeastern
D27,D35,northeastern
D27,D36,northeastern
D27,D37,northeastern
D27,D38,eastern
D27,D39,eastern
D27,D40,northeastern
D27,D41,eastern
D27,D42,southeastern
D27,D43,eastern
D27,D44,southeastern
D27,D45,eastern
D27,D46,eastern
D27,D47,southeastern
D27,D48,eastern
D27,D49,southeastern
D27,D50,southeastern
D27,D51,southeastern
D27,D52,eastern
D27,D53,eastern
D28,D1,southwestern
D28,D2,southwestern
D28,D3,southern
D28,D4,southwestern
D28,D5,southwestern
D28,D6,southwestern
D28,D7,western
D28,D8,southern
D28,D9,southern
D28,D10,southern
D28,D11,western
D28,D12,southern
D28,D13,southwestern
D28,D14,southwestern
D28,D15,western
D28,D27,western
D28,D29,northeastern
D28,D30,northern
D28,D31,northeastern
D28,D32,northeastern
D28,D33,northeastern
D28,D34,northeastern
D28,D35,northeastern
D28,D36,northeastern
D28,D37,northeastern
D28,D38,eastern
D28,D39,eastern
D28,D40,northeastern
D28,D41,eastern
D28,D42,southeastern
D28,D43,eastern
D28,D44,southeastern
D28,D45,eastern
D28,D46,eastern
D28,D47,southeastern
D28,D48,eastern
D28,D49,southeastern
D28,D50,southeastern
D28,D51,southeastern
D28,D52,eastern
D28,D53,eastern
D29,D1,southwestern
D29,D2,southwestern
D29,D3,southwestern
D29,D4,southwestern
D29,D5,southwestern
D29,D6,southwestern
D29,D7,southwestern
D29,D8,southern
D29,D9,southwestern
D29,D10,southern
D29,D11,western
D29,D12,southwestern
D29,D13,southwestern
D29,D14,southwestern
D29,D15,southwestern
D29,D27,southwestern
D29,D28,southwestern
D29,D30,western
D29,D31,southwestern
D29,D32,southwestern
D29,D33,northern
D29,D34,eastern
D29,D35,eastern
D29,D36,eastern
D29,D37,eastern
D29,D38,eastern
D29,D39,eastern
D29,D40,northeastern
D29,D41,southeastern
D29,D42,southwestern
D29,D43,southern
D29,D44,southern
D29,D45,southeastern
D29,D46,southwestern
D29,D47,southern
D29,D48,southeastern
D29,D49,southern
D29,D50,southern
D29,D51,southern
D29,D52,southeastern
D29,D53,southern
D30,D1,southern
D30,D2,southern
D30,D3,southern
D30,D4,southern
D30,D5,southern
D30,D6,southern
D30,D7,southern
D30,D8,southern
D30,D9,southern
D30,D10,southern
D30,D11,southwestern
D30,D12,southern
D30,D13,southern
D30,D14,southwestern
D30,D15,southwestern
D30,D27,southern
D30,D28,southern
D30,D29,eastern
D30,D31,eastern
D30,D32,southeastern
D30,D33,northeastern
D30,D34,eastern
D30,D35,eastern
D30,D36,eastern
D30,D37,eastern
D30,D38,eastern
D30,D39,eastern
D30,D40,eastern
D30,D41,eastern
D30,D42,southern
D30,D43,southeastern
D30,D44,southeastern
D30,D45,southeastern
D30,D46,southeastern
D30,D47,southeastern
D30,D48,southeastern
D30,D49,southeastern
D30,D50,southeastern
D30,D51,southeastern
D30,D52,southeastern
D30,D53,southeastern
D31,D1,southwestern
D31,D2,southwestern
D31,D3,southwestern
D31,D4,southwestern
D31,D5,southwestern
D31,D6,southwestern
D31,D7,southwestern
D31,D8,southern
D31,D9,southern
D31,D10,southern
D31,D11,western
D31,D12,southern
D31,D13,southwestern
D31,D14,southwestern
D31,D15,southwestern
D31,D27,southwestern
D31,D28,southwestern
D31,D29,northeastern
D31,D30,western
D31,D32,southwestern
D31,D33,northern
D31,D34,eastern
D31,D35,eastern
D31,D36,eastern
D31,D37,eastern
D31,D38,eastern
D31,D39,eastern
D31,D40,northeastern
D31,D41,eastern
D31,D42,southern
D31,D43,southern
D31,D44,southern
D31,D45,southeastern
D31,D46,southern
D31,D47,southern
D31,D48,southeastern
D31,D49,southern
D31,D50,southeastern
D31,D51,southeastern
D31,D52,southeastern
D31,D53,southeastern
D32,D1,southwestern
D32,D2,southwestern
D32,D3,southern
D32,D4,southwestern
D32,D5,southwestern
D32,D6,southwestern
D32,D7,southwestern
D32,D8,southern
D32,D9,southern
D32,D10,southern
D32,D11,western
D32,D12,southern
D32,D13,southwestern
D32,D14,southwestern
D32,D15,western
D32,D27,southwestern
D32,D28,southwestern
D32,D29,northeastern
D32,D30,northwestern
D32,D31,northeastern
D32,D33,northeastern
D32,D34,eastern
D32,D35,eastern
D32,D36,eastern
D32,D37,northeastern
D32,D38,eastern
D32,D39,eastern
D32,D40,northeastern
D32,D41,eastern
D32,D42,southern
D32,D43,southeastern
D32,D44,southeastern
D32,D45,eastern
D32,D46,southern
D32,D47,southern
D32,D48,southeastern
D32,D49,southeastern
D32,D50,southeastern
D32,D51,southeastern
D32,D52,eastern
D32,D53,eastern
D33,D1,southwestern
D33,D2,southwestern
D33,D3,southwestern
D33,D4,southwestern
D33,D5,southwestern
D33,D6,southwestern
D33,D7,southwestern
D33,D8,southern
D33,D9,southern
D33,D10,southern
D33,D11,southwestern
D33,D12,southern
D33,D13,southwestern
D33,D14,southwestern
D33,D15,southwestern
D33,D27,southwestern
D33,D28,southwestern
D33,D29,southern
D33,D30,southwestern
D33,D31,southern
D33,D32,southwestern
D33,D34,southeastern
D33,D35,eastern
D33,D36,southeastern
D33,D37,eastern
D33,D38,southeastern
D33,D39,eastern
D33,D40,eastern
D33,D41,southeastern
D33,D42,southern
D33,D43,southern
D33,D44,southern
D33,D45,southern
D33,D46,southern
D33,D47,southern
D33,D48,southeastern
D33,D49,southern
D33,D50,southern
D33,D51,southern
D33,D52,southeastern
D33,D53,southern
D34,D1,southwestern
D34,D2,southwestern
D34,D3,southwestern
D34,D4,southwestern
D34,D5,southwestern
D34,D6,southwestern
D34,D7,southwestern
D34,D8,southwestern
D34,D9,southwestern
D34,D10,southwestern
D34,D11,western
D34,D12,southwestern
D34,D13,southwestern
D34,D14,southwestern
D34,D15,western
D34,D27,southwestern
D34,D28,southwestern
D34,D29,western
D34,D30,western
D34,D31,western
D34,D32,western
D34,D33,northwestern
D34,D35,eastern
D34,D36,eastern
D34,D37,northeastern
D34,D38,eastern
D34,D39,eastern
D34,D40,northeastern
D34,D41,southeastern
D34,D42,southwestern
D34,D43,southwestern
D34,D44,southwestern
D34,D45,southern
D34,D46,southwestern
D34,D47,southwestern
D34,D48,southeastern
D34,D49,southern
D34,D50,southern
D34,D51,southern
D34,D52,southeastern
D34,D53,southwestern
D35,D27,southwestern
D35,D28,southwestern
D35,D29,western
D35,D30,western
D35,D31,western
D35,D32,western
D35,D33,western
D35,D34,western
D35,D36,southwestern
D35,D37,northern
D35,D38,southeastern
D35,D39,eastern
D35,D40,northern
D35,D41,southern
D35,D42,southwestern
D35,D43,southwestern
D35,D44,southwestern
D35,D45,southwestern
D35,D46,southwestern
D35,D47,southwestern
D35,D48,southern
D35,D49,southwestern
D35,D50,southern
D35,D51,southern
D35,D52,southwestern
D35,D53,southwestern
D36,D27,western
D36,D28,southwestern
D36,D29,western
D36,D30,western
D36,D31,western
D36,D32,western
D36,D33,northwestern
D36,D34,western
D36,D35,northeastern
D36,D37,northeastern
D36,D38,southeastern
D36,D39,eastern
D36,D40,northeastern
D36,D41,southeastern
D36,D42,southwestern
D36,D43,southwestern
D36,D44,southwestern
D36,D45,southwestern
D36,D46,southwestern
D36,D47,southwestern
D36,D48,southern
D36,D49,southwestern
D36,D50,southern
D36,D51,southern
D36,D52,southern
D36,D53,southwestern
D37,D27,southwestern
D37,D28,southwestern
D37,D29,western
D37,D30,western
D37,D31,western
D37,D32,southwestern
D37,D33,western
D37,D34,southwestern
D37,D35,southern
D37,D36,southwestern
D37,D38,southeastern
D37,D39,southeastern
D37,D40,northern
D37,D41,southern
D37,D42,southwestern
D37,D43,southwestern
D37,D44,southwestern
D37,D45,southwestern
D37,D46,southwestern
D37,D47,southwestern
D37,D48,southern
D37,D49,southwestern
D37,D50,southern
D37,D51,southern
D37,D52,southwestern
D37,D53,southwestern
D38,D27,western
D38,D28,western
D38,D29,western
D38,D30,western
D38,D31,western
D38,D32,western
D38,D33,northwestern
D38,D34,western
D38,D35,northwestern
D38,D36,northwestern
D38,D37,northwestern
D38,D39,northwestern
D38,D40,northern
D38,D41,western
D38,D42,western
D38,D43,western
D38,D44,western
D38,D45,western
D38,D46,western
D38,D47,western
D38,D48,southwestern
D38,D49,southwestern
D38,D50,southwestern
D38,D51,southwestern
D38,D52,western
D38,D53,western
D39,D27,western
D39,D28,western
D39,D29,western
D39,D30,western
D39,D31,western
D39,D32,western
D39,D33,western
D39,D34,western
D39,D35,western
D39,D36,western
D39,D37,northwestern
D39,D38,southeastern
D39,D40,northern
D39,D41,southwestern
D39,D42,southwestern
D39,D43,southwestern
D39,D44,southwestern
D39,D45,southwestern
D39,D46,western
D39,D47,southwestern
D39,D48,southwestern
D39,D49,southwestern
D39,D50,southwestern
D39,D51,southwestern
D39,D52,southwestern
D39,D53,southwestern
D40,D27,southwestern
D40,D28,southwestern
D40,D29,southwestern
D40,D30,western
D40,D31,southwestern
D40,D32,southwestern
D40,D33,western
D40,D34,southwestern
D40,D35,southern
D40,D36,southwestern
D40,D37,southern
D40,D38,southern
D40,D39,southern
D40,D41,southern
D40,D42,southwestern
D40,D43,southwestern
D40,D44,southwestern
D40,D45,southwestern
D40,D46,southwestern
D40,D47,southwestern
D40,D48,southern
D40,D49,southwestern
D40,D50,southern
D40,D51,southern
D40,D52,southern
D40,D53,southwestern
D41,D27,western
D41,D28,western
D41,D29,northwestern
D41,D30,western
D41,D31,western
D41,D32,western
D41,D33,northwestern
D41,D34,northwestern
D41,D35,northern
D41,D36,northwestern
D41,D37,northern
D41,D38,eastern
D41,D39,northeastern
D41,D40,northern
D41,D42,western
D41,D43,western
D41,D44,western
D41,D45,western
D41,D46,western
D41,D47,western
D41,D48,southwestern
D41,D49,southwestern
D41,D50,southwestern
D41,D51,southwestern
D41,D52,western
D41,D53,western
D42,D1,southwestern
D42,D2,western
D42,D3,western
D42,D4,western
D42,D5,southwestern
D42,D6,western
D42,D7,western
D42,D8,southern
D42,D9,southern
D42,D10,southern
D42,D11,western
D42,D12,southwestern
D42,D13,southwestern
D42,D14,western
D42,D15,northwestern
D42,D16,southern
D42,D17,southern
D42,D18,southern
D42,D19,southwestern
D42,D20,southwestern
D42,D21,southwestern
D42,D22,southern
D42,D23,southwestern
D42,D24,southern
D42,D25,southern
D42,D26,southern
D42,D27,northwestern
D42,D28,northwestern
D42,D29,northeastern
D42,D30,northern
D42,D31,northern
D42,D32,northern
D42,D33,northern
D42,D34,northeastern
D42,D35,northeastern
D42,D36,northeastern
D42,D37,northeastern
D42,D38,eastern
D42,D39,northeastern
D42,D40,northeastern
D42,D41,eastern
D42,D43,eastern
D42,D44,southeastern
D42,D45,northeastern
D42,D46,northern
D42,D47,southeastern
D42,D48,eastern
D42,D49,southeastern
D42,D50,southeastern
D42,D51,southeastern
D42,D52,eastern
D42,D53,northeastern
D43,D1,southwestern
D43,D2,western
D43,D3,western
D43,D4,western
D43,D5,southwestern
D43,D6,western
D43,D7,western
D43,D8,southwestern
D43,D9,southwestern
D43,D10,southwestern
D43,D11,western
D43,D12,southwestern
D43,D13,southwestern
D43,D14,western
D43,D15,western
D43,D16,southern
D43,D17,southwestern
D43,D18,southwestern
D43,D19,southwestern
D43,D20,southwestern
D43,D21,southwestern
D43,D22,southwestern
D43,D23,southwestern
D43,D24,southern
D43,D25,southern
D43,D26,southern
D43,D27,western
D43,D28,western
D43,D29,northern
D43,D30,northwestern
D43,D31,northern
D43,D32,northwestern
D43,D33,northern
D43,D34,northeastern
D43,D35,northeastern
D43,D36,northeastern
D43,D37,northeastern
D43,D38,eastern
D43,D39,northeastern
D43,D40,northeastern
D43,D41,eastern
D43,D42,western
D43,D44,southern
D43,D45,northeastern
D43,D46,western
D43,D47,southwestern
D43,D48,eastern
D43,D49,southeastern
D43,D50,southeastern
D43,D51,southeastern
D43,D52,eastern
D43,D53,northeastern
D44,D1,western
D44,D2,western
D44,D3,western
D44,D4,western
D44,D5,western
D44,D6,western
D44,D7,western
D44,D8,southwestern
D44,D9,southwestern
D44,D10,southwestern
D44,D11,western
D44,D12,western
D44,D13,western
D44,D14,western
D44,D15,northwestern
D44,D16,southern
D44,D17,southwestern
D44,D18,southwestern
D44,D19,southwestern
D44,D20,southwestern
D44,D21,southwestern
D44,D22,southwestern
D44,D23,western
D44,D24,southern
D44,D25,southwestern
D44,D26,southern
D44,D27,northwestern
D44,D28,northwestern
D44,D29,northern
D44,D30,northwestern
D44,D31,northern
D44,D32,northwestern
D44,D33,northern
D44,D34,northeastern
D44,D35,northeastern
D44,D36,northeastern
D44,D37,northeastern
D44,D38,eastern
D44,D39,northeastern
D44,D40,northeastern
D44,D41,northeastern
D44,D42,northwestern
D44,D43,northern
D44,D45,northeastern
D44,D46,northwestern
D44,D47,western
D44,D48,eastern
D44,D49,southeastern
D44,D50,southeastern
D44,D51,southeastern
D44,D52,northeastern
D44,D53,northern
D45,D1,southwestern
D45,D2,western
D45,D3,southwestern
D45,D4,western
D45,D5,southwestern
D45,D6,southwestern
D45,D7,western
D45,D8,southwestern
D45,D9,southwestern
D45,D10,southwestern
D45,D11,western
D45,D12,southwestern
D45,D13,southwestern
D45,D14,western
D45,D15,western
D45,D16,southwestern
D45,D17,southwestern
D45,D18,southwestern
D45,D19,southwestern
D45,D20,southwestern
D45,D21,southwestern
D45,D22,southwestern
D45,D23,southwestern
D45,D24,southern
D45,D25,southwestern
D45,D26,southern
D45,D27,western
D45,D28,western
D45,D29,northwestern
D45,D30,northwestern
D45,D31,northwestern
D45,D32,western
D45,D33,northern
D45,D34,northern
D45,D35,northeastern
D45,D36,northeastern
D45,D37,northeastern
D45,D38,eastern
D45,D39,northeastern
D45,D40,northeastern
D45,D41,eastern
D45,D42,southwestern
D45,D43,southwestern
D45,D44,southwestern
D45,D46,western
D45,D47,southwestern
D45,D48,southeastern
D45,D49,southern
D45,D50,southern
D45,D51,southern
D45,D52,eastern
D45,D53,southwestern
D46,D1,southwestern
D46,D2,western
D46,D3,southwestern
D46,D4,southwestern
D46,D5,southwestern
D46,D6,southwestern
D46,D7,western
D46,D8,southern
D46,D9,southern
D46,D10,southern
D46,D11,western
D46,D12,southwestern
D46,D13,southwestern
D46,D14,southwestern
D46,D15,western
D46,D16,southern
D46,D17,southern
D46,D18,southern
D46,D19,southwestern
D46,D20,southwestern
D46,D21,southwestern
D46,D22,southern
D46,D23,southwestern
D46,D24,southern
D46,D25,southern
D46,D26,southern
D46,D27,western
D46,D28,western
D46,D29,northeastern
D46,D30,northwestern
D46,D31,northern
D46,D32,northern
D46,D33,northern
D46,D34,northeastern
D46,D35,northeastern
D46,D36,northeastern
D46,D37,northeastern
D46,D38,eastern
D46,D39,northeastern
D46,D40,northeastern
D46,D41,eastern
D46,D42,southern
D46,D43,eastern
D46,D44,southeastern
D46,D45,eastern
D46,D47,southern
D46,D48,eastern
D46,D49,southeastern
D46,D50,southeastern
D46,D51,southeastern
D46,D52,eastern
D46,D53,eastern
D47,D1,western
D47,D2,western
D47,D3,northwestern
D47,D4,western
D47,D5,western
D47,D6,western
D47,D7,northwestern
D47,D8,southern
D47,D9,southwestern
D47,D10,southwestern
D47,D11,northwestern
D47,D12,western
D47,D13,southwestern
D47,D14,western
D47,D15,northwestern
D47,D16,southern
D47,D17,southwestern
D47,D18,southwestern
D47,D19,southwestern
D47,D20,southwestern
D47,D21,southwestern
D47,D22,southwestern
D47,D23,western
D47,D24,southern
D47,D25,southern
D47,D26,southern
D47,D27,northwestern
D47,D28,northwestern
D47,D29,northern
D47,D30,northwestern
D47,D31,northern
D47,D32,northern
D47,D33,northern
D47,D34,northeastern
D47,D35,northeastern
D47,D36,northeastern
D47,D37,northeastern
D47,D38,eastern
D47,D39,northeastern
D47,D40,northeastern
D47,D41,eastern
D47,D42,northwestern
D47,D43,northeastern
D47,D44,eastern
D47,D45,northeastern
D47,D46,northern
D47,D48,eastern
D47,D49,eastern
D47,D50,southeastern
D47,D51,southeastern
D47,D52,eastern
D47,D53,northeastern
D48,D1,western
D48,D2,western
D48,D3,western
D48,D4,western
D48,D5,western
D48,D6,western
D48,D7,western
D48,D8,western
D48,D9,western
D48,D10,western
D48,D11,western
D48,D12,western
D48,D13,western
D48,D14,western
D48,D15,western
D48,D16,southwestern
D48,D17,western
D48,D18,western
D48,D19,western
D48,D20,western
D48,D21,western
D48,D22,southwestern
D48,D23,western
D48,D24,southwestern
D48,D25,western
D48,D26,southwestern
D48,D27,western
D48,D28,western
D48,D29,northwestern
D48,D30,northwestern
D48,D31,northwestern
D48,D32,northwestern
D48,D33,northwestern
D48,D34,northwestern
D48,D35,northern
D48,D36,northern
D48,D37,northern
D48,D38,northeastern
D48,D39,northeastern
D48,D40,northern
D48,D41,northeastern
D48,D42,western
D48,D43,western
D48,D44,western
D48,D45,northwestern
D48,D46,western
D48,D47,western
D48,D49,western
D48,D50,southwestern
D48,D51,southern
D48,D52,northern
D48,D53,northwestern
D49,D1,western
D49,D2,western
D49,D3,western
D49,D4,western
D49,D5,western
D49,D6,western
D49,D7,northwestern
D49,D8,western
D49,D9,western
D49,D10,western
D49,D11,northwestern
D49,D12,western
D49,D13,western
D49,D14,western
D49,D15,northwestern
D49,D16,southwestern
D49,D17,southwestern
D49,D18,southwestern
D49,D19,southwestern
D49,D20,southwestern
D49,D21,southwestern
D49,D22,southwestern
D49,D23,western
D49,D24,southwestern
D49,D25,southwestern
D49,D26,southwestern
D49,D27,northwestern
D49,D28,northwestern
D49,D29,northern
D49,D30,northwestern
D49,D31,northern
D49,D32,northwestern
D49,D33,northern
D49,D34,northern
D49,D35,northeastern
D49,D36,northeastern
D49,D37,northeastern
D49,D38,northeastern
D49,D39,northeastern
D49,D40,northeastern
D49,D41,northeastern
D49,D42,northwestern
D49,D43,northwestern
D49,D44,northwestern
D49,D45,northern
D49,D46,northwestern
D49,D47,western
D49,D48,eastern
D49,D50,southeastern
D49,D51,southeastern
D49,D52,northeastern
D49,D53,northern
D50,D1,western
D50,D2,northwestern
D50,D3,northwestern
D50,D4,western
D50,D5,western
D50,D6,northwestern
D50,D7,northwestern
D50,D8,western
D50,D9,western
D50,D10,western
D50,D11,northwestern
D50,D12,western
D50,D13,western
D50,D14,western
D50,D15,northwestern
D50,D16,southwestern
D50,D17,western
D50,D18,western
D50,D19,western
D50,D20,western
D50,D21,western
D50,D22,southwestern
D50,D23,western
D50,D24,western
D50,D25,western
D50,D26,southwestern
D50,D27,northwestern
D50,D28,northwestern
D50,D29,northern
D50,D30,northwestern
D50,D31,northwestern
D50,D32,northwestern
D50,D33,northern
D50,D34,northern
D50,D35,northern
D50,D36,northern
D50,D37,northern
D50,D38,northeastern
D50,D39,northeastern
D50,D40,northern
D50,D41,northeastern
D50,D42,northwestern
D50,D43,northwestern
D50,D44,northwestern
D50,D45,northern
D50,D46,northwestern
D50,D47,northwestern
D50,D48,northeastern
D50,D49,northwestern
D50,D51,southeastern
D50,D52,northern
D50,D53,northwestern
D51,D1,western
D51,D2,northwestern
D51,D3,northwestern
D51,D4,northwestern
D51,D5,western
D51,D6,northwestern
D51,D7,northwestern
D51,D8,western
D51,D9,western
D51,D10,northwestern
D51,D11,northwestern
D51,D12,northwestern
D51,D13,western
D51,D14,western
D51,D15,northwestern
D51,D16,western
D51,D17,western
D51,D18,western
D51,D19,western
D51,D20,western
D51,D21,western
D51,D22,western
D51,D23,western
D51,D24,western
D51,D25,western
D51,D26,western
D51,D27,northwestern
D51,D28,northwestern
D51,D29,northern
D51,D30,northwestern
D51,D31,northwestern
D51,D32,northwestern
D51,D33,northern
D51,D34,northern
D51,D35,northern
D51,D36,northern
D51,D37,northern
D51,D38,northeastern
D51,D39,northeastern
D51,D40,northern
D51,D41,northeastern
D51,D42,northwestern
D51,D43,northwestern
D51,D44,northwestern
D51,D45,northern
D51,D46,northwestern
D51,D47,northwestern
D51,D48,northern
D51,D49,northwestern
D51,D50,northwestern
D51,D52,northern
D51,D53,northwestern
D52,D1,western
D52,D2,western
D52,D3,western
D52,D4,western
D52,D5,western
D52,D6,western
D52,D7,western
D52,D8,southwestern
D52,D9,southwestern
D52,D10,southwestern
D52,D11,western
D52,D12,western
D52,D13,southwestern
D52,D14,western
D52,D15,western
D52,D16,southwestern
D52,D17,southwestern
D52,D18,southwestern
D52,D19,southwestern
D52,D20,southwestern
D52,D21,southwestern
D52,D22,southwestern
D52,D23,western
D52,D24,southwestern
D52,D25,southwestern
D52,D26,southwestern
D52,D27,western
D52,D28,western
D52,D29,northwestern
D52,D30,northwestern
D52,D31,northwestern
D52,D32,western
D52,D33,northwestern
D52,D34,northwestern
D52,D35,northeastern
D52,D36,northern
D52,D37,northeastern
D52,D38,eastern
D52,D39,northeastern
D52,D40,northern
D52,D41,eastern
D52,D42,western
D52,D43,western
D52,D44,southwestern
D52,D45,northwestern
D52,D46,western
D52,D47,western
D52,D48,southern
D52,D49,southwestern
D52,D50,southern
D52,D51,southern
D52,D53,western
D53,D1,southwestern
D53,D2,western
D53,D3,western
D53,D4,western
D53,D5,southwestern
D53,D6,western
D53,D7,western
D53,D8,southwestern
D53,D9,southwestern
D53,D10,southwestern
D53,D11,western
D53,D12,southwestern
D53,D13,southwestern
D53,D14,western
D53,D15,western
D53,D16,southern
D53,D17,southwestern
D53,D18,southwestern
D53,D19,southwestern
D53,D20,southwestern
D53,D21,southwestern
D53,D22,southwestern
D53,D23,southwestern
D53,D24,southern
D53,D25,southwestern
D53,D26,southern
D53,D27,western
D53,D28,western
D53,D29,northern
D53,D30,northwestern
D53,D31,northwestern
D53,D32,western
D53,D33,northern
D53,D34,northeastern
D53,D35,northeastern
D53,D36,northeastern
D53,D37,northeastern
D53,D38,eastern
D53,D39,northeastern
D53,D40,northeastern
D53,D41,eastern
D53,D42,southwestern
D53,D43,southwestern
D53,D44,southern
D53,D45,northeastern
D53,D46,western
D53,D47,southwestern
D53,D48,southeastern
D53,D49,southern
D53,D50,southeastern
D53,D51,southeastern
D53,D52,eastern
A1,A2,southern
A1,A3,northeastern
A1,A4,eastern
A1,A5,eastern
A2,A1,northern
A2,A3,northern
A2,A4,northeastern
A2,A5,northeastern
A3,A1,southwestern
A3,A2,southern
A3,A4,eastern
A3,A5,southeastern
A4,A1,western
A4,A2,southwestern
A4,A3,western
A4,A5,southwestern
A5,A1,western
A5,A2,southwestern
A5,A3,northwestern
A5,A4,northeastern
